supplier_id,period,n_orders,late_orders,avg_days_late,total_days_late,short_orders,total_short_qty,total_spend,critical_orders,late_delivery_rate,short_delivery_rate,critical_component_exposure,quality_events,total_scrap_qty,quality_event_rate,estimated_quality_cost,rework_cost_ratio,supplier_fault_rate,spend_share,route_deviation_flag,transit_delay_rate,late_rate_trend,quality_rate_trend,avg_days_late_trend,transit_delay_trend,has_trend_data,is_worsening,period_N,current_risk_N,period_N1,target_risk_N1,target_risk_score_N1,target_low_boundary,target_high_boundary,actual_risk_N1,predicted_risk_N1,prediction_correct,probability_high,probability_low,probability_medium,selected_model,actual_risk_category,predicted_risk_category,predicted_risk_severity,expected_risk_severity,business_exposure,priority_score,priority_tier,high_risk_prediction_flag,high_probability_high_risk_flag,critical_exposure_flag,watchlist_flag
SUP001,2024-07,15,9,1.4,21,1,1,218415.68,0,0.6,0.0666666666666666,0.0,0.0,0.0,0.0,218415.68,1.0,0.0,0.0137678332802809,0.0,0.0,0.211111111111111,0.0,0.2888888888888887,0.0,1,1,2024-07,Medium,2024-08,Medium,0.2452100840336134,0.1824062049062048,0.3434497354497354,Medium,Low,False,0.105457178013196,0.5188856936278652,0.3756571283589389,Logistic Regression,Medium,Low,0.0,0.29328574219266546,0.009637483296196628,0.28265364413944444,Monitor,0,0,0,0
SUP001,2024-08,17,10,1.5294117647058822,26,3,33,232980.03,0,0.5882352941176471,0.1764705882352941,0.0,0.0,0.0,0.0,232980.03,1.0,0.0,0.0151954573761934,0.0,0.0,-0.0117647058823529,0.0,0.1294117647058823,0.0,1,1,2024-08,Medium,2024-09,Low,0.1724107142857142,0.1824062049062048,0.3434497354497354,Low,Medium,False,0.2385084311281401,0.3499949885822576,0.4114965802896023,Logistic Regression,Low,Medium,0.5,0.44425672127294125,0.01063682016333538,0.4725478850533287,Monitor,0,0,0,0
SUP001,2024-09,16,7,0.75,12,2,4,203368.37,0,0.4375,0.125,0.0,0.0,0.0,0.0,203368.37,1.0,0.0,0.0132223095317173,0.0,0.0,-0.150735294117647,0.0,-0.7794117647058822,0.0,1,0,2024-09,Low,2024-10,Low,0.0988775510204081,0.1824062049062048,0.3434497354497354,Low,Low,True,0.1348842395461363,0.4695374439349318,0.3955783165189319,Logistic Regression,Low,Low,0.0,0.33267339780560223,0.00925561667220211,0.30790974471276567,Monitor,0,0,0,0
SUP001,2024-10,14,3,0.9285714285714286,13,3,15,179380.03,0,0.2142857142857142,0.2142857142857142,0.0,0.0,0.0,0.0,179380.03,1.0,0.0,0.011842578834888,0.0,0.0,-0.2232142857142857,0.0,0.1785714285714286,0.0,1,1,2024-10,Low,2024-11,Medium,0.2577922077922078,0.1824062049062048,0.3434497354497354,Medium,Low,False,0.0435059598260484,0.7625823718657435,0.193911668308208,Logistic Regression,Medium,Low,0.0,0.1404617939801524,0.0082898051844216,0.11644009079498262,Monitor,0,0,0,0
SUP001,2024-11,11,7,1.3636363636363635,15,0,0,87103.59,0,0.6363636363636364,0.0,0.0,0.0,0.0,0.0,87103.59,1.0,0.0,0.0057137750361161,0.0,0.0,0.422077922077922,0.0,0.4350649350649349,0.0,1,1,2024-11,Medium,2024-12,Low,0.1217142857142857,0.1824062049062048,0.3434497354497354,Low,Low,True,0.0689816046096725,0.5691604919987743,0.3618579033915532,Logistic Regression,Low,Low,0.0,0.24991055630544912,0.003999642525281269,0.09995528885159734,Monitor,0,0,0,0
SUP001,2024-12,20,6,0.65,13,1,3,238622.11,0,0.3,0.05,0.0,0.0,0.0,0.0,238622.11,1.0,0.0,0.014419918352113,0.0,0.0,-0.3363636363636363,0.0,-0.7136363636363635,0.0,1,0,2024-12,Low,2025-01,Medium,0.2234586466165413,0.1824062049062048,0.3434497354497354,Medium,Low,False,0.0940626915334047,0.6009222943500918,0.3050150141165034,Logistic Regression,Medium,Low,0.0,0.2465701985916564,0.0100939428464791,0.24888654922291814,Monitor,0,0,0,0
SUP001,2025-01,19,10,1.5263157894736843,29,1,7,517827.48,0,0.5263157894736842,0.0526315789473684,0.0,0.0,0.0,0.0,517827.48,1.0,0.0,0.0315493050052376,0.0,0.0,0.2263157894736842,0.0,0.8763157894736843,0.0,1,1,2025-01,Medium,2025-02,Medium,0.3087755102040816,0.1824062049062048,0.3434497354497354,Medium,Low,False,0.0394414502679116,0.7096204697904038,0.2509380799416845,Logistic Regression,Medium,Low,0.0,0.16491049023875384,0.02208451350366632,0.3641967948573992,Monitor,0,0,0,0
SUP002,2024-07,24,17,2.333333333333333,56,2,13,358353.05,0,0.7083333333333334,0.0833333333333333,0.0,0.0,0.0,0.0,358353.05,1.0,0.0,0.0225887859693964,0.0,0.0,-0.0916666666666666,0.0,-0.3166666666666664,0.0,1,0,2024-07,Medium,2024-08,Medium,0.3176623376623376,0.1824062049062048,0.3434497354497354,Medium,High,False,0.6155931094949508,0.0300219564335177,0.3543849340715314,Logistic Regression,Medium,High,1.0,0.7927855765307166,0.01581215017857748,1.2535644595513822,Monitor,1,1,0,1
SUP002,2024-08,22,16,2.4545454545454546,54,2,8,323253.31,0,0.7272727272727273,0.0909090909090909,0.0,0.0,0.0,0.0,323253.31,1.0,0.0,0.0210832743639807,0.0,0.0,0.0189393939393939,0.0,0.1212121212121211,0.0,1,1,2024-08,Medium,2024-09,Medium,0.2631428571428571,0.1824062049062048,0.3434497354497354,Medium,High,False,0.5494871023209151,0.0587549805319056,0.3917579171471793,Logistic Regression,Medium,High,1.0,0.7453660608945047,0.014758292054786489,1.1000330014406872,Monitor,1,1,0,1
SUP002,2024-09,15,9,2.066666666666667,31,0,0,200478.32,0,0.6,0.0,0.0,0.0,0.0,0.0,200478.32,1.0,0.0,0.013034408455153,0.0,0.0,-0.1272727272727273,0.0,-0.3878787878787877,0.0,1,0,2024-09,Medium,2024-10,High,0.3875124875124875,0.1824062049062048,0.3434497354497354,High,High,True,0.5255102799793921,0.0583010940371392,0.4161886259834686,Logistic Regression,High,High,1.0,0.7336045929711265,0.009124085918607099,0.6693471336553347,Monitor,1,1,0,1
SUP002,2024-10,22,18,2.9545454545454546,65,2,11,303362.74,0,0.8181818181818182,0.0909090909090909,0.0,1.0,1.0,0.0454545454545454,303362.74,1.0,0.0,0.0200278546280633,0.0,0.0,0.2181818181818182,0.0454545454545454,0.8878787878787877,0.0,1,1,2024-10,High,2024-11,High,0.3556613756613756,0.1824062049062048,0.3434497354497354,High,High,True,0.5665338623430531,0.0435690701145915,0.3898970675423552,Logistic Regression,High,High,1.0,0.7614823961142307,0.01401949823964431,1.067560111184359,Monitor,1,1,0,1
SUP002,2024-11,27,22,2.740740740740741,74,1,2,382862.45,0,0.8148148148148148,0.037037037037037,0.0,0.0,0.0,0.0,382862.45,1.0,0.0,0.0251148076569089,0.0,0.0,-0.0033670033670034,-0.0454545454545454,-0.2138047138047136,0.0,1,0,2024-11,High,2024-12,Medium,0.3383571428571428,0.1824062049062048,0.3434497354497354,Medium,High,False,0.7036410055802927,0.009846315480457,0.2865126789392502,Logistic Regression,Medium,High,1.0,0.8468973450499179,0.01758036535983623,1.4888764748252847,Monitor,1,1,0,1
SUP002,2024-12,20,15,2.95,59,3,11,301099.72,0,0.75,0.15,0.0,0.0,0.0,0.0,301099.72,1.0,0.0,0.0181954361992864,0.0,0.0,-0.0648148148148147,0.0,0.2092592592592592,0.0,1,1,2024-12,Medium,2025-01,High,0.4279670329670329,0.1824062049062048,0.3434497354497354,High,High,True,0.7402801234862083,0.0140106687370003,0.2457092077767914,Logistic Regression,High,High,1.0,0.863134727374604,0.012736805339500478,1.0993579004333145,Monitor,1,1,0,1
SUP002,2025-01,22,19,3.909090909090909,86,6,24,325760.23,0,0.8636363636363636,0.2727272727272727,0.0,1.0,1.0,0.0454545454545454,325760.23,1.0,0.0,0.019847360852395,0.0,0.0,0.1136363636363636,0.0454545454545454,0.959090909090909,0.0,1,1,2025-01,High,2025-02,Medium,0.3148677248677248,0.1824062049062048,0.3434497354497354,Medium,High,False,0.8399122063224597,0.0024918223864332,0.157595971291107,Logistic Regression,Medium,High,1.0,0.9187101919680132,0.013893152596676499,1.2763780889133567,Monitor,1,1,0,1
SUP002,2025-02,27,19,2.6666666666666665,72,3,16,406740.94,0,0.7037037037037037,0.1111111111111111,0.0,0.0,0.0,0.0,406740.94,1.0,0.0,0.0866030501160093,0.0,0.0,-0.1599326599326599,-0.0454545454545454,-1.2424242424242429,0.0,1,0,2025-02,Medium,2025-03,High,0.3559523809523809,0.1824062049062048,0.3434497354497354,High,Medium,False,0.4815358126150885,0.0176298616265468,0.5008343257583646,Logistic Regression,High,Medium,0.5,0.7319529754942709,0.06062213508120651,4.437255215350473,Monitor,0,0,0,0
SUP003,2024-07,18,14,2.9444444444444446,53,3,5,210925.23,0,0.7777777777777778,0.1666666666666666,0.0,0.0,0.0,0.0,210925.23,1.0,0.0,0.0132956727339581,0.0,0.0,0.1414141414141414,-0.0454545454545454,1.3535353535353538,0.0,1,1,2024-07,High,2024-08,Medium,0.2273015873015873,0.1824062049062048,0.3434497354497354,Medium,High,False,0.6253624592128271,0.0443628979531705,0.3302746428340022,Logistic Regression,Medium,High,1.0,0.7904997806298282,0.00930697091377067,0.7357158465663906,Monitor,1,1,0,1
SUP003,2024-08,18,10,1.2777777777777777,23,5,11,330513.36,0,0.5555555555555556,0.2777777777777778,0.0,0.0,0.0,0.0,330513.36,1.0,0.0,0.0215567904002007,0.0,0.0,-0.2222222222222222,0.0,-1.666666666666667,0.0,1,0,2024-08,Medium,2024-09,High,0.4326593406593406,0.1824062049062048,0.3434497354497354,High,Medium,False,0.4553733600088601,0.0711444895226968,0.4734821504684432,Logistic Regression,High,Medium,0.5,0.6921144352430817,0.01508975328014049,1.0443836069441874,Monitor,0,0,0,0
SUP003,2024-09,15,12,2.466666666666667,37,1,1,159157.22,0,0.8,0.0666666666666666,0.0,1.0,6.0,0.0666666666666666,159157.22,1.0,0.0,0.0103478531447522,0.0,0.0,0.2444444444444444,0.0666666666666666,1.188888888888889,0.0,1,1,2024-09,High,2024-10,Medium,0.2406813186813186,0.1824062049062048,0.3434497354497354,Medium,Medium,True,0.1397264573281659,0.2049508944106896,0.6553226482611445,Logistic Regression,Medium,Medium,0.5,0.46738778145873816,0.007243497201326539,0.338552208693059,Monitor,0,0,0,0
SUP003,2024-10,10,4,2.3,23,3,12,165199.04,0,0.4,0.3,0.0,1.0,1.0,0.1,165199.04,1.0,0.0,0.0109063570490417,0.0,0.0,-0.4,0.0333333333333333,-0.1666666666666669,0.0,1,1,2024-10,Medium,2024-11,High,0.3675702075702076,0.1824062049062048,0.3434497354497354,High,High,True,0.7311691454595808,0.0271674590308693,0.2416633955095499,Logistic Regression,High,High,1.0,0.8520008432143558,0.007634449934329189,0.6504557781526252,Monitor,1,1,0,1
SUP003,2024-11,18,14,2.611111111111111,47,2,7,368658.95,0,0.7777777777777778,0.1111111111111111,0.0,1.0,1.0,0.0555555555555555,368658.95,1.0,0.0,0.0241830940073856,0.0,0.0,0.3777777777777777,-0.0444444444444444,0.3111111111111113,0.0,1,1,2024-11,High,2024-12,High,0.4155860805860806,0.1824062049062048,0.3434497354497354,High,Medium,False,0.4142935305946292,0.0449546305183615,0.5407518388870093,Logistic Regression,High,Medium,0.5,0.6846694500381338,0.01692816580516992,1.1590197971980032,Monitor,0,0,0,0
SUP003,2024-12,18,15,3.7222222222222223,67,1,4,257643.62,0,0.8333333333333334,0.0555555555555555,0.0,1.0,1.0,0.0555555555555555,257643.62,1.0,0.0,0.0155693869455049,0.0,0.0,0.0555555555555555,0.0,1.1111111111111112,0.0,1,1,2024-12,High,2025-01,High,0.3517647058823529,0.1824062049062048,0.3434497354497354,High,High,True,0.825495116264137,0.0042237066626233,0.1702811770732399,Logistic Regression,High,High,1.0,0.910635704800757,0.010898570861853429,0.9924627758104889,Monitor,1,1,0,1
SUP003,2025-01,17,14,2.4705882352941178,42,4,7,301625.84,0,0.8235294117647058,0.2352941176470588,0.0,0.0,0.0,0.0,301625.84,1.0,0.0,0.0183769421113398,0.0,0.0,-0.0098039215686275,-0.0555555555555555,-1.2516339869281046,0.0,1,0,2025-01,High,2025-02,High,0.4271428571428571,0.1824062049062048,0.3434497354497354,High,High,True,0.7591672673985762,0.0033198161680385,0.2375129164333853,Logistic Regression,High,High,1.0,0.8779237256152689,0.012863859477937858,1.129348743866249,Monitor,1,1,0,1
SUP004,2024-07,21,9,1.1904761904761905,25,0,0,152679.63999999998,0,0.4285714285714285,0.0,0.0,0.0,0.0,0.0,152679.63999999998,1.0,0.0,0.009624161730574,0.0,0.0,0.1428571428571428,0.0,0.0476190476190476,0.0,1,1,2024-07,Low,2024-08,Medium,0.1929870129870129,0.1824062049062048,0.3434497354497354,Medium,Low,False,0.0571915926799303,0.6260395149487137,0.3167688923713559,Logistic Regression,Medium,Low,0.0,0.21557603886560825,0.0067369132114017995,0.1452317064295384,Monitor,0,0,0,0
SUP004,2024-08,22,10,1.318181818181818,29,2,7,213474.2,0,0.4545454545454545,0.0909090909090909,0.0,0.0,0.0,0.0,213474.2,1.0,0.0,0.0139232452971055,0.0,0.0,0.0259740259740259,0.0,0.1277056277056276,0.0,1,1,2024-08,Medium,2024-09,Low,0.13120232708468,0.1824062049062048,0.3434497354497354,Low,Low,True,0.0997678842275367,0.5518725979969518,0.3483595177755114,Logistic Regression,Low,Low,0.0,0.2739476431152924,0.00974627170797385,0.2669968163560692,Monitor,0,0,0,0
SUP004,2024-09,17,4,0.7647058823529411,13,3,3,140342.97999999998,0,0.2352941176470588,0.1764705882352941,0.0,1.0,1.0,0.0588235294117647,140342.97999999998,1.0,0.0,0.0091246161935782,0.0,0.0,-0.2192513368983957,0.0588235294117647,-0.553475935828877,0.0,1,1,2024-09,Low,2024-10,Low,0.0698136645962732,0.1824062049062048,0.3434497354497354,Low,Low,True,0.0671416730766722,0.6608996105967275,0.2719587163266003,Logistic Regression,Low,Low,0.0,0.20312103123997233,0.0063872313355047405,0.12973810156359886,Monitor,0,0,0,0
SUP004,2024-10,23,4,0.3478260869565217,8,3,15,349715.02,0,0.1739130434782608,0.1304347826086956,0.0,0.0,0.0,0.0,349715.02,1.0,0.0,0.0230880087047283,0.0,0.0,-0.0613810741687979,-0.0588235294117647,-0.4168797953964194,0.0,1,0,2024-10,Low,2024-11,Medium,0.2398095238095238,0.1824062049062048,0.3434497354497354,Medium,Low,False,0.013740347006002,0.803975237969379,0.1822844150246189,Logistic Regression,Medium,Low,0.0,0.10488255451831145,0.01616160609330981,0.16950705321850407,Monitor,0,0,0,0
SUP004,2024-11,15,8,2.066666666666667,31,1,3,121921.33,0,0.5333333333333333,0.0666666666666666,0.0,0.0,0.0,0.0,121921.33,1.0,0.0,0.0079977306529395,0.0,0.0,0.3594202898550724,0.0,1.7188405797101451,0.0,1,1,2024-11,Medium,2024-12,Medium,0.3099999999999999,0.1824062049062048,0.3434497354497354,Medium,Low,False,0.0833294576358833,0.5769699022064779,0.3397006401576385,Logistic Regression,Medium,Low,0.0,0.25317977771470257,0.005598411457057651,0.14174045682533,Monitor,0,0,0,0
SUP004,2024-12,17,13,1.6470588235294117,28,0,0,221890.34,0,0.7647058823529411,0.0,0.0,0.0,0.0,0.0,221890.34,1.0,0.0,0.0134088185957395,0.0,0.0,0.2313725490196078,0.0,-0.4196078431372552,0.0,1,1,2024-12,Medium,2025-01,Low,0.1524175824175823,0.1824062049062048,0.3434497354497354,Low,Medium,False,0.2873302578200306,0.1924809444434359,0.5201887977365334,Logistic Regression,Low,Medium,0.5,0.5474246566882972,0.00938617301701765,0.5138222541457846,Monitor,0,0,0,0
SUP004,2025-01,13,5,0.6923076923076923,9,2,4,138356.13,0,0.3846153846153846,0.1538461538461538,0.0,0.0,0.0,0.0,138356.13,1.0,0.0,0.0084295251088534,0.0,0.0,-0.3800904977375565,0.0,-0.9547511312217194,0.0,1,0,2025-01,Low,2025-02,Medium,0.2761904761904761,0.1824062049062048,0.3434497354497354,Medium,Low,False,0.2182499594996134,0.4030243550460717,0.3787256854543148,Logistic Regression,Medium,Low,0.0,0.40761280222677077,0.00590066757619738,0.24051876457424612,Monitor,0,0,0,0
SUP005,2024-07,14,11,2.642857142857143,37,2,2,200461.66,0,0.7857142857142857,0.1428571428571428,0.0,0.0,0.0,0.0,200461.66,1.0,0.0,0.0126361015563002,0.0,0.0,-0.1476190476190476,0.0,-0.2904761904761903,0.0,1,0,2024-07,Medium,2024-08,Medium,0.2513095238095238,0.1824062049062048,0.3434497354497354,Medium,High,False,0.7966045114988138,0.0071222947015603,0.1962731937996258,Logistic Regression,Medium,High,1.0,0.8947411083986267,0.008845271089410139,0.7914227658625157,Monitor,1,1,0,1
SUP005,2024-08,12,7,1.8333333333333333,22,1,6,206222.98,0,0.5833333333333334,0.0833333333333333,0.0,0.0,0.0,0.0,206222.98,1.0,0.0,0.0134503051724287,0.0,0.0,-0.2023809523809523,0.0,-0.8095238095238095,0.0,1,0,2024-08,Medium,2024-09,Medium,0.2039285714285714,0.1824062049062048,0.3434497354497354,Medium,High,False,0.5459939992851327,0.0533197327085012,0.4006862680063661,Logistic Regression,Medium,High,1.0,0.7463371332883157,0.00941521362070009,0.7026923542970409,Monitor,1,1,0,1
SUP005,2024-09,8,4,1.125,9,1,2,342321.14,0,0.5,0.125,0.0,0.0,0.0,0.0,342321.14,1.0,0.0,0.0222565390691303,0.0,0.0,-0.0833333333333333,0.0,-0.7083333333333333,0.0,1,0,2024-09,Medium,2024-10,Medium,0.2768571428571428,0.1824062049062048,0.3434497354497354,Medium,Medium,True,0.1886300746211041,0.3250906017794051,0.4862793235994908,Logistic Regression,Medium,Medium,0.5,0.4317697364208495,0.015579577348391209,0.6726790005263109,Monitor,0,0,0,0
SUP005,2024-10,10,6,2.6,26,1,2,303769.17,0,0.6,0.1,0.0,0.0,0.0,0.0,303769.17,1.0,0.0,0.0200546869310563,0.0,0.0,0.0999999999999999,0.0,1.475,0.0,1,1,2024-10,Medium,2024-11,Medium,0.2687912087912088,0.1824062049062048,0.3434497354497354,Medium,Medium,True,0.331558016022323,0.2272831724502911,0.4411588115273858,Logistic Regression,Medium,Medium,0.5,0.5521374217860159,0.014038280851739408,0.7751060195787393,Monitor,0,0,0,0
SUP005,2024-11,13,8,2.076923076923077,27,4,20,363877.94,0,0.6153846153846154,0.3076923076923077,0.0,0.0,0.0,0.0,363877.94,1.0,0.0,0.0238694718525993,0.0,0.0,0.0153846153846154,0.0,-0.523076923076923,0.0,1,1,2024-11,Medium,2024-12,Medium,0.3332142857142857,0.1824062049062048,0.3434497354497354,Medium,Medium,True,0.4473465928918376,0.0725538011616025,0.4800996059465598,Logistic Regression,Medium,Medium,0.5,0.6873963958651175,0.01670863029681951,1.1485452245876437,Monitor,0,0,0,0
SUP005,2024-12,8,6,2.75,22,0,0,157421.43,0,0.75,0.0,0.0,0.0,0.0,0.0,157421.43,1.0,0.0,0.0095129666210431,0.0,0.0,0.1346153846153845,0.0,0.6730769230769229,0.0,1,1,2024-12,Medium,2025-01,Medium,0.3363636363636363,0.1824062049062048,0.3434497354497354,Medium,High,False,0.5699454136815391,0.0518336791945034,0.3782209071239575,Logistic Regression,Medium,High,1.0,0.7590558672435178,0.006659076634730169,0.5054611190016154,Monitor,1,1,0,1
SUP005,2025-01,11,8,3.1818181818181817,35,0,0,456219.35,0,0.7272727272727273,0.0,0.0,0.0,0.0,0.0,456219.35,1.0,0.0,0.0277957504735771,0.0,0.0,-0.0227272727272727,0.0,0.4318181818181816,0.0,1,1,2025-01,Medium,2025-02,Medium,0.2614285714285714,0.1824062049062048,0.3434497354497354,Medium,High,False,0.671937276128022,0.0195912828694821,0.3084714410024958,Logistic Regression,Medium,High,1.0,0.8261729966292699,0.01945702533150397,1.607486892362025,Monitor,1,1,0,1
SUP005,2025-02,10,6,2.0,20,2,4,96191.0,0,0.6,0.2,0.0,0.0,0.0,0.0,96191.0,1.0,0.0,0.0204809331308253,0.0,0.0,-0.1272727272727273,0.0,-1.1818181818181817,0.0,1,0,2025-02,Medium,2025-03,Low,0.0,0.1824062049062048,0.3434497354497354,Low,High,False,0.5616993038948371,0.0265245094420179,0.4117761866631449,Logistic Regression,Low,High,1.0,0.7675873972264096,0.014336653191577708,1.100463430826083,Monitor,1,1,0,1
SUP006,2024-07,34,25,3.088235294117647,105,3,8,653124.54,0,0.7352941176470589,0.088235294117647,0.0,2.0,3.0,0.0588235294117647,653124.54,1.0,0.0,0.0411697080446797,0.0,0.0,0.0210084033613445,0.0588235294117647,0.2310924369747899,0.0,1,1,2024-07,High,2024-08,High,0.3596336996336995,0.1824062049062048,0.3434497354497354,High,Medium,False,0.4471867072044684,0.0332197402565997,0.5195935525389318,Logistic Regression,High,Medium,0.5,0.7069834834739344,0.028818795631275786,2.037441252492276,Monitor,0,0,0,0
SUP006,2024-08,27,21,2.5185185185185186,68,3,18,612805.07,0,0.7777777777777778,0.1111111111111111,0.0,1.0,1.0,0.037037037037037,612805.07,1.0,0.0,0.0399684613359362,0.0,0.0,0.0424836601307189,-0.0217864923747276,-0.5697167755991286,0.0,1,1,2024-08,High,2024-09,Medium,0.2931797235023041,0.1824062049062048,0.3434497354497354,Medium,High,False,0.5327795360240255,0.0265350199667107,0.4406854440092639,Logistic Regression,Medium,High,1.0,0.7531222580286574,0.027977922935155337,2.107079649587595,Monitor,1,1,0,1
SUP006,2024-09,31,22,1.7419354838709675,54,4,18,582283.55,0,0.7096774193548387,0.1290322580645161,0.0,0.0,0.0,0.0,582283.55,1.0,0.0,0.0378580667845606,0.0,0.0,-0.068100358422939,-0.037037037037037,-0.7765830346475509,0.0,1,0,2024-09,Medium,2024-10,High,0.3508994708994709,0.1824062049062048,0.3434497354497354,High,Medium,False,0.430593378948697,0.0791984273371456,0.4902081937141573,Logistic Regression,High,Medium,0.5,0.6756974758057757,0.02650064674919242,1.7906420115649853,Monitor,0,0,0,0
SUP006,2024-10,27,22,2.555555555555556,69,6,17,567544.48,0,0.8148148148148148,0.2222222222222222,0.0,0.0,0.0,0.0,567544.48,1.0,0.0,0.0374689994572167,0.0,0.0,0.105137395459976,0.0,0.8136200716845876,0.0,1,1,2024-10,High,2024-11,High,0.3822474299893654,0.1824062049062048,0.3434497354497354,High,High,True,0.4848920116011413,0.1032368108102107,0.4118711775886479,Logistic Regression,High,High,1.0,0.6908276003954652,0.026228299620051687,1.8119233288973597,Monitor,1,0,0,1
SUP006,2024-11,31,24,2.677419354838709,83,2,4,498792.32,0,0.7741935483870968,0.064516129032258,0.0,2.0,2.0,0.064516129032258,498792.32,1.0,0.0,0.0327195136988319,0.0,0.0,-0.040621266427718,0.064516129032258,0.1218637992831541,0.0,1,1,2024-11,High,2024-12,Medium,0.3205246366536688,0.1824062049062048,0.3434497354497354,Medium,High,False,0.5551869295941564,0.0437117748550136,0.4011012955508299,Logistic Regression,Medium,High,1.0,0.7557375773695714,0.022903659589182328,1.7309156210826004,Monitor,1,1,0,1
SUP006,2024-12,31,21,2.419354838709677,75,5,10,487507.02,0,0.6774193548387096,0.1612903225806451,0.0,1.0,1.0,0.032258064516129,487507.02,1.0,0.0,0.0294600170306177,0.0,0.0,-0.0967741935483871,-0.032258064516129,-0.258064516129032,0.0,1,0,2024-12,Medium,2025-01,Medium,0.3094594594594594,0.1824062049062048,0.3434497354497354,Medium,High,False,0.5844003114588202,0.0234195469880011,0.3921801415531787,Logistic Regression,Medium,High,1.0,0.7804903822354096,0.020622011921432388,1.6095281967021937,Monitor,1,1,0,1
SUP006,2025-01,37,25,2.8378378378378377,105,5,12,593172.17,0,0.6756756756756757,0.1351351351351351,0.0,0.0,0.0,0.0,593172.17,1.0,0.0,0.036139777116403,0.0,0.0,-0.0017436791630339,-0.032258064516129,0.4184829991281602,0.0,1,1,2025-01,Medium,2025-02,Medium,0.2960989010989011,0.1824062049062048,0.3434497354497354,Medium,High,False,0.544592772098135,0.0444558061874253,0.4109514217144398,Logistic Regression,Medium,High,1.0,0.7500684829553549,0.0252978439814821,1.8975115457231535,Monitor,1,1,0,1
SUP007,2024-07,31,16,1.6451612903225807,51,2,6,271284.86,0,0.5161290322580645,0.064516129032258,0.0,0.0,0.0,0.0,271284.86,1.0,0.0,0.0171004422573707,0.0,0.0,0.0473790322580645,0.0,0.2076612903225807,0.0,1,1,2024-07,Medium,2024-08,Low,0.1412053571428571,0.1824062049062048,0.3434497354497354,Low,Medium,False,0.1659423448297927,0.4020319828797532,0.432025672290454,Logistic Regression,Low,Medium,0.5,0.3819551809750197,0.01197030958015949,0.457212176201683,Monitor,0,0,0,0
SUP007,2024-08,32,11,0.8125,26,1,2,549910.38,0,0.34375,0.03125,0.0,0.0,0.0,0.0,549910.38,1.0,0.0,0.0358663347241236,0.0,0.0,-0.1723790322580645,0.0,-0.8326612903225807,0.0,1,0,2024-08,Low,2024-09,Low,0.1205263157894736,0.1824062049062048,0.3434497354497354,Low,Low,True,0.061026818548701,0.5907532859461785,0.3482198955051203,Logistic Regression,Low,Low,0.0,0.23513676630126112,0.02510643430688652,0.590344577627634,Monitor,0,0,0,0
SUP007,2024-09,19,5,1.105263157894737,21,1,5,318099.98,0,0.2631578947368421,0.0526315789473684,0.0,0.0,0.0,0.0,318099.98,1.0,0.0,0.0206817628404707,0.0,0.0,-0.0805921052631579,0.0,0.2927631578947369,0.0,1,1,2024-09,Low,2024-10,Medium,0.1834782608695651,0.1824062049062048,0.3434497354497354,Medium,Low,False,0.0292972121098001,0.7767516247668435,0.1939511631233564,Logistic Regression,Medium,Low,0.0,0.12627279367147828,0.014477233988329489,0.18280807803420424,Monitor,0,0,0,0
SUP007,2024-10,23,10,1.2173913043478262,28,3,3,218976.78,0,0.4347826086956521,0.1304347826086956,0.0,0.0,0.0,0.0,218976.78,1.0,0.0,0.0144567362384761,0.0,0.0,0.17162471395881,0.0,0.1121281464530892,0.0,1,1,2024-10,Medium,2024-11,Medium,0.2717687074829932,0.1824062049062048,0.3434497354497354,Medium,Low,False,0.0576444575315964,0.6143600012779853,0.3279955411904182,Logistic Regression,Medium,Low,0.0,0.2216422281268055,0.01011971536693327,0.22429562619361632,Monitor,0,0,0,0
SUP007,2024-11,21,13,2.142857142857143,45,2,10,296940.24,0,0.6190476190476191,0.0952380952380952,0.0,0.0,0.0,0.0,296940.24,1.0,0.0,0.019478528158602,0.0,0.0,0.1842650103519669,0.0,0.9254658385093166,0.0,1,1,2024-11,Medium,2024-12,Medium,0.2292261904761904,0.1824062049062048,0.3434497354497354,Medium,Medium,True,0.2238106842077162,0.3132259823920905,0.4629633334001932,Logistic Regression,Medium,Medium,0.5,0.4552923509078128,0.0136349697110214,0.6207897414287754,Monitor,0,0,0,0
SUP007,2024-12,24,13,1.5416666666666667,37,1,3,411213.55,0,0.5416666666666666,0.0416666666666666,0.0,0.0,0.0,0.0,411213.55,1.0,0.0,0.0248496076758459,0.0,0.0,-0.0773809523809524,0.0,-0.601190476190476,0.0,1,0,2024-12,Medium,2025-01,Medium,0.2409772370486655,0.1824062049062048,0.3434497354497354,Medium,Medium,True,0.2781796588474016,0.193757616091808,0.5280627250607902,Logistic Regression,Medium,Medium,0.5,0.5422110213777966,0.01739472537309213,0.9431611811130558,Monitor,0,0,0,0
SUP008,2024-07,20,11,1.45,29,0,0,940541.57,0,0.55,0.0,0.0,0.0,0.0,0.0,940541.57,1.0,0.0,0.0592870417038452,0.0,0.0,0.1214285714285715,0.0,0.2595238095238095,0.0,1,1,2024-07,Medium,2024-08,Medium,0.2153383458646616,0.1824062049062048,0.3434497354497354,Medium,Low,False,0.0340844783176831,0.7009215334761912,0.2649939882061255,Logistic Regression,Medium,Low,0.0,0.16658147242074586,0.04150092919269164,0.6913285891747689,Monitor,0,0,0,0
SUP008,2024-08,19,10,1.2105263157894737,23,3,15,421269.48,0,0.5263157894736842,0.1578947368421052,0.0,0.0,0.0,0.0,421269.48,1.0,0.0,0.0274760992486403,0.0,0.0,-0.0236842105263158,0.0,-0.2394736842105262,0.0,1,0,2024-08,Medium,2024-09,Medium,0.2007142857142857,0.1824062049062048,0.3434497354497354,Medium,Medium,True,0.1486928632408519,0.4097014628250082,0.4416056739341398,Logistic Regression,Medium,Medium,0.5,0.3694957002079218,0.019233269474048208,0.710661037160109,Monitor,0,0,0,0
SUP008,2024-09,12,6,1.0,12,1,1,687137.75,0,0.5,0.0833333333333333,0.0,0.0,0.0,0.0,687137.75,1.0,0.0,0.0446753249850398,0.0,0.0,-0.0263157894736841,0.0,-0.2105263157894736,0.0,1,0,2024-09,Medium,2024-10,Medium,0.1828876678876678,0.1824062049062048,0.3434497354497354,Medium,Low,False,0.0564884082042208,0.6303589024675385,0.3131526893282407,Logistic Regression,Medium,Low,0.0,0.21306475286834115,0.03127272748952786,0.6663115954075233,Monitor,0,0,0,0
SUP008,2024-10,18,7,0.7222222222222222,13,2,5,710901.21,0,0.3888888888888889,0.1111111111111111,0.0,1.0,1.0,0.0555555555555555,710901.21,1.0,0.0,0.046933338249761,0.0,0.0,-0.1111111111111111,0.0555555555555555,-0.2777777777777778,0.0,1,1,2024-10,Medium,2024-11,Low,0.1777142857142857,0.1824062049062048,0.3434497354497354,Low,Low,True,0.0194724610124684,0.8252376331580392,0.1552899058294923,Logistic Regression,Low,Low,0.0,0.09711741392721454,0.0328533367748327,0.31906311064516074,Monitor,0,0,0,0
SUP008,2024-11,15,6,1.4666666666666666,22,1,11,614149.85,0,0.4,0.0666666666666666,0.0,0.0,0.0,0.0,614149.85,1.0,0.0,0.0402866756854046,0.0,0.0,0.0111111111111111,-0.0555555555555555,0.7444444444444444,0.0,1,1,2024-11,Low,2024-12,Medium,0.246847290640394,0.1824062049062048,0.3434497354497354,Medium,Low,False,0.0414129492445308,0.7059612685797046,0.2526257821757645,Logistic Regression,Medium,Low,0.0,0.16772584033241306,0.02820067297978322,0.4729981573473715,Monitor,0,0,0,0
SUP008,2024-12,29,17,1.6206896551724137,47,4,11,839191.9299999999,0,0.5862068965517241,0.1379310344827586,0.0,0.0,0.0,0.0,839191.9299999999,1.0,0.0,0.0507123129216826,0.0,0.0,0.186206896551724,0.0,0.1540229885057471,0.0,1,1,2024-12,Medium,2025-01,Medium,0.1959922430510665,0.1824062049062048,0.3434497354497354,Medium,Low,False,0.0751125838898568,0.5184932175887794,0.4063941985213639,Logistic Regression,Medium,Low,0.0,0.2783096831505387,0.035498619045177815,0.9879609418745118,Monitor,0,0,0,0
SUP008,2025-01,17,7,0.8823529411764706,15,1,4,586193.79,0,0.4117647058823529,0.0588235294117647,0.0,1.0,1.0,0.0588235294117647,586193.79,1.0,0.0,0.0357146103425917,0.0,0.0,-0.1744421906693711,0.0588235294117647,-0.7383367139959431,0.0,1,1,2025-01,Medium,2025-02,Low,0.0,0.1824062049062048,0.3434497354497354,Low,Low,True,0.0680551250379281,0.6363254094698196,0.2956194654922522,Logistic Regression,Low,Low,0.0,0.2158648577840542,0.02500022723981419,0.5396670497691528,Monitor,0,0,0,0
SUP009,2024-07,22,18,3.3181818181818183,73,1,9,236461.26,0,0.8181818181818182,0.0454545454545454,0.0,0.0,0.0,0.0,236461.26,1.0,0.0,0.0149053364892354,0.0,0.0,0.0324675324675325,0.0,0.3896103896103899,0.0,1,1,2024-07,High,2024-08,High,0.4275206043956044,0.1824062049062048,0.3434497354497354,High,High,True,0.7797220806821952,0.0071737567667251,0.2131041625510795,Logistic Regression,High,High,1.0,0.8862741619577349,0.01043373554246478,0.9247150223986604,Monitor,1,1,0,1
SUP009,2024-08,16,15,2.6875,43,3,15,129611.6,0,0.9375,0.1875,0.0,1.0,1.0,0.0625,129611.6,1.0,0.0,0.0084535466119574,0.0,0.0,0.1193181818181817,0.0625,-0.6306818181818183,0.0,1,1,2024-08,High,2024-09,High,0.3814285714285714,0.1824062049062048,0.3434497354497354,High,High,True,0.7950056855507207,0.0052363355616145,0.1997579788876647,Logistic Regression,High,High,1.0,0.894884674994553,0.0059174826283701805,0.5295464518674962,Monitor,1,1,0,1
SUP009,2024-09,17,15,2.823529411764706,48,5,14,275467.56,0,0.8823529411764706,0.2941176470588235,0.0,0.0,0.0,0.0,275467.56,1.0,0.0,0.0179099500294314,0.0,0.0,-0.0551470588235294,-0.0625,0.136029411764706,0.0,1,1,2024-09,High,2024-10,High,0.3599159663865545,0.1824062049062048,0.3434497354497354,High,High,True,0.819737426827502,0.006500372589704,0.1737622005827939,Logistic Regression,High,High,1.0,0.9066185271188989,0.012536965020601979,1.1366244761519322,Monitor,1,1,0,1
SUP009,2024-10,17,13,3.588235294117647,61,0,0,228229.72,0,0.7647058823529411,0.0,0.0,0.0,0.0,0.0,228229.72,1.0,0.0,0.0150676106563502,0.0,0.0,-0.1176470588235294,0.0,0.7647058823529411,0.0,1,1,2024-10,High,2024-11,Medium,0.2738345864661654,0.1824062049062048,0.3434497354497354,Medium,High,False,0.8341935139135392,0.0053196170237843,0.1604868690626763,Logistic Regression,Medium,High,1.0,0.9144369484448774,0.01054732745944514,0.9644865936263877,Monitor,1,1,0,1
SUP009,2024-11,19,12,2.0526315789473686,39,2,2,189137.22,0,0.631578947368421,0.1052631578947368,0.0,0.0,0.0,0.0,189137.22,1.0,0.0,0.0124069229068101,0.0,0.0,-0.1331269349845201,0.0,-1.5356037151702786,0.0,1,0,2024-11,Medium,2024-12,Medium,0.3412863606981254,0.1824062049062048,0.3434497354497354,Medium,High,False,0.6326904867875239,0.0136010383572745,0.3537084748552015,Logistic Regression,Medium,High,1.0,0.8095447242151247,0.008684846034767069,0.7030771288066326,Monitor,1,1,0,1
SUP009,2024-12,17,12,2.5294117647058822,43,0,0,283989.12,0,0.7058823529411765,0.0,0.0,1.0,1.0,0.0588235294117647,283989.12,1.0,0.0,0.0171614437710254,0.0,0.0,0.0743034055727555,0.0588235294117647,0.4767801857585136,0.0,1,1,2024-12,Medium,2025-01,High,0.3782539682539682,0.1824062049062048,0.3434497354497354,High,High,True,0.5050896123545824,0.0809530049743336,0.413957382671084,Logistic Regression,High,High,1.0,0.7120683036901244,0.01201301063971778,0.8554084108435256,Monitor,1,1,0,1
SUP009,2025-01,18,16,2.611111111111111,47,1,1,327258.28,0,0.8888888888888888,0.0555555555555555,0.0,0.0,0.0,0.0,327258.28,1.0,0.0,0.0199386314747325,0.0,0.0,0.1830065359477123,-0.0588235294117647,0.0816993464052289,0.0,1,1,2025-01,High,2025-02,High,0.3866071428571428,0.1824062049062048,0.3434497354497354,High,High,True,0.6211121911960832,0.0247324454488039,0.3541553633551129,Logistic Regression,High,High,1.0,0.7981898728736396,0.01395704203231275,1.114036960546376,Monitor,1,1,0,1
SUP010,2024-07,32,12,1.25,40,0,0,576741.34,0,0.375,0.0,0.0,1.0,1.0,0.03125,576741.34,1.0,0.0,0.0363548927209156,0.0,0.0,0.0301724137931034,0.03125,0.4568965517241379,0.0,1,1,2024-07,Medium,2024-08,Medium,0.205,0.1824062049062048,0.3434497354497354,Medium,Low,False,0.0209620819984931,0.7868112823202564,0.1922266356812505,Logistic Regression,Medium,Low,0.0,0.11707539983911835,0.02544842490464092,0.2979384520986613,Monitor,0,0,0,0
SUP010,2024-08,30,15,1.1666666666666667,35,2,7,598761.59,0,0.5,0.0666666666666666,0.0,0.0,0.0,0.0,598761.59,1.0,0.0,0.0390525154424043,0.0,0.0,0.125,-0.03125,-0.0833333333333332,0.0,1,1,2024-08,Medium,2024-09,Low,0.1446305418719212,0.1824062049062048,0.3434497354497354,Low,Low,True,0.0454308152829205,0.6421878447939022,0.3123813399231772,Logistic Regression,Low,Low,0.0,0.2016214852445091,0.027336760809683006,0.5511678316222177,Monitor,0,0,0,0
SUP010,2024-09,29,10,0.9310344827586208,27,2,5,365947.82,0,0.3448275862068966,0.0689655172413793,0.0,0.0,0.0,0.0,365947.82,1.0,0.0,0.02379266425992,0.0,0.0,-0.1551724137931034,0.0,-0.235632183908046,0.0,1,0,2024-09,Low,2024-10,Medium,0.2190816326530612,0.1824062049062048,0.3434497354497354,Medium,Low,False,0.0680583607430686,0.6233055727411421,0.3086360665157892,Logistic Regression,Medium,Low,0.0,0.2223763940009632,0.016654864981944,0.3703648817257624,Monitor,0,0,0,0
SUP010,2024-10,28,14,1.7142857142857142,48,1,5,449371.68,0,0.5,0.0357142857142857,0.0,0.0,0.0,0.0,449371.68,1.0,0.0,0.0296672909830936,0.0,0.0,0.1551724137931034,0.0,0.7832512315270935,0.0,1,1,2024-10,Medium,2024-11,Low,0.1441670329670329,0.1824062049062048,0.3434497354497354,Low,Low,True,0.0685638508953631,0.6042122305084512,0.3272239185961857,Logistic Regression,Low,Low,0.0,0.23217581019345596,0.020767103688165516,0.4821619124171336,Monitor,0,0,0,0
SUP010,2024-11,25,7,0.88,22,4,33,387637.31,0,0.28,0.16,0.0,1.0,1.0,0.04,387637.31,1.0,0.0,0.0254280263872614,0.0,0.0,-0.2199999999999999,0.04,-0.8342857142857142,0.0,1,1,2024-11,Low,2024-12,Low,0.1448901098901098,0.1824062049062048,0.3434497354497354,Low,Low,True,0.0687913330629072,0.597286566762355,0.3339221001747378,Logistic Regression,Low,Low,0.0,0.23575238315027608,0.017799618471082978,0.41963024737234855,Monitor,0,0,0,0
SUP010,2024-12,26,9,0.9230769230769232,24,3,13,450010.06,0,0.3461538461538461,0.1153846153846153,0.0,0.0,0.0,0.0,450010.06,1.0,0.0,0.02719407821358,0.0,0.0,0.0661538461538461,-0.04,0.0430769230769231,0.0,1,1,2024-12,Low,2025-01,Medium,0.3051020408163265,0.1824062049062048,0.3434497354497354,Medium,Low,False,0.0251031774776381,0.7545800913725065,0.2203167311498554,Logistic Regression,Medium,Low,0.0,0.1352615430525658,0.019035854749506,0.2574819086742695,Monitor,0,0,0,0
SUP011,2024-07,17,3,0.3529411764705882,6,1,5,516450.79,0,0.1764705882352941,0.0588235294117647,0.0,0.0,0.0,0.0,516450.79,1.0,0.0,0.0325544776555849,0.0,0.0,-0.588235294117647,0.0,-1.4117647058823528,0.0,1,0,2024-07,Low,2024-08,Medium,0.224065934065934,0.1824062049062048,0.3434497354497354,Medium,Low,False,0.0678558507087201,0.6657741955395106,0.2663699537517693,Logistic Regression,Medium,Low,0.0,0.20104082758460476,0.022788134358909428,0.45813453906243184,Monitor,0,0,0,0
SUP011,2024-08,13,7,1.3846153846153846,18,0,0,239346.68,0,0.5384615384615384,0.0,0.0,0.0,0.0,0.0,239346.68,1.0,0.0,0.0156107039477736,0.0,0.0,0.3619909502262443,0.0,1.0316742081447965,0.0,1,1,2024-08,Medium,2024-09,Medium,0.1848051948051947,0.1824062049062048,0.3434497354497354,Medium,Low,False,0.0275580085669035,0.7603594336114242,0.2120825578216721,Logistic Regression,Medium,Low,0.0,0.13359928747773955,0.010927492763441519,0.1459905247113942,Monitor,0,0,0,0
SUP011,2024-09,11,5,1.0,11,2,6,172299.0,0,0.4545454545454545,0.1818181818181818,0.0,0.0,0.0,0.0,172299.0,1.0,0.0,0.0112022863240993,0.0,0.0,-0.0839160839160839,0.0,-0.3846153846153846,0.0,1,0,2024-09,Medium,2024-10,Medium,0.1830612244897959,0.1824062049062048,0.3434497354497354,Medium,Low,False,0.1595400923825868,0.4202614141835099,0.4201984934339032,Logistic Regression,Medium,Low,0.0,0.3696393390995384,0.00784160042686951,0.28985639992707035,Monitor,0,0,0,0
SUP011,2024-10,14,6,1.2857142857142858,18,0,0,319048.02,0,0.4285714285714285,0.0,0.0,0.0,0.0,0.0,319048.02,1.0,0.0,0.0210633888787114,0.0,0.0,-0.0259740259740259,0.0,0.2857142857142858,0.0,1,1,2024-10,Medium,2024-11,Medium,0.2557221350078492,0.1824062049062048,0.3434497354497354,Medium,Low,False,0.0634198851961941,0.6666897269372192,0.2698903878665866,Logistic Regression,Medium,Low,0.0,0.1983650791294874,0.01474437221509798,0.2924768561162526,Monitor,0,0,0,0
SUP011,2024-11,14,7,1.8571428571428568,26,0,0,691241.49,0,0.5,0.0,0.0,1.0,1.0,0.0714285714285714,691241.49,1.0,0.0,0.0453436921427659,0.0,0.0,0.0714285714285714,0.0714285714285714,0.5714285714285714,0.0,1,1,2024-11,Medium,2024-12,Low,0.0720535714285714,0.1824062049062048,0.3434497354497354,Low,Low,True,0.0923498238437725,0.5368876617995063,0.3707625143567212,Logistic Regression,Low,Low,0.0,0.27773108102213306,0.03174058449993613,0.8815346845441623,Monitor,0,0,0,0
SUP011,2024-12,16,3,0.25,4,1,3,730234.0,0,0.1875,0.0625,0.0,0.0,0.0,0.0,730234.0,1.0,0.0,0.044127992405804,0.0,0.0,-0.3125,-0.0714285714285714,-1.6071428571428572,0.0,1,0,2024-12,Low,2025-01,Low,0.1274725274725275,0.1824062049062048,0.3434497354497354,Low,Low,True,0.0325395412745153,0.6565532332206543,0.3109072255048305,Logistic Regression,Low,Low,0.0,0.18799315402693056,0.0308895946840628,0.5807032331270473,Monitor,0,0,0,0
SUP011,2025-01,13,4,0.7692307692307693,10,0,0,759856.2000000001,0,0.3076923076923077,0.0,0.0,0.0,0.0,0.0,759856.2000000001,1.0,0.0,0.0462952159547825,0.0,0.0,0.1201923076923077,0.0,0.5192307692307693,0.0,1,1,2025-01,Low,2025-02,Medium,0.3104761904761904,0.1824062049062048,0.3434497354497354,Medium,Low,False,0.0030822594582272,0.9289648945922558,0.0679528459495169,Logistic Regression,Medium,Low,0.0,0.03705868243298565,0.03240665116834775,0.12009477943643425,Monitor,0,0,0,0
SUP012,2024-07,34,16,1.4705882352941178,50,2,3,563901.01,0,0.4705882352941176,0.0588235294117647,0.0,0.0,0.0,0.0,563901.01,1.0,0.0,0.0355455024669568,0.0,0.0,-0.0849673202614379,0.0,-0.3071895424836599,0.0,1,0,2024-07,Medium,2024-08,Medium,0.2135714285714285,0.1824062049062048,0.3434497354497354,Medium,Medium,True,0.1616132390046169,0.3464116733451188,0.4919750876502641,Logistic Regression,Medium,Medium,0.5,0.407600782829749,0.02488185172686976,1.0141862242125856,Monitor,0,0,0,0
SUP012,2024-08,40,20,1.5,60,2,5,471983.51,0,0.5,0.05,0.0,0.0,0.0,0.0,471983.51,1.0,0.0,0.030783777083689,0.0,0.0,0.0294117647058823,0.0,0.0294117647058822,0.0,1,1,2024-08,Medium,2024-09,Low,0.1766386554621848,0.1824062049062048,0.3434497354497354,Low,Low,True,0.1051362480427359,0.502380137093767,0.392483614863497,Logistic Regression,Low,Low,0.0,0.3013780554744844,0.021548643958582296,0.6494288414349527,Monitor,0,0,0,0
SUP012,2024-09,34,14,1.2647058823529411,43,3,6,696634.48,0,0.4117647058823529,0.088235294117647,0.0,0.0,0.0,0.0,696634.48,1.0,0.0,0.0452927695935556,0.0,0.0,-0.088235294117647,0.0,-0.2352941176470588,0.0,1,0,2024-09,Low,2024-10,Medium,0.2595238095238095,0.1824062049062048,0.3434497354497354,Medium,Low,False,0.0789713671690951,0.5261777263063222,0.3948509065245827,Logistic Regression,Medium,Low,0.0,0.27639682043138647,0.03170493871548891,0.8763144252933102,Monitor,0,0,0,0
SUP012,2024-10,21,13,1.6666666666666667,35,1,1,185078.87,0,0.6190476190476191,0.0476190476190476,0.0,0.0,0.0,0.0,185078.87,1.0,0.0,0.0122188133687289,0.0,0.0,0.2072829131652661,0.0,0.4019607843137256,0.0,1,1,2024-10,Medium,2024-11,Medium,0.1864489795918367,0.1824062049062048,0.3434497354497354,Medium,Medium,True,0.1616651173148934,0.400971005280799,0.4373638774043076,Logistic Regression,Medium,Medium,0.5,0.3803470560170472,0.00855316935811023,0.32531727849724434,Monitor,0,0,0,0
SUP012,2024-11,35,16,1.0285714285714285,36,1,1,531677.12,0,0.4571428571428571,0.0285714285714285,0.0,0.0,0.0,0.0,531677.12,1.0,0.0,0.0348766733441194,0.0,0.0,-0.1619047619047619,0.0,-0.6380952380952383,0.0,1,0,2024-11,Medium,2024-12,Low,0.1369264069264069,0.1824062049062048,0.3434497354497354,Low,Low,True,0.1133682960206753,0.4820568471737275,0.404574856805597,Logistic Regression,Low,Low,0.0,0.3156557244234738,0.024413671340883576,0.7706315112943206,Monitor,0,0,0,0
SUP012,2024-12,33,11,0.7878787878787878,26,1,1,567985.13,0,0.3333333333333333,0.0303030303030303,0.0,0.0,0.0,0.0,567985.13,1.0,0.0,0.0343233039042959,0.0,0.0,-0.1238095238095238,0.0,-0.2406926406926406,0.0,1,0,2024-12,Low,2025-01,Medium,0.1925595238095238,0.1824062049062048,0.3434497354497354,Medium,Low,False,0.0320768110790251,0.7384609569303393,0.2294622319906355,Logistic Regression,Medium,Low,0.0,0.14680792707434287,0.02402631273300713,0.3527253167572666,Monitor,0,0,0,0
SUP013,2024-07,33,25,2.8484848484848486,94,3,8,453246.62,0,0.7575757575757576,0.0909090909090909,0.0,2.0,2.0,0.0606060606060606,453246.62,1.0,0.0,0.0285704025416621,0.0,0.0,-0.0318979266347687,0.0606060606060606,0.3748006379585327,0.0,1,1,2024-07,High,2024-08,Medium,0.3197802197802197,0.1824062049062048,0.3434497354497354,Medium,High,False,0.5833796805312282,0.0364311462998864,0.3801891731688853,Logistic Regression,Medium,High,1.0,0.7734742671156709,0.019999281779163467,1.5468929816978254,Monitor,1,1,0,1
SUP013,2024-08,26,18,2.1153846153846154,55,3,25,362672.98,0,0.6923076923076923,0.1153846153846153,0.0,1.0,1.0,0.0384615384615384,362672.98,1.0,0.0,0.0236543098096736,0.0,0.0,-0.0652680652680652,-0.0221445221445221,-0.7331002331002332,0.0,1,0,2024-08,Medium,2024-09,High,0.3830090497737556,0.1824062049062048,0.3434497354497354,High,High,True,0.5581382345203701,0.0260938555600385,0.4157679099195913,Logistic Regression,High,High,1.0,0.7660221894801658,0.01655801686677152,1.2683808333733835,Monitor,1,1,0,1
SUP013,2024-09,34,27,3.294117647058824,112,6,13,425842.4,0,0.7941176470588235,0.1764705882352941,0.0,1.0,1.0,0.0294117647058823,425842.4,1.0,0.0,0.0276868031372302,0.0,0.0,0.1018099547511312,-0.0090497737556561,1.178733031674208,0.0,1,1,2024-09,High,2024-10,Medium,0.2584375,0.1824062049062048,0.3434497354497354,Medium,High,False,0.6487037596247175,0.0231218881790878,0.3281743521961947,Logistic Regression,Medium,High,1.0,0.8127909357228148,0.01938076219606114,1.575250784035789,Monitor,1,1,0,1
SUP013,2024-10,32,19,1.96875,63,7,21,397190.53,0,0.59375,0.21875,0.0,0.0,0.0,0.0,397190.53,1.0,0.0,0.0262223178577679,0.0,0.0,-0.2003676470588234,-0.0294117647058823,-1.3253676470588234,0.0,1,0,2024-10,Medium,2024-11,Medium,0.2475,0.1824062049062048,0.3434497354497354,Medium,High,False,0.5869537355796168,0.0217194124208027,0.3913268519995805,Logistic Regression,Medium,High,1.0,0.7826171615794071,0.01835562250043753,1.4365425180315519,Monitor,1,1,0,1
SUP013,2024-11,32,18,1.96875,63,4,5,305830.75,0,0.5625,0.125,0.0,0.0,0.0,0.0,305830.75,1.0,0.0,0.0200617231118334,0.0,0.0,-0.03125,0.0,0.0,0.0,1,0,2024-11,Medium,2024-12,Medium,0.3202857142857143,0.1824062049062048,0.3434497354497354,Medium,Medium,True,0.3751040643805939,0.126975286862405,0.497920648757001,Logistic Regression,Medium,Medium,0.5,0.6240643887590944,0.014043206178283378,0.8763864879868355,Monitor,0,0,0,0
SUP013,2024-12,25,17,3.2,80,5,7,284049.71,0,0.68,0.2,0.0,0.0,0.0,0.0,284049.71,1.0,0.0,0.0171651052207249,0.0,0.0,0.1175,0.0,1.2312500000000002,0.0,1,1,2024-12,Medium,2025-01,Medium,0.2831932773109243,0.1824062049062048,0.3434497354497354,Medium,High,False,0.6106036955072325,0.0364448802895386,0.3529514242032289,Logistic Regression,Medium,High,1.0,0.787079407608847,0.012015573654507429,0.9457210594070176,Monitor,1,1,0,1
SUP013,2025-01,34,22,2.2058823529411766,75,3,22,525644.0700000001,0,0.6470588235294118,0.088235294117647,0.0,0.0,0.0,0.0,525644.0700000001,1.0,0.0,0.0320255408010105,0.0,0.0,-0.0329411764705882,0.0,-0.9941176470588236,0.0,1,0,2025-01,Medium,2025-02,Medium,0.3199999999999999,0.1824062049062048,0.3434497354497354,Medium,High,False,0.4932333744215884,0.0314813708091616,0.47528525476925,Logistic Regression,Medium,High,1.0,0.7308760018062134,0.022417878560707347,1.6384689451427015,Monitor,1,0,0,1
SUP014,2024-07,27,17,2.111111111111111,57,4,12,496346.05,0,0.6296296296296297,0.1481481481481481,0.0,1.0,1.0,0.037037037037037,496346.05,1.0,0.0,0.0312871752876258,0.0,0.0,-0.0037037037037036,0.0037037037037037,0.1777777777777778,0.0,1,1,2024-07,Medium,2024-08,Medium,0.3332142857142857,0.1824062049062048,0.3434497354497354,Medium,Medium,True,0.3427627680917167,0.156932735144326,0.5003044967639573,Logistic Regression,Medium,Medium,0.5,0.5929150164736954,0.021901022701338056,1.298544523575463,Monitor,0,0,0,0
SUP014,2024-08,24,18,2.75,66,3,15,393273.26,0,0.75,0.125,0.0,0.0,0.0,0.0,393273.26,1.0,0.0,0.025650125719044,0.0,0.0,0.1203703703703703,-0.037037037037037,0.6388888888888888,0.0,1,1,2024-08,Medium,2024-09,High,0.408998778998779,0.1824062049062048,0.3434497354497354,High,High,True,0.5406095563034343,0.0509173273856259,0.4084731163109397,Logistic Regression,High,High,1.0,0.7448461144589041,0.0179550880033308,1.3373777534048628,Monitor,1,1,0,1
SUP014,2024-09,18,14,4.222222222222222,76,5,32,259400.41,0,0.7777777777777778,0.2777777777777778,0.0,1.0,1.0,0.0555555555555555,259400.41,1.0,0.0,0.01686531938902,0.0,0.0,0.0277777777777777,0.0555555555555555,1.4722222222222223,0.0,1,1,2024-09,High,2024-10,High,0.3898214285714285,0.1824062049062048,0.3434497354497354,High,High,True,0.8733121048358214,0.0019510527503378,0.1247368424138406,Logistic Regression,High,High,1.0,0.9356805260427418,0.011805723572313999,1.1046385642457959,Monitor,1,1,0,1
SUP014,2024-10,24,21,3.25,78,2,5,363746.44,0,0.875,0.0833333333333333,0.0,0.0,0.0,0.0,363746.44,1.0,0.0,0.0240143559548399,0.0,0.0,0.0972222222222222,-0.0555555555555555,-0.9722222222222224,0.0,1,1,2024-10,High,2024-11,Medium,0.2847619047619047,0.1824062049062048,0.3434497354497354,Medium,High,False,0.7896536488838327,0.0016033398567867,0.2087430112593806,Logistic Regression,Medium,High,1.0,0.894025154513523,0.01681004916838793,1.5028606805147937,Monitor,1,1,0,1
SUP014,2024-11,24,16,2.0,48,3,14,376807.79,0,0.6666666666666666,0.125,0.0,0.0,0.0,0.0,376807.79,1.0,0.0,0.0247176372858579,0.0,0.0,-0.2083333333333333,0.0,-1.25,0.0,1,0,2024-11,Medium,2024-12,Medium,0.3221813186813186,0.1824062049062048,0.3434497354497354,Medium,High,False,0.6278713394741896,0.0222010870019341,0.3499275735238762,Logistic Regression,Medium,High,1.0,0.8028351262361277,0.017302346100100528,1.389093121545538,Monitor,1,1,0,1
SUP014,2024-12,20,13,2.65,53,4,33,294020.4,0,0.65,0.2,0.0,1.0,1.0,0.05,294020.4,1.0,0.0,0.0177676333591033,0.0,0.0,-0.0166666666666666,0.05,0.6499999999999999,0.0,1,1,2024-12,Medium,2025-01,High,0.3592007992007991,0.1824062049062048,0.3434497354497354,High,High,True,0.5699440632562586,0.0605366162935237,0.3695193204502176,Logistic Regression,High,High,1.0,0.7547037234813674,0.01243734335137231,0.938650933749691,Monitor,1,1,0,1
SUP014,2025-01,22,16,3.090909090909091,68,3,8,255259.89,0,0.7272727272727273,0.1363636363636363,0.0,1.0,1.0,0.0454545454545454,255259.89,1.0,0.0,0.0155520369935048,0.0,0.0,0.0772727272727272,-0.0045454545454545,0.4409090909090909,0.0,1,1,2025-01,High,2025-02,Medium,0.2926785714285714,0.1824062049062048,0.3434497354497354,Medium,High,False,0.6796022938702784,0.0134677116498134,0.3069299944799081,Logistic Regression,Medium,High,1.0,0.8330672911102324,0.010886425895453359,0.9069125330597616,Monitor,1,1,0,1
SUP015,2024-07,8,6,3.125,25,1,2,60745.73,0,0.75,0.125,0.0,0.0,0.0,0.0,60745.73,1.0,0.0,0.0038291073384885,0.0,0.0,0.0357142857142857,0.0,0.2678571428571428,0.0,1,1,2024-07,Medium,2024-08,High,0.3991836734693877,0.1824062049062048,0.3434497354497354,High,High,True,0.7662737817382107,0.0082373097956913,0.2254889084660979,Logistic Regression,High,High,1.0,0.8790182359712596,0.0026803751369419496,0.23560986246159357,Monitor,1,1,0,1
SUP015,2024-08,7,6,3.857142857142857,27,0,0,44011.14,0,0.8571428571428571,0.0,0.0,0.0,0.0,0.0,44011.14,1.0,0.0,0.002870500969322,0.0,0.0,0.1071428571428571,0.0,0.7321428571428572,0.0,1,1,2024-08,High,2024-09,High,0.4170940170940171,0.1824062049062048,0.3434497354497354,High,High,True,0.8549394008429086,0.0020961381114189,0.1429644610456724,Logistic Regression,High,High,1.0,0.9264216313657448,0.0020093506785254,0.18615059335853673,Monitor,1,1,0,1
SUP015,2024-09,9,7,3.888888888888889,35,0,0,130115.52,0,0.7777777777777778,0.0,0.0,1.0,1.0,0.1111111111111111,130115.52,1.0,0.0,0.0084596620424324,0.0,0.0,-0.0793650793650793,0.1111111111111111,0.0317460317460316,0.0,1,1,2024-09,High,2024-10,Medium,0.2122285714285714,0.1824062049062048,0.3434497354497354,Medium,High,False,0.919973758696361,0.0006278560565756,0.0793983852470634,Logistic Regression,Medium,High,1.0,0.9596729513198927,0.005921763429702679,0.568295618760098,Monitor,1,1,0,1
SUP015,2024-10,25,12,1.72,43,2,2,462854.12,0,0.48,0.08,0.0,0.0,0.0,0.0,462854.12,1.0,0.0,0.030557394851326,0.0,0.0,-0.2977777777777778,-0.1111111111111111,-2.1688888888888886,0.0,1,0,2024-10,Medium,2024-11,Medium,0.3364285714285714,0.1824062049062048,0.3434497354497354,Medium,High,False,0.5173867691350423,0.0169954215072876,0.4656178093576699,Logistic Regression,Medium,High,1.0,0.7501956738138773,0.0213901763959282,1.6046817794341048,Monitor,1,1,0,1
SUP015,2024-11,8,6,2.875,23,0,0,138557.36,0,0.75,0.0,0.0,0.0,0.0,0.0,138557.36,1.0,0.0,0.0090890121134864,0.0,0.0,0.27,0.0,1.155,0.0,1,1,2024-11,Medium,2024-12,Medium,0.2887142857142857,0.1824062049062048,0.3434497354497354,Medium,High,False,0.4854105567177214,0.077188749335626,0.4374006939466526,Logistic Regression,Medium,High,1.0,0.7041109036910477,0.006362308479440479,0.4479770773020051,Monitor,1,0,0,1
SUP015,2024-12,10,7,1.7,17,1,1,121952.11,0,0.7,0.1,0.0,0.0,0.0,0.0,121952.11,1.0,0.0,0.007369557955329,0.0,0.0,-0.05,0.0,-1.175,0.0,1,0,2024-12,Medium,2025-01,Medium,0.2933333333333333,0.1824062049062048,0.3434497354497354,Medium,High,False,0.5608667191539193,0.0372536876616954,0.4018795931843853,Logistic Regression,Medium,High,1.0,0.7618065157461119,0.0051586905687302995,0.39299240879767583,Monitor,1,1,0,1
SUP015,2025-01,6,4,2.333333333333333,14,2,3,65006.100000000006,0,0.6666666666666666,0.3333333333333333,0.0,0.0,0.0,0.0,65006.100000000006,1.0,0.0,0.0039605802227818,0.0,0.0,-0.0333333333333333,0.0,0.6333333333333335,0.0,1,1,2025-01,Medium,2025-02,High,0.4442857142857143,0.1824062049062048,0.3434497354497354,High,High,True,0.6126337579889877,0.0669474523330224,0.3204187896779898,Logistic Regression,High,High,1.0,0.7728431528279825,0.0027724061559472597,0.21426351144819877,Monitor,1,1,0,1
SUP016,2024-07,7,3,1.7142857142857142,12,1,6,65494.66,0,0.4285714285714285,0.1428571428571428,0.0,0.0,0.0,0.0,65494.66,1.0,0.0,0.0041284561604216,0.0,0.0,-0.3047619047619047,0.0,-1.885714285714286,0.0,1,0,2024-07,Medium,2024-08,Medium,0.2742857142857143,0.1824062049062048,0.3434497354497354,Medium,High,False,0.5828188648686793,0.0218057106296901,0.3953754245016305,Logistic Regression,Medium,High,1.0,0.7805065771194946,0.0028899193122951194,0.2255601030590987,Monitor,1,1,0,1
SUP016,2024-08,10,6,2.5,25,1,1,87699.29000000001,0,0.6,0.1,0.0,0.0,0.0,0.0,87699.29000000001,1.0,0.0,0.0057199358379232,0.0,0.0,0.1714285714285714,0.0,0.7857142857142858,0.0,1,1,2024-08,Medium,2024-09,Medium,0.274047619047619,0.1824062049062048,0.3434497354497354,Medium,Medium,True,0.3983289739582136,0.1210055305218585,0.4806654955199278,Logistic Regression,Medium,Medium,0.5,0.6386617217181775,0.00400395508654624,0.25571728492558754,Monitor,0,0,0,0
SUP016,2024-09,12,8,1.5833333333333333,19,1,1,111162.32,0,0.6666666666666666,0.0833333333333333,0.0,0.0,0.0,0.0,111162.32,1.0,0.0,0.0072273903916514,0.0,0.0,0.0666666666666666,0.0,-0.9166666666666669,0.0,1,1,2024-09,Medium,2024-10,Medium,0.2687301587301587,0.1824062049062048,0.3434497354497354,Medium,Medium,True,0.3839343430580991,0.1181770819853403,0.4978885749565606,Logistic Regression,Medium,Medium,0.5,0.6328786305363794,0.005059173274155979,0.3201842653394087,Monitor,0,0,0,0
SUP016,2024-10,9,5,2.888888888888889,26,1,8,97862.06,0,0.5555555555555556,0.1111111111111111,0.0,0.0,0.0,0.0,97862.06,1.0,0.0,0.0064608036942269,0.0,0.0,-0.111111111111111,0.0,1.3055555555555556,0.0,1,1,2024-10,Medium,2024-11,Medium,0.3171428571428571,0.1824062049062048,0.3434497354497354,Medium,High,False,0.6094105164409294,0.0693947369505894,0.3211947466084811,Logistic Regression,Medium,High,1.0,0.7700078897451699,0.00452256258595883,0.3482408873054617,Monitor,1,1,0,1
SUP016,2024-11,8,6,2.125,17,0,0,116556.8,0,0.75,0.0,0.0,0.0,0.0,0.0,116556.8,1.0,0.0,0.0076458310631005,0.0,0.0,0.1944444444444444,0.0,-0.7638888888888888,0.0,1,1,2024-11,Medium,2024-12,Medium,0.2041269841269841,0.1824062049062048,0.3434497354497354,Medium,Medium,True,0.4735529235338292,0.0478059672285985,0.4786411092375721,Logistic Regression,Medium,Medium,0.5,0.7128734781526153,0.00535208174417035,0.3815357128323833,Monitor,0,0,0,0
SUP016,2024-12,9,4,1.8888888888888888,17,1,6,98418.79,0,0.4444444444444444,0.1111111111111111,0.0,0.0,0.0,0.0,98418.79,1.0,0.0,0.0059474409815325,0.0,0.0,-0.3055555555555556,0.0,-0.2361111111111111,0.0,1,0,2024-12,Medium,2025-01,Medium,0.2511428571428571,0.1824062049062048,0.3434497354497354,Medium,High,False,0.5237103302790264,0.0862585480491942,0.3900311216717793,Logistic Regression,Medium,High,1.0,0.718725891114916,0.00416320868707275,0.2992205873513722,Monitor,1,1,0,1
SUP016,2025-01,10,6,1.6,16,2,4,87181.40000000001,0,0.6,0.2,0.0,0.0,0.0,0.0,87181.40000000001,1.0,0.0,0.0053116388867265,0.0,0.0,0.1555555555555555,0.0,-0.2888888888888887,0.0,1,1,2025-01,Medium,2025-02,High,0.4142857142857142,0.1824062049062048,0.3434497354497354,High,Medium,False,0.275274173876191,0.2103791068852558,0.5143467192385531,Logistic Regression,High,Medium,0.5,0.5324475334954676,0.0037181472207085497,0.19797183168392954,Monitor,0,0,0,0
SUP017,2024-07,43,19,1.2093023255813953,52,2,5,822265.7,0,0.4418604651162791,0.0465116279069767,0.0,0.0,0.0,0.0,822265.7,1.0,0.0,0.0518315217556428,0.0,0.0,0.004360465116279,-0.03125,-0.0719476744186047,0.0,1,1,2024-07,Medium,2024-08,Low,0.1557619047619047,0.1824062049062048,0.3434497354497354,Low,Low,True,0.0366239196587788,0.6891675786019998,0.2742085017392214,Logistic Regression,Low,Low,0.0,0.17372817052838951,0.03628206522894996,0.630321681521717,Monitor,0,0,0,0
SUP017,2024-08,30,11,1.0666666666666669,32,2,7,600954.63,0,0.3666666666666666,0.0666666666666666,0.0,0.0,0.0,0.0,600954.63,1.0,0.0,0.039195550216004,0.0,0.0,-0.0751937984496124,0.0,-0.1426356589147286,0.0,1,0,2024-08,Low,2024-09,Medium,0.2111507936507936,0.1824062049062048,0.3434497354497354,Medium,Low,False,0.048372474492466,0.6444374839530138,0.3071900415545201,Logistic Regression,Medium,Low,0.0,0.20196749526972607,0.027436885151202798,0.5541358971991569,Monitor,0,0,0,0
SUP017,2024-09,36,19,1.0277777777777777,37,7,27,798361.76,0,0.5277777777777778,0.1944444444444444,0.0,0.0,0.0,0.0,798361.76,1.0,0.0,0.0519067262475805,0.0,0.0,0.1611111111111111,0.0,-0.0388888888888889,0.0,1,1,2024-09,Medium,2024-10,Medium,0.1892857142857142,0.1824062049062048,0.3434497354497354,Medium,Low,False,0.0248845258706376,0.7470753387041288,0.2280401354252335,Logistic Regression,Medium,Low,0.0,0.13890459358325435,0.036334708373306344,0.5047057899560187,Monitor,0,0,0,0
SUP017,2024-10,32,14,1.40625,45,3,6,623638.6,0,0.4375,0.09375,0.0,0.0,0.0,0.0,623638.6,1.0,0.0,0.0411723048824286,0.0,0.0,-0.0902777777777777,0.0,0.3784722222222223,0.0,1,1,2024-10,Medium,2024-11,Low,0.180295566502463,0.1824062049062048,0.3434497354497354,Low,Low,True,0.0599225246185104,0.6785285135427023,0.2615489618387872,Logistic Regression,Low,Low,0.0,0.19069700553790397,0.02882061341770002,0.549600467652093,Monitor,0,0,0,0
SUP017,2024-11,29,12,1.3793103448275863,40,1,5,451346.61,0,0.4137931034482758,0.0344827586206896,0.0,0.0,0.0,0.0,451346.61,1.0,0.0,0.0296071952126615,0.0,0.0,-0.0237068965517241,0.0,-0.0269396551724137,0.0,1,0,2024-11,Low,2024-12,Medium,0.2071428571428571,0.1824062049062048,0.3434497354497354,Medium,Low,False,0.0989757164981912,0.4761540592060782,0.4248702242957305,Logistic Regression,Medium,Low,0.0,0.31141082864605646,0.02072503664886305,0.6454000836542331,Monitor,0,0,0,0
SUP017,2024-12,32,16,1.25,40,2,7,631637.36,0,0.5,0.0625,0.0,0.0,0.0,0.0,631637.36,1.0,0.0,0.0381698039605141,0.0,0.0,0.0862068965517241,0.0,-0.1293103448275863,0.0,1,1,2024-12,Medium,2025-01,Low,0.1345238095238095,0.1824062049062048,0.3434497354497354,Low,Low,True,0.055413214834475,0.620015002615768,0.3245717825497569,Logistic Regression,Low,Low,0.0,0.21769910610935345,0.02671886277235987,0.5816672541801224,Monitor,0,0,0,0
SUP017,2025-01,36,12,0.6944444444444444,25,2,4,625155.54,0,0.3333333333333333,0.0555555555555555,0.0,0.0,0.0,0.0,625155.54,1.0,0.0,0.0380884050556259,0.0,0.0,-0.1666666666666666,0.0,-0.5555555555555556,0.0,1,0,2025-01,Low,2025-02,Low,0.0,0.1824062049062048,0.3434497354497354,Low,Low,True,0.0359231553101115,0.7143459722376604,0.2497308724522279,Logistic Regression,Low,Low,0.0,0.16078859153622543,0.026661883538938128,0.42869267019287355,Monitor,0,0,0,0
SUP018,2024-07,21,17,2.952380952380953,62,1,11,274800.77,0,0.8095238095238095,0.0476190476190476,0.0,0.0,0.0,0.0,274800.77,1.0,0.0,0.0173220676585712,0.0,0.0,0.1984126984126983,-0.0555555555555555,1.7857142857142858,0.0,1,1,2024-07,High,2024-08,High,0.3458241758241758,0.1824062049062048,0.3434497354497354,High,High,True,0.5413705728938732,0.0845065691289232,0.3741228579772035,Logistic Regression,High,High,1.0,0.728432001882475,0.01212544736099984,0.8832563894893687,Monitor,1,1,0,1
SUP018,2024-08,16,12,2.0625,33,3,8,170956.26,0,0.75,0.1875,0.0,1.0,1.0,0.0625,170956.26,1.0,0.0,0.0111501340351937,0.0,0.0,-0.0595238095238095,0.0625,-0.8898809523809526,0.0,1,1,2024-08,High,2024-09,Medium,0.2432380952380952,0.1824062049062048,0.3434497354497354,Medium,High,False,0.6674625020479744,0.0257752664103519,0.3067622315416736,Logistic Regression,Medium,High,1.0,0.8208436178188112,0.007805093824635589,0.6406761452429138,Monitor,1,1,0,1
SUP018,2024-09,15,8,2.2,33,1,2,165884.18,0,0.5333333333333333,0.0666666666666666,0.0,0.0,0.0,0.0,165884.18,1.0,0.0,0.010785216867181,0.0,0.0,-0.2166666666666666,-0.0625,0.1375000000000001,0.0,1,1,2024-09,Medium,2024-10,Medium,0.3044360902255639,0.1824062049062048,0.3434497354497354,Medium,High,False,0.5503411967668924,0.0769968121365964,0.3726619910965111,Logistic Regression,Medium,High,1.0,0.736672192315148,0.0075496518070267,0.5561618547898378,Monitor,1,1,0,1
SUP018,2024-10,19,13,2.526315789473684,48,0,0,165827.80000000002,0,0.6842105263157895,0.0,0.0,0.0,0.0,0.0,165827.80000000002,1.0,0.0,0.0109478674661613,0.0,0.0,0.1508771929824561,0.0,0.3263157894736839,0.0,1,1,2024-10,Medium,2024-11,Medium,0.2861904761904761,0.1824062049062048,0.3434497354497354,Medium,High,False,0.4666933857552107,0.0742415185229382,0.4590650957218509,Logistic Regression,Medium,High,1.0,0.6962259336161362,0.00766350722631291,0.5335532473413712,Monitor,1,0,0,1
SUP018,2024-11,18,12,2.055555555555556,37,3,10,212615.42,0,0.6666666666666666,0.1666666666666666,0.0,0.0,0.0,0.0,212615.42,1.0,0.0,0.0139470334011415,0.0,0.0,-0.0175438596491228,0.0,-0.4707602339181287,0.0,1,0,2024-11,Medium,2024-12,Medium,0.2427380952380952,0.1824062049062048,0.3434497354497354,Medium,High,False,0.5424471820651436,0.0432121674051935,0.4143406505296629,Logistic Regression,Medium,High,1.0,0.7496175073299751,0.009762923380799048,0.7318458288968116,Monitor,1,1,0,1
SUP018,2024-12,12,7,1.5,18,2,3,119306.88,0,0.5833333333333334,0.1666666666666666,0.0,0.0,0.0,0.0,119306.88,1.0,0.0,0.0072097068810821,0.0,0.0,-0.0833333333333332,0.0,-0.5555555555555554,0.0,1,0,2024-12,Medium,2025-01,Medium,0.2717142857142857,0.1824062049062048,0.3434497354497354,Medium,Medium,True,0.4136198713196808,0.1250994334186849,0.4612806952616342,Logistic Regression,Medium,Medium,0.5,0.6442602189504979,0.00504679481675747,0.32514491336424056,Monitor,0,0,0,0
SUP018,2025-01,15,9,2.4,36,2,10,304402.60000000003,0,0.6,0.1333333333333333,0.0,0.0,0.0,0.0,304402.60000000003,1.0,0.0,0.018546119784503,0.0,0.0,0.0166666666666666,0.0,0.8999999999999999,0.0,1,1,2025-01,Medium,2025-02,Low,0.1003571428571428,0.1824062049062048,0.3434497354497354,Low,Medium,False,0.394244332242534,0.1713634911083144,0.4343921766491517,Logistic Regression,Low,Medium,0.5,0.6114404205671099,0.0129822838491521,0.7937893096647158,Monitor,0,0,0,0
SUP019,2024-07,20,10,1.4,28,0,0,579006.15,0,0.5,0.0,0.0,0.0,0.0,0.0,579006.15,1.0,0.0,0.0364976550285096,0.0,0.0,0.0333333333333333,0.0,-0.6000000000000001,0.0,1,1,2024-07,Medium,2024-08,Low,0.1357142857142857,0.1824062049062048,0.3434497354497354,Low,Medium,False,0.1065116713227776,0.4301923511133395,0.4632959775638827,Logistic Regression,Low,Medium,0.5,0.33815966010471893,0.02554835851995672,0.8639424233342065,Monitor,0,0,0,0
SUP019,2024-08,27,9,0.7407407407407407,20,4,15,645582.27,0,0.3333333333333333,0.1481481481481481,0.0,0.0,0.0,0.0,645582.27,1.0,0.0,0.0421062606379235,0.0,0.0,-0.1666666666666666,0.0,-0.6592592592592592,0.0,1,0,2024-08,Low,2024-09,Medium,0.2146218487394957,0.1824062049062048,0.3434497354497354,Medium,Low,False,0.0441336165984691,0.6642561177490938,0.291610265652437,Logistic Regression,Medium,Low,0.0,0.18993874942468758,0.029474382446546446,0.5598327341961995,Monitor,0,0,0,0
SUP019,2024-09,17,8,1.9411764705882355,33,4,15,314177.65,0,0.4705882352941176,0.2352941176470588,0.0,0.0,0.0,0.0,314177.65,1.0,0.0,0.0204267464810165,0.0,0.0,0.1372549019607843,0.0,1.2004357298474946,0.0,1,1,2024-09,Medium,2024-10,Medium,0.1942105263157894,0.1824062049062048,0.3434497354497354,Medium,Low,False,0.1184108046789927,0.5097887378667911,0.3718004574542161,Logistic Regression,Medium,Low,0.0,0.3043110334061008,0.014298722536711548,0.43512590315337946,Monitor,0,0,0,0
SUP019,2024-10,19,9,1.105263157894737,21,3,21,275142.64,0,0.4736842105263157,0.1578947368421052,0.0,0.0,0.0,0.0,275142.64,1.0,0.0,0.0181647779021957,0.0,0.0,0.0030959752321981,0.0,-0.8359133126934983,0.0,1,1,2024-10,Medium,2024-11,Medium,0.2010084033613445,0.1824062049062048,0.3434497354497354,Medium,Medium,True,0.1394797653109581,0.397803890836046,0.4627163438529956,Logistic Regression,Medium,Medium,0.5,0.3708379372374559,0.01271534453153699,0.4715332137338742,Monitor,0,0,0,0
SUP019,2024-11,17,8,1.411764705882353,24,1,4,422755.61,0,0.4705882352941176,0.0588235294117647,0.0,0.0,0.0,0.0,422755.61,1.0,0.0,0.0277316979793374,0.0,0.0,-0.0030959752321981,0.0,0.3065015479876161,0.0,1,1,2024-11,Medium,2024-12,Medium,0.2275187969924812,0.1824062049062048,0.3434497354497354,Medium,Low,False,0.0794418030491488,0.6101391316181619,0.3104190653326892,Logistic Regression,Medium,Low,0.0,0.2346513357154934,0.01941218858553618,0.4555095980757119,Monitor,0,0,0,0
SUP019,2024-12,19,10,1.6842105263157894,32,1,7,414549.48,0,0.5263157894736842,0.0526315789473684,0.0,0.0,0.0,0.0,414549.48,1.0,0.0,0.0250511977054889,0.0,0.0,0.0557275541795665,0.0,0.2724458204334363,0.0,1,1,2024-12,Medium,2025-01,Medium,0.2088961038961038,0.1824062049062048,0.3434497354497354,Medium,Low,False,0.1424755290041584,0.4360498509611107,0.4214746200347308,Logistic Regression,Medium,Low,0.0,0.3532128390215238,0.017535838393842228,0.6193883263711651,Monitor,0,0,0,0
SUP020,2024-07,8,0,0.0,0,0,0,201998.6,0,0.0,0.0,0.0,0.0,0.0,0.0,201998.6,1.0,0.0,0.0127329825754733,0.0,0.0,-0.375,0.0,-0.75,0.0,1,0,2024-07,Low,2024-08,Low,0.1553246753246753,0.1824062049062048,0.3434497354497354,Low,Low,True,0.0079683362964908,0.8967143740254736,0.0953172896780356,Logistic Regression,Low,Low,0.0,0.055626981135508596,0.008913087802831308,0.0495808167067229,Monitor,0,0,0,0
SUP020,2024-08,11,4,1.0909090909090908,12,0,0,396306.35,0,0.3636363636363636,0.0,0.0,0.0,0.0,0.0,396306.35,1.0,0.0,0.0258479503558301,0.0,0.0,0.3636363636363636,0.0,1.0909090909090908,0.0,1,1,2024-08,Low,2024-09,Medium,0.2821733821733822,0.1824062049062048,0.3434497354497354,Medium,Low,False,0.0047924845104241,0.8995860881324756,0.0956214273571002,Logistic Regression,Medium,Low,0.0,0.0526031981889742,0.018093565249081067,0.09517793987425477,Monitor,0,0,0,0
SUP020,2024-09,9,5,1.6666666666666667,15,0,0,184567.58,0,0.5555555555555556,0.0,0.0,1.0,1.0,0.1111111111111111,184567.58,1.0,0.0,0.0119999470531234,0.0,0.0,0.1919191919191919,0.1111111111111111,0.5757575757575759,0.0,1,1,2024-09,Medium,2024-10,Medium,0.2007142857142857,0.1824062049062048,0.3434497354497354,Medium,Low,False,0.1688799643261737,0.455635822536234,0.3754842131375921,Logistic Regression,Medium,Low,0.0,0.3566220708949698,0.00839996293718638,0.2995612178100399,Monitor,0,0,0,0
SUP020,2024-10,16,8,1.0,16,1,1,263028.15,0,0.5,0.0625,0.0,0.0,0.0,0.0,263028.15,1.0,0.0,0.0173649854009376,0.0,0.0,-0.0555555555555555,-0.1111111111111111,-0.6666666666666667,0.0,1,0,2024-10,Medium,2024-11,Medium,0.2257142857142857,0.1824062049062048,0.3434497354497354,Medium,Medium,True,0.1940909220184449,0.2809460352718754,0.5249630427096796,Logistic Regression,Medium,Medium,0.5,0.45657244337328473,0.012155489780656318,0.5549861669553248,Monitor,0,0,0,0
SUP020,2024-11,7,4,1.0,7,0,0,83635.92000000001,0,0.5714285714285714,0.0,0.0,0.0,0.0,0.0,83635.92000000001,1.0,0.0,0.0054863046611351,0.0,0.0,0.0714285714285714,0.0,0.0,0.0,1,1,2024-11,Medium,2024-12,Low,0.1423809523809523,0.1824062049062048,0.3434497354497354,Low,Low,True,0.0899235866409372,0.6196796657674674,0.2903967475915954,Logistic Regression,Low,Low,0.0,0.2351219604367349,0.0038404132627945695,0.09029654952354968,Monitor,0,0,0,0
SUP020,2024-12,9,3,1.0,9,2,4,216941.71,0,0.3333333333333333,0.2222222222222222,0.0,0.0,0.0,0.0,216941.71,1.0,0.0,0.0131097732115762,0.0,0.0,-0.238095238095238,0.0,0.0,0.0,1,0,2024-12,Low,2025-01,Medium,0.1862857142857142,0.1824062049062048,0.3434497354497354,Medium,Low,False,0.1223456287610043,0.5502794525185877,0.327374918720408,Logistic Regression,Medium,Low,0.0,0.2860330881212083,0.009176841248103338,0.2624880241393081,Monitor,0,0,0,0
SUP021,2024-07,13,9,3.769230769230769,49,3,9,303692.48000000004,0,0.6923076923076923,0.2307692307692307,0.0,0.0,0.0,0.0,303692.48000000004,1.0,0.0,0.019143256716345,0.0,0.0,0.0452488687782804,0.0,1.7104072398190049,0.0,1,1,2024-07,Medium,2024-08,High,0.3494285714285714,0.1824062049062048,0.3434497354497354,High,High,True,0.7481557555458438,0.0135430561501087,0.2383011883040474,Logistic Regression,High,High,1.0,0.8673063496978675,0.0134002797014415,1.1622147672787657,Monitor,1,1,0,1
SUP021,2024-08,10,8,2.7,27,1,1,245728.7,0,0.8,0.1,0.0,0.0,0.0,0.0,245728.7,1.0,0.0,0.0160269529837275,0.0,0.0,0.1076923076923077,0.0,-1.069230769230769,0.0,1,1,2024-08,High,2024-09,High,0.3658241758241758,0.1824062049062048,0.3434497354497354,High,High,True,0.6805501311145271,0.0074644890293514,0.3119853798561214,Logistic Regression,High,High,1.0,0.8365428210425878,0.011218867088609249,0.9385062723207025,Monitor,1,1,0,1
SUP021,2024-09,11,8,2.8181818181818183,31,0,0,478481.12000000005,0,0.7272727272727273,0.0,0.0,1.0,1.0,0.0909090909090909,478481.12000000005,1.0,0.0,0.0311091910395053,0.0,0.0,-0.0727272727272727,0.0909090909090909,0.1181818181818181,0.0,1,1,2024-09,High,2024-10,Medium,0.1953246753246753,0.1824062049062048,0.3434497354497354,Medium,High,False,0.6853346904468411,0.0270008798509413,0.2876644297022176,Logistic Regression,Medium,High,1.0,0.82916690529795,0.02177643372765371,1.8056298162384528,Monitor,1,1,0,1
SUP021,2024-10,22,10,1.4090909090909092,31,2,3,526474.36,0,0.4545454545454545,0.0909090909090909,0.0,0.0,0.0,0.0,526474.36,1.0,0.0,0.0347575709115848,0.0,0.0,-0.2727272727272727,-0.0909090909090909,-1.4090909090909092,0.0,1,0,2024-10,Medium,2024-11,Medium,0.3139285714285714,0.1824062049062048,0.3434497354497354,Medium,Medium,True,0.3493969116334481,0.0933281467283335,0.5572749416382183,Logistic Regression,Medium,Medium,0.5,0.6280343824525573,0.02433029963810936,1.528026470810569,Monitor,0,0,0,0
SUP021,2024-11,12,9,2.0,24,1,1,220090.21,0,0.75,0.0833333333333333,0.0,0.0,0.0,0.0,220090.21,1.0,0.0,0.0144373607057017,0.0,0.0,0.2954545454545454,0.0,0.5909090909090908,0.0,1,1,2024-11,Medium,2024-12,High,0.3716326530612245,0.1824062049062048,0.3434497354497354,High,Medium,False,0.2650440945138363,0.2475475204513094,0.4874083850348544,Logistic Regression,High,Medium,0.5,0.5087482870312635,0.01010615249399119,0.514148776979475,Monitor,0,0,0,0
SUP021,2024-12,14,12,2.7857142857142856,39,1,8,202957.19,0,0.8571428571428571,0.0714285714285714,0.0,0.0,0.0,0.0,202957.19,1.0,0.0,0.0122646895913136,0.0,0.0,0.1071428571428571,0.0,0.7857142857142856,0.0,1,1,2024-12,High,2025-01,Medium,0.328096903096903,0.1824062049062048,0.3434497354497354,Medium,High,False,0.6686460755912457,0.0361179915066475,0.2952359329021067,Logistic Regression,Medium,High,1.0,0.8162640420422991,0.008585282713919519,0.7007857570139825,Monitor,1,1,0,1
SUP021,2025-01,22,15,2.5,55,3,37,627863.2300000001,0,0.6818181818181818,0.1363636363636363,0.0,1.0,1.0,0.0454545454545454,627863.2300000001,1.0,0.0,0.0382533745502337,0.0,0.0,-0.1753246753246753,0.0454545454545454,-0.2857142857142856,0.0,1,1,2025-01,Medium,2025-02,Medium,0.3374999999999999,0.1824062049062048,0.3434497354497354,Medium,High,False,0.5908893465909671,0.0420996320629232,0.3670110213461095,Logistic Regression,Medium,High,1.0,0.7743948572640219,0.02677736218516359,2.0736251567286774,Monitor,1,1,0,1
SUP021,2025-02,12,9,2.9166666666666665,35,2,30,385458.61,0,0.75,0.1666666666666666,0.0,0.0,0.0,0.0,385458.61,1.0,0.0,0.0820716284903046,0.0,0.0,0.0681818181818182,-0.0454545454545454,0.4166666666666665,0.0,1,1,2025-02,Medium,2025-03,Low,0.0,0.1824062049062048,0.3434497354497354,Low,Medium,False,0.358971112422219,0.0836505346083212,0.5573783529694597,Logistic Regression,Low,Medium,0.5,0.6376602889069489,0.05745013994321321,3.6633672833933986,Monitor,0,0,0,0
SUP022,2024-07,19,8,0.7894736842105263,15,1,1,907438.62,0,0.4210526315789473,0.0526315789473684,0.0,0.0,0.0,0.0,907438.62,1.0,0.0,0.0572003971154829,0.0,0.0,0.160183066361556,-0.0434782608695652,0.1807780320366132,0.0,1,1,2024-07,Low,2024-08,Medium,0.2870634920634921,0.1824062049062048,0.3434497354497354,Medium,Low,False,0.0062980004115847,0.8761333980238074,0.1175686015646078,Logistic Regression,Medium,Low,0.0,0.0650823011938886,0.04004027798083803,0.2605913431435926,Monitor,0,0,0,0
SUP022,2024-08,18,13,1.3333333333333333,24,1,11,703724.0700000001,0,0.7222222222222222,0.0555555555555555,0.0,0.0,0.0,0.0,703724.0700000001,1.0,0.0,0.0458983935674074,0.0,0.0,0.3011695906432748,0.0,0.5438596491228069,0.0,1,1,2024-08,Medium,2024-09,Low,0.1560150375939849,0.1824062049062048,0.3434497354497354,Low,Low,True,0.0401374176032581,0.7076209943129241,0.2522415880838176,Logistic Regression,Low,Low,0.0,0.16625821164516688,0.032128875497185176,0.534168938233223,Monitor,0,0,0,0
SUP022,2024-09,19,7,1.0526315789473684,20,2,5,792971.24,0,0.3684210526315789,0.1052631578947368,0.0,0.0,0.0,0.0,792971.24,1.0,0.0,0.0515562532414934,0.0,0.0,-0.3538011695906433,0.0,-0.2807017543859649,0.0,1,0,2024-09,Low,2024-10,Medium,0.2670676691729323,0.1824062049062048,0.3434497354497354,Medium,Low,False,0.0786936412526618,0.6269391127190371,0.294367246028301,Logistic Regression,Medium,Low,0.0,0.22587726426681232,0.036089377269045375,0.8151769806624851,Monitor,0,0,0,0
SUP022,2024-10,19,12,1.7894736842105263,34,0,0,722387.03,0,0.631578947368421,0.0,0.0,0.0,0.0,0.0,722387.03,1.0,0.0,0.047691626275654,0.0,0.0,0.2631578947368421,0.0,0.736842105263158,0.0,1,1,2024-10,Medium,2024-11,Low,0.1704761904761905,0.1824062049062048,0.3434497354497354,Low,Low,True,0.0591633048267133,0.5994455444025952,0.3413911507706915,Logistic Regression,Low,Low,0.0,0.22985888021205905,0.0333841383929578,0.7673640667849688,Monitor,0,0,0,0
SUP022,2024-11,24,10,0.9583333333333334,23,1,5,1356328.56,0,0.4166666666666667,0.0416666666666666,0.0,0.0,0.0,0.0,1356328.56,1.0,0.0,0.0889717205329805,0.0,0.0,-0.2149122807017543,0.0,-0.831140350877193,0.0,1,0,2024-11,Low,2024-12,Low,0.1676190476190475,0.1824062049062048,0.3434497354497354,Low,Low,True,0.0282147288698198,0.6938852929544924,0.2778999781756877,Logistic Regression,Low,Low,0.0,0.16716471795766363,0.062280204373086345,1.0411052798372629,Monitor,0,0,0,0
SUP022,2024-12,21,8,1.3333333333333333,28,2,5,1388862.64,0,0.3809523809523809,0.0952380952380952,0.0,0.0,0.0,0.0,1388862.64,1.0,0.0,0.0839288776346006,0.0,0.0,-0.0357142857142857,0.0,0.3749999999999999,0.0,1,1,2024-12,Low,2025-01,Medium,0.2704761904761904,0.1824062049062048,0.3434497354497354,Medium,Low,False,0.010368945545415,0.8446762694148189,0.1449547850397661,Logistic Regression,Medium,Low,0.0,0.08284633806529805,0.05875021434422041,0.48672401189700065,Monitor,0,0,0,0
SUP023,2024-07,7,6,3.2857142857142856,23,1,3,89906.76,0,0.8571428571428571,0.1428571428571428,0.0,0.0,0.0,0.0,89906.76,1.0,0.0,0.0056672729835615,0.0,0.0,0.0238095238095237,0.0,0.4523809523809521,0.0,1,1,2024-07,High,2024-08,Medium,0.3308163265306122,0.1824062049062048,0.3434497354497354,Medium,High,False,0.8354291976191662,0.0046270755373466,0.1599437268434871,Logistic Regression,Medium,High,1.0,0.9154010610409098,0.0039670910884930495,0.3631479391652475,Monitor,1,1,0,1
SUP023,2024-08,7,5,3.142857142857143,22,0,0,64327.48,0,0.7142857142857143,0.0,0.0,0.0,0.0,0.0,64327.48,1.0,0.0,0.0041955762494233,0.0,0.0,-0.1428571428571428,0.0,-0.1428571428571428,0.0,1,0,2024-08,Medium,2024-09,Medium,0.2242857142857142,0.1824062049062048,0.3434497354497354,Medium,High,False,0.8285979621862752,0.0031034968580669,0.1682985409556578,Logistic Regression,Medium,High,1.0,0.9127472326641042,0.00293690337459631,0.2680650427764651,Monitor,1,1,0,1
SUP023,2024-09,12,6,1.9166666666666667,23,2,5,134428.96,0,0.5,0.1666666666666666,0.0,0.0,0.0,0.0,134428.96,1.0,0.0,0.0087401070242479,0.0,0.0,-0.2142857142857143,0.0,-1.226190476190476,0.0,1,0,2024-09,Medium,2024-10,High,0.4624999999999999,0.1824062049062048,0.3434497354497354,High,High,True,0.5751663207895986,0.0280957407527397,0.3967379384576617,Logistic Regression,High,High,1.0,0.7735352900184295,0.0061180749169735295,0.47325468552555977,Monitor,1,1,0,1
SUP023,2024-10,8,8,4.375,35,1,3,70191.32,0,1.0,0.125,0.0,0.0,0.0,0.0,70191.32,1.0,0.0,0.0046339954376462,0.0,0.0,0.5,0.0,2.458333333333333,0.0,1,1,2024-10,High,2024-11,Medium,0.2614285714285714,0.1824062049062048,0.3434497354497354,Medium,High,False,0.8058807359418204,0.0046854084700185,0.189433855588161,Logistic Regression,Medium,High,1.0,0.9005976637359009,0.0032437968063523397,0.29213558254348937,Monitor,1,1,0,1
SUP023,2024-11,10,6,2.0,20,0,0,150704.32,0,0.6,0.0,0.0,0.0,0.0,0.0,150704.32,1.0,0.0,0.0098858219443177,0.0,0.0,-0.4,0.0,-2.375,0.0,1,0,2024-11,Medium,2024-12,High,0.3798701298701298,0.1824062049062048,0.3434497354497354,High,High,True,0.7661185059766716,0.004588939450826,0.2292925545725023,Logistic Regression,High,High,1.0,0.8807647832629228,0.006920075361022389,0.6094958675513977,Monitor,1,1,0,1
SUP023,2024-12,11,9,3.636363636363636,40,2,11,149229.0,0,0.8181818181818182,0.1818181818181818,0.0,0.0,0.0,0.0,149229.0,1.0,0.0,0.0090178986170538,0.0,0.0,0.2181818181818182,0.0,1.6363636363636362,0.0,1,1,2024-12,High,2025-01,Medium,0.1862857142857142,0.1824062049062048,0.3434497354497354,Medium,High,False,0.7453996374221086,0.0128305187582637,0.2417698438196276,Logistic Regression,Medium,High,1.0,0.8662845593319224,0.00631252903193766,0.5468446430702083,Monitor,1,1,0,1
SUP023,2025-01,5,2,1.8,9,0,0,69237.42,0,0.4,0.0,0.0,0.0,0.0,0.0,69237.42,1.0,0.0,0.0042183788341162,0.0,0.0,-0.4181818181818182,0.0,-1.836363636363636,0.0,1,0,2025-01,Medium,2025-02,High,0.3844897959183673,0.1824062049062048,0.3434497354497354,High,High,True,0.6179401875234872,0.021258924718611,0.3608008877579018,Logistic Regression,High,High,1.0,0.7983406314024382,0.0029528651838813397,0.23573922553461052,Monitor,1,1,0,1
SUP024,2024-07,15,8,1.6666666666666667,25,3,13,349582.8,0,0.5333333333333333,0.2,0.0,0.0,0.0,0.0,349582.8,1.0,0.0,0.02203595322485,0.0,0.0,-0.1589743589743589,0.0,-0.4102564102564103,0.0,1,0,2024-07,Medium,2024-08,Medium,0.2886335403726708,0.1824062049062048,0.3434497354497354,Medium,Medium,True,0.3878997050616826,0.1381019544682848,0.4739983404700326,Logistic Regression,Medium,Medium,0.5,0.6248988752966989,0.015425167257395,0.9639169670409601,Monitor,0,0,0,0
SUP024,2024-08,23,15,2.347826086956522,54,3,43,714396.17,0,0.6521739130434783,0.1304347826086956,0.0,0.0,0.0,0.0,714396.17,1.0,0.0,0.0465944508246087,0.0,0.0,0.1188405797101449,0.0,0.6811594202898552,0.0,1,1,2024-08,Medium,2024-09,High,0.3487074829931972,0.1824062049062048,0.3434497354497354,High,Medium,False,0.2415725538578809,0.2495189782838654,0.5089084678582536,Logistic Regression,High,Medium,0.5,0.4960267877870077,0.03261611557722609,1.6178467039861242,Monitor,0,0,0,0
SUP024,2024-09,21,16,3.1904761904761907,67,5,26,644127.0,0,0.7619047619047619,0.238095238095238,0.0,0.0,0.0,0.0,644127.0,1.0,0.0,0.0418789144631317,0.0,0.0,0.1097308488612835,0.0,0.8426501035196687,0.0,1,1,2024-09,High,2024-10,High,0.3693645484949832,0.1824062049062048,0.3434497354497354,High,High,True,0.5838885913308808,0.0336060942827622,0.3825053143863569,Logistic Regression,High,High,1.0,0.7751412485240592,0.02931524012419219,2.272345183064893,Monitor,1,1,0,1
SUP024,2024-10,23,17,3.347826086956522,77,2,4,440792.76,0,0.7391304347826086,0.0869565217391304,0.0,1.0,1.0,0.0434782608695652,440792.76,1.0,0.0,0.0291009150246427,0.0,0.0,-0.0227743271221532,0.0434782608695652,0.1573498964803312,0.0,1,1,2024-10,High,2024-11,Medium,0.2993788819875776,0.1824062049062048,0.3434497354497354,Medium,High,False,0.7211838907198916,0.0085990123240129,0.2702170969560955,Logistic Regression,Medium,High,1.0,0.8562924391979394,0.020370640517249888,1.7443225456540281,Monitor,1,1,0,1
SUP024,2024-11,23,16,2.1739130434782608,50,3,18,745490.68,0,0.6956521739130435,0.1304347826086956,0.0,0.0,0.0,0.0,745490.68,1.0,0.0,0.048902301696649,0.0,0.0,-0.0434782608695651,-0.0434782608695652,-1.1739130434782612,0.0,1,0,2024-11,Medium,2024-12,Medium,0.243051948051948,0.1824062049062048,0.3434497354497354,Medium,Medium,True,0.4762934809611689,0.02756196704144,0.496144551997391,Logistic Regression,Medium,Medium,0.5,0.7243657569598644,0.0342316111876543,2.4796206949900967,Monitor,0,0,0,0
SUP024,2024-12,22,13,1.4090909090909092,31,3,8,717549.54,0,0.5909090909090909,0.1363636363636363,0.0,0.0,0.0,0.0,717549.54,1.0,0.0,0.0433614713255041,0.0,0.0,-0.1047430830039525,0.0,-0.7648221343873516,0.0,1,0,2024-12,Medium,2025-01,High,0.3848303870043,0.1824062049062048,0.3434497354497354,High,Medium,False,0.2414730465828321,0.2332713168627711,0.5252556365543968,Logistic Regression,High,Medium,0.5,0.5041008648600305,0.030353029927852868,1.530098863775302,Monitor,0,0,0,0
SUP024,2025-01,23,20,2.1739130434782608,50,1,8,773291.15,0,0.8695652173913043,0.0434782608695652,0.0,1.0,1.0,0.0434782608695652,773291.15,1.0,0.0,0.0471137575572485,0.0,0.0,0.2786561264822134,0.0434782608695652,0.7648221343873516,0.0,1,1,2025-01,High,2025-02,Medium,0.2185714285714285,0.1824062049062048,0.3434497354497354,Medium,Medium,True,0.2192885633361037,0.297942491379188,0.4827689452847082,Logistic Regression,Medium,Medium,0.5,0.46067303597845777,0.03297963029007395,1.519282641117547,Monitor,0,0,0,0
SUP024,2025-02,19,9,2.0526315789473686,39,1,1,575314.37,0,0.4736842105263157,0.0526315789473684,0.0,0.0,0.0,0.0,575314.37,1.0,0.0,0.1224956091648171,0.0,0.0,-0.3958810068649885,-0.0434782608695652,-0.1212814645308921,0.0,1,0,2025-02,Medium,2025-03,High,0.4014285714285714,0.1824062049062048,0.3434497354497354,High,Medium,False,0.1128115233006104,0.3973095399824309,0.4898789367169586,Logistic Regression,High,Medium,0.5,0.3577509916590897,0.08574692641537196,3.067604795681831,Monitor,0,0,0,0
SUP025,2024-07,18,10,1.5555555555555556,28,2,6,105779.11,0,0.5555555555555556,0.1111111111111111,0.0,1.0,2.0,0.0555555555555555,105779.11,1.0,0.0,0.0066677866305958,0.0,0.0,-0.1587301587301587,0.0555555555555555,-1.3015873015873016,0.0,1,1,2024-07,Medium,2024-08,High,0.4455102040816326,0.1824062049062048,0.3434497354497354,High,Medium,False,0.3985868510028342,0.0910777858779017,0.510335363119264,Logistic Regression,High,Medium,0.5,0.6537545325624662,0.004667450641417059,0.30513670123379927,Monitor,0,0,0,0
SUP025,2024-08,7,7,3.7142857142857135,26,1,1,20322.2,0,1.0,0.1428571428571428,0.0,0.0,0.0,0.0,20322.2,1.0,0.0,0.0013254574818729,0.0,0.0,0.4444444444444444,-0.0555555555555555,2.158730158730159,0.0,1,1,2024-08,High,2024-09,Medium,0.341062271062271,0.1824062049062048,0.3434497354497354,Medium,High,False,0.7656938056355135,0.0102934927254852,0.2240127016390011,Logistic Regression,Medium,High,1.0,0.877700156455014,0.00092782023731103,0.08143479674500191,Monitor,1,1,0,1
SUP025,2024-09,9,6,2.4444444444444446,22,1,10,36768.12,0,0.6666666666666666,0.1111111111111111,0.0,1.0,1.0,0.1111111111111111,36768.12,1.0,0.0,0.0023905362645102,0.0,0.0,-0.3333333333333333,0.1111111111111111,-1.2698412698412698,0.0,1,1,2024-09,Medium,2024-10,Medium,0.2838461538461538,0.1824062049062048,0.3434497354497354,Medium,High,False,0.8790084886738305,0.0034428150469475,0.1175486962792218,Logistic Regression,Medium,High,1.0,0.9377828368134414,0.00167337538515714,0.1569262715746448,Monitor,1,1,0,1
SUP025,2024-10,13,9,1.6153846153846154,21,1,1,67803.37999999999,0,0.6923076923076923,0.0769230769230769,0.0,0.0,0.0,0.0,67803.37999999999,1.0,0.0,0.0044763448468699,0.0,0.0,0.0256410256410256,-0.1111111111111111,-0.8290598290598292,0.0,1,1,2024-10,Medium,2024-11,Medium,0.3090756302521008,0.1824062049062048,0.3434497354497354,Medium,High,False,0.4843695181061986,0.0633392278252974,0.452291254068504,Logistic Regression,Medium,High,1.0,0.7105151451404506,0.0031334413928089297,0.22263575660007323,Monitor,1,0,0,1
SUP025,2024-11,17,12,2.411764705882353,41,1,8,77614.43,0,0.7058823529411765,0.0588235294117647,0.0,0.0,0.0,0.0,77614.43,1.0,0.0,0.0050913101581275,0.0,0.0,0.0135746606334842,0.0,0.7963800904977374,0.0,1,1,2024-11,Medium,2024-12,High,0.3716326530612245,0.1824062049062048,0.3434497354497354,High,High,True,0.5491978538930846,0.0964661391328337,0.3543360069740818,Logistic Regression,High,High,1.0,0.7263658573801255,0.0035639171106892496,0.25887077077374965,Monitor,1,1,0,1
SUP025,2024-12,14,12,2.7857142857142856,39,1,2,68873.17,0,0.8571428571428571,0.0714285714285714,0.0,0.0,0.0,0.0,68873.17,1.0,0.0,0.0041620011157021,0.0,0.0,0.1512605042016805,0.0,0.3739495798319328,0.0,1,1,2024-12,High,2025-01,Medium,0.3016483516483516,0.1824062049062048,0.3434497354497354,Medium,High,False,0.6987497250572743,0.0201787866838169,0.2810714882589087,Logistic Regression,Medium,High,1.0,0.8392854691867286,0.00291340078099147,0.24451749414034074,Monitor,1,1,0,1
SUP025,2025-01,13,9,2.3076923076923075,30,3,11,92261.88,0,0.6923076923076923,0.2307692307692307,0.0,0.0,0.0,0.0,92261.88,1.0,0.0,0.0056211736628512,0.0,0.0,-0.1648351648351648,0.0,-0.4780219780219781,0.0,1,0,2025-01,Medium,2025-02,High,0.4271428571428571,0.1824062049062048,0.3434497354497354,High,High,True,0.7468270838592866,0.0125139338390203,0.2406589823016928,Logistic Regression,High,High,1.0,0.8671565750101331,0.00393482156399584,0.3412106390710648,Monitor,1,1,0,1
SUP026,2024-07,27,18,2.4444444444444446,66,2,8,302981.51,0,0.6666666666666666,0.074074074074074,0.0,1.0,1.0,0.037037037037037,302981.51,1.0,0.0,0.0190984407194931,0.0,0.0,0.0,0.037037037037037,0.2222222222222223,0.0,1,1,2024-07,Medium,2024-08,High,0.3883116883116883,0.1824062049062048,0.3434497354497354,High,High,True,0.4895152479101804,0.0766283868563225,0.4338563652334971,Logistic Regression,High,High,1.0,0.7064434305269289,0.013368908503645168,0.9444377585715724,Monitor,1,0,0,1
SUP026,2024-08,11,10,2.727272727272727,30,2,4,197654.59,0,0.9090909090909092,0.1818181818181818,0.0,0.0,0.0,0.0,197654.59,1.0,0.0,0.0128914563945845,0.0,0.0,0.2424242424242424,-0.037037037037037,0.2828282828282824,0.0,1,1,2024-08,High,2024-09,High,0.3774534161490683,0.1824062049062048,0.3434497354497354,High,High,True,0.6668770893364095,0.0185989637590698,0.3145239469045207,Logistic Regression,High,High,1.0,0.8241390627886699,0.00902401947620915,0.7437046953709712,Monitor,1,1,0,1
SUP026,2024-09,23,19,3.4347826086956523,79,4,19,350548.49,0,0.8260869565217391,0.1739130434782608,0.0,0.0,0.0,0.0,350548.49,1.0,0.0,0.02279145297106,0.0,0.0,-0.0830039525691699,0.0,0.7075098814229253,0.0,1,1,2024-09,High,2024-10,High,0.3544099378881987,0.1824062049062048,0.3434497354497354,High,High,True,0.8304440646408421,0.0059449108430768,0.1636110245160812,Logistic Regression,High,High,1.0,0.9122495768988826,0.015954017079742,1.4554045330832186,Monitor,1,1,0,1
SUP026,2024-10,23,18,3.130434782608696,72,6,35,264272.27,0,0.782608695652174,0.2608695652173913,0.0,0.0,0.0,0.0,264272.27,1.0,0.0,0.0174471215739556,0.0,0.0,-0.0434782608695651,0.0,-0.3043478260869565,0.0,1,0,2024-10,High,2024-11,Medium,0.319047619047619,0.1824062049062048,0.3434497354497354,Medium,High,False,0.8180798344172855,0.0024675161585062,0.1794526494242082,Logistic Regression,Medium,High,1.0,0.9078061591293896,0.01221298510176892,1.10870230967413,Monitor,1,1,0,1
SUP026,2024-11,18,12,3.333333333333333,60,3,7,304568.53,0,0.6666666666666666,0.1666666666666666,0.0,0.0,0.0,0.0,304568.53,1.0,0.0,0.0199789246746383,0.0,0.0,-0.1159420289855073,0.0,0.2028985507246377,0.0,1,1,2024-11,Medium,2024-12,Medium,0.3016964285714285,0.1824062049062048,0.3434497354497354,Medium,High,False,0.7758322850611727,0.0066937988803784,0.2174739160584488,Logistic Regression,Medium,High,1.0,0.8845692430903971,0.013985247272246808,1.23709195940434,Monitor,1,1,0,1
SUP026,2024-12,16,11,2.375,38,3,4,181419.57,0,0.6875,0.1875,0.0,0.0,0.0,0.0,181419.57,1.0,0.0,0.0109631726367496,0.0,0.0,0.0208333333333333,0.0,-0.9583333333333336,0.0,1,1,2024-12,Medium,2025-01,High,0.3493277310924369,0.1824062049062048,0.3434497354497354,High,High,True,0.6268658266136902,0.0170470104043229,0.3560871629819869,Logistic Regression,High,High,1.0,0.8049094081046836,0.007674220845724719,0.6177052558596908,Monitor,1,1,0,1
SUP026,2025-01,17,13,3.176470588235294,54,2,2,301050.05,0,0.7647058823529411,0.1176470588235294,0.0,0.0,0.0,0.0,301050.05,1.0,0.0,0.0183418613652794,0.0,0.0,0.0772058823529411,0.0,0.8014705882352939,0.0,1,1,2025-01,High,2025-02,Medium,0.3181512605042017,0.1824062049062048,0.3434497354497354,Medium,High,False,0.6866437359109429,0.0203690155750458,0.2929872485140113,Logistic Regression,Medium,High,1.0,0.8331373601679485,0.01283930295569558,1.0696902970904754,Monitor,1,1,0,1
SUP026,2025-02,17,12,2.764705882352941,47,3,9,220247.98,0,0.7058823529411765,0.1764705882352941,0.0,0.0,0.0,0.0,220247.98,1.0,0.0,0.0468950749090805,0.0,0.0,-0.0588235294117646,0.0,-0.4117647058823528,0.0,1,0,2025-02,Medium,2025-03,High,0.3653571428571428,0.1824062049062048,0.3434497354497354,High,High,True,0.5966314055672415,0.017124613260466,0.3862439811722924,Logistic Regression,High,High,1.0,0.7897533961533877,0.03282655243635635,2.592488127061969,Monitor,1,1,0,1
SUP027,2024-07,37,25,2.27027027027027,84,10,48,1309533.83,0,0.6756756756756757,0.2702702702702703,0.0,0.0,0.0,0.0,1309533.83,1.0,0.0,0.0825464703190165,0.0,0.0,0.009009009009009,-0.037037037037037,-0.0630630630630633,0.0,1,1,2024-07,Medium,2024-08,Medium,0.3203696303696303,0.1824062049062048,0.3434497354497354,Medium,Medium,True,0.2385363087354654,0.1835492908263864,0.5779144004381481,Logistic Regression,Medium,Medium,0.5,0.5274935089545395,0.05778252922331155,3.047990909627283,Monitor,0,0,0,0
SUP027,2024-08,33,24,1.7575757575757576,58,1,6,785037.34,0,0.7272727272727273,0.0303030303030303,0.0,1.0,1.0,0.0303030303030303,785037.34,1.0,0.0,0.0512018194807954,0.0,0.0,0.0515970515970516,0.0303030303030303,-0.5126945126945126,0.0,1,1,2024-08,Medium,2024-09,High,0.3594402472527473,0.1824062049062048,0.3434497354497354,High,Medium,False,0.2074078991609309,0.2515590438286369,0.5410330570104323,Logistic Regression,High,Medium,0.5,0.477924427666147,0.03584127363655678,1.7129420189577163,Monitor,0,0,0,0
SUP027,2024-09,32,25,2.53125,81,2,10,948631.76,0,0.78125,0.0625,0.0,1.0,1.0,0.03125,948631.76,1.0,0.0,0.0616767630204138,0.0,0.0,0.0539772727272727,0.0009469696969696,0.7736742424242424,0.0,1,1,2024-09,High,2024-10,Medium,0.2697884615384615,0.1824062049062048,0.3434497354497354,Medium,Medium,True,0.305275948000371,0.1884985250915162,0.5062255269081127,Logistic Regression,Medium,Medium,0.5,0.5583887114544274,0.04317373411428966,2.4107725760754253,Monitor,0,0,0,0
SUP027,2024-10,40,23,1.925,77,10,33,979808.38,0,0.575,0.25,0.0,1.0,1.0,0.025,979808.38,1.0,0.0,0.0646864535769891,0.0,0.0,-0.20625,-0.0062499999999999,-0.60625,0.0,1,0,2024-10,Medium,2024-11,Medium,0.3400384615384615,0.1824062049062048,0.3434497354497354,Medium,Medium,True,0.3063507319069837,0.1197585359522448,0.5738907321407714,Logistic Regression,Medium,Medium,0.5,0.5932960979773694,0.045280517503892365,2.6864754349455313,Monitor,0,0,0,0
SUP027,2024-11,40,30,2.275,91,13,48,764638.74,0,0.75,0.325,0.0,1.0,1.0,0.025,764638.74,1.0,0.0,0.0501583659669972,0.0,0.0,0.175,0.0,0.3499999999999998,0.0,1,1,2024-11,Medium,2024-12,Medium,0.3047628687102371,0.1824062049062048,0.3434497354497354,Medium,Medium,True,0.2867592637176295,0.1523677865257554,0.5608729497566151,Logistic Regression,Medium,Medium,0.5,0.567195738595937,0.03511085617689804,1.99147280019914,Monitor,0,0,0,0
SUP027,2024-12,38,21,1.921052631578948,73,5,14,812669.6,0,0.5526315789473685,0.131578947368421,0.0,2.0,4.0,0.0526315789473684,812669.6,1.0,0.0,0.0491095702709375,0.0,0.0,-0.1973684210526315,0.0276315789473684,-0.3539473684210525,0.0,1,1,2024-12,Medium,2025-01,High,0.3853056318681318,0.1824062049062048,0.3434497354497354,High,Medium,False,0.1476812854037351,0.2278925852326443,0.6244261293636205,Logistic Regression,High,Medium,0.5,0.45989435008554536,0.034376699189656246,1.5809649731913253,Monitor,0,0,0,0
SUP027,2025-01,32,23,2.3125,74,5,32,836055.33,0,0.71875,0.15625,0.0,3.0,4.0,0.09375,836055.33,1.0,0.0,0.0509377459215269,0.0,0.0,0.1661184210526315,0.0411184210526315,0.3914473684210526,0.0,1,1,2025-01,High,2025-02,Low,0.0854285714285714,0.1824062049062048,0.3434497354497354,Low,Medium,False,0.1627469969828699,0.1802238264721096,0.6570291765450206,Logistic Regression,Low,Medium,0.5,0.4912615852553802,0.03565642214506883,1.751663046752156,Monitor,0,0,0,0
SUP028,2024-07,16,6,1.25,20,2,7,330273.32,0,0.375,0.125,0.0,0.0,0.0,0.0,330273.32,1.0,0.0,0.0208187800742368,0.0,0.0,0.0220588235294117,0.0,0.0735294117647058,0.0,1,1,2024-07,Low,2024-08,Low,0.0813142857142857,0.1824062049062048,0.3434497354497354,Low,Low,True,0.0617461266235882,0.6251888655391472,0.3130650078372645,Logistic Regression,Low,Low,0.0,0.21827863054222044,0.014573146051965758,0.3181006362914852,Monitor,0,0,0,0
SUP028,2024-08,25,5,0.44,11,2,8,515689.86,0,0.2,0.08,0.0,0.0,0.0,0.0,515689.86,1.0,0.0,0.0336343989953352,0.0,0.0,-0.175,0.0,-0.81,0.0,1,0,2024-08,Low,2024-09,Low,0.1347402597402597,0.1824062049062048,0.3434497354497354,Low,Low,True,0.0189318804391318,0.7774508293204153,0.2036172902404528,Logistic Regression,Low,Low,0.0,0.1207405255593582,0.02354407929673464,0.2842724508098945,Monitor,0,0,0,0
SUP028,2024-09,22,7,0.9090909090909092,20,1,5,454662.2,0,0.3181818181818182,0.0454545454545454,0.0,0.0,0.0,0.0,454662.2,1.0,0.0,0.0295605670673939,0.0,0.0,0.1181818181818181,0.0,0.469090909090909,0.0,1,1,2024-09,Low,2024-10,Medium,0.1955555555555555,0.1824062049062048,0.3434497354497354,Medium,Low,False,0.0088227044361881,0.87365065605378,0.1175266395100318,Logistic Regression,Medium,Low,0.0,0.06758602419120399,0.02069239694717573,0.13985168406458146,Monitor,0,0,0,0
SUP028,2024-10,18,8,1.5555555555555556,28,1,1,517401.85,0,0.4444444444444444,0.0555555555555555,0.0,0.0,0.0,0.0,517401.85,1.0,0.0,0.0341586083910338,0.0,0.0,0.1262626262626262,0.0,0.6464646464646465,0.0,1,1,2024-10,Medium,2024-11,Medium,0.2259113300492611,0.1824062049062048,0.3434497354497354,Medium,Low,False,0.044978750161973,0.6752555167563056,0.2797657330817213,Logistic Regression,Medium,Low,0.0,0.18486161670283366,0.023911025873723662,0.4420230900039842,Monitor,0,0,0,0
SUP028,2024-11,29,16,1.2758620689655171,37,5,32,516339.03,0,0.5517241379310345,0.1724137931034483,0.0,0.0,0.0,0.0,516339.03,1.0,0.0,0.0338705334623568,0.0,0.0,0.10727969348659,0.0,-0.2796934865900382,0.0,1,1,2024-11,Medium,2024-12,Medium,0.2212987012987013,0.1824062049062048,0.3434497354497354,Medium,Low,False,0.0941885628045716,0.5009702556385849,0.4048411815568434,Logistic Regression,Medium,Low,0.0,0.2966091535829933,0.02370937342364976,0.7032417183171871,Monitor,0,0,0,0
SUP028,2024-12,22,12,1.181818181818182,26,0,0,485308.25,0,0.5454545454545454,0.0,0.0,0.0,0.0,0.0,485308.25,1.0,0.0,0.029327145504693,0.0,0.0,-0.006269592476489,0.0,-0.0940438871473354,0.0,1,0,2024-12,Medium,2025-01,Low,0.1720408163265305,0.1824062049062048,0.3434497354497354,Low,Low,True,0.106173959962713,0.5110160254963114,0.3828100145409755,Logistic Regression,Low,Low,0.0,0.29757896723320076,0.0205290018532851,0.6108999169829045,Monitor,0,0,0,0
SUP029,2024-07,17,5,0.7058823529411765,12,3,9,442651.41,0,0.2941176470588235,0.1764705882352941,0.0,1.0,1.0,0.0588235294117647,442651.41,1.0,0.0,0.0279025334360669,0.0,0.0,-0.3212669683257919,0.0588235294117647,-1.678733031674208,0.0,1,1,2024-07,Low,2024-08,Low,0.1541496598639455,0.1824062049062048,0.3434497354497354,Low,Low,True,0.1269278350886388,0.4472636221338447,0.4258085427775165,Logistic Regression,Low,Low,0.0,0.33983210647739703,0.01953177340524683,0.6637523699544232,Monitor,0,0,0,0
SUP029,2024-08,21,8,0.8095238095238095,17,1,6,413080.07,0,0.3809523809523809,0.0476190476190476,0.0,0.0,0.0,0.0,413080.07,1.0,0.0,0.0269419683594341,0.0,0.0,0.0868347338935573,-0.0588235294117647,0.103641456582633,0.0,1,1,2024-08,Low,2024-09,Low,0.0738655462184873,0.1824062049062048,0.3434497354497354,Low,Low,True,0.0195953301543683,0.7933671205047047,0.1870375493409269,Logistic Regression,Low,Low,0.0,0.11311410482483175,0.01885937785160387,0.21332616432374304,Monitor,0,0,0,0
SUP029,2024-09,17,3,0.4705882352941176,8,1,4,974940.45,0,0.1764705882352941,0.0588235294117647,0.0,0.0,0.0,0.0,974940.45,1.0,0.0,0.0633872632449767,0.0,0.0,-0.2044817927170868,0.0,-0.3389355742296919,0.0,1,0,2024-09,Low,2024-10,Medium,0.2486466165413534,0.1824062049062048,0.3434497354497354,Medium,Low,False,0.0048791696553925,0.898844293499691,0.0962765368449165,Logistic Regression,Medium,Low,0.0,0.05301743807785075,0.04437108427148369,0.23524412128104835,Monitor,0,0,0,0
SUP029,2024-10,19,11,1.7894736842105263,34,1,2,461091.03,0,0.5789473684210527,0.0526315789473684,0.0,0.0,0.0,0.0,461091.03,1.0,0.0,0.0304409965414473,0.0,0.0,0.4024767801857585,0.0,1.3188854489164088,0.0,1,1,2024-10,Medium,2024-11,Low,0.1423809523809523,0.1824062049062048,0.3434497354497354,Low,Low,True,0.0378597574190544,0.6883692197459685,0.2737710228349769,Logistic Regression,Low,Low,0.0,0.17474526883654284,0.02130869757901311,0.3723594087001235,Monitor,0,0,0,0
SUP029,2024-11,12,4,1.0,12,1,4,279463.02,0,0.3333333333333333,0.0833333333333333,0.0,0.0,0.0,0.0,279463.02,1.0,0.0,0.018332066763191,0.0,0.0,-0.2456140350877193,0.0,-0.7894736842105263,0.0,1,0,2024-11,Low,2024-12,Medium,0.2129556650246305,0.1824062049062048,0.3434497354497354,Medium,Medium,True,0.1506225046892792,0.4099266840765134,0.4394508112342075,Logistic Regression,Medium,Medium,0.5,0.3703479103063829,0.0128324467342337,0.4752469832141419,Monitor,0,0,0,0
SUP029,2024-12,29,15,1.2413793103448276,36,3,11,460465.96,0,0.5172413793103449,0.1034482758620689,0.0,0.0,0.0,0.0,460465.96,1.0,0.0,0.0278259275602221,0.0,0.0,0.1839080459770115,0.0,0.2413793103448276,0.0,1,1,2024-12,Medium,2025-01,Low,0.1468681318681318,0.1824062049062048,0.3434497354497354,Low,Low,True,0.0478182996148189,0.6637075214667477,0.2884741789184334,Logistic Regression,Low,Low,0.0,0.1920553890740356,0.01947814929215547,0.374088354074707,Monitor,0,0,0,0
SUP029,2025-01,26,9,1.0,26,2,5,331297.66000000003,0,0.3461538461538461,0.0769230769230769,0.0,0.0,0.0,0.0,331297.66000000003,1.0,0.0,0.0201847358947839,0.0,0.0,-0.1710875331564987,0.0,-0.2413793103448276,0.0,1,0,2025-01,Low,2025-02,Low,0.0939285714285714,0.1824062049062048,0.3434497354497354,Low,Low,True,0.0898163046063855,0.5679785134677576,0.3422051819258569,Logistic Regression,Low,Low,0.0,0.26091889556931397,0.014129315126348728,0.3686605297917712,Monitor,0,0,0,0
SUP030,2024-07,27,8,0.7777777777777778,21,1,1,256062.27,0,0.2962962962962963,0.037037037037037,0.0,0.0,0.0,0.0,256062.27,1.0,0.0,0.0161408862345885,0.0,0.0,-0.1894179894179894,-0.0285714285714285,-1.1365079365079365,0.0,1,0,2024-07,Low,2024-08,Low,0.1698299319727891,0.1824062049062048,0.3434497354497354,Low,Medium,False,0.1104652739587431,0.4286932594122278,0.460841466629029,Logistic Regression,Low,Medium,0.5,0.3408860072732576,0.011298620364211951,0.38515415836525313,Monitor,0,0,0,0
SUP030,2024-08,42,17,1.0952380952380951,46,2,7,372903.69,0,0.4047619047619047,0.0476190476190476,0.0,0.0,0.0,0.0,372903.69,1.0,0.0,0.0243215786641467,0.0,0.0,0.1084656084656084,0.0,0.3174603174603175,0.0,1,1,2024-08,Low,2024-09,Medium,0.1830612244897959,0.1824062049062048,0.3434497354497354,Medium,Low,False,0.0265870179138827,0.7686883135558896,0.2047246685302277,Logistic Regression,Medium,Low,0.0,0.12894935217899656,0.01702510506490269,0.2195376268898555,Monitor,0,0,0,0
SUP030,2024-09,35,15,1.2857142857142858,45,3,11,346201.25,0,0.4285714285714285,0.0857142857142857,0.0,0.0,0.0,0.0,346201.25,1.0,0.0,0.0225088104298985,0.0,0.0,0.0238095238095237,0.0,0.1904761904761904,0.0,1,1,2024-09,Medium,2024-10,Medium,0.1946428571428571,0.1824062049062048,0.3434497354497354,Medium,Low,False,0.0658126426679752,0.6330851395537197,0.3011022177783051,Logistic Regression,Medium,Low,0.0,0.21636375155712773,0.01575616730092895,0.3409063467390731,Monitor,0,0,0,0
SUP030,2024-10,28,13,1.25,35,3,24,250105.96,0,0.4642857142857143,0.1071428571428571,0.0,0.0,0.0,0.0,250105.96,1.0,0.0,0.0165118689542829,0.0,0.0,0.0357142857142857,0.0,-0.0357142857142858,0.0,1,1,2024-10,Medium,2024-11,Medium,0.2356650246305418,0.1824062049062048,0.3434497354497354,Medium,Low,False,0.0957466376293256,0.5480152014295201,0.3562381609411543,Logistic Regression,Medium,Low,0.0,0.27386571809990273,0.01155830826799803,0.3165424393835323,Monitor,0,0,0,0
SUP030,2024-11,29,16,1.6551724137931034,48,1,1,265793.18,0,0.5517241379310345,0.0344827586206896,0.0,0.0,0.0,0.0,265793.18,1.0,0.0,0.017435359858921,0.0,0.0,0.0874384236453201,0.0,0.4051724137931034,0.0,1,1,2024-11,Medium,2024-12,Low,0.1336679536679536,0.1824062049062048,0.3434497354497354,Low,Low,True,0.1480422386049723,0.447958521340201,0.4039992400548267,Logistic Regression,Low,Low,0.0,0.3500418586323856,0.0122047519012447,0.4272174039658837,Monitor,0,0,0,0
SUP030,2024-12,37,12,0.7837837837837838,29,4,18,311229.09,0,0.3243243243243243,0.1081081081081081,0.0,0.0,0.0,0.0,311229.09,1.0,0.0,0.0188075533595878,0.0,0.0,-0.2273998136067101,0.0,-0.8713886300093197,0.0,1,0,2024-12,Low,2025-01,Low,0.1730563186813186,0.1824062049062048,0.3434497354497354,Low,Low,True,0.1075706288097008,0.5005752673203548,0.3918541038699444,Logistic Regression,Low,Low,0.0,0.303497680744673,0.01316528735171146,0.3995634177581606,Monitor,0,0,0,0
SUP030,2025-01,32,12,0.8125,26,2,6,446507.41,0,0.375,0.0625,0.0,1.0,1.0,0.03125,446507.41,1.0,0.0,0.0272040380421461,0.0,0.0,0.0506756756756756,0.03125,0.0287162162162162,0.0,1,1,2025-01,Low,2025-02,Low,0.0,0.1824062049062048,0.3434497354497354,Low,Low,True,0.01600489067058,0.8187233930899099,0.1652717162395099,Logistic Regression,Low,Low,0.0,0.09864074879033495,0.01904282662950227,0.1878398677818634,Monitor,0,0,0,0
SUP031,2024-07,25,13,1.32,33,3,8,335313.3,0,0.52,0.12,0.0,0.0,0.0,0.0,335313.3,1.0,0.0,0.0211364752341079,0.0,0.0,0.0654545454545454,0.0,0.1836363636363636,0.0,1,1,2024-07,Medium,2024-08,Low,0.1784962406015037,0.1824062049062048,0.3434497354497354,Low,Low,True,0.0948445680993845,0.5654755324232695,0.3396798994773458,Logistic Regression,Low,Low,0.0,0.2646845178380574,0.01479553266387553,0.3916148429295123,Monitor,0,0,0,0
SUP031,2024-08,19,8,1.2105263157894737,23,1,2,256318.9,0,0.4210526315789473,0.0526315789473684,0.0,0.0,0.0,0.0,256318.9,1.0,0.0,0.0167176685472261,0.0,0.0,-0.0989473684210526,0.0,-0.1094736842105263,0.0,1,0,2024-08,Low,2024-09,Low,0.1730827067669172,0.1824062049062048,0.3434497354497354,Low,Low,True,0.1335064712118149,0.4621857888170882,0.4043077399710968,Logistic Regression,Low,Low,0.0,0.3356603411973633,0.011702367983058268,0.39280208300104386,Monitor,0,0,0,0
SUP031,2024-09,19,8,1.0,19,0,0,240960.39,0,0.4210526315789473,0.0,0.0,0.0,0.0,0.0,240960.39,1.0,0.0,0.0156664129306997,0.0,0.0,0.0,0.0,-0.2105263157894736,0.0,1,0,2024-09,Low,2024-10,Medium,0.201098901098901,0.1824062049062048,0.3434497354497354,Medium,Low,False,0.0764853833973729,0.5672261474430523,0.3562884691595747,Logistic Regression,Medium,Low,0.0,0.2546296179771602,0.01096648905148979,0.27923929177315554,Monitor,0,0,0,0
SUP031,2024-10,26,12,1.5384615384615383,40,1,3,624283.74,0,0.4615384615384615,0.0384615384615384,0.0,0.0,0.0,0.0,624283.74,1.0,0.0,0.0412148966988618,0.0,0.0,0.0404858299595142,0.0,0.5384615384615385,0.0,1,1,2024-10,Medium,2024-11,Medium,0.2361142857142857,0.1824062049062048,0.3434497354497354,Medium,Low,False,0.0501167273949069,0.6750658876122754,0.2748173849928176,Logistic Regression,Medium,Low,0.0,0.18752541989131571,0.02885042768920326,0.5410188566461882,Monitor,0,0,0,0
SUP031,2024-11,25,14,1.56,39,3,12,548101.92,0,0.56,0.12,0.0,0.0,0.0,0.0,548101.92,1.0,0.0,0.0359540986513105,0.0,0.0,0.0984615384615384,0.0,0.0215384615384615,0.0,1,1,2024-11,Medium,2024-12,Medium,0.2058503401360543,0.1824062049062048,0.3434497354497354,Medium,Low,False,0.115871520835075,0.455262182865471,0.4288662962994539,Logistic Regression,Medium,Low,0.0,0.33030466898480193,0.02516786905591735,0.831306465756762,Monitor,0,0,0,0
SUP031,2024-12,21,10,1.5238095238095235,32,1,1,292833.14,0,0.4761904761904761,0.0476190476190476,0.0,0.0,0.0,0.0,292833.14,1.0,0.0,0.0176958873156929,0.0,0.0,-0.0838095238095238,0.0,-0.0361904761904763,0.0,1,0,2024-12,Medium,2025-01,Medium,0.2277142857142857,0.1824062049062048,0.3434497354497354,Medium,Medium,True,0.2189284448442319,0.3088481824270014,0.4722233727287667,Logistic Regression,Medium,Medium,0.5,0.45504013120861525,0.012387121120985028,0.5636637220190036,Monitor,0,0,0,0
SUP031,2025-01,20,10,2.05,41,2,2,493692.48,0,0.5,0.1,0.0,0.0,0.0,0.0,493692.48,1.0,0.0,0.0300788490991481,0.0,0.0,0.0238095238095238,0.0,0.5261904761904761,0.0,1,1,2025-01,Medium,2025-02,Medium,0.2007142857142857,0.1824062049062048,0.3434497354497354,Medium,Medium,True,0.1947905529637269,0.3352591089329664,0.4699503381033066,Logistic Regression,Medium,Medium,0.5,0.4297657220153802,0.02105519436940367,0.9048800810340936,Monitor,0,0,0,0
SUP032,2024-07,12,2,0.1666666666666666,2,0,0,158290.32,0,0.1666666666666666,0.0,0.0,0.0,0.0,0.0,158290.32,1.0,0.0,0.0099778309672745,0.0,0.0,-0.4583333333333333,0.0,-1.2708333333333333,0.0,1,0,2024-07,Low,2024-08,Medium,0.2901098901098901,0.1824062049062048,0.3434497354497354,Medium,Low,False,0.0495251205225688,0.723608623719433,0.2268662557579981,Logistic Regression,Medium,Low,0.0,0.16295824840156786,0.0069844816770921496,0.11381789000917818,Monitor,0,0,0,0
SUP032,2024-08,10,6,1.5,15,1,3,125151.3,0,0.6,0.1,0.0,1.0,1.0,0.1,125151.3,1.0,0.0,0.0081626362771315,0.0,0.0,0.4333333333333333,0.1,1.3333333333333333,0.0,1,1,2024-08,Medium,2024-09,Medium,0.2232142857142857,0.1824062049062048,0.3434497354497354,Medium,Low,False,0.0568877024167051,0.7026246197431542,0.2404876778401407,Logistic Regression,Medium,Low,0.0,0.17713154133677544,0.0057138453939920494,0.10121022415978467,Monitor,0,0,0,0
SUP032,2024-09,8,4,1.875,15,0,0,65452.3,0,0.5,0.0,0.0,0.0,0.0,0.0,65452.3,1.0,0.0,0.0042554826503395,0.0,0.0,-0.0999999999999999,-0.1,0.375,0.0,1,1,2024-09,Medium,2024-10,Low,0.0892063492063491,0.1824062049062048,0.3434497354497354,Low,Medium,False,0.3663917362097194,0.186123450184739,0.4474848136055415,Logistic Regression,Low,Medium,0.5,0.5901341430124901,0.0029788378552376496,0.17579139248738346,Monitor,0,0,0,0
SUP032,2024-10,9,2,0.4444444444444444,4,0,0,163357.49,0,0.2222222222222222,0.0,0.0,0.0,0.0,0.0,163357.49,1.0,0.0,0.0107847788496547,0.0,0.0,-0.2777777777777778,0.0,-1.4305555555555556,0.0,1,0,2024-10,Low,2024-11,Medium,0.1841269841269841,0.1824062049062048,0.3434497354497354,Medium,Low,False,0.074085526869221,0.5602609974431291,0.3656534756876499,Logistic Regression,Medium,Low,0.0,0.25691226471304596,0.00754934519475829,0.19395193710859032,Monitor,0,0,0,0
SUP032,2024-11,9,4,1.1111111111111112,10,1,4,118396.36,0,0.4444444444444444,0.1111111111111111,0.0,0.0,0.0,0.0,118396.36,1.0,0.0,0.0077665015429905,0.0,0.0,0.2222222222222222,0.0,0.6666666666666667,0.0,1,1,2024-11,Medium,2024-12,Medium,0.2840178571428571,0.1824062049062048,0.3434497354497354,Medium,Low,False,0.0312875436400492,0.7618618609027651,0.2068505954571857,Logistic Regression,Medium,Low,0.0,0.13471284136864206,0.00543655108009335,0.0732373243245135,Monitor,0,0,0,0
SUP032,2024-12,16,11,1.6875,27,2,4,187303.82,0,0.6875,0.125,0.0,0.0,0.0,0.0,187303.82,1.0,0.0,0.011318757475738,0.0,0.0,0.2430555555555555,0.0,0.5763888888888888,0.0,1,1,2024-12,Medium,2025-01,Low,0.1483116883116883,0.1824062049062048,0.3434497354497354,Low,Medium,False,0.1905336284577275,0.3804548348167172,0.4290115367255552,Logistic Regression,Low,Medium,0.5,0.4050393968205051,0.0079231302330166,0.32091798905113517,Monitor,0,0,0,0
SUP033,2024-07,16,16,5.4375,87,3,11,348123.6,0,1.0,0.1875,0.0,0.0,0.0,0.0,348123.6,1.0,0.0,0.0219439725468941,0.0,0.0,0.0,0.0,-0.7767857142857144,0.0,1,0,2024-07,High,2024-08,High,0.5107142857142857,0.1824062049062048,0.3434497354497354,High,High,True,0.9778807529329288,2.222646941251497e-06,0.0221170244201297,Logistic Regression,High,High,1.0,0.9889392651429936,0.015360780782825868,1.5190879259390433,Monitor,1,1,0,1
SUP033,2024-08,16,16,6.25,100,3,3,914699.4,0,1.0,0.1875,0.0,0.0,0.0,0.0,914699.4,1.0,0.0,0.0596586572022063,0.0,0.0,0.0,0.0,0.8125,0.0,1,1,2024-08,High,2024-09,High,0.529059065934066,0.1824062049062048,0.3434497354497354,High,High,True,0.9693840814522142,8.653979530757306e-06,0.0306072645682548,Logistic Regression,High,High,1.0,0.9846877137363417,0.0417610600415444,4.112160273551445,Monitor,1,1,0,1
SUP033,2024-09,16,15,6.1875,99,0,0,258530.7,0,0.9375,0.0,0.0,1.0,2.0,0.0625,258530.7,1.0,0.0,0.0168087738464519,0.0,0.0,-0.0625,0.0625,-0.0625,0.0,1,1,2024-09,High,2024-10,High,0.4476984126984127,0.1824062049062048,0.3434497354497354,High,High,True,0.9800211930221008,1.7723743774118849e-06,0.0199770346035217,Logistic Regression,High,High,1.0,0.9900097103238616,0.01176614169251633,1.1648594528637601,Monitor,1,1,0,1
SUP033,2024-10,18,17,4.555555555555555,82,1,2,428941.06,0,0.9444444444444444,0.0555555555555555,0.0,0.0,0.0,0.0,428941.06,1.0,0.0,0.028318471786243,0.0,0.0,0.0069444444444444,-0.0625,-1.6319444444444446,0.0,1,1,2024-10,High,2024-11,High,0.4000892857142857,0.1824062049062048,0.3434497354497354,High,High,True,0.9420834557582772,1.9243696464416912e-05,0.0578973005452582,Logistic Regression,High,High,1.0,0.9710321060309063,0.0198229302503701,1.9248701708720637,Monitor,1,1,0,1
SUP033,2024-11,16,13,4.5,72,5,18,353796.2,0,0.8125,0.3125,0.0,0.0,0.0,0.0,353796.2,1.0,0.0,0.02320813522649,0.0,0.0,-0.1319444444444444,0.0,-0.0555555555555553,0.0,1,0,2024-11,High,2024-12,High,0.5235314685314686,0.1824062049062048,0.3434497354497354,High,High,True,0.9434508039647604,7.651194119078252e-05,0.0564726840940488,Logistic Regression,High,High,1.0,0.9716871460117849,0.016245694658543,1.5785732677738546,Monitor,1,1,0,1
SUP033,2024-12,22,21,5.409090909090909,119,6,20,491246.36,0,0.9545454545454546,0.2727272727272727,0.0,2.0,2.0,0.0909090909090909,491246.36,1.0,0.0,0.0296859850999253,0.0,0.0,0.1420454545454545,0.0909090909090909,0.9090909090909092,0.0,1,1,2024-12,High,2025-01,High,0.5214285714285715,0.1824062049062048,0.3434497354497354,High,High,True,0.9449012521994172,5.064076231846078e-05,0.0550481070382642,Logistic Regression,High,High,1.0,0.9724253057185493,0.020780189569947708,2.0207182195445808,Monitor,1,1,0,1
SUP033,2025-01,18,18,6.666666666666667,120,5,15,405053.47,0,1.0,0.2777777777777778,0.0,0.0,0.0,0.0,405053.47,1.0,0.0,0.0246784034490789,0.0,0.0,0.0454545454545454,-0.0909090909090909,1.2575757575757578,0.0,1,1,2025-01,High,2025-02,High,0.485,0.1824062049062048,0.3434497354497354,High,High,True,0.9879690179722554,9.104427595145589e-07,0.012030071584985,Logistic Regression,High,High,1.0,0.993984053764748,0.01727488241435523,1.7170957650530168,Monitor,1,1,0,1
SUP033,2025-02,12,12,5.25,63,3,3,308953.94,0,1.0,0.25,0.0,0.0,0.0,0.0,308953.94,1.0,0.0,0.0657822975709269,0.0,0.0,0.0,0.0,-1.416666666666667,0.0,1,0,2025-02,High,2025-03,High,0.5284873949579832,0.1824062049062048,0.3434497354497354,High,High,True,0.9505669852724612,6.455795158972075e-06,0.0494265589323797,Logistic Regression,High,High,1.0,0.975280264738651,0.04604760829964883,4.490932361306322,Monitor,1,1,0,1
SUP033,2025-03,17,17,6.941176470588236,118,5,11,364607.83,0,1.0,0.2941176470588235,0.0,0.0,0.0,0.0,364607.83,1.0,0.0,0.5916582617622332,0.0,0.0,0.0,0.0,1.6911764705882355,0.0,1,1,2025-03,High,2025-04,High,0.4651428571428571,0.1824062049062048,0.3434497354497354,High,Medium,False,0.0018747338091178,0.249133475000104,0.7489917911907783,Logistic Regression,High,Medium,0.5,0.37637062940450694,0.41416078323356326,15.587795466027977,Medium Priority,0,0,0,0
SUP034,2024-07,18,8,1.1111111111111112,20,0,0,283523.51,0,0.4444444444444444,0.0,0.0,1.0,1.0,0.0555555555555555,283523.51,1.0,0.0,0.0178719056100737,0.0,0.0,-0.0793650793650794,-0.0396825396825396,-0.4126984126984125,0.0,1,0,2024-07,Medium,2024-08,Medium,0.1918181818181817,0.1824062049062048,0.3434497354497354,Medium,Medium,True,0.1677478830575873,0.3366095782311307,0.4956425387112818,Logistic Regression,Medium,Medium,0.5,0.4155691524132282,0.01251033392705159,0.5198908866471282,Monitor,0,0,0,0
SUP034,2024-08,11,5,1.2727272727272727,14,1,14,273923.7,0,0.4545454545454545,0.0909090909090909,0.0,0.0,0.0,0.0,273923.7,1.0,0.0,0.0178658913713729,0.0,0.0,0.0101010101010101,-0.0555555555555555,0.1616161616161615,0.0,1,1,2024-08,Medium,2024-09,Low,0.1524175824175823,0.1824062049062048,0.3434497354497354,Low,Low,True,0.1009430451338405,0.5359237220897483,0.3631332327764111,Logistic Regression,Low,Low,0.0,0.28250966152204604,0.012506123959961028,0.353310084688134,Monitor,0,0,0,0
SUP034,2024-09,13,5,0.6923076923076923,9,2,10,174561.48,0,0.3846153846153846,0.1538461538461538,0.0,0.0,0.0,0.0,174561.48,1.0,0.0,0.0113493849651973,0.0,0.0,-0.0699300699300699,0.0,-0.5804195804195804,0.0,1,0,2024-09,Low,2024-10,Low,0.138095238095238,0.1824062049062048,0.3434497354497354,Low,Low,True,0.0815015271464616,0.5697815969899431,0.3487168758635953,Logistic Regression,Low,Low,0.0,0.25585996507825925,0.007944569475638109,0.20326972685985709,Monitor,0,0,0,0
SUP034,2024-10,18,6,0.8333333333333334,15,3,8,396081.22,0,0.3333333333333333,0.1666666666666666,0.0,0.0,0.0,0.0,396081.22,1.0,0.0,0.0261490817727515,0.0,0.0,-0.0512820512820513,0.0,0.141025641025641,0.0,1,1,2024-10,Low,2024-11,Medium,0.2839495798319328,0.1824062049062048,0.3434497354497354,Medium,Low,False,0.0226591396277305,0.8161879330312534,0.161152927341016,Logistic Regression,Medium,Low,0.0,0.1032356032982385,0.018304357240926047,0.18896613627534806,Monitor,0,0,0,0
SUP034,2024-11,17,11,2.235294117647059,38,2,13,215186.5,0,0.6470588235294118,0.1176470588235294,0.0,0.0,0.0,0.0,215186.5,1.0,0.0,0.0141156897414813,0.0,0.0,0.3137254901960785,0.0,1.4019607843137254,0.0,1,1,2024-11,Medium,2024-12,Low,0.1530199430199429,0.1824062049062048,0.3434497354497354,Low,Medium,False,0.1910722993142256,0.3623660413959785,0.4465616592897958,Logistic Regression,Low,Medium,0.5,0.41435312895912346,0.00988098281903691,0.40942161482592837,Monitor,0,0,0,0
SUP034,2024-12,27,8,1.037037037037037,28,1,6,513695.51,0,0.2962962962962963,0.037037037037037,0.0,1.0,1.0,0.037037037037037,513695.51,1.0,0.0,0.0310425857522049,0.0,0.0,-0.3507625272331155,0.037037037037037,-1.198257080610022,0.0,1,1,2024-12,Low,2025-01,Low,0.1568445839874411,0.1824062049062048,0.3434497354497354,Low,Low,True,0.1200910123501026,0.4616319957908223,0.4182769918590748,Logistic Regression,Low,Low,0.0,0.32922950827964,0.02172981002654343,0.7154094670048884,Monitor,0,0,0,0
SUP034,2025-01,14,4,0.9285714285714286,13,0,0,205056.17,0,0.2857142857142857,0.0,0.0,1.0,1.0,0.0714285714285714,205056.17,1.0,0.0,0.0124933108040845,0.0,0.0,-0.0105820105820105,0.0343915343915343,-0.1084656084656083,0.0,1,1,2025-01,Low,2025-02,High,0.3885714285714285,0.1824062049062048,0.3434497354497354,High,Low,False,0.0409697100185888,0.7084298559413662,0.250600434040045,Logistic Regression,High,Low,0.0,0.1662699270386113,0.008745317562859149,0.14540833131060765,Monitor,0,0,0,0
SUP035,2024-07,14,8,1.1428571428571428,16,0,0,311869.2,0,0.5714285714285714,0.0,0.0,0.0,0.0,0.0,311869.2,1.0,0.0,0.0196586762949189,0.0,0.0,0.2556390977443609,-0.0526315789473684,0.3533834586466164,0.0,1,1,2024-07,Medium,2024-08,Low,0.1593167701863354,0.1824062049062048,0.3434497354497354,Low,Low,True,0.0478258518860658,0.6615279229892291,0.290646225124705,Logistic Regression,Low,Low,0.0,0.1931489644484183,0.01376107340644323,0.2657937078153178,Monitor,0,0,0,0
SUP035,2024-08,23,9,0.8695652173913043,20,3,12,596164.48,0,0.391304347826087,0.1304347826086956,0.0,0.0,0.0,0.0,596164.48,1.0,0.0,0.0388831263565403,0.0,0.0,-0.1801242236024844,0.0,-0.2732919254658384,0.0,1,0,2024-08,Low,2024-09,Medium,0.1921978021978022,0.1824062049062048,0.3434497354497354,Medium,Low,False,0.0567450830191125,0.6660788767000544,0.277176040280833,Logistic Regression,Medium,Low,0.0,0.19533310315952898,0.02721818844957821,0.531661321223696,Monitor,0,0,0,0
SUP035,2024-09,26,12,1.1923076923076923,31,3,16,586784.43,0,0.4615384615384615,0.1153846153846153,0.0,0.0,0.0,0.0,586784.43,1.0,0.0,0.038150698468264,0.0,0.0,0.0702341137123745,0.0,0.3227424749163879,0.0,1,1,2024-09,Medium,2024-10,Medium,0.2376623376623376,0.1824062049062048,0.3434497354497354,Medium,Low,False,0.0332035086872502,0.7442070953458826,0.2225893959668673,Logistic Regression,Medium,Low,0.0,0.14449820667068386,0.0267054889277848,0.3858895258328708,Monitor,0,0,0,0
SUP035,2024-10,22,12,1.818181818181818,40,3,15,390965.3,0,0.5454545454545454,0.1363636363636363,0.0,0.0,0.0,0.0,390965.3,1.0,0.0,0.02581133132242,0.0,0.0,0.0839160839160838,0.0,0.6258741258741258,0.0,1,1,2024-10,Medium,2024-11,Low,0.130064935064935,0.1824062049062048,0.3434497354497354,Low,Low,True,0.1538544388920193,0.4330278306692148,0.4131177304387659,Logistic Regression,Low,Low,0.0,0.36041330411140227,0.018067931925694,0.6511923043799266,Monitor,0,0,0,0
SUP035,2024-11,22,7,0.7272727272727273,16,1,1,475302.26,0,0.3181818181818182,0.0454545454545454,0.0,0.0,0.0,0.0,475302.26,1.0,0.0,0.0311786252185193,0.0,0.0,-0.2272727272727272,0.0,-1.0909090909090908,0.0,1,0,2024-11,Low,2024-12,Low,0.1519548872180451,0.1824062049062048,0.3434497354497354,Low,Low,True,0.0753793204502112,0.5477487318049595,0.3768719477448292,Logistic Regression,Low,Low,0.0,0.2638152943226258,0.021825037652963508,0.5757778732018959,Monitor,0,0,0,0
SUP035,2024-12,19,7,0.8947368421052632,17,0,0,440841.99,0,0.3684210526315789,0.0,0.0,0.0,0.0,0.0,440841.99,1.0,0.0,0.0266400523488081,0.0,0.0,0.0502392344497607,0.0,0.1674641148325358,0.0,1,1,2024-12,Low,2025-01,Medium,0.1892307692307692,0.1824062049062048,0.3434497354497354,Medium,Low,False,0.0169402129606767,0.8271556423921821,0.1559041446471412,Logistic Regression,Medium,Low,0.0,0.0948922852842473,0.01864803664416567,0.17695548132292663,Monitor,0,0,0,0
SUP035,2025-01,13,6,1.0769230769230769,14,0,0,236075.28,0,0.4615384615384615,0.0,0.0,0.0,0.0,0.0,236075.28,1.0,0.0,0.0143831899630295,0.0,0.0,0.0931174089068826,0.0,0.1821862348178137,0.0,1,1,2025-01,Medium,2025-02,High,0.4271428571428571,0.1824062049062048,0.3434497354497354,High,Low,False,0.0456967094858219,0.7083497050736174,0.2459535854405607,Logistic Regression,High,Low,0.0,0.16867350220610225,0.010068232974120649,0.16982441167718906,Monitor,0,0,0,0
SUP036,2024-07,25,11,1.36,34,1,2,584549.24,0,0.44,0.04,0.0,0.0,0.0,0.0,584549.24,1.0,0.0,0.0368470637292842,0.0,0.0,-0.0984615384615384,0.0,0.2061538461538463,0.0,1,1,2024-07,Medium,2024-08,Low,0.179047619047619,0.1824062049062048,0.3434497354497354,Low,Low,True,0.0672236815339466,0.6542278232179555,0.2785484952480979,Logistic Regression,Low,Low,0.0,0.20649792915799553,0.02579294461049894,0.5326189648954913,Monitor,0,0,0,0
SUP036,2024-08,24,10,1.2916666666666667,31,3,16,355919.26,0,0.4166666666666667,0.125,0.0,0.0,0.0,0.0,355919.26,1.0,0.0,0.0232138177022997,0.0,0.0,-0.0233333333333333,0.0,-0.0683333333333333,0.0,1,0,2024-08,Low,2024-09,Medium,0.222517006802721,0.1824062049062048,0.3434497354497354,Medium,Low,False,0.1152526993472059,0.4535547007312598,0.4311925999215342,Logistic Regression,Medium,Low,0.0,0.330848999307973,0.01624967239160979,0.5376187849846495,Monitor,0,0,0,0
SUP036,2024-09,21,11,1.5238095238095235,32,1,9,259029.69,0,0.5238095238095238,0.0476190476190476,0.0,0.0,0.0,0.0,259029.69,1.0,0.0,0.0168412164540867,0.0,0.0,0.1071428571428571,0.0,0.2321428571428569,0.0,1,1,2024-09,Medium,2024-10,Low,0.177077922077922,0.1824062049062048,0.3434497354497354,Low,Low,True,0.1206741021855765,0.4803011360576534,0.3990247617567699,Logistic Regression,Low,Low,0.0,0.32018648306396147,0.01178885151786069,0.3774630906867058,Monitor,0,0,0,0
SUP036,2024-10,22,9,1.318181818181818,29,3,34,305271.6,0,0.4090909090909091,0.1363636363636363,0.0,0.0,0.0,0.0,305271.6,1.0,0.0,0.0201538765995991,0.0,0.0,-0.1147186147186147,0.0,-0.2056277056277056,0.0,1,0,2024-10,Low,2024-11,Low,0.1458791208791208,0.1824062049062048,0.3434497354497354,Low,Medium,False,0.1672648420695202,0.3776492438261581,0.4550859141043217,Logistic Regression,Low,Medium,0.5,0.39480779912168107,0.014107713619719369,0.5569835364840369,Monitor,0,0,0,0
SUP036,2024-11,26,9,0.9615384615384616,25,3,7,298689.05,0,0.3461538461538461,0.1153846153846153,0.0,0.0,0.0,0.0,298689.05,1.0,0.0,0.0195932456681893,0.0,0.0,-0.0629370629370629,0.0,-0.3566433566433565,0.0,1,0,2024-11,Low,2024-12,Medium,0.1894047619047619,0.1824062049062048,0.3434497354497354,Medium,Low,False,0.0750592596560668,0.5574796433082193,0.3674610970357139,Logistic Regression,Medium,Low,0.0,0.2587898081739237,0.01371527196773251,0.35493726015826893,Monitor,0,0,0,0
SUP036,2024-12,36,15,1.6944444444444444,61,3,30,698014.03,0,0.4166666666666667,0.0833333333333333,0.0,0.0,0.0,0.0,698014.03,1.0,0.0,0.0421809417460494,0.0,0.0,0.0705128205128205,0.0,0.7329059829059829,0.0,1,1,2024-12,Medium,2025-01,Medium,0.2019999999999999,0.1824062049062048,0.3434497354497354,Medium,Low,False,0.0480621929012165,0.6623832318224044,0.289554575276379,Logistic Regression,Medium,Low,0.0,0.192839480539406,0.029526659222234578,0.5693905626479778,Monitor,0,0,0,0
SUP036,2025-01,20,10,1.05,21,1,2,794238.61,0,0.5,0.05,0.0,0.0,0.0,0.0,794238.61,1.0,0.0,0.0483900084905226,0.0,0.0,0.0833333333333333,0.0,-0.6444444444444444,0.0,1,1,2025-01,Medium,2025-02,High,0.3773809523809524,0.1824062049062048,0.3434497354497354,High,Low,False,0.0420865928844509,0.630638588289883,0.3272748188256662,Logistic Regression,High,Low,0.0,0.20572400229728402,0.03387300594336582,0.6968490352508906,Monitor,0,0,0,0
SUP037,2024-07,29,12,0.9310344827586208,27,4,15,653284.97,0,0.4137931034482758,0.1379310344827586,0.0,0.0,0.0,0.0,653284.97,1.0,0.0,0.0411798207503845,0.0,0.0,0.322884012539185,-0.0909090909090909,0.567398119122257,0.0,1,1,2024-07,Low,2024-08,Medium,0.2338392857142857,0.1824062049062048,0.3434497354497354,Medium,Low,False,0.0089750781847493,0.8279590293189627,0.163065892496288,Logistic Regression,Medium,Low,0.0,0.0905080244328933,0.02882587452526915,0.26089729558325764,Monitor,0,0,0,0
SUP037,2024-08,16,9,1.4375,23,2,3,184316.51,0,0.5625,0.125,0.0,0.0,0.0,0.0,184316.51,1.0,0.0,0.0120215182023701,0.0,0.0,0.1487068965517241,0.0,0.5064655172413793,0.0,1,1,2024-08,Medium,2024-09,Medium,0.2365120065120065,0.1824062049062048,0.3434497354497354,Medium,Low,False,0.1117140851484256,0.5390516518595992,0.349234262991975,Logistic Regression,Medium,Low,0.0,0.2863312166444131,0.00841506274165907,0.2409495152958312,Monitor,0,0,0,0
SUP037,2024-09,27,14,1.2592592592592593,34,3,14,596021.74,0,0.5185185185185185,0.1111111111111111,0.0,1.0,1.0,0.037037037037037,596021.74,1.0,0.0,0.0387512764837166,0.0,0.0,-0.0439814814814815,0.037037037037037,-0.1782407407407407,0.0,1,1,2024-09,Medium,2024-10,Medium,0.2466813186813187,0.1824062049062048,0.3434497354497354,Medium,Low,False,0.0834710129713516,0.5696331139548763,0.346895873073772,Logistic Regression,Medium,Low,0.0,0.25691894950823757,0.02712589353860162,0.6969156072409818,Monitor,0,0,0,0
SUP037,2024-10,25,13,1.6,40,2,12,354090.4,0,0.52,0.08,0.0,1.0,1.0,0.04,354090.4,1.0,0.0,0.0233768690788881,0.0,0.0,0.0014814814814815,0.0029629629629629,0.3407407407407408,0.0,1,1,2024-10,Medium,2024-11,Low,0.153781512605042,0.1824062049062048,0.3434497354497354,Low,Low,True,0.1498246872634545,0.4321596163864363,0.4180156963501091,Logistic Regression,Low,Low,0.0,0.358832535438509,0.01636380835522167,0.5871866841534049,Monitor,0,0,0,0
SUP037,2024-11,17,6,1.1764705882352942,20,1,2,388930.85,0,0.3529411764705882,0.0588235294117647,0.0,0.0,0.0,0.0,388930.85,1.0,0.0,0.0255128793371825,0.0,0.0,-0.1670588235294117,-0.04,-0.4235294117647059,0.0,1,0,2024-11,Low,2024-12,Medium,0.2336974789915966,0.1824062049062048,0.3434497354497354,Medium,Medium,True,0.1310360852506752,0.4127894287832962,0.4561744859660284,Logistic Regression,Medium,Medium,0.5,0.3591233282336894,0.01785901553602775,0.6413589098275452,Monitor,0,0,0,0
SUP037,2024-12,17,9,1.8823529411764703,32,0,0,396198.96,0,0.5294117647058824,0.0,0.0,0.0,0.0,0.0,396198.96,1.0,0.0,0.0239422769934944,0.0,0.0,0.1764705882352941,0.0,0.7058823529411764,0.0,1,1,2024-12,Medium,2025-01,Low,0.1720408163265305,0.1824062049062048,0.3434497354497354,Low,Low,True,0.1115446779129949,0.4752123633237413,0.4132429587632638,Logistic Regression,Low,Low,0.0,0.3181661572946268,0.016759593895446078,0.5332335587532564,Monitor,0,0,0,0
SUP038,2024-07,18,14,2.4444444444444446,44,4,16,508095.9,0,0.7777777777777778,0.2222222222222222,0.0,1.0,1.0,0.0555555555555555,508095.9,1.0,0.0,0.0320278271303338,0.0,0.0,0.2277777777777777,0.0555555555555555,0.2444444444444444,0.0,1,1,2024-07,High,2024-08,High,0.3683516483516483,0.1824062049062048,0.3434497354497354,High,Medium,False,0.4278972617487329,0.0809409733331368,0.4911617649181302,Logistic Regression,High,Medium,0.5,0.673478144207798,0.02241947899123366,1.509902910512176,Monitor,0,0,0,0
SUP038,2024-08,26,22,2.8076923076923075,73,2,4,975031.96,0,0.8461538461538461,0.0769230769230769,0.0,0.0,0.0,0.0,975031.96,1.0,0.0,0.0635936761987986,0.0,0.0,0.0683760683760683,-0.0555555555555555,0.3632478632478628,0.0,1,1,2024-08,High,2024-09,High,0.3606023606023606,0.1824062049062048,0.3434497354497354,High,High,True,0.481935176752,0.0575421776449755,0.4605226456030245,Logistic Regression,High,High,1.0,0.7121964995535123,0.04451557333915902,3.170383550776671,Monitor,1,0,0,1
SUP038,2024-09,27,17,2.7777777777777777,75,3,5,821842.96,0,0.6296296296296297,0.1111111111111111,0.0,1.0,5.0,0.037037037037037,821842.96,1.0,0.0,0.0534333928308656,0.0,0.0,-0.2165242165242165,0.037037037037037,-0.0299145299145298,0.0,1,1,2024-09,High,2024-10,Medium,0.2629220779220779,0.1824062049062048,0.3434497354497354,Medium,Medium,True,0.2328930972205267,0.0764077041019878,0.6906991986774855,Logistic Regression,Medium,Medium,0.5,0.5782426965592695,0.03740337498160592,2.1628228409781323,Monitor,0,0,0,0
SUP038,2024-10,22,13,2.1818181818181817,48,1,13,571436.49,0,0.5909090909090909,0.0454545454545454,0.0,0.0,0.0,0.0,571436.49,1.0,0.0,0.0377259479885063,0.0,0.0,-0.0387205387205387,-0.037037037037037,-0.595959595959596,0.0,1,0,2024-10,Medium,2024-11,Medium,0.2984897959183673,0.1824062049062048,0.3434497354497354,Medium,Medium,True,0.4012587696774625,0.0577245647612736,0.5410166655612639,Logistic Regression,Medium,Medium,0.5,0.6717671024580945,0.026408163591954407,1.7740135537406558,Monitor,0,0,0,0
SUP038,2024-11,35,25,1.8857142857142857,66,1,3,1197315.25,0,0.7142857142857143,0.0285714285714285,0.0,0.0,0.0,0.0,1197315.25,1.0,0.0,0.0785408498755461,0.0,0.0,0.1233766233766233,0.0,-0.296103896103896,0.0,1,1,2024-11,Medium,2024-12,Medium,0.3121008403361345,0.1824062049062048,0.3434497354497354,Medium,Medium,True,0.1172211596900674,0.363156280988963,0.5196225593209695,Logistic Regression,Medium,Medium,0.5,0.37703243935055214,0.05497859491288227,2.0728713752069856,Monitor,0,0,0,0
SUP038,2024-12,34,24,2.5294117647058822,86,5,21,929450.72,0,0.7058823529411765,0.1470588235294117,0.0,0.0,0.0,0.0,929450.72,1.0,0.0,0.0561666456419847,0.0,0.0,-0.0084033613445377,0.0,0.6436974789915966,0.0,1,1,2024-12,Medium,2025-01,Medium,0.3210027472527473,0.1824062049062048,0.3434497354497354,Medium,Medium,True,0.3590622463760916,0.167636279555237,0.4733014740686713,Logistic Regression,Medium,Medium,0.5,0.5957129834104272,0.03931665194938929,2.3421440030480083,Monitor,0,0,0,0
SUP038,2025-01,32,22,2.3125,74,3,10,1228563.53,0,0.6875,0.09375,0.0,1.0,1.0,0.03125,1228563.53,1.0,0.0,0.074851812666028,0.0,0.0,-0.0183823529411765,0.03125,-0.2169117647058822,0.0,1,1,2025-01,Medium,2025-02,High,0.4568864468864468,0.1824062049062048,0.3434497354497354,High,Medium,False,0.2406305562771513,0.1779033621582307,0.581466081564618,Logistic Regression,High,Medium,0.5,0.5313635970594603,0.0523962688662196,2.784146989724906,Monitor,0,0,0,0
SUP039,2024-07,11,9,2.636363636363636,29,0,0,205887.2,0,0.8181818181818182,0.0,0.0,1.0,1.0,0.0909090909090909,205887.2,1.0,0.0,0.0129781004923449,0.0,0.0,0.1515151515151516,0.0909090909090909,0.4141414141414139,0.0,1,1,2024-07,High,2024-08,High,0.3525,0.1824062049062048,0.3434497354497354,High,High,True,0.64554028383394,0.039122048753851,0.315337667412209,Logistic Regression,High,High,1.0,0.8032091175400445,0.00908467034464143,0.7296890050661655,Monitor,1,1,0,1
SUP039,2024-08,4,3,3.5,14,0,0,156366.41,0,0.75,0.0,0.0,0.0,0.0,0.0,156366.41,1.0,0.0,0.0101985527181166,0.0,0.0,-0.0681818181818182,-0.0909090909090909,0.8636363636363638,0.0,1,1,2024-08,High,2024-09,High,0.44,0.1824062049062048,0.3434497354497354,High,High,True,0.8220139807834482,0.0047583571392813,0.1732276620772703,Logistic Regression,High,High,1.0,0.9086278118220834,0.0071389869026816195,0.6486682048010113,Monitor,1,1,0,1
SUP039,2024-09,10,10,3.5,35,1,1,375914.65,0,1.0,0.1,0.0,0.0,0.0,0.0,375914.65,1.0,0.0,0.0244406731479787,0.0,0.0,0.25,0.0,0.0,0.0,1,1,2024-09,High,2024-10,High,0.3447959183673469,0.1824062049062048,0.3434497354497354,High,High,True,0.7896348431086596,0.0029316954320983,0.2074334614592419,Logistic Regression,High,High,1.0,0.8933515738382806,0.017108471203585086,1.528387967568964,Monitor,1,1,0,1
SUP039,2024-10,14,11,2.7142857142857144,38,2,3,569230.64,0,0.7857142857142857,0.1428571428571428,0.0,0.0,0.0,0.0,569230.64,1.0,0.0,0.0375803188874132,0.0,0.0,-0.2142857142857143,0.0,-0.7857142857142856,0.0,1,0,2024-10,High,2024-11,High,0.4253968253968254,0.1824062049062048,0.3434497354497354,High,High,True,0.768672204728018,0.0061557150780156,0.2251720801939662,Logistic Regression,High,High,1.0,0.8812582448250011,0.026306223221189237,2.3182576103879917,Monitor,1,1,0,1
SUP039,2024-11,9,8,4.444444444444445,40,1,1,121138.59,0,0.8888888888888888,0.1111111111111111,0.0,0.0,0.0,0.0,121138.59,1.0,0.0,0.0079463848901325,0.0,0.0,0.1031746031746031,0.0,1.7301587301587302,0.0,1,1,2024-11,High,2024-12,Low,0.1646938775510203,0.1824062049062048,0.3434497354497354,Low,High,False,0.9008271023971188,0.0012215916814694,0.0979513059214115,Logistic Regression,Low,High,1.0,0.9498027553578245,0.00556246942309275,0.5283248784647142,Monitor,1,1,0,1
SUP039,2024-12,7,3,0.5714285714285714,4,1,3,193417.67,0,0.4285714285714285,0.1428571428571428,0.0,0.0,0.0,0.0,193417.67,1.0,0.0,0.0116882170275669,0.0,0.0,-0.4603174603174603,0.0,-3.8730158730158735,0.0,1,0,2024-12,Low,2025-01,High,0.3455102040816326,0.1824062049062048,0.3434497354497354,High,High,True,0.4856560888737409,0.0331643151914103,0.4811795959348485,Logistic Regression,High,High,1.0,0.7262458868411652,0.008181751919296829,0.5941963678544131,Monitor,1,0,0,1
SUP039,2025-01,7,5,3.7142857142857135,26,1,1,307604.03,0,0.7142857142857143,0.1428571428571428,0.0,0.0,0.0,0.0,307604.03,1.0,0.0,0.018741171023427,0.0,0.0,0.2857142857142857,0.0,3.1428571428571432,0.0,1,1,2025-01,High,2025-02,High,0.4682857142857142,0.1824062049062048,0.3434497354497354,High,High,True,0.509772881348338,0.1093950434474383,0.3808320752042237,Logistic Regression,High,High,1.0,0.7001889189504498,0.0131188197163989,0.9185652195131191,Monitor,1,1,0,1
SUP040,2024-07,33,22,2.1818181818181817,72,5,11,224117.14,0,0.6666666666666666,0.1515151515151515,0.0,0.0,0.0,0.0,224117.14,1.0,0.0,0.0141272248346519,0.0,0.0,-0.074074074074074,0.0,0.2558922558922558,0.0,1,1,2024-07,Medium,2024-08,Medium,0.3275091575091575,0.1824062049062048,0.3434497354497354,Medium,High,False,0.5279947836883337,0.0979873740972241,0.374017842214442,Logistic Regression,Medium,High,1.0,0.7150037047955548,0.00988905738425633,0.7070712666679113,Monitor,1,1,0,1
SUP040,2024-08,39,29,2.6153846153846154,102,7,33,429871.23,0,0.7435897435897436,0.1794871794871795,0.0,0.0,0.0,0.0,429871.23,1.0,0.0,0.0280371238372527,0.0,0.0,0.0769230769230769,0.0,0.4335664335664337,0.0,1,1,2024-08,Medium,2024-09,Medium,0.3034562211981566,0.1824062049062048,0.3434497354497354,Medium,High,False,0.5309763473979184,0.0616185024567135,0.407405150145368,Logistic Regression,Medium,High,1.0,0.7346789224706024,0.019625986686076888,1.4418798750949358,Monitor,1,1,0,1
SUP040,2024-09,31,21,2.5806451612903225,80,2,10,306790.61,0,0.6774193548387096,0.064516129032258,0.0,0.0,0.0,0.0,306790.61,1.0,0.0,0.0199464666351231,0.0,0.0,-0.0661703887510339,0.0,-0.0347394540942929,0.0,1,0,2024-09,Medium,2024-10,Medium,0.2718315018315018,0.1824062049062048,0.3434497354497354,Medium,High,False,0.6264815729807385,0.0252085749958472,0.3483098520234142,Logistic Regression,Medium,High,1.0,0.8006364989924456,0.013962526644586169,1.117890844981021,Monitor,1,1,0,1
SUP040,2024-10,39,25,1.8461538461538465,72,6,19,413187.86,0,0.6410256410256411,0.1538461538461538,0.0,0.0,0.0,0.0,413187.86,1.0,0.0,0.0272784534915546,0.0,0.0,-0.0363937138130685,0.0,-0.7344913151364763,0.0,1,0,2024-10,Medium,2024-11,Medium,0.3019047619047619,0.1824062049062048,0.3434497354497354,Medium,Medium,True,0.4287163584388973,0.0740843873561392,0.4971992542049634,Logistic Regression,Medium,Medium,0.5,0.6773159855413791,0.01909491744408822,1.2933292827473883,Monitor,0,0,0,0
SUP040,2024-11,27,18,2.6666666666666665,72,4,4,204496.88,0,0.6666666666666666,0.1481481481481481,0.0,0.0,0.0,0.0,204496.88,1.0,0.0,0.0134144777259769,0.0,0.0,0.0256410256410255,0.0,0.8205128205128203,0.0,1,1,2024-11,Medium,2024-12,Medium,0.2761813186813187,0.1824062049062048,0.3434497354497354,Medium,High,False,0.558518401368243,0.0695040818019225,0.3719775168298344,Logistic Regression,Medium,High,1.0,0.7445071597831603,0.009390134408183828,0.6991022298219068,Monitor,1,1,0,1
SUP040,2024-12,36,21,2.0277777777777777,73,8,49,498839.55,0,0.5833333333333334,0.2222222222222222,0.0,1.0,1.0,0.0277777777777777,498839.55,1.0,0.0,0.0301448410702798,0.0,0.0,-0.0833333333333332,0.0277777777777777,-0.6388888888888888,0.0,1,1,2024-12,Medium,2025-01,High,0.372051282051282,0.1824062049062048,0.3434497354497354,High,Medium,False,0.3924608380785238,0.0920261952314204,0.5155129666900556,Logistic Regression,High,Medium,0.5,0.6502173214235516,0.02110138874919586,1.37204884708192,Monitor,0,0,0,0
SUP040,2025-01,39,31,2.1538461538461537,84,10,21,467180.54,0,0.7948717948717948,0.2564102564102564,0.0,2.0,2.0,0.0512820512820512,467180.54,1.0,0.0,0.028463575067456,0.0,0.0,0.2115384615384614,0.0235042735042735,0.126068376068376,0.0,1,1,2025-01,High,2025-02,High,0.4030952380952381,0.1824062049062048,0.3434497354497354,High,Medium,False,0.3350885229906625,0.1090687155682996,0.5558427614410378,Logistic Regression,High,Medium,0.5,0.6130099037111814,0.0199245025472192,1.221391738796403,Monitor,0,0,0,0
