supplier_id,period,n_orders,late_orders,avg_days_late,total_days_late,short_orders,total_short_qty,total_spend,critical_orders,late_delivery_rate,short_delivery_rate,critical_component_exposure,quality_events,total_scrap_qty,quality_event_rate,estimated_quality_cost,rework_cost_ratio,supplier_fault_rate,spend_share,route_deviation_flag,transit_delay_rate,late_rate_trend,quality_rate_trend,avg_days_late_trend,transit_delay_trend,has_trend_data,is_worsening
SUP001,2022-02,15,4,0.6666666666666666,10,2,9,189184.54,0,0.26666666666666666,0.13333333333333333,0.0,0.0,0.0,0.0,189184.54,1.0,0.0,0.02158403410061379,0.0,0.0,0.0,0.0,0.0,0.0,0,0
SUP001,2022-03,24,13,1.3333333333333333,32,2,2,271663.79000000004,0,0.5416666666666666,0.08333333333333333,0.0,0.0,0.0,0.0,271663.79000000004,1.0,0.0,0.017940979789268296,0.0,0.0,0.27499999999999997,0.0,0.6666666666666666,0.0,1,1
SUP001,2022-04,15,6,1.2,18,1,2,202840.37,0,0.4,0.06666666666666667,0.0,0.0,0.0,0.0,202840.37,1.0,0.0,0.013024257170497837,0.0,0.0,-0.1416666666666666,0.0,-0.1333333333333333,0.0,1,0
SUP001,2022-05,19,11,1.5789473684210527,30,0,0,279247.02,0,0.5789473684210527,0.0,0.0,0.0,0.0,0.0,279247.02,1.0,0.0,0.016235545635258378,0.0,0.0,0.17894736842105263,0.0,0.3789473684210527,0.0,1,1
SUP001,2022-06,25,13,1.72,43,6,10,264409.33,0,0.52,0.24,0.0,0.0,0.0,0.0,264409.33,1.0,0.0,0.016523931681957878,0.0,0.0,-0.05894736842105264,0.0,0.14105263157894732,0.0,1,1
SUP001,2022-07,18,7,0.7222222222222222,13,1,3,210424.36000000002,0,0.3888888888888889,0.05555555555555555,0.0,1.0,1.0,0.05555555555555555,210424.36000000002,1.0,0.0,0.012532403068156011,0.0,0.0,-0.13111111111111112,0.05555555555555555,-0.9977777777777778,0.0,1,1
SUP001,2022-08,18,7,0.9444444444444444,17,0,0,215241.86000000002,0,0.3888888888888889,0.0,0.0,0.0,0.0,0.0,215241.86000000002,1.0,0.0,0.012885787499357244,0.0,0.0,0.0,-0.05555555555555555,0.2222222222222222,0.0,1,1
SUP001,2022-09,11,3,0.9090909090909091,10,3,13,202034.76,0,0.2727272727272727,0.2727272727272727,0.0,0.0,0.0,0.0,202034.76,1.0,0.0,0.013122069131132803,0.0,0.0,-0.11616161616161619,0.0,-0.03535353535353536,0.0,1,0
SUP001,2022-10,21,11,1.2380952380952381,26,0,0,247777.09,0,0.5238095238095238,0.0,0.0,1.0,1.0,0.047619047619047616,247777.09,1.0,0.0,0.014984012119846067,0.0,0.0,0.25108225108225113,0.047619047619047616,0.3290043290043291,0.0,1,1
SUP001,2022-11,14,7,1.2142857142857142,17,0,0,159978.30000000002,0,0.5,0.0,0.0,0.0,0.0,0.0,159978.30000000002,1.0,0.0,0.010363030419717758,0.0,0.0,-0.023809523809523836,-0.047619047619047616,-0.023809523809523947,0.0,1,0
SUP001,2022-12,15,8,1.6666666666666667,25,0,0,220424.57,0,0.5333333333333333,0.0,0.0,0.0,0.0,0.0,220424.57,1.0,0.0,0.012770630642809826,0.0,0.0,0.033333333333333326,0.0,0.45238095238095255,0.0,1,1
SUP001,2023-01,20,10,1.4,28,1,1,310601.5,0,0.5,0.05,0.0,0.0,0.0,0.0,310601.5,1.0,0.0,0.017670486314233767,0.0,0.0,-0.033333333333333326,0.0,-0.26666666666666683,0.0,1,0
SUP001,2023-02,15,4,0.4666666666666667,7,2,3,199498.81,0,0.26666666666666666,0.13333333333333333,0.0,1.0,1.0,0.06666666666666667,199498.81,1.0,0.0,0.013686810427020975,0.0,0.0,-0.23333333333333334,0.06666666666666667,-0.9333333333333332,0.0,1,1
SUP001,2023-03,14,7,1.6428571428571428,23,0,0,207190.16,0,0.5,0.0,0.0,0.0,0.0,0.0,207190.16,1.0,0.0,0.01421140372211857,0.0,0.0,0.23333333333333334,-0.06666666666666667,1.176190476190476,0.0,1,1
SUP001,2023-04,13,6,1.2307692307692308,16,1,2,188985.02000000002,0,0.46153846153846156,0.07692307692307693,0.0,0.0,0.0,0.0,188985.02000000002,1.0,0.0,0.01060644887333669,0.0,0.0,-0.038461538461538436,0.0,-0.41208791208791196,0.0,1,0
SUP001,2023-05,24,8,0.8333333333333334,20,2,2,288302.32,0,0.3333333333333333,0.08333333333333333,0.0,0.0,0.0,0.0,288302.32,1.0,0.0,0.018556488952597774,0.0,0.0,-0.12820512820512825,0.0,-0.39743589743589747,0.0,1,0
SUP001,2023-06,16,7,1.5,24,2,4,232803.54,0,0.4375,0.125,0.0,0.0,0.0,0.0,232803.54,1.0,0.0,0.013491938628399428,0.0,0.0,0.10416666666666669,0.0,0.6666666666666666,0.0,1,1
SUP001,2023-07,27,10,1.4074074074074074,38,4,17,430204.78,0,0.37037037037037035,0.14814814814814814,0.0,0.0,0.0,0.0,430204.78,1.0,0.0,0.02479811343490691,0.0,0.0,-0.06712962962962965,0.0,-0.09259259259259256,0.0,1,0
SUP001,2023-08,28,8,1.0714285714285714,30,0,0,319183.06,0,0.2857142857142857,0.0,0.0,0.0,0.0,0.0,319183.06,1.0,0.0,0.01982034473505959,0.0,0.0,-0.08465608465608465,0.0,-0.33597883597883604,0.0,1,0
SUP001,2023-09,17,7,1.2352941176470589,21,2,10,230636.79,0,0.4117647058823529,0.11764705882352941,0.0,0.0,0.0,0.0,230636.79,1.0,0.0,0.014897828522002615,0.0,0.0,0.12605042016806722,0.0,0.16386554621848748,0.0,1,1
SUP001,2023-10,20,8,1.4,28,3,17,336665.23,0,0.4,0.15,0.0,0.0,0.0,0.0,336665.23,1.0,0.0,0.01966677180645629,0.0,0.0,-0.0117647058823529,0.0,0.16470588235294104,0.0,1,1
SUP001,2023-11,9,3,1.0,9,1,2,126315.97,0,0.3333333333333333,0.1111111111111111,0.0,0.0,0.0,0.0,126315.97,1.0,0.0,0.008414952891991182,0.0,0.0,-0.06666666666666671,0.0,-0.3999999999999999,0.0,1,0
SUP001,2023-12,21,8,1.1428571428571428,24,0,0,247535.0,0,0.38095238095238093,0.0,0.0,0.0,0.0,0.0,247535.0,1.0,0.0,0.014760444157044802,0.0,0.0,0.047619047619047616,0.0,0.1428571428571428,0.0,1,1
SUP001,2024-01,20,9,1.65,33,2,6,272790.01,0,0.45,0.1,0.0,0.0,0.0,0.0,272790.01,1.0,0.0,0.01678558583185504,0.0,0.0,0.06904761904761908,0.0,0.5071428571428571,0.0,1,1
SUP001,2024-02,21,6,0.6190476190476191,13,3,7,292749.59,0,0.2857142857142857,0.14285714285714285,0.0,0.0,0.0,0.0,292749.59,1.0,0.0,0.021119402366434118,0.0,0.0,-0.1642857142857143,0.0,-1.0309523809523808,0.0,1,0
SUP001,2024-03,22,10,1.7727272727272727,39,0,0,314084.67000000004,0,0.45454545454545453,0.0,0.0,0.0,0.0,0.0,314084.67000000004,1.0,0.0,0.019057215394974118,0.0,0.0,0.16883116883116883,0.0,1.1536796536796536,0.0,1,1
SUP001,2024-04,20,9,0.85,17,3,9,276146.67000000004,0,0.45,0.15,0.0,0.0,0.0,0.0,276146.67000000004,1.0,0.0,0.017622988426484333,0.0,0.0,-0.004545454545454519,0.0,-0.9227272727272727,0.0,1,0
SUP001,2024-05,20,4,0.4,8,0,0,224869.91,0,0.2,0.0,0.0,0.0,0.0,0.0,224869.91,1.0,0.0,0.014072181379302667,0.0,0.0,-0.25,0.0,-0.44999999999999996,0.0,1,0
SUP001,2024-06,18,7,1.1111111111111112,20,2,7,262148.51,0,0.3888888888888889,0.1111111111111111,0.0,0.0,0.0,0.0,262148.51,1.0,0.0,0.016820296086849346,0.0,0.0,0.18888888888888888,0.0,0.7111111111111111,0.0,1,1
SUP001,2024-07,15,9,1.4,21,1,1,218415.68,0,0.6,0.06666666666666667,0.0,0.0,0.0,0.0,218415.68,1.0,0.0,0.013767833280280972,0.0,0.0,0.21111111111111108,0.0,0.28888888888888875,0.0,1,1
SUP001,2024-08,17,10,1.5294117647058822,26,3,33,232980.03,0,0.5882352941176471,0.17647058823529413,0.0,0.0,0.0,0.0,232980.03,1.0,0.0,0.015195457376193487,0.0,0.0,-0.0117647058823529,0.0,0.12941176470588234,0.0,1,1
SUP001,2024-09,16,7,0.75,12,2,4,203368.37,0,0.4375,0.125,0.0,0.0,0.0,0.0,203368.37,1.0,0.0,0.013222309531717378,0.0,0.0,-0.15073529411764708,0.0,-0.7794117647058822,0.0,1,0
SUP001,2024-10,14,3,0.9285714285714286,13,3,15,179380.03,0,0.21428571428571427,0.21428571428571427,0.0,0.0,0.0,0.0,179380.03,1.0,0.0,0.011842578834888021,0.0,0.0,-0.22321428571428573,0.0,0.1785714285714286,0.0,1,1
SUP001,2024-11,11,7,1.3636363636363635,15,0,0,87103.59,0,0.6363636363636364,0.0,0.0,0.0,0.0,0.0,87103.59,1.0,0.0,0.005713775036116113,0.0,0.0,0.42207792207792205,0.0,0.43506493506493493,0.0,1,1
SUP001,2024-12,20,6,0.65,13,1,3,238622.11000000002,0,0.3,0.05,0.0,0.0,0.0,0.0,238622.11000000002,1.0,0.0,0.014419918352113072,0.0,0.0,-0.33636363636363636,0.0,-0.7136363636363635,0.0,1,0
SUP001,2025-01,19,10,1.5263157894736843,29,1,7,517827.48,0,0.5263157894736842,0.05263157894736842,0.0,0.0,0.0,0.0,517827.48,1.0,0.0,0.03154930500523761,0.0,0.0,0.2263157894736842,0.0,0.8763157894736843,0.0,1,1
SUP001,2025-02,7,5,2.2857142857142856,16,0,0,70203.67000000001,0,0.7142857142857143,0.0,0.0,0.0,0.0,0.0,70203.67000000001,1.0,0.0,0.014947725575246455,0.0,0.0,0.18796992481203012,0.0,0.7593984962406013,0.0,1,1
SUP002,2022-03,18,9,1.5,27,3,13,279858.91,0,0.5,0.16666666666666666,0.0,1.0,1.0,0.05555555555555555,279858.91,1.0,0.0,0.018482194657435405,0.0,0.0,0.0,0.0,0.0,0.0,0,0
SUP002,2022-04,20,15,2.95,59,4,19,340380.48,0,0.75,0.2,0.0,0.0,0.0,0.0,340380.48,1.0,0.0,0.021855624239580592,0.0,0.0,0.25,-0.05555555555555555,1.4500000000000002,0.0,1,1
SUP002,2022-05,23,16,1.7826086956521738,41,2,3,317728.89,0,0.6956521739130435,0.08695652173913043,0.0,0.0,0.0,0.0,317728.89,1.0,0.0,0.0184728986301626,0.0,0.0,-0.05434782608695654,0.0,-1.1673913043478263,0.0,1,0
SUP002,2022-06,30,23,2.8333333333333335,85,3,26,497153.36,0,0.7666666666666667,0.1,0.0,0.0,0.0,0.0,497153.36,1.0,0.0,0.031068979888477496,0.0,0.0,0.07101449275362326,0.0,1.0507246376811596,0.0,1,1
SUP002,2022-07,23,15,2.130434782608696,49,4,33,318916.82,0,0.6521739130434783,0.17391304347826086,0.0,0.0,0.0,0.0,318916.82,1.0,0.0,0.018993970723991074,0.0,0.0,-0.11449275362318845,0.0,-0.7028985507246377,0.0,1,0
SUP002,2022-08,28,16,2.5,70,1,2,457907.42,0,0.5714285714285714,0.03571428571428571,0.0,1.0,1.0,0.03571428571428571,457907.42,1.0,0.0,0.02741333729646699,0.0,0.0,-0.08074534161490687,0.03571428571428571,0.3695652173913042,0.0,1,1
SUP002,2022-09,24,17,2.75,66,2,3,394063.14,0,0.7083333333333334,0.08333333333333333,0.0,0.0,0.0,0.0,394063.14,1.0,0.0,0.02559422826602345,0.0,0.0,0.13690476190476197,-0.03571428571428571,0.25,0.0,1,1
SUP002,2022-10,18,11,2.2777777777777777,41,5,26,284026.84,0,0.6111111111111112,0.2777777777777778,0.0,1.0,1.0,0.05555555555555555,284026.84,1.0,0.0,0.0171761707788302,0.0,0.0,-0.09722222222222221,0.05555555555555555,-0.4722222222222223,0.0,1,1
SUP002,2022-11,26,21,3.1538461538461537,82,1,6,400599.61,0,0.8076923076923077,0.038461538461538464,0.0,0.0,0.0,0.0,400599.61,1.0,0.0,0.02594993161295669,0.0,0.0,0.19658119658119655,-0.05555555555555555,0.8760683760683761,0.0,1,1
SUP002,2022-12,29,19,1.9655172413793103,57,4,36,421224.52,0,0.6551724137931034,0.13793103448275862,0.0,1.0,1.0,0.034482758620689655,421224.52,1.0,0.0,0.02440427926258339,0.0,0.0,-0.15251989389920428,0.034482758620689655,-1.1883289124668435,0.0,1,1
SUP002,2023-01,21,16,2.5238095238095237,53,4,43,437173.79,0,0.7619047619047619,0.19047619047619047,0.0,0.0,0.0,0.0,437173.79,1.0,0.0,0.024871333438945743,0.0,0.0,0.10673234811165844,-0.034482758620689655,0.5582922824302134,0.0,1,1
SUP002,2023-02,14,12,3.0,42,3,15,251064.72,0,0.8571428571428571,0.21428571428571427,0.0,1.0,5.0,0.07142857142857142,251064.72,1.0,0.0,0.017224539973712632,0.0,0.0,0.09523809523809523,0.07142857142857142,0.4761904761904763,0.0,1,1
SUP002,2023-03,24,14,2.4166666666666665,58,4,32,339679.06,0,0.5833333333333334,0.16666666666666666,0.0,0.0,0.0,0.0,339679.06,1.0,0.0,0.023298964862084846,0.0,0.0,-0.2738095238095237,-0.07142857142857142,-0.5833333333333335,0.0,1,0
SUP002,2023-04,23,18,2.9130434782608696,67,2,6,373301.15,0,0.782608695652174,0.08695652173913043,0.0,0.0,0.0,0.0,373301.15,1.0,0.0,0.020950864580868846,0.0,0.0,0.19927536231884058,0.0,0.4963768115942031,0.0,1,1
SUP002,2023-05,15,12,2.6,39,2,18,213005.47,0,0.8,0.13333333333333333,0.0,0.0,0.0,0.0,213005.47,1.0,0.0,0.013710030675084044,0.0,0.0,0.017391304347826098,0.0,-0.31304347826086953,0.0,1,1
SUP002,2023-06,25,17,2.44,61,5,26,490780.63,0,0.68,0.2,0.0,0.0,0.0,0.0,490780.63,1.0,0.0,0.028442789744379346,0.0,0.0,-0.12,0.0,-0.16000000000000014,0.0,1,0
SUP002,2023-07,19,10,1.5789473684210527,30,3,8,467604.44,0,0.5263157894736842,0.15789473684210525,0.0,0.0,0.0,0.0,467604.44,1.0,0.0,0.026953926327332116,0.0,0.0,-0.15368421052631587,0.0,-0.8610526315789473,0.0,1,0
SUP002,2023-08,19,16,3.263157894736842,62,3,24,287155.51,0,0.8421052631578947,0.15789473684210525,0.0,0.0,0.0,0.0,287155.51,1.0,0.0,0.017831526525160363,0.0,0.0,0.3157894736842105,0.0,1.6842105263157894,0.0,1,1
SUP002,2023-09,17,12,2.8823529411764706,49,1,2,296767.38,0,0.7058823529411765,0.058823529411764705,0.0,0.0,0.0,0.0,296767.38,1.0,0.0,0.019169489560464263,0.0,0.0,-0.13622291021671817,0.0,-0.3808049535603715,0.0,1,0
SUP002,2023-10,23,15,2.5652173913043477,59,3,11,286995.45,0,0.6521739130434783,0.13043478260869565,0.0,0.0,0.0,0.0,286995.45,1.0,0.0,0.01676524191298649,0.0,0.0,-0.053708439897698246,0.0,-0.3171355498721229,0.0,1,0
SUP002,2023-11,18,13,2.7777777777777777,50,4,16,334918.63,0,0.7222222222222222,0.2222222222222222,0.0,2.0,2.0,0.1111111111111111,334918.63,1.0,0.0,0.022311703691150254,0.0,0.0,0.07004830917874394,0.1111111111111111,0.21256038647343,0.0,1,1
SUP002,2023-12,10,10,4.5,45,2,4,175359.89,0,1.0,0.2,0.0,0.0,0.0,0.0,175359.89,1.0,0.0,0.01045666214365855,0.0,0.0,0.2777777777777778,-0.1111111111111111,1.7222222222222223,0.0,1,1
SUP002,2024-01,19,13,2.8947368421052633,55,2,5,325886.48,0,0.6842105263157895,0.10526315789473684,0.0,0.0,0.0,0.0,325886.48,1.0,0.0,0.02005277055960044,0.0,0.0,-0.3157894736842105,0.0,-1.6052631578947367,0.0,1,0
SUP002,2024-02,23,17,2.391304347826087,55,4,23,397021.44,0,0.7391304347826086,0.17391304347826086,0.0,0.0,0.0,0.0,397021.44,1.0,0.0,0.028641732818348545,0.0,0.0,0.054919908466819156,0.0,-0.5034324942791764,0.0,1,1
SUP002,2024-03,18,10,1.8888888888888888,34,1,3,365675.45,0,0.5555555555555556,0.05555555555555555,0.0,0.0,0.0,0.0,365675.45,1.0,0.0,0.02218750700345893,0.0,0.0,-0.18357487922705307,0.0,-0.5024154589371981,0.0,1,0
SUP002,2024-04,16,13,2.25,36,0,0,244467.1,0,0.8125,0.0,0.0,0.0,0.0,0.0,244467.1,1.0,0.0,0.015601277661455009,0.0,0.0,0.2569444444444444,0.0,0.36111111111111116,0.0,1,1
SUP002,2024-05,15,12,3.3333333333333335,50,3,7,158961.88,0,0.8,0.2,0.0,1.0,1.0,0.06666666666666667,158961.88,1.0,0.0,0.009947708912032494,0.0,0.0,-0.012499999999999956,0.06666666666666667,1.0833333333333335,0.0,1,1
SUP002,2024-06,20,16,2.65,53,4,6,327174.78,0,0.8,0.2,0.0,0.0,0.0,0.0,327174.78,1.0,0.0,0.02099259183944931,0.0,0.0,0.0,-0.06666666666666667,-0.6833333333333336,0.0,1,0
SUP002,2024-07,24,17,2.3333333333333335,56,2,13,358353.05,0,0.7083333333333334,0.08333333333333333,0.0,0.0,0.0,0.0,358353.05,1.0,0.0,0.02258878596939648,0.0,0.0,-0.09166666666666667,0.0,-0.31666666666666643,0.0,1,0
SUP002,2024-08,22,16,2.4545454545454546,54,2,8,323253.31,0,0.7272727272727273,0.09090909090909091,0.0,0.0,0.0,0.0,323253.31,1.0,0.0,0.021083274363980723,0.0,0.0,0.018939393939393923,0.0,0.1212121212121211,0.0,1,1
SUP002,2024-09,15,9,2.066666666666667,31,0,0,200478.32,0,0.6,0.0,0.0,0.0,0.0,0.0,200478.32,1.0,0.0,0.013034408455153015,0.0,0.0,-0.12727272727272732,0.0,-0.3878787878787877,0.0,1,0
SUP002,2024-10,22,18,2.9545454545454546,65,2,11,303362.74,0,0.8181818181818182,0.09090909090909091,0.0,1.0,1.0,0.045454545454545456,303362.74,1.0,0.0,0.02002785462806332,0.0,0.0,0.21818181818181825,0.045454545454545456,0.8878787878787877,0.0,1,1
SUP002,2024-11,27,22,2.740740740740741,74,1,2,382862.45,0,0.8148148148148148,0.037037037037037035,0.0,0.0,0.0,0.0,382862.45,1.0,0.0,0.0251148076569089,0.0,0.0,-0.0033670033670034627,-0.045454545454545456,-0.21380471380471366,0.0,1,0
SUP002,2024-12,20,15,2.95,59,3,11,301099.72,0,0.75,0.15,0.0,0.0,0.0,0.0,301099.72,1.0,0.0,0.018195436199286423,0.0,0.0,-0.06481481481481477,0.0,0.20925925925925926,0.0,1,1
SUP002,2025-01,22,19,3.909090909090909,86,6,24,325760.23,0,0.8636363636363636,0.2727272727272727,0.0,1.0,1.0,0.045454545454545456,325760.23,1.0,0.0,0.019847360852395,0.0,0.0,0.11363636363636365,0.045454545454545456,0.959090909090909,0.0,1,1
SUP002,2025-02,27,19,2.6666666666666665,72,3,16,406740.94,0,0.7037037037037037,0.1111111111111111,0.0,0.0,0.0,0.0,406740.94,1.0,0.0,0.08660305011600936,0.0,0.0,-0.15993265993265993,-0.045454545454545456,-1.2424242424242427,0.0,1,0
SUP002,2025-03,6,5,2.5,15,0,0,87642.27,0,0.8333333333333334,0.0,0.0,0.0,0.0,0.0,87642.27,1.0,0.0,0.14221930759165632,0.0,0.0,0.12962962962962965,0.0,-0.16666666666666652,0.0,1,1
SUP003,2022-02,10,6,2.0,20,2,5,132623.30000000002,0,0.6,0.2,0.0,0.0,0.0,0.0,132623.30000000002,1.0,0.0,0.015130971218556936,0.0,0.0,0.0,0.0,0.0,0.0,0,0
SUP003,2022-03,10,6,2.0,20,0,0,138740.51,0,0.6,0.0,0.0,0.0,0.0,0.0,138740.51,1.0,0.0,0.009162578074401361,0.0,0.0,0.0,0.0,0.0,0.0,1,0
SUP003,2022-04,15,9,2.533333333333333,38,1,1,231172.42,0,0.6,0.06666666666666667,0.0,0.0,0.0,0.0,231172.42,1.0,0.0,0.014843440922565553,0.0,0.0,0.0,0.0,0.5333333333333332,0.0,1,1
SUP003,2022-05,17,10,2.0588235294117645,35,8,29,376182.71,0,0.5882352941176471,0.47058823529411764,0.0,0.0,0.0,0.0,376182.71,1.0,0.0,0.021871429658945573,0.0,0.0,-0.0117647058823529,0.0,-0.4745098039215687,0.0,1,0
SUP003,2022-06,20,13,2.7,54,4,9,256414.65,0,0.65,0.2,0.0,0.0,0.0,0.0,256414.65,1.0,0.0,0.016024314114986563,0.0,0.0,0.061764705882352944,0.0,0.6411764705882357,0.0,1,1
SUP003,2022-07,13,6,1.4615384615384615,19,2,6,298310.09,0,0.46153846153846156,0.15384615384615385,0.0,0.0,0.0,0.0,298310.09,1.0,0.0,0.0177666800895956,0.0,0.0,-0.18846153846153846,0.0,-1.2384615384615387,0.0,1,0
SUP003,2022-08,21,12,1.0952380952380953,23,2,9,266855.10000000003,0,0.5714285714285714,0.09523809523809523,0.0,0.0,0.0,0.0,266855.10000000003,1.0,0.0,0.015975694094632557,0.0,0.0,0.10989010989010983,0.0,-0.3663003663003661,0.0,1,1
SUP003,2022-09,18,11,2.2222222222222223,40,5,39,315899.3,0,0.6111111111111112,0.2777777777777778,0.0,0.0,0.0,0.0,315899.3,1.0,0.0,0.020517521109122312,0.0,0.0,0.039682539682539764,0.0,1.126984126984127,0.0,1,1
SUP003,2022-10,17,13,3.6470588235294117,62,1,2,293096.19,0,0.7647058823529411,0.058823529411764705,0.0,0.0,0.0,0.0,293096.19,1.0,0.0,0.017724628468437927,0.0,0.0,0.15359477124182996,0.0,1.4248366013071894,0.0,1,1
SUP003,2022-11,18,10,1.7777777777777777,32,3,12,269164.09,0,0.5555555555555556,0.16666666666666666,0.0,0.0,0.0,0.0,269164.09,1.0,0.0,0.017435837564004922,0.0,0.0,-0.20915032679738554,0.0,-1.869281045751634,0.0,1,0
SUP003,2022-12,16,8,1.875,30,2,9,258432.28,0,0.5,0.125,0.0,0.0,0.0,0.0,258432.28,1.0,0.0,0.01497266477171401,0.0,0.0,-0.05555555555555558,0.0,0.09722222222222232,0.0,1,1
SUP003,2023-01,19,15,3.0526315789473686,58,4,7,434328.04000000004,0,0.7894736842105263,0.21052631578947367,0.0,0.0,0.0,0.0,434328.04000000004,1.0,0.0,0.024709435359159492,0.0,0.0,0.2894736842105263,0.0,1.1776315789473686,0.0,1,1
SUP003,2023-02,24,13,2.0416666666666665,49,4,9,548308.6,0,0.5416666666666666,0.16666666666666666,0.0,0.0,0.0,0.0,548308.6,1.0,0.0,0.03761724625678355,0.0,0.0,-0.2478070175438597,0.0,-1.010964912280702,0.0,1,0
SUP003,2023-03,17,14,3.1176470588235294,53,1,2,162540.79,0,0.8235294117647058,0.058823529411764705,0.0,0.0,0.0,0.0,162540.79,1.0,0.0,0.011148853729357094,0.0,0.0,0.2818627450980392,0.0,1.075980392156863,0.0,1,1
SUP003,2023-04,19,16,2.210526315789474,42,3,6,395497.77,0,0.8421052631578947,0.15789473684210525,0.0,0.0,0.0,0.0,395497.77,1.0,0.0,0.022196610488088808,0.0,0.0,0.018575851393188847,0.0,-0.9071207430340555,0.0,1,1
SUP003,2023-05,17,11,2.8823529411764706,49,3,10,286071.93,0,0.6470588235294118,0.17647058823529413,0.0,0.0,0.0,0.0,286071.93,1.0,0.0,0.018412930595540552,0.0,0.0,-0.1950464396284829,0.0,0.6718266253869967,0.0,1,1
SUP003,2023-06,18,15,2.0,36,1,2,255628.26,0,0.8333333333333334,0.05555555555555555,0.0,0.0,0.0,0.0,255628.26,1.0,0.0,0.014814726595671752,0.0,0.0,0.18627450980392157,0.0,-0.8823529411764706,0.0,1,1
SUP003,2023-07,18,11,2.111111111111111,38,2,20,521740.5,0,0.6111111111111112,0.1111111111111111,0.0,0.0,0.0,0.0,521740.5,1.0,0.0,0.03007446849517815,0.0,0.0,-0.2222222222222222,0.0,0.11111111111111116,0.0,1,1
SUP003,2023-08,20,15,2.15,43,3,4,381854.92000000004,0,0.75,0.15,0.0,0.0,0.0,0.0,381854.92000000004,1.0,0.0,0.023712085952113503,0.0,0.0,0.13888888888888884,0.0,0.03888888888888875,0.0,1,1
SUP003,2023-09,17,11,1.6470588235294117,28,3,10,163323.18,0,0.6470588235294118,0.17647058823529413,0.0,1.0,1.0,0.058823529411764705,163323.18,1.0,0.0,0.010549751101323284,0.0,0.0,-0.1029411764705882,0.058823529411764705,-0.5029411764705882,0.0,1,1
SUP003,2023-10,24,15,2.5,60,2,5,558380.31,0,0.625,0.08333333333333333,0.0,0.0,0.0,0.0,558380.31,1.0,0.0,0.03261856930692939,0.0,0.0,-0.022058823529411797,-0.058823529411764705,0.8529411764705883,0.0,1,1
SUP003,2023-11,12,11,3.75,45,3,5,138645.18000000002,0,0.9166666666666666,0.25,0.0,0.0,0.0,0.0,138645.18000000002,1.0,0.0,0.009236303678795629,0.0,0.0,0.29166666666666663,0.0,1.25,0.0,1,1
SUP003,2023-12,20,14,2.05,41,2,2,298138.82,0,0.7,0.1,0.0,0.0,0.0,0.0,298138.82,1.0,0.0,0.01777793606422216,0.0,0.0,-0.21666666666666667,0.0,-1.7000000000000002,0.0,1,0
SUP003,2024-01,20,11,1.9,38,6,10,276939.17,0,0.55,0.3,0.0,0.0,0.0,0.0,276939.17,1.0,0.0,0.01704089606594352,0.0,0.0,-0.1499999999999999,0.0,-0.1499999999999999,0.0,1,0
SUP003,2024-02,14,8,2.7142857142857144,38,0,0,114947.72,0,0.5714285714285714,0.0,0.0,0.0,0.0,0.0,114947.72,1.0,0.0,0.008292504012675839,0.0,0.0,0.021428571428571352,0.0,0.8142857142857145,0.0,1,1
SUP003,2024-03,16,8,1.8125,29,1,1,186436.6,0,0.5,0.0625,0.0,0.0,0.0,0.0,186436.6,1.0,0.0,0.01131211670950585,0.0,0.0,-0.0714285714285714,0.0,-0.9017857142857144,0.0,1,0
SUP003,2024-04,21,16,3.0952380952380953,65,5,18,207143.2,0,0.7619047619047619,0.23809523809523808,0.0,0.0,0.0,0.0,207143.2,1.0,0.0,0.013219359901116785,0.0,0.0,0.26190476190476186,0.0,1.2827380952380953,0.0,1,1
SUP003,2024-05,18,11,2.1666666666666665,39,2,7,183685.29,0,0.6111111111111112,0.1111111111111111,0.0,0.0,0.0,0.0,183685.29,1.0,0.0,0.011494880384795859,0.0,0.0,-0.1507936507936507,0.0,-0.9285714285714288,0.0,1,0
SUP003,2024-06,22,14,1.5909090909090908,35,1,2,459209.9,0,0.6363636363636364,0.045454545454545456,0.0,1.0,1.0,0.045454545454545456,459209.9,1.0,0.0,0.029464392088333746,0.0,0.0,0.025252525252525193,0.045454545454545456,-0.5757575757575757,0.0,1,1
SUP003,2024-07,18,14,2.9444444444444446,53,3,5,210925.23,0,0.7777777777777778,0.16666666666666666,0.0,0.0,0.0,0.0,210925.23,1.0,0.0,0.013295672733958106,0.0,0.0,0.14141414141414144,-0.045454545454545456,1.3535353535353538,0.0,1,1
SUP003,2024-08,18,10,1.2777777777777777,23,5,11,330513.36,0,0.5555555555555556,0.2777777777777778,0.0,0.0,0.0,0.0,330513.36,1.0,0.0,0.021556790400200795,0.0,0.0,-0.2222222222222222,0.0,-1.666666666666667,0.0,1,0
SUP003,2024-09,15,12,2.466666666666667,37,1,1,159157.22,0,0.8,0.06666666666666667,0.0,1.0,6.0,0.06666666666666667,159157.22,1.0,0.0,0.010347853144752254,0.0,0.0,0.24444444444444446,0.06666666666666667,1.188888888888889,0.0,1,1
SUP003,2024-10,10,4,2.3,23,3,12,165199.04,0,0.4,0.3,0.0,1.0,1.0,0.1,165199.04,1.0,0.0,0.010906357049041745,0.0,0.0,-0.4,0.03333333333333334,-0.16666666666666696,0.0,1,1
SUP003,2024-11,18,14,2.611111111111111,47,2,7,368658.95,0,0.7777777777777778,0.1111111111111111,0.0,1.0,1.0,0.05555555555555555,368658.95,1.0,0.0,0.02418309400738567,0.0,0.0,0.37777777777777777,-0.04444444444444445,0.31111111111111134,0.0,1,1
SUP003,2024-12,18,15,3.7222222222222223,67,1,4,257643.62000000002,0,0.8333333333333334,0.05555555555555555,0.0,1.0,1.0,0.05555555555555555,257643.62000000002,1.0,0.0,0.015569386945504951,0.0,0.0,0.05555555555555558,0.0,1.1111111111111112,0.0,1,1
SUP003,2025-01,17,14,2.4705882352941178,42,4,7,301625.84,0,0.8235294117647058,0.23529411764705882,0.0,0.0,0.0,0.0,301625.84,1.0,0.0,0.01837694211133986,0.0,0.0,-0.009803921568627527,-0.05555555555555555,-1.2516339869281046,0.0,1,0
SUP003,2025-02,8,8,3.0,24,3,9,109607.44,0,1.0,0.375,0.0,0.0,0.0,0.0,109607.44,1.0,0.0,0.023337553921686585,0.0,0.0,0.17647058823529416,0.0,0.5294117647058822,0.0,1,1
SUP004,2022-01,1,0,0.0,0,0,0,27659.879999999997,0,0.0,0.0,0.0,0.0,0.0,0.0,27659.879999999997,1.0,0.0,0.026177196273456466,0.0,0.0,0.0,0.0,0.0,0.0,0,0
SUP004,2022-02,8,4,2.0,16,2,13,177193.03999999998,0,0.5,0.25,0.0,0.0,0.0,0.0,177193.03999999998,1.0,0.0,0.020215925771479123,0.0,0.0,0.5,0.0,2.0,0.0,1,1
SUP004,2022-03,12,4,0.8333333333333334,10,0,0,248672.62999999998,0,0.3333333333333333,0.0,0.0,0.0,0.0,0.0,248672.62999999998,1.0,0.0,0.016422617931429847,0.0,0.0,-0.16666666666666669,0.0,-1.1666666666666665,0.0,1,0
SUP004,2022-04,15,6,0.9333333333333333,14,1,3,149729.22999999998,0,0.4,0.06666666666666667,0.0,0.0,0.0,0.0,149729.22999999998,1.0,0.0,0.009614023073713679,0.0,0.0,0.06666666666666671,0.0,0.09999999999999998,0.0,1,1
SUP004,2022-05,22,12,1.2272727272727273,27,0,0,250511.46,0,0.5454545454545454,0.0,0.0,0.0,0.0,0.0,250511.46,1.0,0.0,0.014564847427862267,0.0,0.0,0.1454545454545454,0.0,0.29393939393939394,0.0,1,1
SUP004,2022-06,19,7,0.7368421052631579,14,1,4,204193.12999999998,0,0.3684210526315789,0.05263157894736842,0.0,1.0,1.0,0.05263157894736842,204193.12999999998,1.0,0.0,0.012760795279217805,0.0,0.0,-0.1770334928229665,0.05263157894736842,-0.49043062200956944,0.0,1,1
SUP004,2022-07,18,9,1.2222222222222223,22,1,5,201333.09999999998,0,0.5,0.05555555555555555,0.0,0.0,0.0,0.0,201333.09999999998,1.0,0.0,0.011990948006976762,0.0,0.0,0.13157894736842107,-0.05263157894736842,0.48538011695906447,0.0,1,1
SUP004,2022-08,19,10,1.4210526315789473,27,1,3,315063.99,0,0.5263157894736842,0.05263157894736842,0.0,1.0,1.0,0.05263157894736842,315063.99,1.0,0.0,0.018861794001592512,0.0,0.0,0.02631578947368418,0.05263157894736842,0.19883040935672502,0.0,1,1
SUP004,2022-09,17,7,1.1764705882352942,20,0,0,247147.34999999998,0,0.4117647058823529,0.0,0.0,0.0,0.0,0.0,247147.34999999998,1.0,0.0,0.0160521120834666,0.0,0.0,-0.11455108359133126,-0.05263157894736842,-0.2445820433436532,0.0,1,0
SUP004,2022-10,20,9,1.35,27,1,3,158811.31,0,0.45,0.05,0.0,0.0,0.0,0.0,158811.31,1.0,0.0,0.009603916947319992,0.0,0.0,0.03823529411764709,0.0,0.17352941176470593,0.0,1,1
SUP004,2022-11,19,14,1.631578947368421,31,2,3,191767.99,0,0.7368421052631579,0.10526315789473684,0.0,1.0,1.0,0.05263157894736842,191767.99,1.0,0.0,0.012422294235519007,0.0,0.0,0.28684210526315784,0.05263157894736842,0.28157894736842093,0.0,1,1
SUP004,2022-12,20,10,1.05,21,4,13,148144.03999999998,0,0.5,0.2,0.0,0.0,0.0,0.0,148144.03999999998,1.0,0.0,0.008582948882575315,0.0,0.0,-0.23684210526315785,-0.05263157894736842,-0.581578947368421,0.0,1,0
SUP004,2023-01,24,10,0.7916666666666666,19,2,4,277018.99,0,0.4166666666666667,0.08333333333333333,0.0,0.0,0.0,0.0,277018.99,1.0,0.0,0.015759937642213128,0.0,0.0,-0.08333333333333331,0.0,-0.2583333333333334,0.0,1,0
SUP004,2023-02,19,8,1.368421052631579,26,1,2,183275.19999999998,0,0.42105263157894735,0.05263157894736842,0.0,0.0,0.0,0.0,183275.19999999998,1.0,0.0,0.012573773840427191,0.0,0.0,0.00438596491228066,0.0,0.5767543859649124,0.0,1,1
SUP004,2023-03,24,10,1.2916666666666667,31,3,5,314584.39999999997,0,0.4166666666666667,0.125,0.0,0.0,0.0,0.0,314584.39999999997,1.0,0.0,0.021577694196869373,0.0,0.0,-0.00438596491228066,0.0,-0.07675438596491224,0.0,1,0
SUP004,2023-04,19,5,0.7368421052631579,14,4,11,244164.06999999998,0,0.2631578947368421,0.21052631578947367,0.0,0.0,0.0,0.0,244164.06999999998,1.0,0.0,0.013703275133451319,0.0,0.0,-0.1535087719298246,0.0,-0.5548245614035089,0.0,1,0
SUP004,2023-05,19,10,1.105263157894737,21,0,0,194376.65,0,0.5263157894736842,0.0,0.0,0.0,0.0,0.0,194376.65,1.0,0.0,0.012510992483057242,0.0,0.0,0.2631578947368421,0.0,0.3684210526315791,0.0,1,1
SUP004,2023-06,16,6,0.875,14,1,1,197520.50999999998,0,0.375,0.0625,0.0,0.0,0.0,0.0,197520.50999999998,1.0,0.0,0.011447139501272855,0.0,0.0,-0.15131578947368418,0.0,-0.23026315789473695,0.0,1,0
SUP004,2023-07,22,10,1.4090909090909092,31,2,4,198795.75999999998,0,0.45454545454545453,0.09090909090909091,0.0,0.0,0.0,0.0,198795.75999999998,1.0,0.0,0.011459100493626613,0.0,0.0,0.07954545454545453,0.0,0.5340909090909092,0.0,1,1
SUP004,2023-08,18,11,1.6666666666666667,30,1,6,211032.77999999997,0,0.6111111111111112,0.05555555555555555,0.0,0.0,0.0,0.0,211032.77999999997,1.0,0.0,0.013104525190021012,0.0,0.0,0.15656565656565663,0.0,0.25757575757575757,0.0,1,1
SUP004,2023-09,16,6,1.0,16,1,1,133508.69999999998,0,0.375,0.0625,0.0,0.0,0.0,0.0,133508.69999999998,1.0,0.0,0.008623904793313722,0.0,0.0,-0.23611111111111116,0.0,-0.6666666666666667,0.0,1,0
SUP004,2023-10,19,9,1.1578947368421053,22,2,6,309910.05,0,0.47368421052631576,0.10526315789473684,0.0,0.0,0.0,0.0,309910.05,1.0,0.0,0.018103830424892584,0.0,0.0,0.09868421052631576,0.0,0.1578947368421053,0.0,1,1
SUP004,2023-11,15,6,1.6666666666666667,25,2,8,237508.53,0,0.4,0.13333333333333333,0.0,0.0,0.0,0.0,237508.53,1.0,0.0,0.015822410194024354,0.0,0.0,-0.07368421052631574,0.0,0.5087719298245614,0.0,1,1
SUP004,2023-12,32,11,0.9375,30,2,2,662782.0199999999,0,0.34375,0.0625,0.0,0.0,0.0,0.0,662782.0199999999,1.0,0.0,0.03952151006727675,0.0,0.0,-0.05625000000000002,0.0,-0.7291666666666667,0.0,1,0
SUP004,2024-01,15,9,1.4,21,0,0,229295.95999999996,0,0.6,0.0,0.0,0.0,0.0,0.0,229295.95999999996,1.0,0.0,0.014109266748725875,0.0,0.0,0.25625,0.0,0.4624999999999999,0.0,1,1
SUP004,2024-02,14,5,1.1428571428571428,16,0,0,149475.19,0,0.35714285714285715,0.0,0.0,0.0,0.0,0.0,149475.19,1.0,0.0,0.010783368411922248,0.0,0.0,-0.24285714285714283,0.0,-0.2571428571428571,0.0,1,0
SUP004,2024-03,8,5,1.75,14,2,5,51928.9,0,0.625,0.25,0.0,0.0,0.0,0.0,51928.9,1.0,0.0,0.00315080717732601,0.0,0.0,0.26785714285714285,0.0,0.6071428571428572,0.0,1,1
SUP004,2024-04,23,8,1.173913043478261,27,2,10,135730.45,0,0.34782608695652173,0.08695652173913043,0.0,1.0,1.0,0.043478260869565216,135730.45,1.0,0.0,0.008661977164061078,0.0,0.0,-0.27717391304347827,0.043478260869565216,-0.576086956521739,0.0,1,1
SUP004,2024-05,24,8,0.9583333333333334,23,1,2,310653.14999999997,0,0.3333333333333333,0.041666666666666664,0.0,1.0,1.0,0.041666666666666664,310653.14999999997,1.0,0.0,0.019440428792147947,0.0,0.0,-0.014492753623188415,-0.0018115942028985518,-0.2155797101449276,0.0,1,0
SUP004,2024-06,14,4,1.1428571428571428,16,1,1,80485.73999999999,0,0.2857142857142857,0.07142857142857142,0.0,0.0,0.0,0.0,80485.73999999999,1.0,0.0,0.005164225337649922,0.0,0.0,-0.047619047619047616,-0.041666666666666664,0.18452380952380942,0.0,1,1
SUP004,2024-07,21,9,1.1904761904761905,25,0,0,152679.63999999998,0,0.42857142857142855,0.0,0.0,0.0,0.0,0.0,152679.63999999998,1.0,0.0,0.009624161730574095,0.0,0.0,0.14285714285714285,0.0,0.04761904761904767,0.0,1,1
SUP004,2024-08,22,10,1.3181818181818181,29,2,7,213474.19999999998,0,0.45454545454545453,0.09090909090909091,0.0,0.0,0.0,0.0,213474.19999999998,1.0,0.0,0.013923245297105522,0.0,0.0,0.025974025974025983,0.0,0.12770562770562766,0.0,1,1
SUP004,2024-09,17,4,0.7647058823529411,13,3,3,140342.97999999998,0,0.23529411764705882,0.17647058823529413,0.0,1.0,1.0,0.058823529411764705,140342.97999999998,1.0,0.0,0.00912461619357829,0.0,0.0,-0.2192513368983957,0.058823529411764705,-0.553475935828877,0.0,1,1
SUP004,2024-10,23,4,0.34782608695652173,8,3,15,349715.01999999996,0,0.17391304347826086,0.13043478260869565,0.0,0.0,0.0,0.0,349715.01999999996,1.0,0.0,0.023088008704728394,0.0,0.0,-0.061381074168797956,-0.058823529411764705,-0.4168797953964194,0.0,1,0
SUP004,2024-11,15,8,2.066666666666667,31,1,3,121921.33,0,0.5333333333333333,0.06666666666666667,0.0,0.0,0.0,0.0,121921.33,1.0,0.0,0.0079977306529395,0.0,0.0,0.35942028985507246,0.0,1.7188405797101451,0.0,1,1
SUP004,2024-12,17,13,1.6470588235294117,28,0,0,221890.34,0,0.7647058823529411,0.0,0.0,0.0,0.0,0.0,221890.34,1.0,0.0,0.013408818595739551,0.0,0.0,0.2313725490196078,0.0,-0.4196078431372552,0.0,1,1
SUP004,2025-01,13,5,0.6923076923076923,9,2,4,138356.13,0,0.38461538461538464,0.15384615384615385,0.0,0.0,0.0,0.0,138356.13,1.0,0.0,0.008429525108853446,0.0,0.0,-0.3800904977375565,0.0,-0.9547511312217194,0.0,1,0
SUP004,2025-02,3,2,1.6666666666666667,5,0,0,13142.81,0,0.6666666666666666,0.0,0.0,0.0,0.0,0.0,13142.81,1.0,0.0,0.0027983596465484613,0.0,0.0,0.282051282051282,0.0,0.9743589743589745,0.0,1,1
SUP005,2022-02,7,3,0.8571428571428571,6,0,0,54231.43,0,0.42857142857142855,0.0,0.0,0.0,0.0,0.0,54231.43,1.0,0.0,0.006187255229444487,0.0,0.0,0.0,0.0,0.0,0.0,0,0
SUP005,2022-03,11,8,3.1818181818181817,35,0,0,268807.65,0,0.7272727272727273,0.0,0.0,0.0,0.0,0.0,268807.65,1.0,0.0,0.0177523571170479,0.0,0.0,0.29870129870129875,0.0,2.3246753246753245,0.0,1,1
SUP005,2022-04,15,10,2.533333333333333,38,0,0,596649.88,0,0.6666666666666666,0.0,0.0,0.0,0.0,0.0,596649.88,1.0,0.0,0.038310527031017914,0.0,0.0,-0.06060606060606066,0.0,-0.6484848484848484,0.0,1,0
SUP005,2022-05,16,12,2.625,42,3,10,722741.9400000001,0,0.75,0.1875,0.0,0.0,0.0,0.0,722741.9400000001,1.0,0.0,0.04202053704775496,0.0,0.0,0.08333333333333337,0.0,0.09166666666666679,0.0,1,1
SUP005,2022-06,15,9,2.1333333333333333,32,2,2,284405.07,0,0.6,0.13333333333333333,0.0,0.0,0.0,0.0,284405.07,1.0,0.0,0.01777354054292429,0.0,0.0,-0.15000000000000002,0.0,-0.4916666666666667,0.0,1,0
SUP005,2022-07,9,8,3.5555555555555554,32,3,11,195165.72,0,0.8888888888888888,0.3333333333333333,0.0,0.0,0.0,0.0,195165.72,1.0,0.0,0.011623632682674558,0.0,0.0,0.28888888888888886,0.0,1.422222222222222,0.0,1,1
SUP005,2022-08,14,7,1.8571428571428572,26,2,2,252503.98,0,0.5,0.14285714285714285,0.0,0.0,0.0,0.0,252503.98,1.0,0.0,0.015116542056558846,0.0,0.0,-0.38888888888888884,0.0,-1.6984126984126982,0.0,1,0
SUP005,2022-09,11,6,2.8181818181818183,31,0,0,202022.63,0,0.5454545454545454,0.0,0.0,0.0,0.0,0.0,202022.63,1.0,0.0,0.013121281292948123,0.0,0.0,0.045454545454545414,0.0,0.9610389610389611,0.0,1,1
SUP005,2022-10,6,6,4.333333333333333,26,3,3,113142.03,0,1.0,0.5,0.0,0.0,0.0,0.0,113142.03,1.0,0.0,0.006842123897669423,0.0,0.0,0.4545454545454546,0.0,1.5151515151515147,0.0,1,1
SUP005,2022-11,10,6,1.7,17,1,2,416295.37,0,0.6,0.1,0.0,0.0,0.0,0.0,416295.37,1.0,0.0,0.026966667247355792,0.0,0.0,-0.4,0.0,-2.633333333333333,0.0,1,0
SUP005,2022-12,12,9,2.1666666666666665,26,1,2,246132.21,0,0.75,0.08333333333333333,0.0,0.0,0.0,0.0,246132.21,1.0,0.0,0.014260041624254968,0.0,0.0,0.15000000000000002,0.0,0.46666666666666656,0.0,1,1
SUP005,2023-01,12,9,2.8333333333333335,34,3,8,290664.12,0,0.75,0.25,0.0,0.0,0.0,0.0,290664.12,1.0,0.0,0.016536225209790683,0.0,0.0,0.0,0.0,0.666666666666667,0.0,1,1
SUP005,2023-02,10,8,2.7,27,4,5,182684.19,0,0.8,0.4,0.0,0.0,0.0,0.0,182684.19,1.0,0.0,0.012533227022977636,0.0,0.0,0.050000000000000044,0.0,-0.1333333333333333,0.0,1,1
SUP005,2023-03,16,13,2.8125,45,2,3,465465.82,0,0.8125,0.125,0.0,0.0,0.0,0.0,465465.82,1.0,0.0,0.031926818758511374,0.0,0.0,0.012499999999999956,0.0,0.11249999999999982,0.0,1,1
SUP005,2023-04,12,9,2.0833333333333335,25,2,13,342557.35,0,0.75,0.16666666666666666,0.0,0.0,0.0,0.0,342557.35,1.0,0.0,0.019225423364035422,0.0,0.0,-0.0625,0.0,-0.7291666666666665,0.0,1,0
SUP005,2023-05,10,5,1.8,18,2,14,175940.32,0,0.5,0.2,0.0,0.0,0.0,0.0,175940.32,1.0,0.0,0.011324343849874385,0.0,0.0,-0.25,0.0,-0.28333333333333344,0.0,1,0
SUP005,2023-06,16,13,3.0,48,2,6,286315.04000000004,0,0.8125,0.125,0.0,0.0,0.0,0.0,286315.04000000004,1.0,0.0,0.016593153815735482,0.0,0.0,0.3125,0.0,1.2,0.0,1,1
SUP005,2023-07,11,7,2.3636363636363638,26,3,10,201520.44,0,0.6363636363636364,0.2727272727272727,0.0,0.0,0.0,0.0,201520.44,1.0,0.0,0.01161615807842105,0.0,0.0,-0.17613636363636365,0.0,-0.6363636363636362,0.0,1,0
SUP005,2023-08,13,7,2.4615384615384617,32,3,38,402281.59,0,0.5384615384615384,0.23076923076923078,0.0,0.0,0.0,0.0,402281.59,1.0,0.0,0.024980523071518584,0.0,0.0,-0.09790209790209792,0.0,0.09790209790209792,0.0,1,1
SUP005,2023-09,12,8,2.9166666666666665,35,4,5,556085.67,0,0.6666666666666666,0.3333333333333333,0.0,0.0,0.0,0.0,556085.67,1.0,0.0,0.03591998030844487,0.0,0.0,0.1282051282051282,0.0,0.45512820512820484,0.0,1,1
SUP005,2023-10,13,6,1.9230769230769231,25,2,13,276078.26,0,0.46153846153846156,0.15384615384615385,0.0,1.0,1.0,0.07692307692307693,276078.26,1.0,0.0,0.01612749894054551,0.0,0.0,-0.20512820512820507,0.07692307692307693,-0.9935897435897434,0.0,1,1
SUP005,2023-11,17,7,1.0588235294117647,18,3,4,239275.51,0,0.4117647058823529,0.17647058823529413,0.0,0.0,0.0,0.0,239275.51,1.0,0.0,0.015940123365692914,0.0,0.0,-0.04977375565610864,-0.07692307692307693,-0.8642533936651584,0.0,1,0
SUP005,2023-12,15,11,2.2666666666666666,34,1,1,215895.1,0,0.7333333333333333,0.06666666666666667,0.0,0.0,0.0,0.0,215895.1,1.0,0.0,0.012873765598115835,0.0,0.0,0.32156862745098036,0.0,1.2078431372549019,0.0,1,1
SUP005,2024-01,11,8,1.5454545454545454,17,0,0,194716.78,0,0.7272727272727273,0.0,0.0,0.0,0.0,0.0,194716.78,1.0,0.0,0.011981506300734527,0.0,0.0,-0.006060606060605989,0.0,-0.7212121212121212,0.0,1,0
SUP005,2024-02,5,3,1.8,9,1,3,140170.11,0,0.6,0.2,0.0,0.0,0.0,0.0,140170.11,1.0,0.0,0.010112085734560142,0.0,0.0,-0.12727272727272732,0.0,0.25454545454545463,0.0,1,1
SUP005,2024-03,11,7,3.3636363636363638,37,2,22,247704.78,0,0.6363636363636364,0.18181818181818182,0.0,0.0,0.0,0.0,247704.78,1.0,0.0,0.015029588508170984,0.0,0.0,0.036363636363636376,0.0,1.5636363636363637,0.0,1,1
SUP005,2024-04,12,7,2.5833333333333335,31,1,2,484429.2,0,0.5833333333333334,0.08333333333333333,0.0,0.0,0.0,0.0,484429.2,1.0,0.0,0.030915057512919,0.0,0.0,-0.05303030303030298,0.0,-0.7803030303030303,0.0,1,0
SUP005,2024-05,12,7,1.75,21,2,16,225088.23,0,0.5833333333333334,0.16666666666666666,0.0,0.0,0.0,0.0,225088.23,1.0,0.0,0.014085843672486888,0.0,0.0,0.0,0.0,-0.8333333333333335,0.0,1,0
SUP005,2024-06,15,14,2.933333333333333,44,3,4,310010.9,0,0.9333333333333333,0.2,0.0,0.0,0.0,0.0,310010.9,1.0,0.0,0.019891301797407297,0.0,0.0,0.35,0.0,1.1833333333333331,0.0,1,1
SUP005,2024-07,14,11,2.642857142857143,37,2,2,200461.66,0,0.7857142857142857,0.14285714285714285,0.0,0.0,0.0,0.0,200461.66,1.0,0.0,0.012636101556300211,0.0,0.0,-0.14761904761904765,0.0,-0.29047619047619033,0.0,1,0
SUP005,2024-08,12,7,1.8333333333333333,22,1,6,206222.98,0,0.5833333333333334,0.08333333333333333,0.0,0.0,0.0,0.0,206222.98,1.0,0.0,0.013450305172428735,0.0,0.0,-0.20238095238095233,0.0,-0.8095238095238095,0.0,1,0
SUP005,2024-09,8,4,1.125,9,1,2,342321.14,0,0.5,0.125,0.0,0.0,0.0,0.0,342321.14,1.0,0.0,0.022256539069130363,0.0,0.0,-0.08333333333333337,0.0,-0.7083333333333333,0.0,1,0
SUP005,2024-10,10,6,2.6,26,1,2,303769.17,0,0.6,0.1,0.0,0.0,0.0,0.0,303769.17,1.0,0.0,0.020054686931056376,0.0,0.0,0.09999999999999998,0.0,1.475,0.0,1,1
SUP005,2024-11,13,8,2.076923076923077,27,4,20,363877.94,0,0.6153846153846154,0.3076923076923077,0.0,0.0,0.0,0.0,363877.94,1.0,0.0,0.02386947185259938,0.0,0.0,0.015384615384615441,0.0,-0.523076923076923,0.0,1,1
SUP005,2024-12,8,6,2.75,22,0,0,157421.43,0,0.75,0.0,0.0,0.0,0.0,0.0,157421.43,1.0,0.0,0.009512966621043133,0.0,0.0,0.13461538461538458,0.0,0.6730769230769229,0.0,1,1
SUP005,2025-01,11,8,3.1818181818181817,35,0,0,456219.35,0,0.7272727272727273,0.0,0.0,0.0,0.0,0.0,456219.35,1.0,0.0,0.027795750473577123,0.0,0.0,-0.022727272727272707,0.0,0.43181818181818166,0.0,1,1
SUP005,2025-02,10,6,2.0,20,2,4,96191.0,0,0.6,0.2,0.0,0.0,0.0,0.0,96191.0,1.0,0.0,0.020480933130825375,0.0,0.0,-0.12727272727272732,0.0,-1.1818181818181817,0.0,1,0
SUP005,2025-03,1,0,0.0,0,0,0,51985.45,0,0.0,0.0,0.0,0.0,0.0,0.0,51985.45,1.0,0.0,0.08435809232052831,0.0,0.0,-0.6,0.0,-2.0,0.0,1,0
SUP006,2022-02,2,0,0.0,0,0,0,15722.070000000002,0,0.0,0.0,0.0,0.0,0.0,0.0,15722.070000000002,1.0,0.0,0.0017937284675176794,0.0,0.0,0.0,0.0,0.0,0.0,0,0
SUP006,2022-03,32,20,2.46875,79,6,9,504764.99,0,0.625,0.1875,0.0,0.0,0.0,0.0,504764.99,1.0,0.0,0.0333352431103174,0.0,0.0,0.625,0.0,2.46875,0.0,1,1
SUP006,2022-04,30,21,2.566666666666667,77,6,30,615874.54,0,0.7,0.2,0.0,0.0,0.0,0.0,615874.54,1.0,0.0,0.039544930793224534,0.0,0.0,0.07499999999999996,0.0,0.09791666666666687,0.0,1,1
SUP006,2022-05,37,25,2.918918918918919,108,6,23,674829.96,0,0.6756756756756757,0.16216216216216217,0.0,0.0,0.0,0.0,674829.96,1.0,0.0,0.039234913273629865,0.0,0.0,-0.024324324324324298,0.0,0.352252252252252,0.0,1,1
SUP006,2022-06,28,17,2.0,56,5,20,667303.01,0,0.6071428571428571,0.17857142857142858,0.0,0.0,0.0,0.0,667303.01,1.0,0.0,0.041702270295850954,0.0,0.0,-0.06853281853281856,0.0,-0.9189189189189189,0.0,1,0
SUP006,2022-07,37,27,2.5135135135135136,93,9,40,673661.14,0,0.7297297297297297,0.24324324324324326,0.0,1.0,1.0,0.02702702702702703,673661.14,1.0,0.0,0.04012174701557118,0.0,0.0,0.12258687258687262,0.02702702702702703,0.5135135135135136,0.0,1,1
SUP006,2022-08,27,18,2.2962962962962963,62,1,1,339983.47,0,0.6666666666666666,0.037037037037037035,0.0,1.0,1.0,0.037037037037037035,339983.47,1.0,0.0,0.02035363728836992,0.0,0.0,-0.06306306306306309,0.010010010010010006,-0.21721721721721732,0.0,1,1
SUP006,2022-09,28,17,1.7857142857142858,50,5,15,640562.71,0,0.6071428571428571,0.17857142857142858,0.0,0.0,0.0,0.0,640562.71,1.0,0.0,0.04160426732234479,0.0,0.0,-0.059523809523809534,-0.037037037037037035,-0.5105820105820105,0.0,1,0
SUP006,2022-10,31,21,2.5483870967741935,79,7,18,465506.82999999996,0,0.6774193548387096,0.22580645161290322,0.0,1.0,1.0,0.03225806451612903,465506.82999999996,1.0,0.0,0.02815094802586923,0.0,0.0,0.07027649769585254,0.03225806451612903,0.7626728110599077,0.0,1,1
SUP006,2022-11,35,25,2.857142857142857,100,4,14,552187.52,0,0.7142857142857143,0.11428571428571428,0.0,0.0,0.0,0.0,552187.52,1.0,0.0,0.03576945165155841,0.0,0.0,0.03686635944700467,-0.03225806451612903,0.3087557603686637,0.0,1,1
SUP006,2022-12,33,21,2.8484848484848486,94,6,21,551581.88,0,0.6363636363636364,0.18181818181818182,0.0,0.0,0.0,0.0,551581.88,1.0,0.0,0.031956729954136474,0.0,0.0,-0.07792207792207795,0.0,-0.008658008658008587,0.0,1,0
SUP006,2023-01,35,25,2.5142857142857142,88,5,32,552874.1900000001,0,0.7142857142857143,0.14285714285714285,0.0,1.0,1.0,0.02857142857142857,552874.1900000001,1.0,0.0,0.03145366589629503,0.0,0.0,0.07792207792207795,0.02857142857142857,-0.3341991341991344,0.0,1,1
SUP006,2023-02,27,16,1.8888888888888888,51,3,16,510470.55,0,0.5925925925925926,0.1111111111111111,0.0,0.0,0.0,0.0,510470.55,1.0,0.0,0.035021329933883474,0.0,0.0,-0.12169312169312174,-0.02857142857142857,-0.6253968253968254,0.0,1,0
SUP006,2023-03,27,17,1.6666666666666667,45,2,5,546298.46,0,0.6296296296296297,0.07407407407407407,0.0,0.0,0.0,0.0,546298.46,1.0,0.0,0.03747121952042337,0.0,0.0,0.03703703703703709,0.0,-0.2222222222222221,0.0,1,1
SUP006,2023-04,30,21,2.933333333333333,88,5,24,626143.89,0,0.7,0.16666666666666666,0.0,2.0,2.0,0.06666666666666667,626143.89,1.0,0.0,0.03514121466684054,0.0,0.0,0.0703703703703703,0.06666666666666667,1.2666666666666664,0.0,1,1
SUP006,2023-05,31,20,2.3225806451612905,72,1,2,466143.39999999997,0,0.6451612903225806,0.03225806451612903,0.0,1.0,1.0,0.03225806451612903,466143.39999999997,1.0,0.0,0.0300031746273369,0.0,0.0,-0.05483870967741933,-0.034408602150537634,-0.6107526881720426,0.0,1,0
SUP006,2023-06,34,19,2.2941176470588234,78,4,34,858779.46,0,0.5588235294117647,0.11764705882352941,0.0,0.0,0.0,0.0,858779.46,1.0,0.0,0.04976986075748677,0.0,0.0,-0.08633776091081591,-0.03225806451612903,-0.028462998102467107,0.0,1,0
SUP006,2023-07,35,28,3.0,105,4,47,854387.74,0,0.8,0.11428571428571428,0.0,0.0,0.0,0.0,854387.74,1.0,0.0,0.04924911362889494,0.0,0.0,0.24117647058823533,0.0,0.7058823529411766,0.0,1,1
SUP006,2023-08,23,17,2.4347826086956523,56,2,5,336842.57,0,0.7391304347826086,0.08695652173913043,0.0,1.0,1.0,0.043478260869565216,336842.57,1.0,0.0,0.0209169492229426,0.0,0.0,-0.0608695652173914,0.043478260869565216,-0.5652173913043477,0.0,1,1
SUP006,2023-09,33,22,2.6666666666666665,88,6,10,606975.8,0,0.6666666666666666,0.18181818181818182,0.0,2.0,2.0,0.06060606060606061,606975.8,1.0,0.0,0.03920719407083907,0.0,0.0,-0.07246376811594202,0.01712779973649539,0.2318840579710142,0.0,1,1
SUP006,2023-10,22,14,2.727272727272727,60,6,17,393663.37,0,0.6363636363636364,0.2727272727272727,0.0,0.0,0.0,0.0,393663.37,1.0,0.0,0.02299639813220561,0.0,0.0,-0.030303030303030276,-0.06060606060606061,0.06060606060606055,0.0,1,1
SUP006,2023-11,33,23,2.303030303030303,76,6,19,570393.89,0,0.696969696969697,0.18181818181818182,0.0,0.0,0.0,0.0,570393.89,1.0,0.0,0.03799866093123142,0.0,0.0,0.06060606060606066,0.0,-0.42424242424242387,0.0,1,1
SUP006,2023-12,40,27,2.85,114,7,24,972509.13,0,0.675,0.175,0.0,1.0,1.0,0.025,972509.13,1.0,0.0,0.05799045268580695,0.0,0.0,-0.021969696969696972,0.025,0.5469696969696969,0.0,1,1
SUP006,2024-01,27,18,2.4814814814814814,67,4,11,473911.33,0,0.6666666666666666,0.14814814814814814,0.0,0.0,0.0,0.0,473911.33,1.0,0.0,0.029161182648893842,0.0,0.0,-0.008333333333333415,-0.025,-0.3685185185185187,0.0,1,0
SUP006,2024-02,21,15,1.9047619047619047,40,6,27,446082.4,0,0.7142857142857143,0.2857142857142857,0.0,0.0,0.0,0.0,446082.4,1.0,0.0,0.03218106537462481,0.0,0.0,0.04761904761904767,0.0,-0.5767195767195767,0.0,1,1
SUP006,2024-03,32,23,2.71875,87,4,10,712912.96,0,0.71875,0.125,0.0,1.0,1.0,0.03125,712912.96,1.0,0.0,0.04325628448083303,0.0,0.0,0.004464285714285698,0.03125,0.8139880952380953,0.0,1,1
SUP006,2024-04,33,20,1.7878787878787878,59,5,17,741227.92,0,0.6060606060606061,0.15151515151515152,0.0,0.0,0.0,0.0,741227.92,1.0,0.0,0.04730330825842316,0.0,0.0,-0.11268939393939392,-0.03125,-0.9308712121212122,0.0,1,0
SUP006,2024-05,21,18,3.0476190476190474,64,3,8,336026.62,0,0.8571428571428571,0.14285714285714285,0.0,0.0,0.0,0.0,336026.62,1.0,0.0,0.021028280506333697,0.0,0.0,0.251082251082251,0.0,1.2597402597402596,0.0,1,1
SUP006,2024-06,28,20,2.857142857142857,80,3,13,577026.49,0,0.7142857142857143,0.10714285714285714,0.0,0.0,0.0,0.0,577026.49,1.0,0.0,0.03702388547528045,0.0,0.0,-0.1428571428571428,0.0,-0.19047619047619024,0.0,1,0
SUP006,2024-07,34,25,3.088235294117647,105,3,8,653124.54,0,0.7352941176470589,0.08823529411764706,0.0,2.0,3.0,0.058823529411764705,653124.54,1.0,0.0,0.041169708044679766,0.0,0.0,0.021008403361344574,0.058823529411764705,0.23109243697478998,0.0,1,1
SUP006,2024-08,27,21,2.5185185185185186,68,3,18,612805.07,0,0.7777777777777778,0.1111111111111111,0.0,1.0,1.0,0.037037037037037035,612805.07,1.0,0.0,0.03996846133593624,0.0,0.0,0.042483660130718914,-0.02178649237472767,-0.5697167755991286,0.0,1,1
SUP006,2024-09,31,22,1.7419354838709677,54,4,18,582283.55,0,0.7096774193548387,0.12903225806451613,0.0,0.0,0.0,0.0,582283.55,1.0,0.0,0.037858066784560614,0.0,0.0,-0.06810035842293904,-0.037037037037037035,-0.7765830346475509,0.0,1,0
SUP006,2024-10,27,22,2.5555555555555554,69,6,17,567544.48,0,0.8148148148148148,0.2222222222222222,0.0,0.0,0.0,0.0,567544.48,1.0,0.0,0.03746899945721677,0.0,0.0,0.10513739545997602,0.0,0.8136200716845876,0.0,1,1
SUP006,2024-11,31,24,2.6774193548387095,83,2,4,498792.32,0,0.7741935483870968,0.06451612903225806,0.0,2.0,2.0,0.06451612903225806,498792.32,1.0,0.0,0.03271951369883193,0.0,0.0,-0.04062126642771802,0.06451612903225806,0.12186379928315416,0.0,1,1
SUP006,2024-12,31,21,2.4193548387096775,75,5,10,487507.02,0,0.6774193548387096,0.16129032258064516,0.0,1.0,1.0,0.03225806451612903,487507.02,1.0,0.0,0.029460017030617798,0.0,0.0,-0.09677419354838712,-0.03225806451612903,-0.25806451612903203,0.0,1,0
SUP006,2025-01,37,25,2.8378378378378377,105,5,12,593172.17,0,0.6756756756756757,0.13513513513513514,0.0,0.0,0.0,0.0,593172.17,1.0,0.0,0.036139777116403045,0.0,0.0,-0.0017436791630339732,-0.03225806451612903,0.4184829991281602,0.0,1,1
SUP006,2025-02,26,17,2.6153846153846154,68,6,23,426584.29000000004,0,0.6538461538461539,0.23076923076923078,0.0,0.0,0.0,0.0,426584.29000000004,1.0,0.0,0.09082808493674689,0.0,0.0,-0.021829521829521803,0.0,-0.2224532224532223,0.0,1,0
SUP007,2022-02,17,9,1.6470588235294117,28,0,0,210910.37,0,0.5294117647058824,0.0,0.0,0.0,0.0,0.0,210910.37,1.0,0.0,0.024062730592325735,0.0,0.0,0.0,0.0,0.0,0.0,0,0
SUP007,2022-03,18,5,0.8333333333333334,15,2,2,196316.41999999998,0,0.2777777777777778,0.1111111111111111,0.0,0.0,0.0,0.0,196316.41999999998,1.0,0.0,0.012964955408748091,0.0,0.0,-0.25163398692810457,0.0,-0.8137254901960783,0.0,1,0
SUP007,2022-04,20,11,1.6,32,3,19,200937.24,0,0.55,0.15,0.0,0.0,0.0,0.0,200937.24,1.0,0.0,0.012902058347113275,0.0,0.0,0.27222222222222225,0.0,0.7666666666666667,0.0,1,1
SUP007,2022-05,23,11,1.5217391304347827,35,1,2,167518.33,0,0.4782608695652174,0.043478260869565216,0.0,0.0,0.0,0.0,167518.33,1.0,0.0,0.009739590028417393,0.0,0.0,-0.07173913043478264,0.0,-0.07826086956521738,0.0,1,0
SUP007,2022-06,23,11,1.3478260869565217,31,3,10,239986.22999999998,0,0.4782608695652174,0.13043478260869565,0.0,0.0,0.0,0.0,239986.22999999998,1.0,0.0,0.014997640473316995,0.0,0.0,0.0,0.0,-0.17391304347826098,0.0,1,0
SUP007,2022-07,24,10,0.875,21,0,0,412136.73,0,0.4166666666666667,0.0,0.0,0.0,0.0,0.0,412136.73,1.0,0.0,0.02454593954593368,0.0,0.0,-0.06159420289855072,0.0,-0.47282608695652173,0.0,1,0
SUP007,2022-08,14,4,1.0,14,2,4,180721.82,0,0.2857142857142857,0.14285714285714285,0.0,0.0,0.0,0.0,180721.82,1.0,0.0,0.010819191810631491,0.0,0.0,-0.130952380952381,0.0,0.125,0.0,1,1
SUP007,2022-09,24,13,1.625,39,2,3,247670.93,0,0.5416666666666666,0.08333333333333333,0.0,0.0,0.0,0.0,247670.93,1.0,0.0,0.016086118375035825,0.0,0.0,0.25595238095238093,0.0,0.625,0.0,1,1
SUP007,2022-10,20,8,1.3,26,2,4,329151.31,0,0.4,0.1,0.0,0.0,0.0,0.0,329151.31,1.0,0.0,0.019905017119634466,0.0,0.0,-0.1416666666666666,0.0,-0.32499999999999996,0.0,1,0
SUP007,2022-11,19,10,1.1578947368421053,22,1,2,385513.29,0,0.5263157894736842,0.05263157894736842,0.0,0.0,0.0,0.0,385513.29,1.0,0.0,0.02497267411564864,0.0,0.0,0.12631578947368416,0.0,-0.14210526315789473,0.0,1,1
SUP007,2022-12,27,12,1.9259259259259258,52,0,0,432681.7,0,0.4444444444444444,0.0,0.0,0.0,0.0,0.0,432681.7,1.0,0.0,0.025068068303833135,0.0,0.0,-0.08187134502923976,0.0,0.7680311890838205,0.0,1,1
SUP007,2023-01,28,12,0.8928571428571429,25,2,4,367405.14,0,0.42857142857142855,0.07142857142857142,0.0,0.0,0.0,0.0,367405.14,1.0,0.0,0.02090211250798577,0.0,0.0,-0.015873015873015872,0.0,-1.0330687830687828,0.0,1,0
SUP007,2023-02,13,4,0.6153846153846154,8,1,3,241554.15,0,0.3076923076923077,0.07692307692307693,0.0,0.0,0.0,0.0,241554.15,1.0,0.0,0.016572058043404815,0.0,0.0,-0.12087912087912084,0.0,-0.2774725274725275,0.0,1,0
SUP007,2023-03,26,15,1.4615384615384615,38,0,0,332670.20999999996,0,0.5769230769230769,0.0,0.0,0.0,0.0,0.0,332670.20999999996,1.0,0.0,0.022818220038210144,0.0,0.0,0.26923076923076916,0.0,0.846153846153846,0.0,1,1
SUP007,2023-04,20,14,2.1,42,3,3,303693.41000000003,0,0.7,0.15,0.0,0.0,0.0,0.0,303693.41000000003,1.0,0.0,0.017044253699760318,0.0,0.0,0.12307692307692308,0.0,0.6384615384615386,0.0,1,1
SUP007,2023-05,27,11,1.3333333333333333,36,4,10,513115.8,0,0.4074074074074074,0.14814814814814814,0.0,0.0,0.0,0.0,513115.8,1.0,0.0,0.033026538510350416,0.0,0.0,-0.29259259259259257,0.0,-0.7666666666666668,0.0,1,0
SUP007,2023-06,22,10,0.8181818181818182,18,2,7,474420.63,0,0.45454545454545453,0.09090909090909091,0.0,1.0,1.0,0.045454545454545456,474420.63,1.0,0.0,0.0274946593338168,0.0,0.0,0.047138047138047146,0.045454545454545456,-0.515151515151515,0.0,1,1
SUP007,2023-07,24,7,0.875,21,5,21,251117.09,0,0.2916666666666667,0.20833333333333334,0.0,0.0,0.0,0.0,251117.09,1.0,0.0,0.014475036942322507,0.0,0.0,-0.16287878787878785,-0.045454545454545456,0.05681818181818177,0.0,1,1
SUP007,2023-08,22,14,1.5454545454545454,34,1,2,296458.66,0,0.6363636363636364,0.045454545454545456,0.0,0.0,0.0,0.0,296458.66,1.0,0.0,0.018409225229226826,0.0,0.0,0.34469696969696967,0.0,0.6704545454545454,0.0,1,1
SUP007,2023-09,24,11,1.4583333333333333,35,0,0,356318.21,0,0.4583333333333333,0.0,0.0,0.0,0.0,0.0,356318.21,1.0,0.0,0.023016135421616464,0.0,0.0,-0.17803030303030304,0.0,-0.08712121212121215,0.0,1,0
SUP007,2023-10,29,14,0.9655172413793104,28,1,1,679481.67,0,0.4827586206896552,0.034482758620689655,0.0,0.0,0.0,0.0,679481.67,1.0,0.0,0.03969287517620943,0.0,0.0,0.02442528735632188,0.0,-0.4928160919540229,0.0,1,1
SUP007,2023-11,24,11,0.875,21,1,2,326644.47,0,0.4583333333333333,0.041666666666666664,0.0,0.0,0.0,0.0,326644.47,1.0,0.0,0.021760493368173688,0.0,0.0,-0.02442528735632188,0.0,-0.09051724137931039,0.0,1,0
SUP007,2023-12,26,13,0.9230769230769231,24,1,1,303490.82,0,0.5,0.038461538461538464,0.0,0.0,0.0,0.0,303490.82,1.0,0.0,0.01809707435629602,0.0,0.0,0.041666666666666685,0.0,0.04807692307692313,0.0,1,1
SUP007,2024-01,20,11,1.55,31,2,6,229034.3,0,0.55,0.1,0.0,0.0,0.0,0.0,229034.3,1.0,0.0,0.014093166025723728,0.0,0.0,0.050000000000000044,0.0,0.6269230769230769,0.0,1,1
SUP007,2024-02,26,12,1.5769230769230769,41,4,23,465770.25,0,0.46153846153846156,0.15384615384615385,0.0,0.0,0.0,0.0,465770.25,1.0,0.0,0.03360137693126952,0.0,0.0,-0.08846153846153848,0.0,0.026923076923076827,0.0,1,1
SUP007,2024-03,24,9,0.875,21,2,6,358028.72,0,0.375,0.08333333333333333,0.0,0.0,0.0,0.0,358028.72,1.0,0.0,0.021723538543370727,0.0,0.0,-0.08653846153846156,0.0,-0.7019230769230769,0.0,1,0
SUP007,2024-04,19,10,1.631578947368421,31,0,0,301686.51,0,0.5263157894736842,0.0,0.0,0.0,0.0,0.0,301686.51,1.0,0.0,0.01925287700972983,0.0,0.0,0.15131578947368418,0.0,0.756578947368421,0.0,1,1
SUP007,2024-05,18,9,1.3333333333333333,24,1,9,227856.29,0,0.5,0.05555555555555555,0.0,0.0,0.0,0.0,227856.29,1.0,0.0,0.01425906668124245,0.0,0.0,-0.02631578947368418,0.0,-0.29824561403508776,0.0,1,0
SUP007,2024-06,32,15,1.4375,46,4,13,485462.93,0,0.46875,0.125,0.0,0.0,0.0,0.0,485462.93,1.0,0.0,0.03114887138511456,0.0,0.0,-0.03125,0.0,0.10416666666666674,0.0,1,1
SUP007,2024-07,31,16,1.6451612903225807,51,2,6,271284.86,0,0.5161290322580645,0.06451612903225806,0.0,0.0,0.0,0.0,271284.86,1.0,0.0,0.017100442257370736,0.0,0.0,0.0473790322580645,0.0,0.20766129032258074,0.0,1,1
SUP007,2024-08,32,11,0.8125,26,1,2,549910.38,0,0.34375,0.03125,0.0,0.0,0.0,0.0,549910.38,1.0,0.0,0.03586633472412362,0.0,0.0,-0.1723790322580645,0.0,-0.8326612903225807,0.0,1,0
SUP007,2024-09,19,5,1.105263157894737,21,1,5,318099.98,0,0.2631578947368421,0.05263157894736842,0.0,0.0,0.0,0.0,318099.98,1.0,0.0,0.020681762840470755,0.0,0.0,-0.08059210526315791,0.0,0.29276315789473695,0.0,1,1
SUP007,2024-10,23,10,1.2173913043478262,28,3,3,218976.78,0,0.43478260869565216,0.13043478260869565,0.0,0.0,0.0,0.0,218976.78,1.0,0.0,0.014456736238476103,0.0,0.0,0.17162471395881007,0.0,0.11212814645308922,0.0,1,1
SUP007,2024-11,21,13,2.142857142857143,45,2,10,296940.24,0,0.6190476190476191,0.09523809523809523,0.0,0.0,0.0,0.0,296940.24,1.0,0.0,0.019478528158602043,0.0,0.0,0.1842650103519669,0.0,0.9254658385093166,0.0,1,1
SUP007,2024-12,24,13,1.5416666666666667,37,1,3,411213.55,0,0.5416666666666666,0.041666666666666664,0.0,0.0,0.0,0.0,411213.55,1.0,0.0,0.024849607675845986,0.0,0.0,-0.07738095238095244,0.0,-0.601190476190476,0.0,1,0
SUP007,2025-01,28,15,1.2142857142857142,34,2,2,403229.31,0,0.5357142857142857,0.07142857142857142,0.0,1.0,1.0,0.03571428571428571,403229.31,1.0,0.0,0.024567264155702026,0.0,0.0,-0.005952380952380931,0.03571428571428571,-0.32738095238095255,0.0,1,1
SUP008,2022-01,2,1,1.0,2,0,0,167430.5,0,0.5,0.0,0.0,0.0,0.0,0.0,167430.5,1.0,0.0,0.1584555341766831,0.0,0.0,0.0,0.0,0.0,0.0,0,0
SUP008,2022-02,11,5,0.8181818181818182,9,1,4,333700.07999999996,0,0.45454545454545453,0.09090909090909091,0.0,0.0,0.0,0.0,333700.07999999996,1.0,0.0,0.03807178909068124,0.0,0.0,-0.04545454545454547,0.0,-0.18181818181818177,0.0,1,0
SUP008,2022-03,8,3,1.5,12,0,0,180253.83,0,0.375,0.0,0.0,0.0,0.0,0.0,180253.83,1.0,0.0,0.011904164043975837,0.0,0.0,-0.07954545454545453,0.0,0.6818181818181818,0.0,1,1
SUP008,2022-04,15,9,1.8,27,4,17,623342.25,0,0.6,0.26666666666666666,0.0,0.0,0.0,0.0,623342.25,1.0,0.0,0.04002442792446472,0.0,0.0,0.22499999999999998,0.0,0.30000000000000004,0.0,1,1
SUP008,2022-05,8,2,0.625,5,1,20,150677.08000000002,0,0.25,0.125,0.0,0.0,0.0,0.0,150677.08000000002,1.0,0.0,0.008760432281524356,0.0,0.0,-0.35,0.0,-1.175,0.0,1,0
SUP008,2022-06,17,5,1.0588235294117647,18,0,0,560057.53,0,0.29411764705882354,0.0,0.0,0.0,0.0,0.0,560057.53,1.0,0.0,0.03500009762774284,0.0,0.0,0.04411764705882354,0.0,0.4338235294117647,0.0,1,1
SUP008,2022-07,26,9,1.0384615384615385,27,4,24,961447.1599999999,0,0.34615384615384615,0.15384615384615385,0.0,0.0,0.0,0.0,961447.1599999999,1.0,0.0,0.057261637093033724,0.0,0.0,0.052036199095022606,0.0,-0.020361990950226172,0.0,1,1
SUP008,2022-08,14,11,1.5714285714285714,22,0,0,743832.6799999999,0,0.7857142857142857,0.0,0.0,0.0,0.0,0.0,743832.6799999999,1.0,0.0,0.04453069607165351,0.0,0.0,0.43956043956043955,0.0,0.5329670329670328,0.0,1,1
SUP008,2022-09,17,10,1.7647058823529411,30,2,4,335376.07,0,0.5882352941176471,0.11764705882352941,0.0,0.0,0.0,0.0,335376.07,1.0,0.0,0.021782528785975412,0.0,0.0,-0.19747899159663862,0.0,0.19327731092436973,0.0,1,1
SUP008,2022-10,18,8,1.5555555555555556,28,1,15,888646.31,0,0.4444444444444444,0.05555555555555555,0.0,0.0,0.0,0.0,888646.31,1.0,0.0,0.0537397831223883,0.0,0.0,-0.14379084967320266,0.0,-0.20915032679738554,0.0,1,0
SUP008,2022-11,16,11,2.0625,33,3,3,786472.91,0,0.6875,0.1875,0.0,0.0,0.0,0.0,786472.91,1.0,0.0,0.05094592635759941,0.0,0.0,0.24305555555555558,0.0,0.5069444444444444,0.0,1,1
SUP008,2022-12,17,9,1.1764705882352942,20,1,5,1064758.2,0,0.5294117647058824,0.058823529411764705,0.0,1.0,1.0,0.058823529411764705,1064758.2,1.0,0.0,0.06168837573825383,0.0,0.0,-0.15808823529411764,0.058823529411764705,-0.8860294117647058,0.0,1,1
SUP008,2023-01,18,6,0.7222222222222222,13,1,3,753975.11,0,0.3333333333333333,0.05555555555555555,0.0,0.0,0.0,0.0,753975.11,1.0,0.0,0.04289453483813793,0.0,0.0,-0.19607843137254904,-0.058823529411764705,-0.45424836601307195,0.0,1,0
SUP008,2023-02,17,2,0.35294117647058826,6,0,0,719409.5800000001,0,0.11764705882352941,0.0,0.0,0.0,0.0,0.0,719409.5800000001,1.0,0.0,0.04935579586085141,0.0,0.0,-0.2156862745098039,0.0,-0.36928104575163395,0.0,1,0
SUP008,2023-03,16,5,1.0,16,2,38,583839.75,0,0.3125,0.125,0.0,0.0,0.0,0.0,583839.75,1.0,0.0,0.04004621839314558,0.0,0.0,0.1948529411764706,0.0,0.6470588235294117,0.0,1,1
SUP008,2023-04,22,10,1.4090909090909092,31,1,3,1031718.34,0,0.45454545454545453,0.045454545454545456,0.0,2.0,3.0,0.09090909090909091,1031718.34,1.0,0.0,0.0579033609377812,0.0,0.0,0.14204545454545453,0.09090909090909091,0.40909090909090917,0.0,1,1
SUP008,2023-05,9,7,1.4444444444444444,13,0,0,215942.91,0,0.7777777777777778,0.0,0.0,0.0,0.0,0.0,215942.91,1.0,0.0,0.01389909808497835,0.0,0.0,0.32323232323232326,-0.09090909090909091,0.03535353535353525,0.0,1,1
SUP008,2023-06,14,6,1.5714285714285714,22,1,1,853012.0800000001,0,0.42857142857142855,0.07142857142857142,0.0,0.0,0.0,0.0,853012.0800000001,1.0,0.0,0.04943561696975632,0.0,0.0,-0.34920634920634924,0.0,0.12698412698412698,0.0,1,1
SUP008,2023-07,19,7,1.105263157894737,21,1,4,776661.86,0,0.3684210526315789,0.05263157894736842,0.0,1.0,1.0,0.05263157894736842,776661.86,1.0,0.0,0.04476879337520561,0.0,0.0,-0.06015037593984962,0.05263157894736842,-0.46616541353383445,0.0,1,1
SUP008,2023-08,11,3,0.36363636363636365,4,2,13,342177.2,0,0.2727272727272727,0.18181818181818182,0.0,1.0,1.0,0.09090909090909091,342177.2,1.0,0.0,0.021248214314623814,0.0,0.0,-0.09569377990430622,0.038277511961722493,-0.7416267942583733,0.0,1,1
SUP008,2023-09,16,3,0.625,10,0,0,751140.35,0,0.1875,0.0,0.0,0.0,0.0,0.0,751140.35,1.0,0.0,0.048519406336937944,0.0,0.0,-0.08522727272727271,-0.09090909090909091,0.26136363636363635,0.0,1,1
SUP008,2023-10,18,9,1.1111111111111112,20,1,8,665471.71,0,0.5,0.05555555555555555,0.0,0.0,0.0,0.0,665471.71,1.0,0.0,0.03887446370455974,0.0,0.0,0.3125,0.0,0.48611111111111116,0.0,1,1
SUP008,2023-11,13,5,1.0769230769230769,14,0,0,665341.27,0,0.38461538461538464,0.0,0.0,0.0,0.0,0.0,665341.27,1.0,0.0,0.04432389225327238,0.0,0.0,-0.11538461538461536,0.0,-0.03418803418803429,0.0,1,0
SUP008,2023-12,16,8,1.1875,19,2,8,611557.64,0,0.5,0.125,0.0,1.0,1.0,0.0625,611557.64,1.0,0.0,0.036467014337504225,0.0,0.0,0.11538461538461536,0.0625,0.11057692307692313,0.0,1,1
SUP008,2024-01,18,6,0.9444444444444444,17,2,5,423434.4,0,0.3333333333333333,0.1111111111111111,0.0,1.0,1.0,0.05555555555555555,423434.4,1.0,0.0,0.026055186058169942,0.0,0.0,-0.16666666666666669,-0.0069444444444444475,-0.24305555555555558,0.0,1,0
SUP008,2024-02,13,2,0.3076923076923077,4,1,2,436863.99,0,0.15384615384615385,0.07692307692307693,0.0,0.0,0.0,0.0,436863.99,1.0,0.0,0.0315160352033827,0.0,0.0,-0.17948717948717946,-0.05555555555555555,-0.6367521367521367,0.0,1,0
SUP008,2024-03,15,7,1.0666666666666667,16,1,1,590023.42,0,0.4666666666666667,0.06666666666666667,0.0,0.0,0.0,0.0,590023.42,1.0,0.0,0.035799911543022075,0.0,0.0,0.3128205128205128,0.0,0.7589743589743589,0.0,1,1
SUP008,2024-04,13,8,1.3846153846153846,18,0,0,291055.99,0,0.6153846153846154,0.0,0.0,0.0,0.0,0.0,291055.99,1.0,0.0,0.018574463864543214,0.0,0.0,0.14871794871794874,0.0,0.31794871794871793,0.0,1,1
SUP008,2024-05,17,8,0.6470588235294118,11,2,4,466130.86,0,0.47058823529411764,0.11764705882352941,0.0,0.0,0.0,0.0,466130.86,1.0,0.0,0.029170101097164745,0.0,0.0,-0.14479638009049778,0.0,-0.7375565610859728,0.0,1,0
SUP008,2024-06,21,9,1.1904761904761905,25,3,14,801315.31,0,0.42857142857142855,0.14285714285714285,0.0,0.0,0.0,0.0,801315.31,1.0,0.0,0.05141498142837231,0.0,0.0,-0.04201680672268909,0.0,0.5434173669467787,0.0,1,1
SUP008,2024-07,20,11,1.45,29,0,0,940541.5700000001,0,0.55,0.0,0.0,0.0,0.0,0.0,940541.5700000001,1.0,0.0,0.05928704170384524,0.0,0.0,0.1214285714285715,0.0,0.2595238095238095,0.0,1,1
SUP008,2024-08,19,10,1.2105263157894737,23,3,15,421269.48,0,0.5263157894736842,0.15789473684210525,0.0,0.0,0.0,0.0,421269.48,1.0,0.0,0.0274760992486403,0.0,0.0,-0.023684210526315863,0.0,-0.23947368421052628,0.0,1,0
SUP008,2024-09,12,6,1.0,12,1,1,687137.75,0,0.5,0.08333333333333333,0.0,0.0,0.0,0.0,687137.75,1.0,0.0,0.04467532498503987,0.0,0.0,-0.02631578947368418,0.0,-0.21052631578947367,0.0,1,0
SUP008,2024-10,18,7,0.7222222222222222,13,2,5,710901.21,0,0.3888888888888889,0.1111111111111111,0.0,1.0,1.0,0.05555555555555555,710901.21,1.0,0.0,0.04693333824976104,0.0,0.0,-0.1111111111111111,0.05555555555555555,-0.2777777777777778,0.0,1,1
SUP008,2024-11,15,6,1.4666666666666666,22,1,11,614149.85,0,0.4,0.06666666666666667,0.0,0.0,0.0,0.0,614149.85,1.0,0.0,0.040286675685404644,0.0,0.0,0.011111111111111127,-0.05555555555555555,0.7444444444444444,0.0,1,1
SUP008,2024-12,29,17,1.6206896551724137,47,4,11,839191.9299999999,0,0.5862068965517241,0.13793103448275862,0.0,0.0,0.0,0.0,839191.9299999999,1.0,0.0,0.05071231292168268,0.0,0.0,0.18620689655172407,0.0,0.15402298850574714,0.0,1,1
SUP008,2025-01,17,7,0.8823529411764706,15,1,4,586193.79,0,0.4117647058823529,0.058823529411764705,0.0,1.0,1.0,0.058823529411764705,586193.79,1.0,0.0,0.03571461034259172,0.0,0.0,-0.17444219066937117,0.058823529411764705,-0.7383367139959431,0.0,1,1
SUP008,2025-02,2,0,0.0,0,0,0,278073.62,0,0.0,0.0,0.0,0.0,0.0,0.0,278073.62,1.0,0.0,0.05920727736135964,0.0,0.0,-0.4117647058823529,-0.058823529411764705,-0.8823529411764706,0.0,1,0
SUP009,2022-02,8,4,1.125,9,1,1,132568.3,0,0.5,0.125,0.0,0.0,0.0,0.0,132568.3,1.0,0.0,0.01512469627729834,0.0,0.0,0.0,0.0,0.0,0.0,0,0
SUP009,2022-03,18,11,1.6666666666666667,30,4,12,230514.40999999997,0,0.6111111111111112,0.2222222222222222,0.0,0.0,0.0,0.0,230514.40999999997,1.0,0.0,0.015223428823344858,0.0,0.0,0.11111111111111116,0.0,0.5416666666666667,0.0,1,1
SUP009,2022-04,13,10,3.4615384615384617,45,0,0,236368.86,0,0.7692307692307693,0.0,0.0,0.0,0.0,0.0,236368.86,1.0,0.0,0.015177101184233687,0.0,0.0,0.1581196581196581,0.0,1.794871794871795,0.0,1,1
SUP009,2022-05,23,15,2.0,46,4,16,270045.18,0,0.6521739130434783,0.17391304347826086,0.0,1.0,1.0,0.043478260869565216,270045.18,1.0,0.0,0.015700546575113182,0.0,0.0,-0.117056856187291,0.043478260869565216,-1.4615384615384617,0.0,1,1
SUP009,2022-06,20,14,2.3,46,2,16,239607.31,0,0.7,0.1,0.0,1.0,1.0,0.05,239607.31,1.0,0.0,0.014973960339968723,0.0,0.0,0.047826086956521685,0.006521739130434787,0.2999999999999998,0.0,1,1
SUP009,2022-07,19,17,2.3684210526315788,45,0,0,152373.87,0,0.8947368421052632,0.0,0.0,1.0,1.0,0.05263157894736842,152373.87,1.0,0.0,0.009075046044549239,0.0,0.0,0.1947368421052632,0.0026315789473684154,0.06842105263157894,0.0,1,1
SUP009,2022-08,18,17,3.888888888888889,70,5,22,233140.18999999997,0,0.9444444444444444,0.2777777777777778,0.0,1.0,1.0,0.05555555555555555,233140.18999999997,1.0,0.0,0.013957298761029904,0.0,0.0,0.049707602339181256,0.0029239766081871343,1.52046783625731,0.0,1,1
SUP009,2022-09,14,12,2.2857142857142856,32,3,19,220257.78999999998,0,0.8571428571428571,0.21428571428571427,0.0,0.0,0.0,0.0,220257.78999999998,1.0,0.0,0.014305646944370021,0.0,0.0,-0.08730158730158732,-0.05555555555555555,-1.6031746031746033,0.0,1,0
SUP009,2022-10,20,11,1.85,37,2,20,327388.62,0,0.55,0.1,0.0,0.0,0.0,0.0,327388.62,1.0,0.0,0.01979842062871785,0.0,0.0,-0.30714285714285705,0.0,-0.4357142857142855,0.0,1,0
SUP009,2022-11,18,11,1.8888888888888888,34,7,31,175747.63999999998,0,0.6111111111111112,0.3888888888888889,0.0,0.0,0.0,0.0,175747.63999999998,1.0,0.0,0.01138453239916667,0.0,0.0,0.061111111111111116,0.0,0.03888888888888875,0.0,1,1
SUP009,2022-12,17,10,2.5294117647058822,43,6,16,138197.43,0,0.5882352941176471,0.35294117647058826,0.0,0.0,0.0,0.0,138197.43,1.0,0.0,0.008006676997557785,0.0,0.0,-0.022875816993464082,0.0,0.6405228758169934,0.0,1,1
SUP009,2023-01,18,12,2.2222222222222223,40,3,16,264607.33999999997,0,0.6666666666666666,0.16666666666666666,0.0,0.0,0.0,0.0,264607.33999999997,1.0,0.0,0.015053824209206331,0.0,0.0,0.07843137254901955,0.0,-0.3071895424836599,0.0,1,1
SUP009,2023-02,21,13,1.619047619047619,34,2,11,276233.88,0,0.6190476190476191,0.09523809523809523,0.0,0.0,0.0,0.0,276233.88,1.0,0.0,0.01895129474246218,0.0,0.0,-0.04761904761904756,0.0,-0.6031746031746033,0.0,1,0
SUP009,2023-03,13,11,2.3846153846153846,31,3,3,119069.25,0,0.8461538461538461,0.23076923076923078,0.0,0.0,0.0,0.0,119069.25,1.0,0.0,0.008167092407476623,0.0,0.0,0.22710622710622708,0.0,0.7655677655677655,0.0,1,1
SUP009,2023-04,16,11,2.875,46,1,2,295555.88,0,0.6875,0.0625,0.0,0.0,0.0,0.0,295555.88,1.0,0.0,0.016587549269429045,0.0,0.0,-0.15865384615384615,0.0,0.4903846153846154,0.0,1,1
SUP009,2023-05,21,15,2.380952380952381,50,3,11,268822.97,0,0.7142857142857143,0.14285714285714285,0.0,0.0,0.0,0.0,268822.97,1.0,0.0,0.01730270666226176,0.0,0.0,0.0267857142857143,0.0,-0.49404761904761907,0.0,1,1
SUP009,2023-06,20,8,1.55,31,3,14,373243.48,0,0.4,0.15,0.0,1.0,3.0,0.05,373243.48,1.0,0.0,0.021631020411503315,0.0,0.0,-0.3142857142857143,0.05,-0.8309523809523809,0.0,1,1
SUP009,2023-07,22,16,2.227272727272727,49,2,2,290664.44,0,0.7272727272727273,0.09090909090909091,0.0,2.0,5.0,0.09090909090909091,290664.44,1.0,0.0,0.016754648227324885,0.0,0.0,0.32727272727272727,0.04090909090909091,0.677272727272727,0.0,1,1
SUP009,2023-08,19,13,1.736842105263158,33,6,30,165671.3,0,0.6842105263157895,0.3157894736842105,0.0,0.0,0.0,0.0,165671.3,1.0,0.0,0.010287708497767636,0.0,0.0,-0.0430622009569378,-0.09090909090909091,-0.4904306220095691,0.0,1,0
SUP009,2023-09,18,10,2.3333333333333335,42,5,26,156818.47999999998,0,0.5555555555555556,0.2777777777777778,0.0,0.0,0.0,0.0,156818.47999999998,1.0,0.0,0.010129584374293002,0.0,0.0,-0.1286549707602339,0.0,0.5964912280701755,0.0,1,1
SUP009,2023-10,23,17,1.9130434782608696,44,3,10,273832.57,0,0.7391304347826086,0.13043478260869565,0.0,0.0,0.0,0.0,273832.57,1.0,0.0,0.015996313808127643,0.0,0.0,0.18357487922705307,0.0,-0.42028985507246386,0.0,1,1
SUP009,2023-11,14,8,1.7142857142857142,24,3,15,305685.54,0,0.5714285714285714,0.21428571428571427,0.0,1.0,1.0,0.07142857142857142,305685.54,1.0,0.0,0.02036424546209704,0.0,0.0,-0.16770186335403725,0.07142857142857142,-0.19875776397515543,0.0,1,1
SUP009,2023-12,10,6,1.9,19,0,0,163061.72999999998,0,0.6,0.0,0.0,0.0,0.0,0.0,163061.72999999998,1.0,0.0,0.009723326235950944,0.0,0.0,0.02857142857142858,-0.07142857142857142,0.18571428571428572,0.0,1,1
SUP009,2024-01,22,17,3.4545454545454546,76,4,10,263740.87,0,0.7727272727272727,0.18181818181818182,0.0,0.0,0.0,0.0,263740.87,1.0,0.0,0.016228765161719526,0.0,0.0,0.17272727272727273,0.0,1.5545454545454547,0.0,1,1
SUP009,2024-02,22,14,2.0454545454545454,45,0,0,300502.45999999996,0,0.6363636363636364,0.0,0.0,0.0,0.0,0.0,300502.45999999996,1.0,0.0,0.02167870624462112,0.0,0.0,-0.13636363636363635,0.0,-1.4090909090909092,0.0,1,0
SUP009,2024-03,17,10,1.9411764705882353,33,2,5,149415.91999999998,0,0.5882352941176471,0.11764705882352941,0.0,0.0,0.0,0.0,149415.91999999998,1.0,0.0,0.00906587185830566,0.0,0.0,-0.048128342245989275,0.0,-0.10427807486631013,0.0,1,0
SUP009,2024-04,13,5,1.3076923076923077,17,3,12,113590.87999999999,0,0.38461538461538464,0.23076923076923078,0.0,1.0,1.0,0.07692307692307693,113590.87999999999,1.0,0.0,0.007249085290777435,0.0,0.0,-0.20361990950226244,0.07692307692307693,-0.6334841628959276,0.0,1,1
SUP009,2024-05,24,16,1.7083333333333333,41,4,8,379246.36,0,0.6666666666666666,0.16666666666666666,0.0,0.0,0.0,0.0,379246.36,1.0,0.0,0.023732937703227236,0.0,0.0,0.282051282051282,-0.07692307692307693,0.40064102564102555,0.0,1,1
SUP009,2024-06,14,11,2.9285714285714284,41,2,14,323445.49,0,0.7857142857142857,0.14285714285714285,0.0,0.0,0.0,0.0,323445.49,1.0,0.0,0.02075330853399117,0.0,0.0,0.11904761904761907,0.0,1.2202380952380951,0.0,1,1
SUP009,2024-07,22,18,3.3181818181818183,73,1,9,236461.25999999998,0,0.8181818181818182,0.045454545454545456,0.0,0.0,0.0,0.0,236461.25999999998,1.0,0.0,0.014905336489235442,0.0,0.0,0.032467532467532534,0.0,0.38961038961038996,0.0,1,1
SUP009,2024-08,16,15,2.6875,43,3,15,129611.59999999999,0,0.9375,0.1875,0.0,1.0,1.0,0.0625,129611.59999999999,1.0,0.0,0.008453546611957427,0.0,0.0,0.11931818181818177,0.0625,-0.6306818181818183,0.0,1,1
SUP009,2024-09,17,15,2.823529411764706,48,5,14,275467.56,0,0.8823529411764706,0.29411764705882354,0.0,0.0,0.0,0.0,275467.56,1.0,0.0,0.017909950029431465,0.0,0.0,-0.05514705882352944,-0.0625,0.13602941176470607,0.0,1,1
SUP009,2024-10,17,13,3.588235294117647,61,0,0,228229.72,0,0.7647058823529411,0.0,0.0,0.0,0.0,0.0,228229.72,1.0,0.0,0.015067610656350204,0.0,0.0,-0.11764705882352944,0.0,0.7647058823529411,0.0,1,1
SUP009,2024-11,19,12,2.0526315789473686,39,2,2,189137.22,0,0.631578947368421,0.10526315789473684,0.0,0.0,0.0,0.0,189137.22,1.0,0.0,0.01240692290681017,0.0,0.0,-0.1331269349845201,0.0,-1.5356037151702786,0.0,1,0
SUP009,2024-12,17,12,2.5294117647058822,43,0,0,283989.12,0,0.7058823529411765,0.0,0.0,1.0,1.0,0.058823529411764705,283989.12,1.0,0.0,0.017161443771025412,0.0,0.0,0.0743034055727555,0.058823529411764705,0.47678018575851366,0.0,1,1
SUP009,2025-01,18,16,2.611111111111111,47,1,1,327258.27999999997,0,0.8888888888888888,0.05555555555555555,0.0,0.0,0.0,0.0,327258.27999999997,1.0,0.0,0.01993863147473257,0.0,0.0,0.18300653594771232,-0.058823529411764705,0.08169934640522891,0.0,1,1
SUP009,2025-02,8,7,3.125,25,1,1,95024.81999999999,0,0.875,0.125,0.0,0.0,0.0,0.0,95024.81999999999,1.0,0.0,0.020232630747042006,0.0,0.0,-0.01388888888888884,0.0,0.5138888888888888,0.0,1,1
SUP010,2022-01,4,0,0.0,0,0,0,99081.48,0,0.0,0.0,0.0,0.0,0.0,0.0,99081.48,1.0,0.0,0.09377030374045554,0.0,0.0,0.0,0.0,0.0,0.0,0,0
SUP010,2022-02,21,15,2.0952380952380953,44,2,10,457943.07999999996,0,0.7142857142857143,0.09523809523809523,0.0,0.0,0.0,0.0,457943.07999999996,1.0,0.0,0.052246653214158556,0.0,0.0,0.7142857142857143,0.0,2.0952380952380953,0.0,1,1
SUP010,2022-03,19,6,1.2105263157894737,23,3,12,235212.43,0,0.3157894736842105,0.15789473684210525,0.0,0.0,0.0,0.0,235212.43,1.0,0.0,0.015533691305766893,0.0,0.0,-0.3984962406015038,0.0,-0.8847117794486217,0.0,1,0
SUP010,2022-04,29,19,2.206896551724138,64,1,1,545875.22,0,0.6551724137931034,0.034482758620689655,0.0,0.0,0.0,0.0,545875.22,1.0,0.0,0.035050316898367344,0.0,0.0,0.3393829401088929,0.0,0.9963702359346642,0.0,1,1
SUP010,2022-05,34,15,1.0294117647058822,35,3,5,485642.61,0,0.4411764705882353,0.08823529411764706,0.0,0.0,0.0,0.0,485642.61,1.0,0.0,0.028235476808601164,0.0,0.0,-0.21399594320486814,0.0,-1.1774847870182557,0.0,1,0
SUP010,2022-06,25,13,1.24,31,3,9,408633.01,0,0.52,0.12,0.0,0.0,0.0,0.0,408633.01,1.0,0.0,0.025537010892288898,0.0,0.0,0.07882352941176474,0.0,0.21058823529411774,0.0,1,1
SUP010,2022-07,24,10,0.7916666666666666,19,1,5,362652.97,0,0.4166666666666667,0.041666666666666664,0.0,0.0,0.0,0.0,362652.97,1.0,0.0,0.02159879775280718,0.0,0.0,-0.10333333333333333,0.0,-0.44833333333333336,0.0,1,0
SUP010,2022-08,26,12,1.6153846153846154,42,3,9,407817.51,0,0.46153846153846156,0.11538461538461539,0.0,1.0,1.0,0.038461538461538464,407817.51,1.0,0.0,0.024414627212276448,0.0,0.0,0.04487179487179488,0.038461538461538464,0.8237179487179488,0.0,1,1
SUP010,2022-09,31,13,1.096774193548387,34,6,20,501189.31,0,0.41935483870967744,0.1935483870967742,0.0,0.0,0.0,0.0,501189.31,1.0,0.0,0.03255202606524119,0.0,0.0,-0.04218362282878413,-0.038461538461538464,-0.5186104218362284,0.0,1,0
SUP010,2022-10,25,10,1.24,31,0,0,574816.7,0,0.4,0.0,0.0,0.0,0.0,0.0,574816.7,1.0,0.0,0.034761326801803674,0.0,0.0,-0.019354838709677413,0.0,0.14322580645161298,0.0,1,1
SUP010,2022-11,21,8,1.380952380952381,29,3,6,439089.91,0,0.38095238095238093,0.14285714285714285,0.0,0.0,0.0,0.0,439089.91,1.0,0.0,0.028443245704705775,0.0,0.0,-0.01904761904761909,0.0,0.14095238095238094,0.0,1,1
SUP010,2022-12,38,17,1.763157894736842,67,3,8,566797.16,0,0.4473684210526316,0.07894736842105263,0.0,1.0,1.0,0.02631578947368421,566797.16,1.0,0.0,0.032838250199392856,0.0,0.0,0.06641604010025065,0.02631578947368421,0.3822055137844611,0.0,1,1
SUP010,2023-01,29,9,0.8620689655172413,25,2,5,471472.48,0,0.3103448275862069,0.06896551724137931,0.0,0.0,0.0,0.0,471472.48,1.0,0.0,0.026822626437341266,0.0,0.0,-0.13702359346642468,-0.02631578947368421,-0.9010889292196007,0.0,1,0
SUP010,2023-02,24,14,1.8333333333333333,44,3,17,398300.32,0,0.5833333333333334,0.125,0.0,0.0,0.0,0.0,398300.32,1.0,0.0,0.027325781907480005,0.0,0.0,0.27298850574712646,0.0,0.9712643678160919,0.0,1,1
SUP010,2023-03,24,11,1.875,45,2,6,449208.72,0,0.4583333333333333,0.08333333333333333,0.0,0.0,0.0,0.0,449208.72,1.0,0.0,0.03081172617182263,0.0,0.0,-0.12500000000000006,0.0,0.04166666666666674,0.0,1,1
SUP010,2023-04,26,9,0.8461538461538461,22,0,0,534578.88,0,0.34615384615384615,0.0,0.0,0.0,0.0,0.0,534578.88,1.0,0.0,0.030002290972509827,0.0,0.0,-0.11217948717948717,0.0,-1.0288461538461537,0.0,1,0
SUP010,2023-05,26,12,1.3461538461538463,35,1,2,332236.66,0,0.46153846153846156,0.038461538461538464,0.0,1.0,1.0,0.038461538461538464,332236.66,1.0,0.0,0.02138430905078385,0.0,0.0,0.11538461538461542,0.038461538461538464,0.5000000000000001,0.0,1,1
SUP010,2023-06,22,11,1.1363636363636365,25,1,1,291287.51,0,0.5,0.045454545454545456,0.0,0.0,0.0,0.0,291287.51,1.0,0.0,0.016881329244990365,0.0,0.0,0.038461538461538436,-0.038461538461538464,-0.2097902097902098,0.0,1,1
SUP010,2023-07,18,6,0.8888888888888888,16,2,8,290714.04,0,0.3333333333333333,0.1111111111111111,0.0,0.0,0.0,0.0,290714.04,1.0,0.0,0.01675750729929143,0.0,0.0,-0.16666666666666669,0.0,-0.24747474747474763,0.0,1,0
SUP010,2023-08,30,15,1.2666666666666666,38,1,1,587830.31,0,0.5,0.03333333333333333,0.0,0.0,0.0,0.0,587830.31,1.0,0.0,0.03650256185248975,0.0,0.0,0.16666666666666669,0.0,0.37777777777777777,0.0,1,1
SUP010,2023-09,20,12,1.6,32,2,8,366652.48,0,0.6,0.1,0.0,0.0,0.0,0.0,366652.48,1.0,0.0,0.023683670650319896,0.0,0.0,0.09999999999999998,0.0,0.3333333333333335,0.0,1,1
SUP010,2023-10,27,12,1.3703703703703705,37,2,6,427131.23,0,0.4444444444444444,0.07407407407407407,0.0,0.0,0.0,0.0,427131.23,1.0,0.0,0.024951470134949777,0.0,0.0,-0.15555555555555556,0.0,-0.22962962962962963,0.0,1,0
SUP010,2023-11,30,12,1.3333333333333333,40,2,3,345513.76,0,0.4,0.06666666666666667,0.0,1.0,1.0,0.03333333333333333,345513.76,1.0,0.0,0.023017533047759102,0.0,0.0,-0.0444444444444444,0.03333333333333333,-0.0370370370370372,0.0,1,1
SUP010,2023-12,27,6,0.7037037037037037,19,2,6,304345.66,0,0.2222222222222222,0.07407407407407407,0.0,0.0,0.0,0.0,304345.66,1.0,0.0,0.01814804823103377,0.0,0.0,-0.1777777777777778,-0.03333333333333333,-0.6296296296296295,0.0,1,0
SUP010,2024-01,22,8,0.7727272727272727,17,4,14,226100.95,0,0.36363636363636365,0.18181818181818182,0.0,0.0,0.0,0.0,226100.95,1.0,0.0,0.013912668220104412,0.0,0.0,0.14141414141414144,0.0,0.06902356902356899,0.0,1,1
SUP010,2024-02,28,8,0.9285714285714286,26,2,5,420111.21,0,0.2857142857142857,0.07142857142857142,0.0,1.0,1.0,0.03571428571428571,420111.21,1.0,0.0,0.030307464077539786,0.0,0.0,-0.07792207792207795,0.03571428571428571,0.1558441558441559,0.0,1,1
SUP010,2024-03,21,12,1.4285714285714286,30,4,23,281869.94,0,0.5714285714285714,0.19047619047619047,0.0,0.0,0.0,0.0,281869.94,1.0,0.0,0.01710257351926291,0.0,0.0,0.2857142857142857,-0.03571428571428571,0.5,0.0,1,1
SUP010,2024-04,24,9,0.9583333333333334,23,3,13,463914.81,0,0.375,0.125,0.0,1.0,1.0,0.041666666666666664,463914.81,1.0,0.0,0.029605880554361485,0.0,0.0,-0.1964285714285714,0.041666666666666664,-0.47023809523809523,0.0,1,1
SUP010,2024-05,22,11,1.6363636363636365,36,3,8,404000.86,0,0.5,0.13636363636363635,0.0,0.0,0.0,0.0,404000.86,1.0,0.0,0.02528205476363762,0.0,0.0,0.125,-0.041666666666666664,0.6780303030303031,0.0,1,1
SUP010,2024-06,29,10,0.7931034482758621,23,0,0,569767.66,0,0.3448275862068966,0.0,0.0,0.0,0.0,0.0,569767.66,1.0,0.0,0.03655813547027717,0.0,0.0,-0.15517241379310343,0.0,-0.8432601880877744,0.0,1,0
SUP010,2024-07,32,12,1.25,40,0,0,576741.34,0,0.375,0.0,0.0,1.0,1.0,0.03125,576741.34,1.0,0.0,0.03635489272091565,0.0,0.0,0.030172413793103425,0.03125,0.4568965517241379,0.0,1,1
SUP010,2024-08,30,15,1.1666666666666667,35,2,7,598761.59,0,0.5,0.06666666666666667,0.0,0.0,0.0,0.0,598761.59,1.0,0.0,0.039052515442404394,0.0,0.0,0.125,-0.03125,-0.08333333333333326,0.0,1,1
SUP010,2024-09,29,10,0.9310344827586207,27,2,5,365947.82,0,0.3448275862068966,0.06896551724137931,0.0,0.0,0.0,0.0,365947.82,1.0,0.0,0.023792664259920045,0.0,0.0,-0.15517241379310343,0.0,-0.23563218390804608,0.0,1,0
SUP010,2024-10,28,14,1.7142857142857142,48,1,5,449371.68,0,0.5,0.03571428571428571,0.0,0.0,0.0,0.0,449371.68,1.0,0.0,0.02966729098309367,0.0,0.0,0.15517241379310343,0.0,0.7832512315270935,0.0,1,1
SUP010,2024-11,25,7,0.88,22,4,33,387637.31,0,0.28,0.16,0.0,1.0,1.0,0.04,387637.31,1.0,0.0,0.025428026387261455,0.0,0.0,-0.21999999999999997,0.04,-0.8342857142857142,0.0,1,1
SUP010,2024-12,26,9,0.9230769230769231,24,3,13,450010.06,0,0.34615384615384615,0.11538461538461539,0.0,0.0,0.0,0.0,450010.06,1.0,0.0,0.027194078213580056,0.0,0.0,0.06615384615384612,-0.04,0.043076923076923124,0.0,1,1
SUP010,2025-01,14,10,2.142857142857143,30,1,1,142553.63999999998,0,0.7142857142857143,0.07142857142857142,0.0,0.0,0.0,0.0,142553.63999999998,1.0,0.0,0.008685263802467261,0.0,0.0,0.36813186813186816,0.0,1.2197802197802197,0.0,1,1
SUP011,2022-01,1,0,0.0,0,1,3,19204.7,0,0.0,1.0,0.0,0.0,0.0,0.0,19204.7,1.0,0.0,0.018175248817885306,0.0,0.0,0.0,0.0,0.0,0.0,0,0
SUP011,2022-02,6,0,0.0,0,1,3,128562.44,0,0.0,0.16666666666666666,0.0,0.0,0.0,0.0,128562.44,1.0,0.0,0.01466766834656846,0.0,0.0,0.0,0.0,0.0,0.0,1,0
SUP011,2022-03,22,11,1.7727272727272727,39,3,12,574541.25,0,0.5,0.13636363636363635,0.0,0.0,0.0,0.0,574541.25,1.0,0.0,0.037943345170701415,0.0,0.0,0.5,0.0,1.7727272727272727,0.0,1,1
SUP011,2022-04,13,4,0.8461538461538461,11,1,1,533235.98,0,0.3076923076923077,0.07692307692307693,0.0,0.0,0.0,0.0,533235.98,1.0,0.0,0.034238758961455465,0.0,0.0,-0.1923076923076923,0.0,-0.9265734265734266,0.0,1,0
SUP011,2022-05,18,3,0.9444444444444444,17,2,9,533799.71,0,0.16666666666666666,0.1111111111111111,0.0,0.0,0.0,0.0,533799.71,1.0,0.0,0.031035351968277714,0.0,0.0,-0.14102564102564105,0.0,0.09829059829059827,0.0,1,1
SUP011,2022-06,16,8,1.375,22,2,6,333364.63,0,0.5,0.125,0.0,0.0,0.0,0.0,333364.63,1.0,0.0,0.0208332072521842,0.0,0.0,0.33333333333333337,0.0,0.4305555555555556,0.0,1,1
SUP011,2022-07,15,5,0.7333333333333333,11,2,4,489253.73000000004,0,0.3333333333333333,0.13333333333333333,0.0,0.0,0.0,0.0,489253.73000000004,1.0,0.0,0.029138855154216808,0.0,0.0,-0.16666666666666669,0.0,-0.6416666666666667,0.0,1,0
SUP011,2022-08,19,8,1.105263157894737,21,0,0,574170.1,0,0.42105263157894735,0.0,0.0,0.0,0.0,0.0,574170.1,1.0,0.0,0.03437358280161999,0.0,0.0,0.08771929824561403,0.0,0.37192982456140367,0.0,1,1
SUP011,2022-09,9,5,1.5555555555555556,14,1,2,346612.68,0,0.5555555555555556,0.1111111111111111,0.0,0.0,0.0,0.0,346612.68,1.0,0.0,0.022512341681635434,0.0,0.0,0.13450292397660824,0.0,0.45029239766081863,0.0,1,1
SUP011,2022-10,23,9,0.782608695652174,18,3,18,921191.24,0,0.391304347826087,0.13043478260869565,0.0,1.0,1.0,0.043478260869565216,921191.24,1.0,0.0,0.05570789738815654,0.0,0.0,-0.1642512077294686,0.043478260869565216,-0.7729468599033816,0.0,1,1
SUP011,2022-11,12,4,0.5,6,0,0,397213.89,0,0.3333333333333333,0.0,0.0,0.0,0.0,0.0,397213.89,1.0,0.0,0.025730612371830573,0.0,0.0,-0.05797101449275366,-0.043478260869565216,-0.28260869565217395,0.0,1,0
SUP011,2022-12,11,5,0.9090909090909091,10,2,15,382243.78,0,0.45454545454545453,0.18181818181818182,0.0,0.0,0.0,0.0,382243.78,1.0,0.0,0.022145871169858507,0.0,0.0,0.12121212121212122,0.0,0.40909090909090906,0.0,1,1
SUP011,2023-01,9,3,0.8888888888888888,8,3,5,433707.63,0,0.3333333333333333,0.3333333333333333,0.0,0.0,0.0,0.0,433707.63,1.0,0.0,0.024674139501237962,0.0,0.0,-0.12121212121212122,0.0,-0.02020202020202022,0.0,1,0
SUP011,2023-02,16,9,1.6875,27,1,4,532881.33,0,0.5625,0.0625,0.0,0.0,0.0,0.0,532881.33,1.0,0.0,0.03655884335254333,0.0,0.0,0.22916666666666669,0.0,0.7986111111111112,0.0,1,1
SUP011,2023-03,15,5,1.2,18,2,6,592209.04,0,0.3333333333333333,0.13333333333333333,0.0,0.0,0.0,0.0,592209.04,1.0,0.0,0.04062027731108594,0.0,0.0,-0.22916666666666669,0.0,-0.48750000000000004,0.0,1,0
SUP011,2023-04,17,7,1.7647058823529411,30,2,6,339589.78,0,0.4117647058823529,0.11764705882352941,0.0,1.0,1.0,0.058823529411764705,339589.78,1.0,0.0,0.019058873764056294,0.0,0.0,0.0784313725490196,0.058823529411764705,0.5647058823529412,0.0,1,1
SUP011,2023-05,22,5,0.4090909090909091,9,0,0,695012.18,0,0.22727272727272727,0.0,0.0,1.0,1.0,0.045454545454545456,695012.18,1.0,0.0,0.044734242305406687,0.0,0.0,-0.18449197860962566,-0.01336898395721925,-1.355614973262032,0.0,1,0
SUP011,2023-06,18,9,1.3888888888888888,25,0,0,397356.17,0,0.5,0.0,0.0,0.0,0.0,0.0,397356.17,1.0,0.0,0.023028451626018444,0.0,0.0,0.2727272727272727,-0.045454545454545456,0.9797979797979797,0.0,1,1
SUP011,2023-07,21,13,2.0476190476190474,43,3,8,830464.01,0,0.6190476190476191,0.14285714285714285,0.0,1.0,1.0,0.047619047619047616,830464.01,1.0,0.0,0.04787008810917364,0.0,0.0,0.11904761904761907,0.047619047619047616,0.6587301587301586,0.0,1,1
SUP011,2023-08,9,6,2.6666666666666665,24,2,9,456366.1500000001,0,0.6666666666666666,0.2222222222222222,0.0,0.0,0.0,0.0,456366.1500000001,1.0,0.0,0.028339017798788935,0.0,0.0,0.04761904761904756,-0.047619047619047616,0.6190476190476191,0.0,1,1
SUP011,2023-09,16,5,0.5,8,2,7,576428.96,0,0.3125,0.125,0.0,1.0,1.0,0.0625,576428.96,1.0,0.0,0.037234041460585295,0.0,0.0,-0.35416666666666663,0.0625,-2.1666666666666665,0.0,1,1
SUP011,2023-10,18,8,2.2777777777777777,41,3,10,752437.59,0,0.4444444444444444,0.16666666666666666,0.0,0.0,0.0,0.0,752437.59,1.0,0.0,0.0439546976120163,0.0,0.0,0.13194444444444442,-0.0625,1.7777777777777777,0.0,1,1
SUP011,2023-11,13,7,1.6923076923076923,22,0,0,516159.4,0,0.5384615384615384,0.0,0.0,1.0,1.0,0.07692307692307693,516159.4,1.0,0.0,0.03438565239025939,0.0,0.0,0.09401709401709402,0.07692307692307693,-0.5854700854700854,0.0,1,1
SUP011,2023-12,12,8,1.6666666666666667,20,0,0,455394.23,0,0.6666666666666666,0.0,0.0,0.0,0.0,0.0,455394.23,1.0,0.0,0.027155033031108396,0.0,0.0,0.1282051282051282,-0.07692307692307693,-0.02564102564102555,0.0,1,1
SUP011,2024-01,22,9,1.0,22,2,10,866825.98,0,0.4090909090909091,0.09090909090909091,0.0,0.0,0.0,0.0,866825.98,1.0,0.0,0.053338397137680585,0.0,0.0,-0.2575757575757575,0.0,-0.6666666666666667,0.0,1,0
SUP011,2024-02,16,4,0.375,6,3,23,510097.8,0,0.25,0.1875,0.0,0.0,0.0,0.0,510097.8,1.0,0.0,0.03679923406359967,0.0,0.0,-0.15909090909090912,0.0,-0.625,0.0,1,0
SUP011,2024-03,18,11,2.0555555555555554,37,1,1,415675.15,0,0.6111111111111112,0.05555555555555555,0.0,0.0,0.0,0.0,415675.15,1.0,0.0,0.025221259184309043,0.0,0.0,0.36111111111111116,0.0,1.6805555555555554,0.0,1,1
SUP011,2024-04,18,8,1.6111111111111112,29,0,0,845628.3,0,0.4444444444444444,0.0,0.0,0.0,0.0,0.0,845628.3,1.0,0.0,0.053965878871570755,0.0,0.0,-0.16666666666666674,0.0,-0.4444444444444442,0.0,1,0
SUP011,2024-05,22,9,1.0454545454545454,23,1,1,1005435.39,0,0.4090909090909091,0.045454545454545456,0.0,0.0,0.0,0.0,1005435.39,1.0,0.0,0.06291935267484171,0.0,0.0,-0.035353535353535304,0.0,-0.5656565656565657,0.0,1,0
SUP011,2024-06,17,13,1.7647058823529411,30,0,0,610360.37,0,0.7647058823529411,0.0,0.0,0.0,0.0,0.0,610360.37,1.0,0.0,0.03916269500474719,0.0,0.0,0.355614973262032,0.0,0.7192513368983957,0.0,1,1
SUP011,2024-07,17,3,0.35294117647058826,6,1,5,516450.79000000004,0,0.17647058823529413,0.058823529411764705,0.0,0.0,0.0,0.0,516450.79000000004,1.0,0.0,0.03255447765558499,0.0,0.0,-0.588235294117647,0.0,-1.4117647058823528,0.0,1,0
SUP011,2024-08,13,7,1.3846153846153846,18,0,0,239346.68,0,0.5384615384615384,0.0,0.0,0.0,0.0,0.0,239346.68,1.0,0.0,0.015610703947773644,0.0,0.0,0.3619909502262443,0.0,1.0316742081447963,0.0,1,1
SUP011,2024-09,11,5,1.0,11,2,6,172299.0,0,0.45454545454545453,0.18181818181818182,0.0,0.0,0.0,0.0,172299.0,1.0,0.0,0.011202286324099331,0.0,0.0,-0.0839160839160839,0.0,-0.3846153846153846,0.0,1,0
SUP011,2024-10,14,6,1.2857142857142858,18,0,0,319048.02,0,0.42857142857142855,0.0,0.0,0.0,0.0,0.0,319048.02,1.0,0.0,0.02106338887871147,0.0,0.0,-0.025974025974025983,0.0,0.2857142857142858,0.0,1,1
SUP011,2024-11,14,7,1.8571428571428572,26,0,0,691241.49,0,0.5,0.0,0.0,1.0,1.0,0.07142857142857142,691241.49,1.0,0.0,0.045343692142765936,0.0,0.0,0.07142857142857145,0.07142857142857142,0.5714285714285714,0.0,1,1
SUP011,2024-12,16,3,0.25,4,1,3,730234.0,0,0.1875,0.0625,0.0,0.0,0.0,0.0,730234.0,1.0,0.0,0.044127992405804034,0.0,0.0,-0.3125,-0.07142857142857142,-1.6071428571428572,0.0,1,0
SUP011,2025-01,13,4,0.7692307692307693,10,0,0,759856.2000000001,0,0.3076923076923077,0.0,0.0,0.0,0.0,0.0,759856.2000000001,1.0,0.0,0.04629521595478253,0.0,0.0,0.12019230769230771,0.0,0.5192307692307693,0.0,1,1
SUP011,2025-02,3,2,3.0,9,0,0,104959.21,0,0.6666666666666666,0.0,0.0,0.0,0.0,0.0,104959.21,1.0,0.0,0.022347855427994907,0.0,0.0,0.3589743589743589,0.0,2.230769230769231,0.0,1,1
SUP012,2022-01,9,2,0.3333333333333333,3,0,0,111752.09000000001,0,0.2222222222222222,0.0,0.0,0.0,0.0,0.0,111752.09000000001,1.0,0.0,0.10576171674999936,0.0,0.0,0.0,0.0,0.0,0.0,0,0
SUP012,2022-02,33,12,0.8787878787878788,29,2,8,838659.0800000001,0,0.36363636363636365,0.06060606060606061,0.0,0.0,0.0,0.0,838659.0800000001,1.0,0.0,0.09568248114517915,0.0,0.0,0.14141414141414144,0.0,0.5454545454545454,0.0,1,1
SUP012,2022-03,31,13,1.0,31,3,8,484731.21,0,0.41935483870967744,0.0967741935483871,0.0,0.0,0.0,0.0,484731.21,1.0,0.0,0.03201218992725371,0.0,0.0,0.05571847507331379,0.0,0.12121212121212122,0.0,1,1
SUP012,2022-04,31,11,0.8387096774193549,26,1,2,458109.91000000003,0,0.3548387096774194,0.03225806451612903,0.0,0.0,0.0,0.0,458109.91000000003,1.0,0.0,0.029414959557575348,0.0,0.0,-0.06451612903225806,0.0,-0.16129032258064513,0.0,1,0
SUP012,2022-05,30,13,1.1333333333333333,34,2,16,397132.86,0,0.43333333333333335,0.06666666666666667,0.0,0.0,0.0,0.0,397132.86,1.0,0.0,0.02308948067481857,0.0,0.0,0.07849462365591398,0.0,0.29462365591397843,0.0,1,1
SUP012,2022-06,30,10,0.8333333333333334,25,4,11,602246.53,0,0.3333333333333333,0.13333333333333333,0.0,1.0,1.0,0.03333333333333333,602246.53,1.0,0.0,0.037636646624444735,0.0,0.0,-0.10000000000000003,0.03333333333333333,-0.29999999999999993,0.0,1,1
SUP012,2022-07,38,17,0.9473684210526315,36,2,7,488920.45,0,0.4473684210526316,0.05263157894736842,0.0,0.0,0.0,0.0,488920.45,1.0,0.0,0.029119005744697134,0.0,0.0,0.11403508771929827,-0.03333333333333333,0.11403508771929816,0.0,1,1
SUP012,2022-08,35,13,1.2857142857142858,45,2,4,534943.85,0,0.37142857142857144,0.05714285714285714,0.0,0.0,0.0,0.0,534943.85,1.0,0.0,0.03202524255824604,0.0,0.0,-0.07593984962406014,0.0,0.3383458646616543,0.0,1,1
SUP012,2022-09,33,16,1.1818181818181819,39,1,2,534068.69,0,0.48484848484848486,0.030303030303030304,0.0,0.0,0.0,0.0,534068.69,1.0,0.0,0.03468752738862131,0.0,0.0,0.11341991341991342,0.0,-0.10389610389610393,0.0,1,1
SUP012,2022-10,34,11,0.6176470588235294,21,1,3,822344.81,0,0.3235294117647059,0.029411764705882353,0.0,1.0,1.0,0.029411764705882353,822344.81,1.0,0.0,0.04973028216504001,0.0,0.0,-0.16131907308377896,0.029411764705882353,-0.5641711229946524,0.0,1,1
SUP012,2022-11,23,9,0.6956521739130435,16,1,1,245048.25,0,0.391304347826087,0.043478260869565216,0.0,0.0,0.0,0.0,245048.25,1.0,0.0,0.015873668297816654,0.0,0.0,0.06777493606138107,-0.029411764705882353,0.07800511508951402,0.0,1,1
SUP012,2022-12,44,10,0.6136363636363636,27,3,6,624620.72,0,0.22727272727272727,0.06818181818181818,0.0,0.0,0.0,0.0,624620.72,1.0,0.0,0.03618834555043449,0.0,0.0,-0.1640316205533597,0.0,-0.08201581027667981,0.0,1,0
SUP012,2023-01,37,16,0.972972972972973,36,3,12,660384.43,0,0.43243243243243246,0.08108108108108109,0.0,1.0,1.0,0.02702702702702703,660384.43,1.0,0.0,0.037570050474476355,0.0,0.0,0.2051597051597052,0.02702702702702703,0.3593366093366094,0.0,1,1
SUP012,2023-02,27,14,1.1481481481481481,31,1,8,296874.23,0,0.5185185185185185,0.037037037037037035,0.0,0.0,0.0,0.0,296874.23,1.0,0.0,0.02036734608430909,0.0,0.0,0.08608608608608603,-0.02702702702702703,0.1751751751751751,0.0,1,1
SUP012,2023-03,29,17,2.0344827586206895,59,3,6,376457.52,0,0.5862068965517241,0.10344827586206896,0.0,0.0,0.0,0.0,376457.52,1.0,0.0,0.02582164037591132,0.0,0.0,0.0676883780332056,0.0,0.8863346104725414,0.0,1,1
SUP012,2023-04,38,22,1.605263157894737,61,2,5,911713.98,0,0.5789473684210527,0.05263157894736842,0.0,0.0,0.0,0.0,911713.98,1.0,0.0,0.05116832919337368,0.0,0.0,-0.007259528130671433,0.0,-0.42921960072595255,0.0,1,0
SUP012,2023-05,33,8,0.5454545454545454,18,1,1,671869.39,0,0.24242424242424243,0.030303030303030304,0.0,0.0,0.0,0.0,671869.39,1.0,0.0,0.04324466384149668,0.0,0.0,-0.3365231259968102,0.0,-1.0598086124401915,0.0,1,0
SUP012,2023-06,28,13,1.0357142857142858,29,3,4,808672.13,0,0.4642857142857143,0.10714285714285714,0.0,0.0,0.0,0.0,808672.13,1.0,0.0,0.04686593145644196,0.0,0.0,0.22186147186147187,0.0,0.4902597402597404,0.0,1,1
SUP012,2023-07,29,13,1.1379310344827587,33,1,1,567676.76,0,0.4482758620689655,0.034482758620689655,0.0,1.0,1.0,0.034482758620689655,567676.76,1.0,0.0,0.032722353035780825,0.0,0.0,-0.016009852216748777,0.034482758620689655,0.10221674876847286,0.0,1,1
SUP012,2023-08,38,11,0.7368421052631579,28,1,1,689091.88,0,0.2894736842105263,0.02631578947368421,0.0,0.0,0.0,0.0,689091.88,1.0,0.0,0.042790612433286135,0.0,0.0,-0.1588021778584392,-0.034482758620689655,-0.4010889292196008,0.0,1,0
SUP012,2023-09,22,8,1.0,22,0,0,438079.15,0,0.36363636363636365,0.0,0.0,0.0,0.0,0.0,438079.15,1.0,0.0,0.028297428418790696,0.0,0.0,0.07416267942583732,0.0,0.26315789473684215,0.0,1,1
SUP012,2023-10,47,19,0.851063829787234,40,3,5,888071.35,0,0.40425531914893614,0.06382978723404255,0.0,0.0,0.0,0.0,888071.35,1.0,0.0,0.05187793401861421,0.0,0.0,0.0406189555125725,0.0,-0.14893617021276595,0.0,1,1
SUP012,2023-11,24,10,1.5416666666666667,37,1,2,534947.61,0,0.4166666666666667,0.041666666666666664,0.0,1.0,1.0,0.041666666666666664,534947.61,1.0,0.0,0.03563729065955216,0.0,0.0,0.012411347517730542,0.041666666666666664,0.6906028368794327,0.0,1,1
SUP012,2023-12,29,14,1.0344827586206897,30,2,4,618708.48,0,0.4827586206896552,0.06896551724137931,0.0,0.0,0.0,0.0,618708.48,1.0,0.0,0.03689341696539912,0.0,0.0,0.06609195402298851,-0.041666666666666664,-0.507183908045977,0.0,1,1
SUP012,2024-01,31,11,0.7096774193548387,22,2,11,379904.26,0,0.3548387096774194,0.06451612903225806,0.0,0.0,0.0,0.0,379904.26,1.0,0.0,0.023376646249315996,0.0,0.0,-0.12791991101223582,0.0,-0.324805339265851,0.0,1,0
SUP012,2024-02,31,11,0.9032258064516129,28,2,9,373119.9,0,0.3548387096774194,0.06451612903225806,0.0,0.0,0.0,0.0,373119.9,1.0,0.0,0.02691743923201963,0.0,0.0,0.0,0.0,0.19354838709677413,0.0,1,1
SUP012,2024-03,30,12,1.1,33,3,12,420550.83,0,0.4,0.1,0.0,1.0,1.0,0.03333333333333333,420550.83,1.0,0.0,0.025517093055974816,0.0,0.0,0.04516129032258065,0.03333333333333333,0.1967741935483872,0.0,1,1
SUP012,2024-04,32,14,1.0625,34,1,3,407862.33,0,0.4375,0.03125,0.0,1.0,1.0,0.03125,407862.33,1.0,0.0,0.026028751754236013,0.0,0.0,0.03749999999999998,-0.002083333333333333,-0.03750000000000009,0.0,1,1
SUP012,2024-05,30,15,1.4666666666666666,44,1,1,485549.87,0,0.5,0.03333333333333333,0.0,1.0,1.0,0.03333333333333333,485549.87,1.0,0.0,0.030385327407018707,0.0,0.0,0.0625,0.002083333333333333,0.40416666666666656,0.0,1,1
SUP012,2024-06,36,20,1.7777777777777777,64,2,4,405591.04,0,0.5555555555555556,0.05555555555555555,0.0,0.0,0.0,0.0,405591.04,1.0,0.0,0.026024032648414276,0.0,0.0,0.05555555555555558,-0.03333333333333333,0.3111111111111111,0.0,1,1
SUP012,2024-07,34,16,1.4705882352941178,50,2,3,563901.01,0,0.47058823529411764,0.058823529411764705,0.0,0.0,0.0,0.0,563901.01,1.0,0.0,0.03554550246695683,0.0,0.0,-0.08496732026143794,0.0,-0.3071895424836599,0.0,1,0
SUP012,2024-08,40,20,1.5,60,2,5,471983.51,0,0.5,0.05,0.0,0.0,0.0,0.0,471983.51,1.0,0.0,0.03078377708368907,0.0,0.0,0.02941176470588236,0.0,0.02941176470588225,0.0,1,1
SUP012,2024-09,34,14,1.2647058823529411,43,3,6,696634.48,0,0.4117647058823529,0.08823529411764706,0.0,0.0,0.0,0.0,696634.48,1.0,0.0,0.04529276959355567,0.0,0.0,-0.08823529411764708,0.0,-0.23529411764705888,0.0,1,0
SUP012,2024-10,21,13,1.6666666666666667,35,1,1,185078.87,0,0.6190476190476191,0.047619047619047616,0.0,0.0,0.0,0.0,185078.87,1.0,0.0,0.012218813368728902,0.0,0.0,0.20728291316526615,0.0,0.4019607843137256,0.0,1,1
SUP012,2024-11,35,16,1.0285714285714285,36,1,1,531677.12,0,0.45714285714285713,0.02857142857142857,0.0,0.0,0.0,0.0,531677.12,1.0,0.0,0.034876673344119466,0.0,0.0,-0.16190476190476194,0.0,-0.6380952380952383,0.0,1,0
SUP012,2024-12,33,11,0.7878787878787878,26,1,1,567985.13,0,0.3333333333333333,0.030303030303030304,0.0,0.0,0.0,0.0,567985.13,1.0,0.0,0.03432330390429591,0.0,0.0,-0.12380952380952381,0.0,-0.24069264069264062,0.0,1,0
SUP012,2025-01,24,11,1.25,30,2,7,477862.96,0,0.4583333333333333,0.08333333333333333,0.0,0.0,0.0,0.0,477862.96,1.0,0.0,0.029114415240662123,0.0,0.0,0.125,0.0,0.46212121212121215,0.0,1,1
SUP013,2022-02,12,9,2.25,27,0,0,224721.6,0,0.75,0.0,0.0,0.0,0.0,0.0,224721.6,1.0,0.0,0.025638451627942177,0.0,0.0,0.0,0.0,0.0,0.0,0,0
SUP013,2022-03,36,25,1.8611111111111112,67,7,14,455712.07,0,0.6944444444444444,0.19444444444444445,0.0,1.0,1.0,0.027777777777777776,455712.07,1.0,0.0,0.03009573354474521,0.0,0.0,-0.05555555555555558,0.027777777777777776,-0.38888888888888884,0.0,1,1
SUP013,2022-04,32,16,1.78125,57,2,8,627540.9,0,0.5,0.0625,0.0,0.0,0.0,0.0,627540.9,1.0,0.0,0.04029402069521795,0.0,0.0,-0.19444444444444442,-0.027777777777777776,-0.07986111111111116,0.0,1,0
SUP013,2022-05,24,18,2.3333333333333335,56,2,2,283745.55,0,0.75,0.08333333333333333,0.0,1.0,1.0,0.041666666666666664,283745.55,1.0,0.0,0.01649709216530399,0.0,0.0,0.25,0.041666666666666664,0.5520833333333335,0.0,1,1
SUP013,2022-06,34,20,2.323529411764706,79,6,18,497046.67000000004,0,0.5882352941176471,0.17647058823529413,0.0,0.0,0.0,0.0,497046.67000000004,1.0,0.0,0.031062312429839985,0.0,0.0,-0.16176470588235292,-0.041666666666666664,-0.009803921568627416,0.0,1,0
SUP013,2022-07,34,19,1.911764705882353,65,5,14,354383.48,0,0.5588235294117647,0.14705882352941177,0.0,0.0,0.0,0.0,354383.48,1.0,0.0,0.02110628547025546,0.0,0.0,-0.02941176470588236,0.0,-0.41176470588235303,0.0,1,0
SUP013,2022-08,40,28,2.35,94,7,17,521227.07,0,0.7,0.175,0.0,1.0,1.0,0.025,521227.07,1.0,0.0,0.031204066267279992,0.0,0.0,0.14117647058823524,0.025,0.43823529411764706,0.0,1,1
SUP013,2022-09,33,24,2.727272727272727,90,4,8,362352.36,0,0.7272727272727273,0.12121212121212122,0.0,0.0,0.0,0.0,362352.36,1.0,0.0,0.02353462700056723,0.0,0.0,0.027272727272727337,-0.025,0.377272727272727,0.0,1,1
SUP013,2022-10,33,27,3.1818181818181817,105,5,16,328513.48000000004,0,0.8181818181818182,0.15151515151515152,0.0,0.0,0.0,0.0,328513.48000000004,1.0,0.0,0.019866445141690902,0.0,0.0,0.09090909090909094,0.0,0.4545454545454546,0.0,1,1
SUP013,2022-11,34,23,2.7058823529411766,92,4,14,489370.58,0,0.6764705882352942,0.11764705882352941,0.0,0.0,0.0,0.0,489370.58,1.0,0.0,0.03170031314906411,0.0,0.0,-0.14171122994652408,0.0,-0.47593582887700503,0.0,1,0
SUP013,2022-12,38,30,3.1315789473684212,119,10,38,442491.61,0,0.7894736842105263,0.2631578947368421,0.0,1.0,1.0,0.02631578947368421,442491.61,1.0,0.0,0.02563642026772358,0.0,0.0,0.11300309597523217,0.02631578947368421,0.4256965944272446,0.0,1,1
SUP013,2023-01,37,25,2.108108108108108,78,4,14,487018.75,0,0.6756756756756757,0.10810810810810811,0.0,1.0,1.0,0.02702702702702703,487018.75,1.0,0.0,0.027707072105737533,0.0,0.0,-0.11379800853485067,0.0007112375533428195,-1.0234708392603133,0.0,1,1
SUP013,2023-02,20,14,2.75,55,3,13,253703.05,0,0.7,0.15,0.0,0.0,0.0,0.0,253703.05,1.0,0.0,0.017405545176470093,0.0,0.0,0.024324324324324298,-0.02702702702702703,0.6418918918918921,0.0,1,1
SUP013,2023-03,40,25,2.65,106,8,20,524493.79,0,0.625,0.2,0.0,1.0,1.0,0.025,524493.79,1.0,0.0,0.035975612931782454,0.0,0.0,-0.07499999999999996,0.025,-0.10000000000000009,0.0,1,1
SUP013,2023-04,33,21,2.242424242424242,74,5,19,468715.26,0,0.6363636363636364,0.15151515151515152,0.0,0.0,0.0,0.0,468715.26,1.0,0.0,0.02630581218205926,0.0,0.0,0.011363636363636354,-0.025,-0.4075757575757577,0.0,1,1
SUP013,2023-05,33,21,1.878787878787879,62,5,18,315167.67000000004,0,0.6363636363636364,0.15151515151515152,0.0,3.0,3.0,0.09090909090909091,315167.67000000004,1.0,0.0,0.02028566883045194,0.0,0.0,0.0,0.09090909090909091,-0.3636363636363633,0.0,1,1
SUP013,2023-06,25,17,2.72,68,4,23,228458.11000000002,0,0.68,0.16,0.0,2.0,2.0,0.08,228458.11000000002,1.0,0.0,0.013240102789159158,0.0,0.0,0.043636363636363695,-0.01090909090909091,0.8412121212121213,0.0,1,1
SUP013,2023-07,39,30,2.3076923076923075,90,3,6,438330.36,0,0.7692307692307693,0.07692307692307693,0.0,0.0,0.0,0.0,438330.36,1.0,0.0,0.025266492829864838,0.0,0.0,0.08923076923076922,-0.08,-0.4123076923076927,0.0,1,1
SUP013,2023-08,34,24,2.4705882352941178,84,3,23,403907.89,0,0.7058823529411765,0.08823529411764706,0.0,0.0,0.0,0.0,403907.89,1.0,0.0,0.025081511597171,0.0,0.0,-0.06334841628959276,0.0,0.16289592760181026,0.0,1,1
SUP013,2023-09,30,20,2.066666666666667,62,6,15,505619.92000000004,0,0.6666666666666666,0.2,0.0,0.0,0.0,0.0,505619.92000000004,1.0,0.0,0.03266017908707748,0.0,0.0,-0.03921568627450989,0.0,-0.4039215686274509,0.0,1,0
SUP013,2023-10,40,31,2.575,103,6,7,553915.68,0,0.775,0.15,0.0,1.0,1.0,0.025,553915.68,1.0,0.0,0.03235776168087826,0.0,0.0,0.10833333333333339,0.025,0.5083333333333333,0.0,1,1
SUP013,2023-11,28,20,2.1785714285714284,61,5,18,252624.9,0,0.7142857142857143,0.17857142857142858,0.0,1.0,1.0,0.03571428571428571,252624.9,1.0,0.0,0.01682943679127812,0.0,0.0,-0.06071428571428572,0.010714285714285711,-0.3964285714285718,0.0,1,1
SUP013,2023-12,29,20,2.7586206896551726,80,5,14,370834.2,0,0.6896551724137931,0.1724137931034483,0.0,1.0,1.0,0.034482758620689655,370834.2,1.0,0.0,0.02211274163501074,0.0,0.0,-0.024630541871921152,-0.0012315270935960576,0.5800492610837442,0.0,1,1
SUP013,2024-01,26,16,1.8461538461538463,48,4,10,206831.41,0,0.6153846153846154,0.15384615384615385,0.0,1.0,1.0,0.038461538461538464,206831.41,1.0,0.0,0.01272695574621153,0.0,0.0,-0.07427055702917773,0.003978779840848809,-0.9124668435013263,0.0,1,1
SUP013,2024-02,41,31,2.8292682926829267,116,6,23,554377.8,0,0.7560975609756098,0.14634146341463414,0.0,0.0,0.0,0.0,554377.8,1.0,0.0,0.03999366086633474,0.0,0.0,0.14071294559099434,-0.038461538461538464,0.9831144465290804,0.0,1,1
SUP013,2024-03,30,22,2.6333333333333333,79,7,29,442280.03,0,0.7333333333333333,0.23333333333333334,0.0,0.0,0.0,0.0,442280.03,1.0,0.0,0.026835521124305792,0.0,0.0,-0.02276422764227648,0.0,-0.19593495934959337,0.0,1,0
SUP013,2024-04,29,15,1.9655172413793103,57,3,5,312883.46,0,0.5172413793103449,0.10344827586206896,0.0,0.0,0.0,0.0,312883.46,1.0,0.0,0.01996743829798264,0.0,0.0,-0.21609195402298842,0.0,-0.667816091954023,0.0,1,0
SUP013,2024-05,27,18,2.111111111111111,57,2,5,378988.64,0,0.6666666666666666,0.07407407407407407,0.0,0.0,0.0,0.0,378988.64,1.0,0.0,0.023716809789158726,0.0,0.0,0.14942528735632177,0.0,0.14559386973180088,0.0,1,1
SUP013,2024-06,38,30,2.473684210526316,94,1,2,395766.83,0,0.7894736842105263,0.02631578947368421,0.0,0.0,0.0,0.0,395766.83,1.0,0.0,0.02539367956718034,0.0,0.0,0.1228070175438597,0.0,0.36257309941520477,0.0,1,1
SUP013,2024-07,33,25,2.8484848484848486,94,3,8,453246.62,0,0.7575757575757576,0.09090909090909091,0.0,2.0,2.0,0.06060606060606061,453246.62,1.0,0.0,0.028570402541662133,0.0,0.0,-0.03189792663476876,0.06060606060606061,0.3748006379585327,0.0,1,1
SUP013,2024-08,26,18,2.1153846153846154,55,3,25,362672.98,0,0.6923076923076923,0.11538461538461539,0.0,1.0,1.0,0.038461538461538464,362672.98,1.0,0.0,0.023654309809673698,0.0,0.0,-0.06526806526806528,-0.022144522144522144,-0.7331002331002332,0.0,1,0
SUP013,2024-09,34,27,3.2941176470588234,112,6,13,425842.4,0,0.7941176470588235,0.17647058823529413,0.0,1.0,1.0,0.029411764705882353,425842.4,1.0,0.0,0.027686803137230265,0.0,0.0,0.1018099547511312,-0.009049773755656111,1.178733031674208,0.0,1,1
SUP013,2024-10,32,19,1.96875,63,7,21,397190.53,0,0.59375,0.21875,0.0,0.0,0.0,0.0,397190.53,1.0,0.0,0.026222317857767977,0.0,0.0,-0.20036764705882348,-0.029411764705882353,-1.3253676470588234,0.0,1,0
SUP013,2024-11,32,18,1.96875,63,4,5,305830.75,0,0.5625,0.125,0.0,0.0,0.0,0.0,305830.75,1.0,0.0,0.020061723111833484,0.0,0.0,-0.03125,0.0,0.0,0.0,1,0
SUP013,2024-12,25,17,3.2,80,5,7,284049.71,0,0.68,0.2,0.0,0.0,0.0,0.0,284049.71,1.0,0.0,0.017165105220724917,0.0,0.0,0.11750000000000005,0.0,1.2312500000000002,0.0,1,1
SUP013,2025-01,34,22,2.2058823529411766,75,3,22,525644.0700000001,0,0.6470588235294118,0.08823529411764706,0.0,0.0,0.0,0.0,525644.0700000001,1.0,0.0,0.03202554080101054,0.0,0.0,-0.03294117647058825,0.0,-0.9941176470588236,0.0,1,0
SUP013,2025-02,11,8,2.5454545454545454,28,3,7,49268.62,0,0.7272727272727273,0.2727272727272727,0.0,0.0,0.0,0.0,49268.62,1.0,0.0,0.01049024661005755,0.0,0.0,0.0802139037433155,0.0,0.3395721925133688,0.0,1,1
SUP014,2022-02,16,10,2.125,34,3,7,278752.32,0,0.625,0.1875,0.0,1.0,1.0,0.0625,278752.32,1.0,0.0,0.03180280788538645,0.0,0.0,0.0,0.0,0.0,0.0,0,0
SUP014,2022-03,30,23,2.3666666666666667,71,4,19,542450.28,0,0.7666666666666667,0.13333333333333333,0.0,1.0,1.0,0.03333333333333333,542450.28,1.0,0.0,0.0358240217077253,0.0,0.0,0.14166666666666672,-0.029166666666666667,0.2416666666666667,0.0,1,1
SUP014,2022-04,12,8,2.5833333333333335,31,2,4,251327.99000000002,0,0.6666666666666666,0.16666666666666666,0.0,0.0,0.0,0.0,251327.99000000002,1.0,0.0,0.0161376178514381,0.0,0.0,-0.10000000000000009,-0.03333333333333333,0.21666666666666679,0.0,1,1
SUP014,2022-05,23,18,3.5652173913043477,82,2,5,263540.59,0,0.782608695652174,0.08695652173913043,0.0,0.0,0.0,0.0,263540.59,1.0,0.0,0.015322366826646592,0.0,0.0,0.11594202898550732,0.0,0.9818840579710142,0.0,1,1
SUP014,2022-06,21,15,2.7142857142857144,57,1,5,329206.01,0,0.7142857142857143,0.047619047619047616,0.0,1.0,1.0,0.047619047619047616,329206.01,1.0,0.0,0.02057331947601827,0.0,0.0,-0.06832298136645965,0.047619047619047616,-0.8509316770186333,0.0,1,1
SUP014,2022-07,22,20,3.0,66,4,20,497910.68000000005,0,0.9090909090909091,0.18181818181818182,0.0,0.0,0.0,0.0,497910.68000000005,1.0,0.0,0.029654443685605825,0.0,0.0,0.19480519480519476,-0.047619047619047616,0.2857142857142856,0.0,1,1
SUP014,2022-08,25,19,2.64,66,1,2,329598.26,0,0.76,0.04,0.0,0.0,0.0,0.0,329598.26,1.0,0.0,0.019731910598235394,0.0,0.0,-0.14909090909090905,0.0,-0.3599999999999999,0.0,1,0
SUP014,2022-09,31,19,2.064516129032258,64,5,41,462984.03,0,0.6129032258064516,0.16129032258064516,0.0,0.0,0.0,0.0,462984.03,1.0,0.0,0.030070609870650293,0.0,0.0,-0.14709677419354839,0.0,-0.5754838709677421,0.0,1,0
SUP014,2022-10,23,19,2.8260869565217392,65,4,9,356742.32,0,0.8260869565217391,0.17391304347826086,0.0,0.0,0.0,0.0,356742.32,1.0,0.0,0.02157354921934875,0.0,0.0,0.2131837307152875,0.0,0.7615708274894812,0.0,1,1
SUP014,2022-11,19,14,2.263157894736842,43,1,15,244507.84,0,0.7368421052631579,0.05263157894736842,0.0,0.0,0.0,0.0,244507.84,1.0,0.0,0.01583866176712393,0.0,0.0,-0.08924485125858128,0.0,-0.5629290617848972,0.0,1,0
SUP014,2022-12,21,15,2.5238095238095237,53,3,5,358149.13,0,0.7142857142857143,0.14285714285714285,0.0,0.0,0.0,0.0,358149.13,1.0,0.0,0.020749911202157183,0.0,0.0,-0.022556390977443552,0.0,0.2606516290726817,0.0,1,1
SUP014,2023-01,22,14,2.0454545454545454,45,2,6,403849.64,0,0.6363636363636364,0.09090909090909091,0.0,1.0,1.0,0.045454545454545456,403849.64,1.0,0.0,0.02297548317258041,0.0,0.0,-0.07792207792207795,0.045454545454545456,-0.4783549783549783,0.0,1,1
SUP014,2023-02,26,13,1.7307692307692308,45,6,18,350408.55,0,0.5,0.23076923076923078,0.0,0.0,0.0,0.0,350408.55,1.0,0.0,0.024040120318799398,0.0,0.0,-0.13636363636363635,-0.045454545454545456,-0.3146853146853146,0.0,1,0
SUP014,2023-03,20,13,1.75,35,1,1,268757.85000000003,0,0.65,0.05,0.0,0.0,0.0,0.0,268757.85000000003,1.0,0.0,0.018434400117450483,0.0,0.0,0.15000000000000002,0.0,0.019230769230769162,0.0,1,1
SUP014,2023-04,16,9,1.4375,23,1,7,261449.96,0,0.5625,0.0625,0.0,1.0,1.0,0.0625,261449.96,1.0,0.0,0.014673415034037737,0.0,0.0,-0.08750000000000002,0.0625,-0.3125,0.0,1,1
SUP014,2023-05,17,11,2.1176470588235294,36,2,9,278764.86,0,0.6470588235294118,0.11764705882352941,0.0,0.0,0.0,0.0,278764.86,1.0,0.0,0.01794261331286708,0.0,0.0,0.0845588235294118,-0.0625,0.6801470588235294,0.0,1,1
SUP014,2023-06,30,24,3.1333333333333333,94,6,16,496684.38,0,0.8,0.2,0.0,0.0,0.0,0.0,496684.38,1.0,0.0,0.028784936743851144,0.0,0.0,0.15294117647058825,0.0,1.0156862745098039,0.0,1,1
SUP014,2023-07,31,18,2.225806451612903,69,6,19,660899.14,0,0.5806451612903226,0.1935483870967742,0.0,1.0,1.0,0.03225806451612903,660899.14,1.0,0.0,0.038095931529985375,0.0,0.0,-0.21935483870967742,0.03225806451612903,-0.9075268817204303,0.0,1,1
SUP014,2023-08,23,15,1.6956521739130435,39,7,33,198627.26,0,0.6521739130434783,0.30434782608695654,0.0,0.0,0.0,0.0,198627.26,1.0,0.0,0.012334178283084047,0.0,0.0,0.07152875175315565,-0.03225806451612903,-0.5301542776998596,0.0,1,1
SUP014,2023-09,17,15,3.588235294117647,61,1,4,312091.59,0,0.8823529411764706,0.058823529411764705,0.0,0.0,0.0,0.0,312091.59,1.0,0.0,0.020159346611523455,0.0,0.0,0.2301790281329923,0.0,1.8925831202046037,0.0,1,1
SUP014,2023-10,20,15,3.55,71,1,3,265091.87,0,0.75,0.05,0.0,0.0,0.0,0.0,265091.87,1.0,0.0,0.015485713553005686,0.0,0.0,-0.13235294117647056,0.0,-0.03823529411764737,0.0,1,0
SUP014,2023-11,24,15,2.375,57,3,5,361796.95,0,0.625,0.125,0.0,0.0,0.0,0.0,361796.95,1.0,0.0,0.02410229118864455,0.0,0.0,-0.125,0.0,-1.1749999999999998,0.0,1,0
SUP014,2023-12,19,12,2.9473684210526314,56,0,0,315101.99,0,0.631578947368421,0.0,0.0,0.0,0.0,0.0,315101.99,1.0,0.0,0.018789445238728622,0.0,0.0,0.006578947368421018,0.0,0.5723684210526314,0.0,1,1
SUP014,2024-01,26,16,1.8461538461538463,48,1,3,377413.22000000003,0,0.6153846153846154,0.038461538461538464,0.0,0.0,0.0,0.0,377413.22000000003,1.0,0.0,0.023223365101921398,0.0,0.0,-0.0161943319838056,0.0,-1.1012145748987852,0.0,1,0
SUP014,2024-02,27,17,2.3333333333333335,63,7,21,323178.19,0,0.6296296296296297,0.25925925925925924,0.0,0.0,0.0,0.0,323178.19,1.0,0.0,0.023314568026093205,0.0,0.0,0.014245014245014231,0.0,0.4871794871794872,0.0,1,1
SUP014,2024-03,27,17,2.0,54,4,16,384963.10000000003,0,0.6296296296296297,0.14814814814814814,0.0,0.0,0.0,0.0,384963.10000000003,1.0,0.0,0.023357793030194567,0.0,0.0,0.0,0.0,-0.3333333333333335,0.0,1,0
SUP014,2024-04,29,22,2.4827586206896552,72,4,16,373783.79000000004,0,0.7586206896551724,0.13793103448275862,0.0,0.0,0.0,0.0,373783.79000000004,1.0,0.0,0.023853944735880577,0.0,0.0,0.12899106002554273,0.0,0.48275862068965525,0.0,1,1
SUP014,2024-05,29,18,2.6551724137931036,77,5,7,309772.4,0,0.6206896551724138,0.1724137931034483,0.0,0.0,0.0,0.0,309772.4,1.0,0.0,0.019385312152710416,0.0,0.0,-0.13793103448275856,0.0,0.1724137931034484,0.0,1,1
SUP014,2024-06,30,19,1.9333333333333333,58,5,34,455675.80000000005,0,0.6333333333333333,0.16666666666666666,0.0,1.0,1.0,0.03333333333333333,455675.80000000005,1.0,0.0,0.02923763280444335,0.0,0.0,0.012643678160919491,0.03333333333333333,-0.7218390804597703,0.0,1,1
SUP014,2024-07,27,17,2.111111111111111,57,4,12,496346.05,0,0.6296296296296297,0.14814814814814814,0.0,1.0,1.0,0.037037037037037035,496346.05,1.0,0.0,0.03128717528762589,0.0,0.0,-0.0037037037037036535,0.003703703703703702,0.1777777777777778,0.0,1,1
SUP014,2024-08,24,18,2.75,66,3,15,393273.26,0,0.75,0.125,0.0,0.0,0.0,0.0,393273.26,1.0,0.0,0.02565012571904407,0.0,0.0,0.12037037037037035,-0.037037037037037035,0.6388888888888888,0.0,1,1
SUP014,2024-09,18,14,4.222222222222222,76,5,32,259400.41,0,0.7777777777777778,0.2777777777777778,0.0,1.0,1.0,0.05555555555555555,259400.41,1.0,0.0,0.016865319389020014,0.0,0.0,0.02777777777777779,0.05555555555555555,1.4722222222222223,0.0,1,1
SUP014,2024-10,24,21,3.25,78,2,5,363746.44,0,0.875,0.08333333333333333,0.0,0.0,0.0,0.0,363746.44,1.0,0.0,0.02401435595483993,0.0,0.0,0.09722222222222221,-0.05555555555555555,-0.9722222222222223,0.0,1,1
SUP014,2024-11,24,16,2.0,48,3,14,376807.79000000004,0,0.6666666666666666,0.125,0.0,0.0,0.0,0.0,376807.79000000004,1.0,0.0,0.024717637285857942,0.0,0.0,-0.20833333333333337,0.0,-1.25,0.0,1,0
SUP014,2024-12,20,13,2.65,53,4,33,294020.4,0,0.65,0.2,0.0,1.0,1.0,0.05,294020.4,1.0,0.0,0.01776763335910334,0.0,0.0,-0.016666666666666607,0.05,0.6499999999999999,0.0,1,1
SUP014,2025-01,22,16,3.090909090909091,68,3,8,255259.89,0,0.7272727272727273,0.13636363636363635,0.0,1.0,1.0,0.045454545454545456,255259.89,1.0,0.0,0.015552036993504869,0.0,0.0,0.07727272727272727,-0.004545454545454547,0.4409090909090909,0.0,1,1
SUP014,2025-02,8,5,2.875,23,0,0,100070.09000000001,0,0.625,0.0,0.0,0.0,0.0,0.0,100070.09000000001,1.0,0.0,0.02130686677221026,0.0,0.0,-0.10227272727272729,-0.045454545454545456,-0.21590909090909083,0.0,1,0
SUP015,2022-02,6,3,1.0,6,1,3,148605.31,0,0.5,0.16666666666666666,0.0,0.0,0.0,0.0,148605.31,1.0,0.0,0.01695435619936113,0.0,0.0,0.0,0.0,0.0,0.0,0,0
SUP015,2022-03,12,12,2.75,33,3,8,125122.87,0,1.0,0.25,0.0,0.0,0.0,0.0,125122.87,1.0,0.0,0.008263253935481222,0.0,0.0,0.5,0.0,1.75,0.0,1,1
SUP015,2022-04,11,6,1.4545454545454546,16,2,2,80053.38,0,0.5454545454545454,0.18181818181818182,0.0,0.0,0.0,0.0,80053.38,1.0,0.0,0.005140178991428522,0.0,0.0,-0.4545454545454546,0.0,-1.2954545454545454,0.0,1,0
SUP015,2022-05,8,5,2.25,18,0,0,135218.56,0,0.625,0.0,0.0,0.0,0.0,0.0,135218.56,1.0,0.0,0.007861667070301852,0.0,0.0,0.07954545454545459,0.0,0.7954545454545454,0.0,1,1
SUP015,2022-06,15,15,3.1333333333333333,47,0,0,235527.11,0,1.0,0.0,0.0,0.0,0.0,0.0,235527.11,1.0,0.0,0.014718973324008565,0.0,0.0,0.375,0.0,0.8833333333333333,0.0,1,1
SUP015,2022-07,17,10,1.7058823529411764,29,2,2,240280.17,0,0.5882352941176471,0.11764705882352941,0.0,0.0,0.0,0.0,240280.17,1.0,0.0,0.014310548169066776,0.0,0.0,-0.4117647058823529,0.0,-1.427450980392157,0.0,1,0
SUP015,2022-08,16,12,2.3125,37,1,1,219855.56,0,0.75,0.0625,0.0,1.0,1.0,0.0625,219855.56,1.0,0.0,0.013161993799496929,0.0,0.0,0.16176470588235292,0.0625,0.6066176470588236,0.0,1,1
SUP015,2022-09,12,8,2.8333333333333335,34,0,0,136091.35,0,0.6666666666666666,0.0,0.0,0.0,0.0,0.0,136091.35,1.0,0.0,0.00883907354778549,0.0,0.0,-0.08333333333333337,-0.0625,0.5208333333333335,0.0,1,1
SUP015,2022-10,9,5,1.8888888888888888,17,0,0,125950.92,0,0.5555555555555556,0.0,0.0,0.0,0.0,0.0,125950.92,1.0,0.0,0.007616725629418614,0.0,0.0,-0.11111111111111105,0.0,-0.9444444444444446,0.0,1,0
SUP015,2022-11,13,9,3.076923076923077,40,3,15,123934.18,0,0.6923076923076923,0.23076923076923078,0.0,0.0,0.0,0.0,123934.18,1.0,0.0,0.008028174304782436,0.0,0.0,0.1367521367521367,0.0,1.1880341880341883,0.0,1,1
SUP015,2022-12,20,12,2.05,41,4,14,165031.49,0,0.6,0.2,0.0,0.0,0.0,0.0,165031.49,1.0,0.0,0.009561348824328264,0.0,0.0,-0.09230769230769231,0.0,-1.0269230769230773,0.0,1,0
SUP015,2023-01,7,4,1.1428571428571428,8,0,0,132732.58000000002,0,0.5714285714285714,0.0,0.0,0.0,0.0,0.0,132732.58000000002,1.0,0.0,0.007551313301265251,0.0,0.0,-0.02857142857142858,0.0,-0.907142857142857,0.0,1,0
SUP015,2023-02,10,7,3.2,32,1,5,56465.44,0,0.7,0.1,0.0,2.0,2.0,0.2,56465.44,1.0,0.0,0.003873866580749666,0.0,0.0,0.12857142857142856,0.2,2.0571428571428574,0.0,1,1
SUP015,2023-03,12,8,2.4166666666666665,29,0,0,148126.23,0,0.6666666666666666,0.0,0.0,0.0,0.0,0.0,148126.23,1.0,0.0,0.010160143012416186,0.0,0.0,-0.033333333333333326,-0.2,-0.7833333333333337,0.0,1,0
SUP015,2023-04,10,6,2.3,23,3,9,132951.07,0,0.6,0.3,0.0,1.0,1.0,0.1,132951.07,1.0,0.0,0.00746164286783369,0.0,0.0,-0.06666666666666665,0.1,-0.1166666666666667,0.0,1,1
SUP015,2023-05,15,11,2.3333333333333335,35,2,2,366846.06,0,0.7333333333333333,0.13333333333333333,0.0,0.0,0.0,0.0,366846.06,1.0,0.0,0.02361193229278911,0.0,0.0,0.1333333333333333,-0.1,0.03333333333333366,0.0,1,1
SUP015,2023-06,10,9,2.9,29,1,1,71839.11,0,0.9,0.1,0.0,0.0,0.0,0.0,71839.11,1.0,0.0,0.00416337682510685,0.0,0.0,0.16666666666666674,0.0,0.5666666666666664,0.0,1,1
SUP015,2023-07,11,8,3.3636363636363638,37,3,7,71746.94,0,0.7272727272727273,0.2727272727272727,0.0,0.0,0.0,0.0,71746.94,1.0,0.0,0.004135678726599597,0.0,0.0,-0.17272727272727273,0.0,0.46363636363636385,0.0,1,1
SUP015,2023-08,9,6,1.8888888888888888,17,0,0,210304.55,0,0.6666666666666666,0.0,0.0,0.0,0.0,0.0,210304.55,1.0,0.0,0.013059304213549353,0.0,0.0,-0.06060606060606066,0.0,-1.474747474747475,0.0,1,0
SUP015,2023-09,16,7,1.125,18,1,2,121895.09,0,0.4375,0.0625,0.0,1.0,1.0,0.0625,121895.09,1.0,0.0,0.007873731456694639,0.0,0.0,-0.22916666666666663,0.0625,-0.7638888888888888,0.0,1,1
SUP015,2023-10,13,12,3.3076923076923075,43,1,6,146025.49000000002,0,0.9230769230769231,0.07692307692307693,0.0,0.0,0.0,0.0,146025.49000000002,1.0,0.0,0.008530283895833156,0.0,0.0,0.48557692307692313,-0.0625,2.1826923076923075,0.0,1,1
SUP015,2023-11,14,10,3.0,42,2,3,190971.88,0,0.7142857142857143,0.14285714285714285,0.0,0.0,0.0,0.0,190971.88,1.0,0.0,0.012722218527831381,0.0,0.0,-0.20879120879120883,0.0,-0.3076923076923075,0.0,1,0
SUP015,2023-12,5,3,1.8,9,0,0,57494.759999999995,0,0.6,0.0,0.0,0.0,0.0,0.0,57494.759999999995,1.0,0.0,0.003428396769356629,0.0,0.0,-0.11428571428571432,0.0,-1.2,0.0,1,0
SUP015,2024-01,14,11,3.857142857142857,54,2,2,220392.34999999998,0,0.7857142857142857,0.14285714285714285,0.0,0.0,0.0,0.0,220392.34999999998,1.0,0.0,0.013561400975091559,0.0,0.0,0.18571428571428572,0.0,2.057142857142857,0.0,1,1
SUP015,2024-02,9,8,3.111111111111111,28,1,1,90544.51999999999,0,0.8888888888888888,0.1111111111111111,0.0,0.0,0.0,0.0,90544.51999999999,1.0,0.0,0.006532019908057398,0.0,0.0,0.10317460317460314,0.0,-0.746031746031746,0.0,1,1
SUP015,2024-03,18,14,3.8333333333333335,69,2,3,228695.94,0,0.7777777777777778,0.1111111111111111,0.0,0.0,0.0,0.0,228695.94,1.0,0.0,0.013876219391847671,0.0,0.0,-0.11111111111111105,0.0,0.7222222222222223,0.0,1,1
SUP015,2024-04,4,3,1.25,5,1,1,61983.03999999999,0,0.75,0.25,0.0,0.0,0.0,0.0,61983.03999999999,1.0,0.0,0.003955602276711558,0.0,0.0,-0.02777777777777779,0.0,-2.5833333333333335,0.0,1,0
SUP015,2024-05,14,10,3.0714285714285716,43,4,6,134157.91,0,0.7142857142857143,0.2857142857142857,0.0,0.0,0.0,0.0,134157.91,1.0,0.0,0.00839549605809049,0.0,0.0,-0.0357142857142857,0.0,1.8214285714285716,0.0,1,1
SUP015,2024-06,7,5,2.857142857142857,20,3,5,105218.33,0,0.7142857142857143,0.42857142857142855,0.0,0.0,0.0,0.0,105218.33,1.0,0.0,0.0067511482875253544,0.0,0.0,0.0,0.0,-0.2142857142857144,0.0,1,0
SUP015,2024-07,8,6,3.125,25,1,2,60745.73,0,0.75,0.125,0.0,0.0,0.0,0.0,60745.73,1.0,0.0,0.0038291073384885293,0.0,0.0,0.0357142857142857,0.0,0.2678571428571428,0.0,1,1
SUP015,2024-08,7,6,3.857142857142857,27,0,0,44011.14,0,0.8571428571428571,0.0,0.0,0.0,0.0,0.0,44011.14,1.0,0.0,0.002870500969322067,0.0,0.0,0.1071428571428571,0.0,0.7321428571428572,0.0,1,1
SUP015,2024-09,9,7,3.888888888888889,35,0,0,130115.51999999999,0,0.7777777777777778,0.0,0.0,1.0,1.0,0.1111111111111111,130115.51999999999,1.0,0.0,0.008459662042432474,0.0,0.0,-0.0793650793650793,0.1111111111111111,0.03174603174603163,0.0,1,1
SUP015,2024-10,25,12,1.72,43,2,2,462854.12,0,0.48,0.08,0.0,0.0,0.0,0.0,462854.12,1.0,0.0,0.03055739485132609,0.0,0.0,-0.2977777777777778,-0.1111111111111111,-2.1688888888888886,0.0,1,0
SUP015,2024-11,8,6,2.875,23,0,0,138557.36,0,0.75,0.0,0.0,0.0,0.0,0.0,138557.36,1.0,0.0,0.009089012113486403,0.0,0.0,0.27,0.0,1.155,0.0,1,1
SUP015,2024-12,10,7,1.7,17,1,1,121952.11,0,0.7,0.1,0.0,0.0,0.0,0.0,121952.11,1.0,0.0,0.007369557955329085,0.0,0.0,-0.050000000000000044,0.0,-1.175,0.0,1,0
SUP015,2025-01,6,4,2.3333333333333335,14,2,3,65006.100000000006,0,0.6666666666666666,0.3333333333333333,0.0,0.0,0.0,0.0,65006.100000000006,1.0,0.0,0.0039605802227818745,0.0,0.0,-0.033333333333333326,0.0,0.6333333333333335,0.0,1,1
SUP015,2025-02,3,3,3.6666666666666665,11,0,0,11630.36,0,1.0,0.0,0.0,0.0,0.0,0.0,11630.36,1.0,0.0,0.002476329650876134,0.0,0.0,0.33333333333333337,0.0,1.333333333333333,0.0,1,1
SUP016,2022-02,9,7,2.0,18,2,8,40797.83,0,0.7777777777777778,0.2222222222222222,0.0,0.0,0.0,0.0,40797.83,1.0,0.0,0.004654617940509538,0.0,0.0,0.0,0.0,0.0,0.0,0,0
SUP016,2022-03,11,7,3.0,33,0,0,158898.69,0,0.6363636363636364,0.0,0.0,0.0,0.0,0.0,158898.69,1.0,0.0,0.010493846772259225,0.0,0.0,-0.14141414141414144,0.0,1.0,0.0,1,1
SUP016,2022-04,10,8,2.6,26,2,10,97905.14,0,0.8,0.2,0.0,0.0,0.0,0.0,97905.14,1.0,0.0,0.006286429677058836,0.0,0.0,0.1636363636363637,0.0,-0.3999999999999999,0.0,1,1
SUP016,2022-05,9,7,1.7777777777777777,16,1,2,114978.20000000001,0,0.7777777777777778,0.1111111111111111,0.0,1.0,1.0,0.1111111111111111,114978.20000000001,1.0,0.0,0.006684883559938669,0.0,0.0,-0.022222222222222254,0.1111111111111111,-0.8222222222222224,0.0,1,1
SUP016,2022-06,8,4,1.5,12,2,5,53832.46,0,0.5,0.25,0.0,0.0,0.0,0.0,53832.46,1.0,0.0,0.003364192524188651,0.0,0.0,-0.2777777777777778,-0.1111111111111111,-0.2777777777777777,0.0,1,0
SUP016,2022-07,11,7,2.3636363636363638,26,0,0,91416.68000000001,0,0.6363636363636364,0.0,0.0,0.0,0.0,0.0,91416.68000000001,1.0,0.0,0.005444572486344434,0.0,0.0,0.13636363636363635,0.0,0.8636363636363638,0.0,1,1
SUP016,2022-08,7,5,2.7142857142857144,19,2,2,132432.38,0,0.7142857142857143,0.2857142857142857,0.0,0.0,0.0,0.0,132432.38,1.0,0.0,0.007928269653096884,0.0,0.0,0.07792207792207795,0.0,0.35064935064935066,0.0,1,1
SUP016,2022-09,9,5,2.7777777777777777,25,1,6,86292.72,0,0.5555555555555556,0.1111111111111111,0.0,0.0,0.0,0.0,86292.72,1.0,0.0,0.005604674350856685,0.0,0.0,-0.15873015873015872,0.0,0.06349206349206327,0.0,1,1
SUP016,2022-10,12,10,2.6666666666666665,32,2,4,106213.33,0,0.8333333333333334,0.16666666666666666,0.0,1.0,1.0,0.08333333333333333,106213.33,1.0,0.0,0.006423119361072527,0.0,0.0,0.2777777777777778,0.08333333333333333,-0.11111111111111116,0.0,1,1
SUP016,2022-11,13,6,1.4615384615384615,19,2,5,142708.80000000002,0,0.46153846153846156,0.15384615384615385,0.0,0.0,0.0,0.0,142708.80000000002,1.0,0.0,0.009244351487429343,0.0,0.0,-0.3717948717948718,-0.08333333333333333,-1.205128205128205,0.0,1,0
SUP016,2022-12,16,9,1.6875,27,4,9,153887.86000000002,0,0.5625,0.25,0.0,1.0,1.0,0.0625,153887.86000000002,1.0,0.0,0.008915725776270898,0.0,0.0,0.10096153846153844,0.0625,0.22596153846153855,0.0,1,1
SUP016,2023-01,11,8,3.090909090909091,34,2,6,107941.68000000001,0,0.7272727272727273,0.18181818181818182,0.0,0.0,0.0,0.0,107941.68000000001,1.0,0.0,0.006140929709532636,0.0,0.0,0.1647727272727273,-0.0625,1.4034090909090908,0.0,1,1
SUP016,2023-02,9,6,1.7777777777777777,16,3,14,77670.5,0,0.6666666666666666,0.3333333333333333,0.0,1.0,7.0,0.1111111111111111,77670.5,1.0,0.0,0.005328660402896301,0.0,0.0,-0.06060606060606066,0.1111111111111111,-1.3131313131313131,0.0,1,1
SUP016,2023-03,12,7,2.75,33,3,12,174354.66,0,0.5833333333333334,0.25,0.0,0.0,0.0,0.0,174354.66,1.0,0.0,0.011959180224064298,0.0,0.0,-0.08333333333333326,-0.1111111111111111,0.9722222222222223,0.0,1,1
SUP016,2023-04,11,8,2.8181818181818183,31,2,15,137953.9,0,0.7272727272727273,0.18181818181818182,0.0,0.0,0.0,0.0,137953.9,1.0,0.0,0.007742417823525918,0.0,0.0,0.14393939393939392,0.0,0.06818181818181834,0.0,1,1
SUP016,2023-05,14,10,3.0714285714285716,43,5,15,169413.0,0,0.7142857142857143,0.35714285714285715,0.0,0.0,0.0,0.0,169413.0,1.0,0.0,0.01090421493287479,0.0,0.0,-0.012987012987012991,0.0,0.2532467532467533,0.0,1,1
SUP016,2023-06,10,6,1.5,15,2,7,55835.850000000006,0,0.6,0.2,0.0,0.0,0.0,0.0,55835.850000000006,1.0,0.0,0.0032359209892792707,0.0,0.0,-0.11428571428571432,0.0,-1.5714285714285716,0.0,1,0
SUP016,2023-07,9,5,1.8888888888888888,17,1,2,75016.38,0,0.5555555555555556,0.1111111111111111,0.0,0.0,0.0,0.0,75016.38,1.0,0.0,0.004324137683258847,0.0,0.0,-0.0444444444444444,0.0,0.38888888888888884,0.0,1,1
SUP016,2023-08,15,11,3.1333333333333333,47,4,13,124259.41,0,0.7333333333333333,0.26666666666666666,0.0,0.0,0.0,0.0,124259.41,1.0,0.0,0.007716149919657737,0.0,0.0,0.1777777777777777,0.0,1.2444444444444445,0.0,1,1
SUP016,2023-09,6,4,2.6666666666666665,16,2,4,45627.48,0,0.6666666666666666,0.3333333333333333,0.0,0.0,0.0,0.0,45627.48,1.0,0.0,0.002947276420778766,0.0,0.0,-0.06666666666666665,0.0,-0.4666666666666668,0.0,1,0
SUP016,2023-10,11,9,3.727272727272727,41,1,5,128787.66,0,0.8181818181818182,0.09090909090909091,0.0,1.0,1.0,0.09090909090909091,128787.66,1.0,0.0,0.007523311868907516,0.0,0.0,0.1515151515151516,0.09090909090909091,1.0606060606060606,0.0,1,1
SUP016,2023-11,7,4,1.8571428571428572,13,0,0,98671.22,0,0.5714285714285714,0.0,0.0,0.0,0.0,0.0,98671.22,1.0,0.0,0.006573307144736316,0.0,0.0,-0.24675324675324684,-0.09090909090909091,-1.8701298701298699,0.0,1,0
SUP016,2023-12,14,7,1.8571428571428572,26,1,1,152467.98,0,0.5,0.07142857142857142,0.0,0.0,0.0,0.0,152467.98,1.0,0.0,0.009091623829064269,0.0,0.0,-0.0714285714285714,0.0,0.0,0.0,1,0
SUP016,2024-01,10,7,2.4,24,1,2,158585.38,0,0.7,0.1,0.0,1.0,1.0,0.1,158585.38,1.0,0.0,0.009758233110029753,0.0,0.0,0.19999999999999996,0.1,0.5428571428571427,0.0,1,1
SUP016,2024-02,7,5,3.4285714285714284,24,1,5,98981.34,0,0.7142857142857143,0.14285714285714285,0.0,0.0,0.0,0.0,98981.34,1.0,0.0,0.007140664983437961,0.0,0.0,0.014285714285714346,-0.1,1.0285714285714285,0.0,1,1
SUP016,2024-03,19,14,2.3157894736842106,44,2,14,164470.41,0,0.7368421052631579,0.10526315789473684,0.0,0.0,0.0,0.0,164470.41,1.0,0.0,0.009979309176311294,0.0,0.0,0.022556390977443552,0.0,-1.1127819548872178,0.0,1,1
SUP016,2024-04,10,8,3.2,32,1,1,76274.78,0,0.8,0.1,0.0,0.0,0.0,0.0,76274.78,1.0,0.0,0.004867665306891583,0.0,0.0,0.06315789473684219,0.0,0.8842105263157896,0.0,1,1
SUP016,2024-05,13,11,2.5384615384615383,33,0,0,150754.36,0,0.8461538461538461,0.0,0.0,0.0,0.0,0.0,150754.36,1.0,0.0,0.009434088792229652,0.0,0.0,0.0461538461538461,0.0,-0.6615384615384619,0.0,1,1
SUP016,2024-06,15,11,3.6,54,1,1,148019.01,0,0.7333333333333333,0.06666666666666667,0.0,0.0,0.0,0.0,148019.01,1.0,0.0,0.009497378316902562,0.0,0.0,-0.11282051282051286,0.0,1.0615384615384618,0.0,1,1
SUP016,2024-07,7,3,1.7142857142857142,12,1,6,65494.66,0,0.42857142857142855,0.14285714285714285,0.0,0.0,0.0,0.0,65494.66,1.0,0.0,0.004128456160421665,0.0,0.0,-0.30476190476190473,0.0,-1.885714285714286,0.0,1,0
SUP016,2024-08,10,6,2.5,25,1,1,87699.29000000001,0,0.6,0.1,0.0,0.0,0.0,0.0,87699.29000000001,1.0,0.0,0.005719935837923241,0.0,0.0,0.17142857142857143,0.0,0.7857142857142858,0.0,1,1
SUP016,2024-09,12,8,1.5833333333333333,19,1,1,111162.32,0,0.6666666666666666,0.08333333333333333,0.0,0.0,0.0,0.0,111162.32,1.0,0.0,0.007227390391651453,0.0,0.0,0.06666666666666665,0.0,-0.9166666666666667,0.0,1,1
SUP016,2024-10,9,5,2.888888888888889,26,1,8,97862.06,0,0.5555555555555556,0.1111111111111111,0.0,0.0,0.0,0.0,97862.06,1.0,0.0,0.006460803694226952,0.0,0.0,-0.11111111111111105,0.0,1.3055555555555556,0.0,1,1
SUP016,2024-11,8,6,2.125,17,0,0,116556.8,0,0.75,0.0,0.0,0.0,0.0,0.0,116556.8,1.0,0.0,0.007645831063100597,0.0,0.0,0.19444444444444442,0.0,-0.7638888888888888,0.0,1,1
SUP016,2024-12,9,4,1.8888888888888888,17,1,6,98418.79000000001,0,0.4444444444444444,0.1111111111111111,0.0,0.0,0.0,0.0,98418.79000000001,1.0,0.0,0.005947440981532526,0.0,0.0,-0.3055555555555556,0.0,-0.23611111111111116,0.0,1,0
SUP016,2025-01,10,6,1.6,16,2,4,87181.40000000001,0,0.6,0.2,0.0,0.0,0.0,0.0,87181.40000000001,1.0,0.0,0.005311638886726565,0.0,0.0,0.15555555555555556,0.0,-0.28888888888888875,0.0,1,1
SUP016,2025-02,2,2,2.5,5,0,0,41219.5,0,1.0,0.0,0.0,0.0,0.0,0.0,41219.5,1.0,0.0,0.008776432547598596,0.0,0.0,0.4,0.0,0.8999999999999999,0.0,1,1
SUP017,2022-01,4,1,0.75,3,1,5,25807.53,0,0.25,0.25,0.0,0.0,0.0,0.0,25807.53,1.0,0.0,0.02442413987852138,0.0,0.0,0.0,0.0,0.0,0.0,0,0
SUP017,2022-02,30,10,0.8333333333333334,25,2,5,480483.01,0,0.3333333333333333,0.06666666666666667,0.0,0.0,0.0,0.0,480483.01,1.0,0.0,0.054818230245481776,0.0,0.0,0.08333333333333331,0.0,0.08333333333333337,0.0,1,1
SUP017,2022-03,34,10,0.7941176470588235,27,2,9,777228.41,0,0.29411764705882354,0.058823529411764705,0.0,0.0,0.0,0.0,777228.41,1.0,0.0,0.051329031356939885,0.0,0.0,-0.039215686274509776,0.0,-0.03921568627450989,0.0,1,0
SUP017,2022-04,27,15,1.6296296296296295,44,3,23,541865.09,0,0.5555555555555556,0.1111111111111111,0.0,0.0,0.0,0.0,541865.09,1.0,0.0,0.03479282888250971,0.0,0.0,0.26143790849673204,0.0,0.835511982570806,0.0,1,1
SUP017,2022-05,30,16,1.7333333333333334,52,7,19,675829.3200000001,0,0.5333333333333333,0.23333333333333334,0.0,0.0,0.0,0.0,675829.3200000001,1.0,0.0,0.0392930165074121,0.0,0.0,-0.022222222222222254,0.0,0.10370370370370385,0.0,1,1
SUP017,2022-06,35,17,1.1714285714285715,41,3,10,655244.26,0,0.4857142857142857,0.08571428571428572,0.0,0.0,0.0,0.0,655244.26,1.0,0.0,0.04094867373717502,0.0,0.0,-0.047619047619047616,0.0,-0.5619047619047619,0.0,1,0
SUP017,2022-07,33,14,0.8484848484848485,28,2,28,581567.75,0,0.42424242424242425,0.06060606060606061,0.0,0.0,0.0,0.0,581567.75,1.0,0.0,0.03463687119894573,0.0,0.0,-0.061471861471861455,0.0,-0.322943722943723,0.0,1,0
SUP017,2022-08,52,21,1.0,52,5,20,1003945.94,0,0.40384615384615385,0.09615384615384616,0.0,1.0,1.0,0.019230769230769232,1003945.94,1.0,0.0,0.060102779467165246,0.0,0.0,-0.0203962703962704,0.019230769230769232,0.1515151515151515,0.0,1,1
SUP017,2022-09,26,9,0.8461538461538461,22,4,17,560194.67,0,0.34615384615384615,0.15384615384615385,0.0,1.0,1.0,0.038461538461538464,560194.67,1.0,0.0,0.03638439834131576,0.0,0.0,-0.05769230769230771,0.019230769230769232,-0.15384615384615385,0.0,1,1
SUP017,2022-10,37,15,1.3243243243243243,49,3,16,633778.94,0,0.40540540540540543,0.08108108108108109,0.0,0.0,0.0,0.0,633778.94,1.0,0.0,0.038326995115905156,0.0,0.0,0.05925155925155928,-0.038461538461538464,0.4781704781704782,0.0,1,1
SUP017,2022-11,39,20,1.205128205128205,47,7,39,959826.04,0,0.5128205128205128,0.1794871794871795,0.0,1.0,1.0,0.02564102564102564,959826.04,1.0,0.0,0.06217534784503419,0.0,0.0,0.10741510741510735,0.02564102564102564,-0.11919611919611928,0.0,1,1
SUP017,2022-12,42,17,0.8809523809523809,37,4,19,864637.77,0,0.40476190476190477,0.09523809523809523,0.0,0.0,0.0,0.0,864637.77,1.0,0.0,0.05009409613679979,0.0,0.0,-0.10805860805860801,-0.02564102564102564,-0.32417582417582413,0.0,1,0
SUP017,2023-01,46,22,1.2826086956521738,59,4,11,872847.23,0,0.4782608695652174,0.08695652173913043,0.0,0.0,0.0,0.0,872847.23,1.0,0.0,0.04965731019371076,0.0,0.0,0.07349896480331264,0.0,0.4016563146997929,0.0,1,1
SUP017,2023-02,42,18,1.0952380952380953,46,3,6,851587.4400000001,0,0.42857142857142855,0.07142857142857142,0.0,2.0,2.0,0.047619047619047616,851587.4400000001,1.0,0.0,0.05842398685642335,0.0,0.0,-0.04968944099378886,0.047619047619047616,-0.1873706004140785,0.0,1,1
SUP017,2023-03,37,14,0.8108108108108109,30,3,6,780876.39,0,0.3783783783783784,0.08108108108108109,0.0,0.0,0.0,0.0,780876.39,1.0,0.0,0.05356118087538767,0.0,0.0,-0.05019305019305015,-0.047619047619047616,-0.2844272844272845,0.0,1,0
SUP017,2023-04,36,16,0.9722222222222222,35,4,9,544391.26,0,0.4444444444444444,0.1111111111111111,0.0,0.0,0.0,0.0,544391.26,1.0,0.0,0.03055299338689035,0.0,0.0,0.06606606606606602,0.0,0.16141141141141135,0.0,1,1
SUP017,2023-05,31,13,1.064516129032258,33,1,18,529164.34,0,0.41935483870967744,0.03225806451612903,0.0,0.0,0.0,0.0,529164.34,1.0,0.0,0.03405949778454329,0.0,0.0,-0.025089605734766984,0.0,0.0922939068100358,0.0,1,1
SUP017,2023-06,37,17,1.4054054054054055,52,5,7,557457.6900000001,0,0.4594594594594595,0.13513513513513514,0.0,0.0,0.0,0.0,557457.6900000001,1.0,0.0,0.032307004186488374,0.0,0.0,0.04010462074978205,0.0,0.3408892763731475,0.0,1,1
SUP017,2023-07,38,16,0.8947368421052632,34,2,6,742901.13,0,0.42105263157894735,0.05263157894736842,0.0,1.0,1.0,0.02631578947368421,742901.13,1.0,0.0,0.04282273779631301,0.0,0.0,-0.03840682788051214,0.02631578947368421,-0.5106685633001423,0.0,1,1
SUP017,2023-08,46,17,1.0,46,10,36,706170.85,0,0.3695652173913043,0.21739130434782608,0.0,0.0,0.0,0.0,706170.85,1.0,0.0,0.0438511670664792,0.0,0.0,-0.05148741418764302,-0.02631578947368421,0.10526315789473684,0.0,1,1
SUP017,2023-09,37,10,0.7297297297297297,27,3,14,653734.55,0,0.2702702702702703,0.08108108108108109,0.0,0.0,0.0,0.0,653734.55,1.0,0.0,0.04222754411734808,0.0,0.0,-0.09929494712103404,0.0,-0.2702702702702703,0.0,1,0
SUP017,2023-10,33,16,1.2121212121212122,40,3,22,664842.55,0,0.48484848484848486,0.09090909090909091,0.0,0.0,0.0,0.0,664842.55,1.0,0.0,0.03883771044034606,0.0,0.0,0.21457821457821458,0.0,0.48239148239148244,0.0,1,1
SUP017,2023-11,38,15,1.263157894736842,48,0,0,712905.29,0,0.39473684210526316,0.0,0.0,2.0,5.0,0.05263157894736842,712905.29,1.0,0.0,0.04749252554369263,0.0,0.0,-0.0901116427432217,0.05263157894736842,0.05103668261562988,0.0,1,1
SUP017,2023-12,44,16,1.0,44,3,19,937307.5599999999,0,0.36363636363636365,0.06818181818181818,0.0,0.0,0.0,0.0,937307.5599999999,1.0,0.0,0.05589139272165924,0.0,0.0,-0.031100478468899517,-0.05263157894736842,-0.26315789473684204,0.0,1,0
SUP017,2024-01,34,10,0.7352941176470589,25,3,5,511713.92,0,0.29411764705882354,0.08823529411764706,0.0,1.0,1.0,0.029411764705882353,511713.92,1.0,0.0,0.03148728916251369,0.0,0.0,-0.06951871657754011,0.029411764705882353,-0.2647058823529411,0.0,1,1
SUP017,2024-02,39,13,0.8205128205128205,32,6,24,679975.72,0,0.3333333333333333,0.15384615384615385,0.0,0.0,0.0,0.0,679975.72,1.0,0.0,0.04905448656678133,0.0,0.0,0.039215686274509776,-0.029411764705882353,0.08521870286576161,0.0,1,1
SUP017,2024-03,39,18,1.6923076923076923,66,5,16,754834.47,0,0.46153846153846156,0.1282051282051282,0.0,0.0,0.0,0.0,754834.47,1.0,0.0,0.045799889190201885,0.0,0.0,0.12820512820512825,0.0,0.8717948717948718,0.0,1,1
SUP017,2024-04,32,12,1.28125,41,2,9,579004.39,0,0.375,0.0625,0.0,0.0,0.0,0.0,579004.39,1.0,0.0,0.036950609123237374,0.0,0.0,-0.08653846153846156,0.0,-0.4110576923076923,0.0,1,0
SUP017,2024-05,37,14,1.162162162162162,43,2,20,955184.98,0,0.3783783783783784,0.05405405405405406,0.0,1.0,1.0,0.02702702702702703,955184.98,1.0,0.0,0.059774721701741196,0.0,0.0,0.0033783783783783994,0.02702702702702703,-0.11908783783783794,0.0,1,1
SUP017,2024-06,32,14,1.28125,41,2,8,755136.65,0,0.4375,0.0625,0.0,1.0,1.0,0.03125,755136.65,1.0,0.0,0.04845200927913542,0.0,0.0,0.0591216216216216,0.0042229729729729715,0.11908783783783794,0.0,1,1
SUP017,2024-07,43,19,1.2093023255813953,52,2,5,822265.7,0,0.4418604651162791,0.046511627906976744,0.0,0.0,0.0,0.0,822265.7,1.0,0.0,0.05183152175564286,0.0,0.0,0.0043604651162790775,-0.03125,-0.07194767441860472,0.0,1,1
SUP017,2024-08,30,11,1.0666666666666667,32,2,7,600954.63,0,0.36666666666666664,0.06666666666666667,0.0,0.0,0.0,0.0,600954.63,1.0,0.0,0.03919555021600404,0.0,0.0,-0.07519379844961244,0.0,-0.14263565891472862,0.0,1,0
SUP017,2024-09,36,19,1.0277777777777777,37,7,27,798361.76,0,0.5277777777777778,0.19444444444444445,0.0,0.0,0.0,0.0,798361.76,1.0,0.0,0.0519067262475805,0.0,0.0,0.16111111111111115,0.0,-0.03888888888888897,0.0,1,1
SUP017,2024-10,32,14,1.40625,45,3,6,623638.6,0,0.4375,0.09375,0.0,0.0,0.0,0.0,623638.6,1.0,0.0,0.04117230488242864,0.0,0.0,-0.09027777777777779,0.0,0.3784722222222223,0.0,1,1
SUP017,2024-11,29,12,1.3793103448275863,40,1,5,451346.61,0,0.41379310344827586,0.034482758620689655,0.0,0.0,0.0,0.0,451346.61,1.0,0.0,0.029607195212661558,0.0,0.0,-0.023706896551724144,0.0,-0.0269396551724137,0.0,1,0
SUP017,2024-12,32,16,1.25,40,2,7,631637.36,0,0.5,0.0625,0.0,0.0,0.0,0.0,631637.36,1.0,0.0,0.03816980396051418,0.0,0.0,0.08620689655172414,0.0,-0.1293103448275863,0.0,1,1
SUP017,2025-01,36,12,0.6944444444444444,25,2,4,625155.54,0,0.3333333333333333,0.05555555555555555,0.0,0.0,0.0,0.0,625155.54,1.0,0.0,0.038088405055625905,0.0,0.0,-0.16666666666666669,0.0,-0.5555555555555556,0.0,1,0
SUP017,2025-02,1,0,0.0,0,0,0,30423.25,0,0.0,0.0,0.0,0.0,0.0,0.0,30423.25,1.0,0.0,0.006477701124558255,0.0,0.0,-0.3333333333333333,0.0,-0.6944444444444444,0.0,1,0
SUP018,2022-02,9,5,1.4444444444444444,13,0,0,117602.01000000001,0,0.5555555555555556,0.0,0.0,0.0,0.0,0.0,117602.01000000001,1.0,0.0,0.013417194629861004,0.0,0.0,0.0,0.0,0.0,0.0,0,0
SUP018,2022-03,19,8,1.263157894736842,24,3,10,217683.11000000002,0,0.42105263157894735,0.15789473684210525,0.0,0.0,0.0,0.0,217683.11000000002,1.0,0.0,0.014376035455351143,0.0,0.0,-0.13450292397660824,0.0,-0.18128654970760238,0.0,1,0
SUP018,2022-04,11,10,2.6363636363636362,29,2,7,127648.78,0,0.9090909090909091,0.18181818181818182,0.0,0.0,0.0,0.0,127648.78,1.0,0.0,0.008196250767144139,0.0,0.0,0.4880382775119617,0.0,1.3732057416267942,0.0,1,1
SUP018,2022-05,23,19,2.9565217391304346,68,2,4,250273.2,0,0.8260869565217391,0.08695652173913043,0.0,2.0,2.0,0.08695652173913043,250273.2,1.0,0.0,0.014550994885754365,0.0,0.0,-0.08300395256916993,0.08695652173913043,0.32015810276679835,0.0,1,1
SUP018,2022-06,18,13,2.9444444444444446,53,0,0,269033.82,0,0.7222222222222222,0.0,0.0,0.0,0.0,0.0,269033.82,1.0,0.0,0.016812933423401333,0.0,0.0,-0.10386473429951693,-0.08695652173913043,-0.012077294685989948,0.0,1,0
SUP018,2022-07,19,17,2.4210526315789473,46,4,23,337721.42000000004,0,0.8947368421052632,0.21052631578947367,0.0,1.0,1.0,0.05263157894736842,337721.42000000004,1.0,0.0,0.02011393053632196,0.0,0.0,0.17251461988304095,0.05263157894736842,-0.5233918128654973,0.0,1,1
SUP018,2022-08,13,8,1.5384615384615385,20,1,6,151531.21000000002,0,0.6153846153846154,0.07692307692307693,0.0,0.0,0.0,0.0,151531.21000000002,1.0,0.0,0.009071650707629443,0.0,0.0,-0.27935222672064774,-0.05263157894736842,-0.8825910931174088,0.0,1,0
SUP018,2022-09,13,7,1.0,13,2,7,89499.74,0,0.5384615384615384,0.15384615384615385,0.0,0.0,0.0,0.0,89499.74,1.0,0.0,0.0058129688945526585,0.0,0.0,-0.07692307692307698,0.0,-0.5384615384615385,0.0,1,0
SUP018,2022-10,15,11,2.933333333333333,44,4,17,143270.99,0,0.7333333333333333,0.26666666666666666,0.0,0.0,0.0,0.0,143270.99,1.0,0.0,0.0086641353749951,0.0,0.0,0.19487179487179485,0.0,1.9333333333333331,0.0,1,1
SUP018,2022-11,16,12,2.1875,35,2,6,93869.85,0,0.75,0.125,0.0,1.0,1.0,0.0625,93869.85,1.0,0.0,0.006080675385626319,0.0,0.0,0.01666666666666672,0.0625,-0.7458333333333331,0.0,1,1
SUP018,2022-12,16,7,1.4375,23,3,19,205403.80000000002,0,0.4375,0.1875,0.0,0.0,0.0,0.0,205403.80000000002,1.0,0.0,0.011900379628412483,0.0,0.0,-0.3125,-0.0625,-0.75,0.0,1,0
SUP018,2023-01,13,7,1.6923076923076923,22,0,0,128585.1,0,0.5384615384615384,0.0,0.0,0.0,0.0,0.0,128585.1,1.0,0.0,0.007315358263770074,0.0,0.0,0.10096153846153844,0.0,0.2548076923076923,0.0,1,1
SUP018,2023-02,14,12,2.5,35,2,3,145154.76,0,0.8571428571428571,0.14285714285714285,0.0,0.0,0.0,0.0,145154.76,1.0,0.0,0.00995848387616812,0.0,0.0,0.31868131868131866,0.0,0.8076923076923077,0.0,1,1
SUP018,2023-03,19,15,2.210526315789474,42,2,4,120528.73000000001,0,0.7894736842105263,0.10526315789473684,0.0,0.0,0.0,0.0,120528.73000000001,1.0,0.0,0.008267199765395347,0.0,0.0,-0.06766917293233077,0.0,-0.2894736842105261,0.0,1,0
SUP018,2023-04,21,16,3.0952380952380953,65,2,4,154231.5,0,0.7619047619047619,0.09523809523809523,0.0,0.0,0.0,0.0,154231.5,1.0,0.0,0.008655969237180955,0.0,0.0,-0.027568922305764465,0.0,0.8847117794486214,0.0,1,1
SUP018,2023-05,17,11,1.6470588235294117,28,3,10,158954.67,0,0.6470588235294118,0.17647058823529413,0.0,0.0,0.0,0.0,158954.67,1.0,0.0,0.010231067782662397,0.0,0.0,-0.11484593837535007,0.0,-1.4481792717086837,0.0,1,0
SUP018,2023-06,18,14,3.111111111111111,56,1,2,205645.75,0,0.7777777777777778,0.05555555555555555,0.0,1.0,1.0,0.05555555555555555,205645.75,1.0,0.0,0.011918031135571099,0.0,0.0,0.130718954248366,0.05555555555555555,1.4640522875816995,0.0,1,1
SUP018,2023-07,19,12,2.0526315789473686,39,2,5,217004.55000000002,0,0.631578947368421,0.10526315789473684,0.0,0.0,0.0,0.0,217004.55000000002,1.0,0.0,0.01250870212737043,0.0,0.0,-0.14619883040935677,-0.05555555555555555,-1.0584795321637426,0.0,1,0
SUP018,2023-08,21,13,2.5714285714285716,54,8,30,145339.5,0,0.6190476190476191,0.38095238095238093,0.0,1.0,1.0,0.047619047619047616,145339.5,1.0,0.0,0.009025162530935047,0.0,0.0,-0.012531328320801949,0.047619047619047616,0.518796992481203,0.0,1,1
SUP018,2023-09,24,18,2.8333333333333335,68,2,7,234510.97,0,0.75,0.08333333333333333,0.0,1.0,1.0,0.041666666666666664,234510.97,1.0,0.0,0.015148078576659429,0.0,0.0,0.13095238095238093,-0.005952380952380952,0.26190476190476186,0.0,1,1
SUP018,2023-10,16,10,2.75,44,2,6,122898.76000000001,0,0.625,0.125,0.0,0.0,0.0,0.0,122898.76000000001,1.0,0.0,0.007179303512324211,0.0,0.0,-0.125,-0.041666666666666664,-0.08333333333333348,0.0,1,0
SUP018,2023-11,15,11,2.6,39,4,28,104909.77,0,0.7333333333333333,0.26666666666666666,0.0,0.0,0.0,0.0,104909.77,1.0,0.0,0.006988908626990156,0.0,0.0,0.10833333333333328,0.0,-0.1499999999999999,0.0,1,1
SUP018,2023-12,18,10,1.6666666666666667,30,0,0,173976.1,0,0.5555555555555556,0.0,0.0,0.0,0.0,0.0,173976.1,1.0,0.0,0.010374147125499191,0.0,0.0,-0.1777777777777777,0.0,-0.9333333333333333,0.0,1,0
SUP018,2024-01,23,17,2.217391304347826,51,4,25,268853.5,0,0.7391304347826086,0.17391304347826086,0.0,0.0,0.0,0.0,268853.5,1.0,0.0,0.0165433605887717,0.0,0.0,0.18357487922705307,0.0,0.5507246376811594,0.0,1,1
SUP018,2024-02,16,7,1.625,26,3,11,124477.05,0,0.4375,0.1875,0.0,0.0,0.0,0.0,124477.05,1.0,0.0,0.008979964427402743,0.0,0.0,-0.30163043478260865,0.0,-0.5923913043478262,0.0,1,0
SUP018,2024-03,15,10,2.3333333333333335,35,3,4,190990.76,0,0.6666666666666666,0.2,0.0,0.0,0.0,0.0,190990.76,1.0,0.0,0.011588442224097746,0.0,0.0,0.22916666666666663,0.0,0.7083333333333335,0.0,1,1
SUP018,2024-04,15,10,1.4,21,0,0,288111.23,0,0.6666666666666666,0.0,0.0,1.0,1.0,0.06666666666666667,288111.23,1.0,0.0,0.01838653666122487,0.0,0.0,0.0,0.06666666666666667,-0.9333333333333336,0.0,1,1
SUP018,2024-05,13,11,2.769230769230769,36,1,3,155630.64,0,0.8461538461538461,0.07692307692307693,0.0,1.0,1.0,0.07692307692307693,155630.64,1.0,0.0,0.009739242543642041,0.0,0.0,0.17948717948717952,0.010256410256410262,1.3692307692307693,0.0,1,1
SUP018,2024-06,18,11,1.1666666666666667,21,4,8,161856.35,0,0.6111111111111112,0.2222222222222222,0.0,1.0,1.0,0.05555555555555555,161856.35,1.0,0.0,0.010385226795821644,0.0,0.0,-0.23504273504273498,-0.021367521367521375,-1.6025641025641024,0.0,1,0
SUP018,2024-07,21,17,2.9523809523809526,62,1,11,274800.77,0,0.8095238095238095,0.047619047619047616,0.0,0.0,0.0,0.0,274800.77,1.0,0.0,0.017322067658571205,0.0,0.0,0.19841269841269837,-0.05555555555555555,1.7857142857142858,0.0,1,1
SUP018,2024-08,16,12,2.0625,33,3,8,170956.26,0,0.75,0.1875,0.0,1.0,1.0,0.0625,170956.26,1.0,0.0,0.01115013403519371,0.0,0.0,-0.059523809523809534,0.0625,-0.8898809523809526,0.0,1,1
SUP018,2024-09,15,8,2.2,33,1,2,165884.18,0,0.5333333333333333,0.06666666666666667,0.0,0.0,0.0,0.0,165884.18,1.0,0.0,0.010785216867181074,0.0,0.0,-0.21666666666666667,-0.0625,0.13750000000000018,0.0,1,1
SUP018,2024-10,19,13,2.526315789473684,48,0,0,165827.80000000002,0,0.6842105263157895,0.0,0.0,0.0,0.0,0.0,165827.80000000002,1.0,0.0,0.010947867466161334,0.0,0.0,0.15087719298245617,0.0,0.3263157894736839,0.0,1,1
SUP018,2024-11,18,12,2.0555555555555554,37,3,10,212615.42,0,0.6666666666666666,0.16666666666666666,0.0,0.0,0.0,0.0,212615.42,1.0,0.0,0.01394703340114159,0.0,0.0,-0.01754385964912286,0.0,-0.4707602339181287,0.0,1,0
SUP018,2024-12,12,7,1.5,18,2,3,119306.88,0,0.5833333333333334,0.16666666666666666,0.0,0.0,0.0,0.0,119306.88,1.0,0.0,0.007209706881082192,0.0,0.0,-0.08333333333333326,0.0,-0.5555555555555554,0.0,1,0
SUP018,2025-01,15,9,2.4,36,2,10,304402.60000000003,0,0.6,0.13333333333333333,0.0,0.0,0.0,0.0,304402.60000000003,1.0,0.0,0.01854611978450302,0.0,0.0,0.016666666666666607,0.0,0.8999999999999999,0.0,1,1
SUP018,2025-02,4,1,0.5,2,0,0,15316.080000000002,0,0.25,0.0,0.0,0.0,0.0,0.0,15316.080000000002,1.0,0.0,0.003261091061600066,0.0,0.0,-0.35,0.0,-1.9,0.0,1,0
SUP019,2022-01,3,2,1.6666666666666667,5,0,0,34819.16,0,0.6666666666666666,0.0,0.0,0.0,0.0,0.0,34819.16,1.0,0.0,0.03295270931749829,0.0,0.0,0.0,0.0,0.0,0.0,0,0
SUP019,2022-02,18,11,1.7777777777777777,32,2,7,349883.97,0,0.6111111111111112,0.1111111111111111,0.0,0.0,0.0,0.0,349883.97,1.0,0.0,0.0399182065285997,0.0,0.0,-0.05555555555555547,0.0,0.11111111111111094,0.0,1,1
SUP019,2022-03,26,8,1.0,26,2,3,352565.24,0,0.3076923076923077,0.07692307692307693,0.0,0.0,0.0,0.0,352565.24,1.0,0.0,0.023283801809724166,0.0,0.0,-0.30341880341880345,0.0,-0.7777777777777777,0.0,1,0
SUP019,2022-04,11,3,0.8181818181818182,9,1,2,270857.24,0,0.2727272727272727,0.09090909090909091,0.0,0.0,0.0,0.0,270857.24,1.0,0.0,0.017391579152864167,0.0,0.0,-0.034965034965035,0.0,-0.18181818181818177,0.0,1,0
SUP019,2022-05,18,9,1.1666666666666667,21,0,0,500918.18000000005,0,0.5,0.0,0.0,0.0,0.0,0.0,500918.18000000005,1.0,0.0,0.029123605225654943,0.0,0.0,0.2272727272727273,0.0,0.3484848484848485,0.0,1,1
SUP019,2022-06,16,6,0.875,14,1,7,377110.75,0,0.375,0.0625,0.0,0.0,0.0,0.0,377110.75,1.0,0.0,0.02356706652345398,0.0,0.0,-0.125,0.0,-0.29166666666666674,0.0,1,0
SUP019,2022-07,23,10,1.6521739130434783,38,2,2,633532.27,0,0.43478260869565216,0.08695652173913043,0.0,2.0,2.0,0.08695652173913043,633532.27,1.0,0.0,0.03773176149531282,0.0,0.0,0.05978260869565216,0.08695652173913043,0.7771739130434783,0.0,1,1
SUP019,2022-08,19,7,0.5263157894736842,10,0,0,505534.32,0,0.3684210526315789,0.0,0.0,1.0,1.0,0.05263157894736842,505534.32,1.0,0.0,0.03026459547019369,0.0,0.0,-0.06636155606407323,-0.034324942791762014,-1.125858123569794,0.0,1,0
SUP019,2022-09,12,4,0.6666666666666666,8,2,2,206280.51,0,0.3333333333333333,0.16666666666666666,0.0,0.0,0.0,0.0,206280.51,1.0,0.0,0.013397828733161221,0.0,0.0,-0.03508771929824561,-0.05263157894736842,0.14035087719298245,0.0,1,1
SUP019,2022-10,19,11,2.0,38,2,2,276499.11,0,0.5789473684210527,0.10526315789473684,0.0,0.0,0.0,0.0,276499.11,1.0,0.0,0.016720940646153568,0.0,0.0,0.24561403508771934,0.0,1.3333333333333335,0.0,1,1
SUP019,2022-11,25,9,1.08,27,1,1,511901.9,0,0.36,0.04,0.0,0.0,0.0,0.0,511901.9,1.0,0.0,0.03315984081348106,0.0,0.0,-0.21894736842105267,0.0,-0.9199999999999999,0.0,1,0
SUP019,2022-12,22,10,0.9090909090909091,20,1,4,291569.99,0,0.45454545454545453,0.045454545454545456,0.0,0.0,0.0,0.0,291569.99,1.0,0.0,0.016892548089433742,0.0,0.0,0.09454545454545454,0.0,-0.170909090909091,0.0,1,1
SUP019,2023-01,26,9,0.8846153846153846,23,4,12,503015.48,0,0.34615384615384615,0.15384615384615385,0.0,0.0,0.0,0.0,503015.48,1.0,0.0,0.028617144975757455,0.0,0.0,-0.10839160839160839,0.0,-0.02447552447552448,0.0,1,0
SUP019,2023-02,16,6,0.625,10,0,0,313672.62,0,0.375,0.0,0.0,1.0,1.0,0.0625,313672.62,1.0,0.0,0.021519816013373654,0.0,0.0,0.028846153846153855,0.0625,-0.2596153846153846,0.0,1,1
SUP019,2023-03,16,11,2.0,32,2,5,213737.57,0,0.6875,0.125,0.0,0.0,0.0,0.0,213737.57,1.0,0.0,0.014660497862710172,0.0,0.0,0.3125,-0.0625,1.375,0.0,1,1
SUP019,2023-04,15,5,0.8666666666666667,13,4,11,270039.24,0,0.3333333333333333,0.26666666666666666,0.0,0.0,0.0,0.0,270039.24,1.0,0.0,0.015155473131440236,0.0,0.0,-0.3541666666666667,0.0,-1.1333333333333333,0.0,1,0
SUP019,2023-05,24,4,0.5,12,1,4,435307.29000000004,0,0.16666666666666666,0.041666666666666664,0.0,1.0,1.0,0.041666666666666664,435307.29000000004,1.0,0.0,0.028018418019911444,0.0,0.0,-0.16666666666666666,0.041666666666666664,-0.3666666666666667,0.0,1,1
SUP019,2023-06,14,7,1.1428571428571428,16,0,0,476629.86000000004,0,0.5,0.0,0.0,0.0,0.0,0.0,476629.86000000004,1.0,0.0,0.027622693450377135,0.0,0.0,0.33333333333333337,-0.041666666666666664,0.6428571428571428,0.0,1,1
SUP019,2023-07,18,7,1.2222222222222223,22,2,4,422986.38,0,0.3888888888888889,0.1111111111111111,0.0,0.0,0.0,0.0,422986.38,1.0,0.0,0.02438202623564675,0.0,0.0,-0.1111111111111111,0.0,0.07936507936507953,0.0,1,1
SUP019,2023-08,16,11,1.6875,27,2,8,608758.48,0,0.6875,0.125,0.0,0.0,0.0,0.0,608758.48,1.0,0.0,0.037802140671221326,0.0,0.0,0.2986111111111111,0.0,0.4652777777777777,0.0,1,1
SUP019,2023-09,17,5,0.9411764705882353,16,1,2,245933.96,0,0.29411764705882354,0.058823529411764705,0.0,0.0,0.0,0.0,245933.96,1.0,0.0,0.015885938942425664,0.0,0.0,-0.39338235294117646,0.0,-0.7463235294117647,0.0,1,0
SUP019,2023-10,20,9,1.2,24,2,2,337472.99,0,0.45,0.1,0.0,2.0,2.0,0.1,337472.99,1.0,0.0,0.019713958240274786,0.0,0.0,0.15588235294117647,0.1,0.2588235294117647,0.0,1,1
SUP019,2023-11,19,8,1.263157894736842,24,0,0,309728.0,0,0.42105263157894735,0.0,0.0,0.0,0.0,0.0,309728.0,1.0,0.0,0.020633547201756395,0.0,0.0,-0.028947368421052666,-0.1,0.06315789473684208,0.0,1,1
SUP019,2023-12,17,6,1.2941176470588236,22,0,0,451710.83,0,0.35294117647058826,0.0,0.0,1.0,2.0,0.058823529411764705,451710.83,1.0,0.0,0.026935392899377294,0.0,0.0,-0.06811145510835909,0.058823529411764705,0.03095975232198156,0.0,1,1
SUP019,2024-01,21,6,1.2380952380952381,26,0,0,602247.49,0,0.2857142857142857,0.0,0.0,0.0,0.0,0.0,602247.49,1.0,0.0,0.037058090710192275,0.0,0.0,-0.06722689075630256,-0.058823529411764705,-0.05602240896358546,0.0,1,0
SUP019,2024-02,17,9,1.2941176470588236,22,0,0,313947.69,0,0.5294117647058824,0.0,0.0,0.0,0.0,0.0,313947.69,1.0,0.0,0.022648665663793158,0.0,0.0,0.24369747899159666,0.0,0.05602240896358546,0.0,1,1
SUP019,2024-03,23,12,1.0869565217391304,25,1,4,333975.19,0,0.5217391304347826,0.043478260869565216,0.0,0.0,0.0,0.0,333975.19,1.0,0.0,0.020264080804731428,0.0,0.0,-0.007672634271099765,0.0,-0.20716112531969322,0.0,1,0
SUP019,2024-04,23,16,1.8695652173913044,43,0,0,375616.26,0,0.6956521739130435,0.0,0.0,1.0,1.0,0.043478260869565216,375616.26,1.0,0.0,0.023970888378915922,0.0,0.0,0.17391304347826086,0.043478260869565216,0.7826086956521741,0.0,1,1
SUP019,2024-05,21,9,1.0,21,0,0,492442.75,0,0.42857142857142855,0.0,0.0,0.0,0.0,0.0,492442.75,1.0,0.0,0.03081667839384379,0.0,0.0,-0.2670807453416149,-0.043478260869565216,-0.8695652173913044,0.0,1,0
SUP019,2024-06,15,7,2.0,30,1,7,232199.94,0,0.4666666666666667,0.06666666666666667,0.0,0.0,0.0,0.0,232199.94,1.0,0.0,0.014898698993744627,0.0,0.0,0.038095238095238126,0.0,1.0,0.0,1,1
SUP019,2024-07,20,10,1.4,28,0,0,579006.15,0,0.5,0.0,0.0,0.0,0.0,0.0,579006.15,1.0,0.0,0.036497655028509664,0.0,0.0,0.033333333333333326,0.0,-0.6000000000000001,0.0,1,1
SUP019,2024-08,27,9,0.7407407407407407,20,4,15,645582.27,0,0.3333333333333333,0.14814814814814814,0.0,0.0,0.0,0.0,645582.27,1.0,0.0,0.0421062606379235,0.0,0.0,-0.16666666666666669,0.0,-0.6592592592592592,0.0,1,0
SUP019,2024-09,17,8,1.9411764705882353,33,4,15,314177.65,0,0.47058823529411764,0.23529411764705882,0.0,0.0,0.0,0.0,314177.65,1.0,0.0,0.020426746481016528,0.0,0.0,0.13725490196078433,0.0,1.2004357298474946,0.0,1,1
SUP019,2024-10,19,9,1.105263157894737,21,3,21,275142.64,0,0.47368421052631576,0.15789473684210525,0.0,0.0,0.0,0.0,275142.64,1.0,0.0,0.01816477790219577,0.0,0.0,0.0030959752321981227,0.0,-0.8359133126934983,0.0,1,1
SUP019,2024-11,17,8,1.411764705882353,24,1,4,422755.61,0,0.47058823529411764,0.058823529411764705,0.0,0.0,0.0,0.0,422755.61,1.0,0.0,0.02773169797933747,0.0,0.0,-0.0030959752321981227,0.0,0.3065015479876161,0.0,1,1
SUP019,2024-12,19,10,1.6842105263157894,32,1,7,414549.48,0,0.5263157894736842,0.05263157894736842,0.0,0.0,0.0,0.0,414549.48,1.0,0.0,0.025051197705488942,0.0,0.0,0.05572755417956654,0.0,0.27244582043343635,0.0,1,1
SUP019,2025-01,22,11,1.3181818181818181,29,2,3,374387.27,0,0.5,0.09090909090909091,0.0,0.0,0.0,0.0,374387.27,1.0,0.0,0.022810025785630853,0.0,0.0,-0.02631578947368418,0.0,-0.36602870813397126,0.0,1,0
SUP020,2022-01,6,1,0.5,3,1,9,227451.99000000002,0,0.16666666666666666,0.16666666666666666,0.0,0.0,0.0,0.0,227451.99000000002,1.0,0.0,0.21525962459049924,0.0,0.0,0.0,0.0,0.0,0.0,0,0
SUP020,2022-02,9,4,0.7777777777777778,7,3,5,220054.04,0,0.4444444444444444,0.3333333333333333,0.0,0.0,0.0,0.0,220054.04,1.0,0.0,0.02510593044937938,0.0,0.0,0.2777777777777778,0.0,0.2777777777777778,0.0,1,1
SUP020,2022-03,10,3,1.1,11,1,2,208875.82,0,0.3,0.1,0.0,0.0,0.0,0.0,208875.82,1.0,0.0,0.013794392197380602,0.0,0.0,-0.14444444444444443,0.0,0.3222222222222223,0.0,1,1
SUP020,2022-04,16,11,1.625,26,0,0,398732.93000000005,0,0.6875,0.0,0.0,0.0,0.0,0.0,398732.93000000005,1.0,0.0,0.025602399673527086,0.0,0.0,0.3875,0.0,0.5249999999999999,0.0,1,1
SUP020,2022-05,12,3,0.5,6,0,0,289581.81,0,0.25,0.0,0.0,0.0,0.0,0.0,289581.81,1.0,0.0,0.016836414911055166,0.0,0.0,-0.4375,0.0,-1.125,0.0,1,0
SUP020,2022-06,11,4,0.8181818181818182,9,0,0,322307.56,0,0.36363636363636365,0.0,0.0,1.0,1.0,0.09090909090909091,322307.56,1.0,0.0,0.02014220943723332,0.0,0.0,0.11363636363636365,0.09090909090909091,0.31818181818181823,0.0,1,1
SUP020,2022-07,15,5,1.2,18,0,0,202281.23,0,0.3333333333333333,0.0,0.0,0.0,0.0,0.0,202281.23,1.0,0.0,0.01204741650387993,0.0,0.0,-0.03030303030303033,-0.09090909090909091,0.3818181818181817,0.0,1,1
SUP020,2022-08,17,4,1.0,17,1,3,269860.79,0,0.23529411764705882,0.058823529411764705,0.0,0.0,0.0,0.0,269860.79,1.0,0.0,0.016155634384262752,0.0,0.0,-0.0980392156862745,0.0,-0.19999999999999996,0.0,1,0
SUP020,2022-09,14,7,1.1428571428571428,16,1,6,345529.85000000003,0,0.5,0.07142857142857142,0.0,0.0,0.0,0.0,345529.85000000003,1.0,0.0,0.022442012347627445,0.0,0.0,0.2647058823529412,0.0,0.1428571428571428,0.0,1,1
SUP020,2022-10,15,5,1.2666666666666666,19,0,0,305140.69,0,0.3333333333333333,0.0,0.0,0.0,0.0,0.0,305140.69,1.0,0.0,0.018453004663256767,0.0,0.0,-0.16666666666666669,0.0,0.12380952380952381,0.0,1,1
SUP020,2022-11,10,4,1.0,10,4,5,135918.94,0,0.4,0.4,0.0,0.0,0.0,0.0,135918.94,1.0,0.0,0.008804519799471507,0.0,0.0,0.06666666666666671,0.0,-0.2666666666666666,0.0,1,1
SUP020,2022-12,12,4,0.6666666666666666,8,0,0,239529.61000000002,0,0.3333333333333333,0.0,0.0,0.0,0.0,0.0,239529.61000000002,1.0,0.0,0.013877510013181774,0.0,0.0,-0.06666666666666671,0.0,-0.33333333333333337,0.0,1,0
SUP020,2023-01,12,4,0.75,9,0,0,157625.46000000002,0,0.3333333333333333,0.0,0.0,0.0,0.0,0.0,157625.46000000002,1.0,0.0,0.008967498655688405,0.0,0.0,0.0,0.0,0.08333333333333337,0.0,1,1
SUP020,2023-02,8,4,1.125,9,1,6,212621.29,0,0.5,0.125,0.0,0.0,0.0,0.0,212621.29,1.0,0.0,0.014587090965498244,0.0,0.0,0.16666666666666669,0.0,0.375,0.0,1,1
SUP020,2023-03,12,5,1.3333333333333333,16,0,0,280139.66000000003,0,0.4166666666666667,0.0,0.0,0.0,0.0,0.0,280139.66000000003,1.0,0.0,0.01921509113578092,0.0,0.0,-0.08333333333333331,0.0,0.20833333333333326,0.0,1,1
SUP020,2023-04,7,4,2.0,14,1,2,136939.30000000002,0,0.5714285714285714,0.14285714285714285,0.0,0.0,0.0,0.0,136939.30000000002,1.0,0.0,0.00768547519904231,0.0,0.0,0.1547619047619047,0.0,0.6666666666666667,0.0,1,1
SUP020,2023-05,14,7,1.2142857142857142,17,0,0,224883.21000000002,0,0.5,0.0,0.0,1.0,1.0,0.07142857142857142,224883.21000000002,1.0,0.0,0.014474537707465294,0.0,0.0,-0.0714285714285714,0.07142857142857142,-0.7857142857142858,0.0,1,1
SUP020,2023-06,13,3,0.46153846153846156,6,0,0,369765.92000000004,0,0.23076923076923078,0.0,0.0,0.0,0.0,0.0,369765.92000000004,1.0,0.0,0.02142948126782631,0.0,0.0,-0.2692307692307692,-0.07142857142857142,-0.7527472527472526,0.0,1,0
SUP020,2023-07,15,6,1.3333333333333333,20,1,1,287420.12,0,0.4,0.06666666666666667,0.0,1.0,1.0,0.06666666666666667,287420.12,1.0,0.0,0.0165676372522745,0.0,0.0,0.16923076923076924,0.06666666666666667,0.8717948717948717,0.0,1,1
SUP020,2023-08,19,7,1.263157894736842,24,1,1,393892.79000000004,0,0.3684210526315789,0.05263157894736842,0.0,1.0,1.0,0.05263157894736842,393892.79000000004,1.0,0.0,0.024459602857540223,0.0,0.0,-0.031578947368421095,-0.014035087719298248,-0.07017543859649122,0.0,1,0
SUP020,2023-09,12,6,1.3333333333333333,16,0,0,280775.45,0,0.5,0.0,0.0,0.0,0.0,0.0,280775.45,1.0,0.0,0.018136501584539565,0.0,0.0,0.13157894736842107,-0.05263157894736842,0.07017543859649122,0.0,1,1
SUP020,2023-10,12,4,0.75,9,1,5,403958.0,0,0.3333333333333333,0.08333333333333333,0.0,0.0,0.0,0.0,403958.0,1.0,0.0,0.02359777338869378,0.0,0.0,-0.16666666666666669,0.0,-0.5833333333333333,0.0,1,0
SUP020,2023-11,7,4,1.8571428571428572,13,1,2,159633.4,0,0.5714285714285714,0.14285714285714285,0.0,0.0,0.0,0.0,159633.4,1.0,0.0,0.010634502834347748,0.0,0.0,0.23809523809523808,0.0,1.1071428571428572,0.0,1,1
SUP020,2023-12,16,4,0.625,10,1,12,324842.8,0,0.25,0.0625,0.0,0.0,0.0,0.0,324842.8,1.0,0.0,0.019370287067356426,0.0,0.0,-0.3214285714285714,0.0,-1.2321428571428572,0.0,1,0
SUP020,2024-01,16,9,1.125,18,2,2,421618.13000000006,0,0.5625,0.125,0.0,0.0,0.0,0.0,421618.13000000006,1.0,0.0,0.025943425528600614,0.0,0.0,0.3125,0.0,0.5,0.0,1,1
SUP020,2024-02,10,3,0.3,3,1,2,266250.37,0,0.3,0.1,0.0,0.0,0.0,0.0,266250.37,1.0,0.0,0.019207708179000214,0.0,0.0,-0.2625,0.0,-0.825,0.0,1,0
SUP020,2024-03,15,4,0.6666666666666666,10,2,4,244299.96,0,0.26666666666666666,0.13333333333333333,0.0,0.0,0.0,0.0,244299.96,1.0,0.0,0.014822999666629894,0.0,0.0,-0.033333333333333326,0.0,0.36666666666666664,0.0,1,1
SUP020,2024-04,12,7,1.25,15,1,1,233575.81,0,0.5833333333333334,0.08333333333333333,0.0,0.0,0.0,0.0,233575.81,1.0,0.0,0.014906222828385739,0.0,0.0,0.3166666666666667,0.0,0.5833333333333334,0.0,1,1
SUP020,2024-05,13,7,1.3076923076923077,17,0,0,310738.18,0,0.5384615384615384,0.0,0.0,0.0,0.0,0.0,310738.18,1.0,0.0,0.019445749902396458,0.0,0.0,-0.044871794871794934,0.0,0.05769230769230771,0.0,1,1
SUP020,2024-06,8,3,0.75,6,2,8,78366.45000000001,0,0.375,0.25,0.0,0.0,0.0,0.0,78366.45000000001,1.0,0.0,0.005028244838299005,0.0,0.0,-0.16346153846153844,0.0,-0.5576923076923077,0.0,1,0
SUP020,2024-07,8,0,0.0,0,0,0,201998.6,0,0.0,0.0,0.0,0.0,0.0,0.0,201998.6,1.0,0.0,0.012732982575473355,0.0,0.0,-0.375,0.0,-0.75,0.0,1,0
SUP020,2024-08,11,4,1.0909090909090908,12,0,0,396306.35000000003,0,0.36363636363636365,0.0,0.0,0.0,0.0,0.0,396306.35000000003,1.0,0.0,0.025847950355830145,0.0,0.0,0.36363636363636365,0.0,1.0909090909090908,0.0,1,1
SUP020,2024-09,9,5,1.6666666666666667,15,0,0,184567.58000000002,0,0.5555555555555556,0.0,0.0,1.0,1.0,0.1111111111111111,184567.58000000002,1.0,0.0,0.011999947053123404,0.0,0.0,0.19191919191919193,0.1111111111111111,0.5757575757575759,0.0,1,1
SUP020,2024-10,16,8,1.0,16,1,1,263028.15,0,0.5,0.0625,0.0,0.0,0.0,0.0,263028.15,1.0,0.0,0.017364985400937616,0.0,0.0,-0.05555555555555558,-0.1111111111111111,-0.6666666666666667,0.0,1,0
SUP020,2024-11,7,4,1.0,7,0,0,83635.92000000001,0,0.5714285714285714,0.0,0.0,0.0,0.0,0.0,83635.92000000001,1.0,0.0,0.005486304661135142,0.0,0.0,0.0714285714285714,0.0,0.0,0.0,1,1
SUP020,2024-12,9,3,1.0,9,2,4,216941.71000000002,0,0.3333333333333333,0.2222222222222222,0.0,0.0,0.0,0.0,216941.71000000002,1.0,0.0,0.013109773211576211,0.0,0.0,-0.23809523809523808,0.0,0.0,0.0,1,0
SUP020,2025-01,5,2,1.8,9,0,0,142160.0,0,0.4,0.0,0.0,0.0,0.0,0.0,142160.0,1.0,0.0,0.008661280779352572,0.0,0.0,0.06666666666666671,0.0,0.8,0.0,1,1
SUP021,2022-03,10,6,2.4,24,3,31,263407.11000000004,0,0.6,0.3,0.0,0.0,0.0,0.0,263407.11000000004,1.0,0.0,0.017395699430018154,0.0,0.0,0.0,0.0,0.0,0.0,0,0
SUP021,2022-04,14,9,2.2142857142857144,31,0,0,523296.86,0,0.6428571428571429,0.0,0.0,0.0,0.0,0.0,523296.86,1.0,0.0,0.03360057409259312,0.0,0.0,0.04285714285714293,0.0,-0.1857142857142855,0.0,1,1
SUP021,2022-05,14,10,2.2142857142857144,31,2,8,375232.36,0,0.7142857142857143,0.14285714285714285,0.0,0.0,0.0,0.0,375232.36,1.0,0.0,0.021816175888307417,0.0,0.0,0.0714285714285714,0.0,0.0,0.0,1,1
SUP021,2022-06,12,11,2.9166666666666665,35,1,2,477368.44000000006,0,0.9166666666666666,0.08333333333333333,0.0,0.0,0.0,0.0,477368.44000000006,1.0,0.0,0.02983254596077532,0.0,0.0,0.20238095238095233,0.0,0.7023809523809521,0.0,1,1
SUP021,2022-07,12,8,1.5833333333333333,19,2,5,233476.48,0,0.6666666666666666,0.16666666666666666,0.0,1.0,1.0,0.08333333333333333,233476.48,1.0,0.0,0.013905335647898682,0.0,0.0,-0.25,0.08333333333333333,-1.3333333333333333,0.0,1,1
SUP021,2022-08,12,8,1.6666666666666667,20,2,5,343463.42,0,0.6666666666666666,0.16666666666666666,0.0,0.0,0.0,0.0,343463.42,1.0,0.0,0.02056196988783913,0.0,0.0,0.0,-0.08333333333333333,0.08333333333333348,0.0,1,1
SUP021,2022-09,16,12,3.3125,53,3,13,409666.41000000003,0,0.75,0.1875,0.0,0.0,0.0,0.0,409666.41000000003,1.0,0.0,0.02660765381522959,0.0,0.0,0.08333333333333337,0.0,1.6458333333333333,0.0,1,1
SUP021,2022-10,15,12,3.1333333333333333,47,4,23,524450.98,0,0.8,0.26666666666666666,0.0,1.0,1.0,0.06666666666666667,524450.98,1.0,0.0,0.03171552236966359,0.0,0.0,0.050000000000000044,0.06666666666666667,-0.1791666666666667,0.0,1,1
SUP021,2022-11,12,10,3.0833333333333335,37,2,10,396559.21,0,0.8333333333333334,0.16666666666666666,0.0,0.0,0.0,0.0,396559.21,1.0,0.0,0.02568820369043328,0.0,0.0,0.033333333333333326,-0.06666666666666667,-0.04999999999999982,0.0,1,1
SUP021,2022-12,14,12,1.9285714285714286,27,3,24,251193.32,0,0.8571428571428571,0.21428571428571427,0.0,0.0,0.0,0.0,251193.32,1.0,0.0,0.014553264682159228,0.0,0.0,0.023809523809523725,0.0,-1.1547619047619049,0.0,1,1
SUP021,2023-01,16,12,2.5,40,1,4,287917.4,0,0.75,0.0625,0.0,0.0,0.0,0.0,287917.4,1.0,0.0,0.016379961063709512,0.0,0.0,-0.1071428571428571,0.0,0.5714285714285714,0.0,1,1
SUP021,2023-02,11,7,2.3636363636363638,26,1,4,312224.33,0,0.6363636363636364,0.09090909090909091,0.0,0.0,0.0,0.0,312224.33,1.0,0.0,0.021420454665437044,0.0,0.0,-0.11363636363636365,0.0,-0.13636363636363624,0.0,1,0
SUP021,2023-03,12,6,1.5,18,3,4,377056.66000000003,0,0.5,0.25,0.0,0.0,0.0,0.0,377056.66000000003,1.0,0.0,0.025862736055484472,0.0,0.0,-0.13636363636363635,0.0,-0.8636363636363638,0.0,1,0
SUP021,2023-04,19,14,3.0526315789473686,58,2,17,665601.2300000001,0,0.7368421052631579,0.10526315789473684,0.0,1.0,3.0,0.05263157894736842,665601.2300000001,1.0,0.0,0.03735568785306378,0.0,0.0,0.23684210526315785,0.05263157894736842,1.5526315789473686,0.0,1,1
SUP021,2023-05,14,10,2.7142857142857144,38,3,7,251305.31000000003,0,0.7142857142857143,0.21428571428571427,0.0,0.0,0.0,0.0,251305.31000000003,1.0,0.0,0.016175187937246427,0.0,0.0,-0.022556390977443552,-0.05263157894736842,-0.33834586466165417,0.0,1,0
SUP021,2023-06,15,11,3.066666666666667,46,6,30,470672.13,0,0.7333333333333333,0.4,0.0,1.0,1.0,0.06666666666666667,470672.13,1.0,0.0,0.027277418084183932,0.0,0.0,0.01904761904761898,0.06666666666666667,0.35238095238095246,0.0,1,1
SUP021,2023-07,17,14,2.9411764705882355,50,1,3,508216.54000000004,0,0.8235294117647058,0.058823529411764705,0.0,0.0,0.0,0.0,508216.54000000004,1.0,0.0,0.029294912549358246,0.0,0.0,0.09019607843137256,-0.06666666666666667,-0.12549019607843137,0.0,1,1
SUP021,2023-08,15,8,1.9333333333333333,29,3,9,305719.08,0,0.5333333333333333,0.2,0.0,0.0,0.0,0.0,305719.08,1.0,0.0,0.018984270523897045,0.0,0.0,-0.2901960784313725,0.0,-1.0078431372549022,0.0,1,0
SUP021,2023-09,13,9,2.923076923076923,38,1,3,307971.99,0,0.6923076923076923,0.07692307692307693,0.0,0.0,0.0,0.0,307971.99,1.0,0.0,0.019893243816825164,0.0,0.0,0.15897435897435896,0.0,0.9897435897435896,0.0,1,1
SUP021,2023-10,13,12,2.923076923076923,38,4,14,243790.2,0,0.9230769230769231,0.3076923076923077,0.0,0.0,0.0,0.0,243790.2,1.0,0.0,0.014241346610252389,0.0,0.0,0.23076923076923084,0.0,0.0,0.0,1,1
SUP021,2023-11,16,11,2.5625,41,5,14,440300.75,0,0.6875,0.3125,0.0,0.0,0.0,0.0,440300.75,1.0,0.0,0.02933207946357366,0.0,0.0,-0.23557692307692313,0.0,-0.3605769230769229,0.0,1,0
SUP021,2023-12,13,10,2.8461538461538463,37,2,10,417268.33,0,0.7692307692307693,0.15384615384615385,0.0,0.0,0.0,0.0,417268.33,1.0,0.0,0.02488159607113476,0.0,0.0,0.08173076923076927,0.0,0.28365384615384626,0.0,1,1
SUP021,2024-01,23,15,2.1739130434782608,50,5,38,601211.44,0,0.6521739130434783,0.21739130434782608,0.0,0.0,0.0,0.0,601211.44,1.0,0.0,0.03699433945258173,0.0,0.0,-0.117056856187291,0.0,-0.6722408026755855,0.0,1,0
SUP021,2024-02,11,6,1.8181818181818181,20,1,4,141917.13,0,0.5454545454545454,0.09090909090909091,0.0,0.0,0.0,0.0,141917.13,1.0,0.0,0.010238118424553688,0.0,0.0,-0.10671936758893286,0.0,-0.35573122529644263,0.0,1,0
SUP021,2024-03,20,13,2.2,44,3,11,471568.36,0,0.65,0.15,0.0,1.0,1.0,0.05,471568.36,1.0,0.0,0.02861260248701312,0.0,0.0,0.10454545454545461,0.05,0.38181818181818206,0.0,1,1
SUP021,2024-04,9,7,2.6666666666666665,24,1,4,131378.97,0,0.7777777777777778,0.1111111111111111,0.0,0.0,0.0,0.0,131378.97,1.0,0.0,0.008384276615732619,0.0,0.0,0.12777777777777777,-0.05,0.46666666666666634,0.0,1,1
SUP021,2024-05,21,13,2.238095238095238,47,6,31,605003.62,0,0.6190476190476191,0.2857142857142857,0.0,1.0,1.0,0.047619047619047616,605003.62,1.0,0.0,0.037860648744755164,0.0,0.0,-0.15873015873015872,0.047619047619047616,-0.4285714285714284,0.0,1,1
SUP021,2024-06,17,11,2.0588235294117645,35,2,17,618380.9400000001,0,0.6470588235294118,0.11764705882352941,0.0,0.0,0.0,0.0,618380.9400000001,1.0,0.0,0.039677320711318256,0.0,0.0,0.02801120448179273,-0.047619047619047616,-0.17927170868347364,0.0,1,1
SUP021,2024-07,13,9,3.769230769230769,49,3,9,303692.48000000004,0,0.6923076923076923,0.23076923076923078,0.0,0.0,0.0,0.0,303692.48000000004,1.0,0.0,0.01914325671634502,0.0,0.0,0.04524886877828049,0.0,1.7104072398190047,0.0,1,1
SUP021,2024-08,10,8,2.7,27,1,1,245728.7,0,0.8,0.1,0.0,0.0,0.0,0.0,245728.7,1.0,0.0,0.016026952983727562,0.0,0.0,0.10769230769230775,0.0,-1.069230769230769,0.0,1,1
SUP021,2024-09,11,8,2.8181818181818183,31,0,0,478481.12000000005,0,0.7272727272727273,0.0,0.0,1.0,1.0,0.09090909090909091,478481.12000000005,1.0,0.0,0.031109191039505345,0.0,0.0,-0.07272727272727275,0.09090909090909091,0.11818181818181817,0.0,1,1
SUP021,2024-10,22,10,1.4090909090909092,31,2,3,526474.36,0,0.45454545454545453,0.09090909090909091,0.0,0.0,0.0,0.0,526474.36,1.0,0.0,0.034757570911584844,0.0,0.0,-0.27272727272727276,-0.09090909090909091,-1.4090909090909092,0.0,1,0
SUP021,2024-11,12,9,2.0,24,1,1,220090.21,0,0.75,0.08333333333333333,0.0,0.0,0.0,0.0,220090.21,1.0,0.0,0.014437360705701716,0.0,0.0,0.29545454545454547,0.0,0.5909090909090908,0.0,1,1
SUP021,2024-12,14,12,2.7857142857142856,39,1,8,202957.19,0,0.8571428571428571,0.07142857142857142,0.0,0.0,0.0,0.0,202957.19,1.0,0.0,0.012264689591313643,0.0,0.0,0.1071428571428571,0.0,0.7857142857142856,0.0,1,1
SUP021,2025-01,22,15,2.5,55,3,37,627863.2300000001,0,0.6818181818181818,0.13636363636363635,0.0,1.0,1.0,0.045454545454545456,627863.2300000001,1.0,0.0,0.03825337455023371,0.0,0.0,-0.17532467532467533,0.045454545454545456,-0.2857142857142856,0.0,1,1
SUP021,2025-02,12,9,2.9166666666666665,35,2,30,385458.61000000004,0,0.75,0.16666666666666666,0.0,0.0,0.0,0.0,385458.61000000004,1.0,0.0,0.08207162849030468,0.0,0.0,0.06818181818181823,-0.045454545454545456,0.4166666666666665,0.0,1,1
SUP021,2025-03,1,0,0.0,0,0,0,4019.46,0,0.0,0.0,0.0,0.0,0.0,0.0,4019.46,1.0,0.0,0.006522478458081458,0.0,0.0,-0.75,0.0,-2.9166666666666665,0.0,1,0
SUP022,2022-01,3,1,0.3333333333333333,1,0,0,80330.88,0,0.3333333333333333,0.0,0.0,0.0,0.0,0.0,80330.88,1.0,0.0,0.07602481328839746,0.0,0.0,0.0,0.0,0.0,0.0,0,0
SUP022,2022-02,20,8,0.6,12,3,6,831990.46,0,0.4,0.15,0.0,0.0,0.0,0.0,831990.46,1.0,0.0,0.09492165934925419,0.0,0.0,0.06666666666666671,0.0,0.26666666666666666,0.0,1,1
SUP022,2022-03,28,8,0.8571428571428571,24,2,10,1261097.18,0,0.2857142857142857,0.07142857142857142,0.0,0.0,0.0,0.0,1261097.18,1.0,0.0,0.08328426478436173,0.0,0.0,-0.11428571428571432,0.0,0.2571428571428571,0.0,1,1
SUP022,2022-04,21,6,0.9047619047619048,19,4,21,721985.98,0,0.2857142857142857,0.19047619047619047,0.0,0.0,0.0,0.0,721985.98,1.0,0.0,0.04635828201759792,0.0,0.0,0.0,0.0,0.04761904761904767,0.0,1,1
SUP022,2022-05,26,12,1.3076923076923077,34,1,2,1134977.69,0,0.46153846153846156,0.038461538461538464,0.0,0.0,0.0,0.0,1134977.69,1.0,0.0,0.06598810644781503,0.0,0.0,0.17582417582417587,0.0,0.40293040293040294,0.0,1,1
SUP022,2022-06,23,8,1.2608695652173914,29,2,19,760715.77,0,0.34782608695652173,0.08695652173913043,0.0,0.0,0.0,0.0,760715.77,1.0,0.0,0.04753998436011309,0.0,0.0,-0.11371237458193983,0.0,-0.04682274247491636,0.0,1,0
SUP022,2022-07,21,4,0.3333333333333333,7,2,2,558866.74,0,0.19047619047619047,0.09523809523809523,0.0,0.0,0.0,0.0,558866.74,1.0,0.0,0.03328484994354431,0.0,0.0,-0.15734989648033126,0.0,-0.9275362318840581,0.0,1,0
SUP022,2022-08,18,6,1.2777777777777777,23,2,21,532820.9299999999,0,0.3333333333333333,0.1111111111111111,0.0,0.0,0.0,0.0,532820.9299999999,1.0,0.0,0.03189815066265409,0.0,0.0,0.14285714285714285,0.0,0.9444444444444444,0.0,1,1
SUP022,2022-09,22,12,1.0909090909090908,24,1,1,899028.72,0,0.5454545454545454,0.045454545454545456,0.0,0.0,0.0,0.0,899028.72,1.0,0.0,0.058391521413017414,0.0,0.0,0.2121212121212121,0.0,-0.18686868686868685,0.0,1,1
SUP022,2022-10,27,14,1.2222222222222223,33,5,9,817908.36,0,0.5185185185185185,0.18518518518518517,0.0,0.0,0.0,0.0,817908.36,1.0,0.0,0.04946199335525096,0.0,0.0,-0.026936026936026924,0.0,0.1313131313131315,0.0,1,1
SUP022,2022-11,12,7,1.1666666666666667,14,1,1,433090.0,0,0.5833333333333334,0.08333333333333333,0.0,0.0,0.0,0.0,433090.0,1.0,0.0,0.028054585181087457,0.0,0.0,0.06481481481481488,0.0,-0.05555555555555558,0.0,1,1
SUP022,2022-12,22,11,1.4090909090909092,31,1,18,867897.05,0,0.5,0.045454545454545456,0.0,1.0,1.0,0.045454545454545456,867897.05,1.0,0.0,0.05028292745012161,0.0,0.0,-0.08333333333333337,0.045454545454545456,0.24242424242424243,0.0,1,1
SUP022,2023-01,21,9,1.1904761904761905,25,3,11,623932.51,0,0.42857142857142855,0.14285714285714285,0.0,0.0,0.0,0.0,623932.51,1.0,0.0,0.035496257677314895,0.0,0.0,-0.07142857142857145,-0.045454545454545456,-0.2186147186147187,0.0,1,0
SUP022,2023-02,18,10,1.1666666666666667,21,0,0,595812.7899999999,0,0.5555555555555556,0.0,0.0,0.0,0.0,0.0,595812.7899999999,1.0,0.0,0.04087631754156557,0.0,0.0,0.12698412698412703,0.0,-0.023809523809523725,0.0,1,1
SUP022,2023-03,11,6,1.6363636363636365,18,1,3,404094.97,0,0.5454545454545454,0.09090909090909091,0.0,0.0,0.0,0.0,404094.97,1.0,0.0,0.027717323837905195,0.0,0.0,-0.010101010101010166,0.0,0.4696969696969697,0.0,1,1
SUP022,2023-04,22,9,0.9090909090909091,20,4,15,1020440.45,0,0.4090909090909091,0.18181818181818182,0.0,0.0,0.0,0.0,1020440.45,1.0,0.0,0.057270409375355165,0.0,0.0,-0.1363636363636363,0.0,-0.7272727272727274,0.0,1,0
SUP022,2023-05,24,11,1.2916666666666667,31,2,4,1076831.02,0,0.4583333333333333,0.08333333333333333,0.0,1.0,1.0,0.041666666666666664,1076831.02,1.0,0.0,0.06930989291534176,0.0,0.0,0.0492424242424242,0.041666666666666664,0.3825757575757577,0.0,1,1
SUP022,2023-06,22,8,1.0909090909090908,24,2,14,1242155.09,0,0.36363636363636365,0.09090909090909091,0.0,0.0,0.0,0.0,1242155.09,1.0,0.0,0.07198808162983247,0.0,0.0,-0.09469696969696967,-0.041666666666666664,-0.2007575757575759,0.0,1,0
SUP022,2023-07,18,10,1.4444444444444444,26,0,0,831171.63,0,0.5555555555555556,0.0,0.0,0.0,0.0,0.0,831171.63,1.0,0.0,0.04791087715161248,0.0,0.0,0.19191919191919193,0.0,0.3535353535353536,0.0,1,1
SUP022,2023-08,22,10,1.6363636363636365,36,1,3,838964.15,0,0.45454545454545453,0.045454545454545456,0.0,0.0,0.0,0.0,838964.15,1.0,0.0,0.052097246869417954,0.0,0.0,-0.10101010101010105,0.0,0.19191919191919204,0.0,1,1
SUP022,2023-09,27,12,1.037037037037037,28,1,6,871373.68,0,0.4444444444444444,0.037037037037037035,0.0,0.0,0.0,0.0,871373.68,1.0,0.0,0.0562857975227039,0.0,0.0,-0.01010101010101011,0.0,-0.5993265993265995,0.0,1,0
SUP022,2023-10,21,12,1.619047619047619,34,3,8,731983.23,0,0.5714285714285714,0.14285714285714285,0.0,1.0,1.0,0.047619047619047616,731983.23,1.0,0.0,0.04275982747182657,0.0,0.0,0.12698412698412698,0.047619047619047616,0.5820105820105821,0.0,1,1
SUP022,2023-11,17,6,0.8823529411764706,15,1,2,514212.85,0,0.35294117647058826,0.058823529411764705,0.0,0.0,0.0,0.0,514212.85,1.0,0.0,0.03425597657371849,0.0,0.0,-0.21848739495798314,-0.047619047619047616,-0.7366946778711485,0.0,1,0
SUP022,2023-12,26,18,1.7692307692307692,46,5,15,948395.7799999999,0,0.6923076923076923,0.19230769230769232,0.0,0.0,0.0,0.0,948395.7799999999,1.0,0.0,0.05655258023902457,0.0,0.0,0.33936651583710403,0.0,0.8868778280542986,0.0,1,1
SUP022,2024-01,20,9,1.35,27,0,0,672233.53,0,0.45,0.0,0.0,1.0,1.0,0.05,672233.53,1.0,0.0,0.0413645412339913,0.0,0.0,-0.24230769230769228,0.05,-0.4192307692307691,0.0,1,1
SUP022,2024-02,15,5,0.9333333333333333,14,0,0,695064.37,0,0.3333333333333333,0.0,0.0,0.0,0.0,0.0,695064.37,1.0,0.0,0.050143004813779715,0.0,0.0,-0.1166666666666667,-0.05,-0.41666666666666674,0.0,1,0
SUP022,2024-03,18,9,0.7777777777777778,14,1,4,586315.16,0,0.5,0.05555555555555555,0.0,0.0,0.0,0.0,586315.16,1.0,0.0,0.03557491135577776,0.0,0.0,0.16666666666666669,0.0,-0.15555555555555556,0.0,1,1
SUP022,2024-04,20,11,1.75,35,3,5,626240.77,0,0.55,0.15,0.0,1.0,1.0,0.05,626240.77,1.0,0.0,0.0399651165154468,0.0,0.0,0.050000000000000044,0.05,0.9722222222222222,0.0,1,1
SUP022,2024-05,13,6,1.2307692307692308,16,0,0,354628.71,0,0.46153846153846156,0.0,0.0,0.0,0.0,0.0,354628.71,1.0,0.0,0.022192384607741096,0.0,0.0,-0.08846153846153848,-0.05,-0.5192307692307692,0.0,1,0
SUP022,2024-06,23,6,0.6086956521739131,14,2,8,908722.01,0,0.2608695652173913,0.08695652173913043,0.0,1.0,2.0,0.043478260869565216,908722.01,1.0,0.0,0.05830654261142614,0.0,0.0,-0.20066889632107027,0.043478260869565216,-0.6220735785953178,0.0,1,1
SUP022,2024-07,19,8,0.7894736842105263,15,1,1,907438.62,0,0.42105263157894735,0.05263157894736842,0.0,0.0,0.0,0.0,907438.62,1.0,0.0,0.057200397115482915,0.0,0.0,0.16018306636155605,-0.043478260869565216,0.18077803203661325,0.0,1,1
SUP022,2024-08,18,13,1.3333333333333333,24,1,11,703724.0700000001,0,0.7222222222222222,0.05555555555555555,0.0,0.0,0.0,0.0,703724.0700000001,1.0,0.0,0.045898393567407485,0.0,0.0,0.30116959064327486,0.0,0.5438596491228069,0.0,1,1
SUP022,2024-09,19,7,1.0526315789473684,20,2,5,792971.24,0,0.3684210526315789,0.10526315789473684,0.0,0.0,0.0,0.0,792971.24,1.0,0.0,0.051556253241493495,0.0,0.0,-0.3538011695906433,0.0,-0.2807017543859649,0.0,1,0
SUP022,2024-10,19,12,1.7894736842105263,34,0,0,722387.03,0,0.631578947368421,0.0,0.0,0.0,0.0,0.0,722387.03,1.0,0.0,0.047691626275654084,0.0,0.0,0.2631578947368421,0.0,0.736842105263158,0.0,1,1
SUP022,2024-11,24,10,0.9583333333333334,23,1,5,1356328.56,0,0.4166666666666667,0.041666666666666664,0.0,0.0,0.0,0.0,1356328.56,1.0,0.0,0.08897172053298051,0.0,0.0,-0.21491228070175433,0.0,-0.831140350877193,0.0,1,0
SUP022,2024-12,21,8,1.3333333333333333,28,2,5,1388862.64,0,0.38095238095238093,0.09523809523809523,0.0,0.0,0.0,0.0,1388862.64,1.0,0.0,0.08392887763460061,0.0,0.0,-0.035714285714285754,0.0,0.3749999999999999,0.0,1,1
SUP022,2025-01,9,6,1.4444444444444444,13,1,11,368709.62,0,0.6666666666666666,0.1111111111111111,0.0,0.0,0.0,0.0,368709.62,1.0,0.0,0.022464107659456885,0.0,0.0,0.2857142857142857,0.0,0.11111111111111116,0.0,1,1
SUP023,2022-02,1,0,0.0,0,0,0,6489.12,0,0.0,0.0,0.0,0.0,0.0,0.0,6489.12,1.0,0.0,0.0007403426694537247,0.0,0.0,0.0,0.0,0.0,0.0,0,0
SUP023,2022-03,8,4,2.125,17,1,1,101412.51000000001,0,0.5,0.125,0.0,0.0,0.0,0.0,101412.51000000001,1.0,0.0,0.006697395307225041,0.0,0.0,0.5,0.0,2.125,0.0,1,1
SUP023,2022-04,9,8,3.6666666666666665,33,0,0,109112.91,0,0.8888888888888888,0.0,0.0,0.0,0.0,0.0,109112.91,1.0,0.0,0.0070060737932068715,0.0,0.0,0.38888888888888884,0.0,1.5416666666666665,0.0,1,1
SUP023,2022-05,6,4,2.0,12,1,3,74931.18000000001,0,0.6666666666666666,0.16666666666666666,0.0,0.0,0.0,0.0,74931.18000000001,1.0,0.0,0.004356532049630323,0.0,0.0,-0.2222222222222222,0.0,-1.6666666666666665,0.0,1,0
SUP023,2022-06,6,5,4.0,24,2,8,81347.36,0,0.8333333333333334,0.3333333333333333,0.0,1.0,1.0,0.16666666666666666,81347.36,1.0,0.0,0.0050837019221206484,0.0,0.0,0.16666666666666674,0.16666666666666666,2.0,0.0,1,1
SUP023,2022-07,6,6,3.5,21,3,9,272157.62,0,1.0,0.5,0.0,1.0,1.0,0.16666666666666666,272157.62,1.0,0.0,0.016209097615456868,0.0,0.0,0.16666666666666663,0.0,-0.5,0.0,1,1
SUP023,2022-08,8,8,2.625,21,3,7,116716.72,0,1.0,0.375,0.0,0.0,0.0,0.0,116716.72,1.0,0.0,0.006987427313358004,0.0,0.0,0.0,-0.16666666666666666,-0.875,0.0,1,0
SUP023,2022-09,5,3,1.2,6,1,1,75378.84,0,0.6,0.2,0.0,0.0,0.0,0.0,75378.84,1.0,0.0,0.0048958226272775955,0.0,0.0,-0.4,0.0,-1.425,0.0,1,0
SUP023,2022-10,8,6,3.25,26,3,7,119862.23,0,0.75,0.375,0.0,1.0,1.0,0.125,119862.23,1.0,0.0,0.00724851965543617,0.0,0.0,0.15000000000000002,0.125,2.05,0.0,1,1
SUP023,2022-11,9,7,3.0,27,0,0,104897.57,0,0.7777777777777778,0.0,0.0,0.0,0.0,0.0,104897.57,1.0,0.0,0.006795026005804993,0.0,0.0,0.02777777777777779,-0.125,-0.25,0.0,1,1
SUP023,2022-12,8,8,3.5,28,2,3,121116.64,0,1.0,0.25,0.0,0.0,0.0,0.0,121116.64,1.0,0.0,0.007017075610664302,0.0,0.0,0.2222222222222222,0.0,0.5,0.0,1,1
SUP023,2023-01,9,7,3.6666666666666665,33,1,3,153535.58000000002,0,0.7777777777777778,0.1111111111111111,0.0,0.0,0.0,0.0,153535.58000000002,1.0,0.0,0.008734820550248289,0.0,0.0,-0.2222222222222222,0.0,0.16666666666666652,0.0,1,1
SUP023,2023-02,6,6,4.333333333333333,26,1,3,94902.87,0,1.0,0.16666666666666666,0.0,0.0,0.0,0.0,94902.87,1.0,0.0,0.006510903953112383,0.0,0.0,0.2222222222222222,0.0,0.6666666666666665,0.0,1,1
SUP023,2023-03,5,3,1.0,5,0,0,90176.95,0,0.6,0.0,0.0,0.0,0.0,0.0,90176.95,1.0,0.0,0.006185337387061722,0.0,0.0,-0.4,0.0,-3.333333333333333,0.0,1,0
SUP023,2023-04,9,6,1.5555555555555556,14,1,1,181351.66999999998,0,0.6666666666666666,0.1111111111111111,0.0,0.0,0.0,0.0,181351.66999999998,1.0,0.0,0.010178040650783997,0.0,0.0,0.06666666666666665,0.0,0.5555555555555556,0.0,1,1
SUP023,2023-05,7,6,1.7142857142857142,12,1,1,75329.42,0,0.8571428571428571,0.14285714285714285,0.0,1.0,1.0,0.14285714285714285,75329.42,1.0,0.0,0.004848554635410487,0.0,0.0,0.19047619047619047,0.14285714285714285,0.1587301587301586,0.0,1,1
SUP023,2023-06,7,5,1.2857142857142858,9,1,1,31980.799999999996,0,0.7142857142857143,0.14285714285714285,0.0,0.0,0.0,0.0,31980.799999999996,1.0,0.0,0.0018534210901050574,0.0,0.0,-0.1428571428571428,-0.14285714285714285,-0.4285714285714284,0.0,1,0
SUP023,2023-07,5,2,2.4,12,0,0,64289.52,0,0.4,0.0,0.0,0.0,0.0,0.0,64289.52,1.0,0.0,0.0037058137978748544,0.0,0.0,-0.3142857142857143,0.0,1.114285714285714,0.0,1,1
SUP023,2023-08,11,4,1.0,11,1,4,266015.52,0,0.36363636363636365,0.09090909090909091,0.0,0.0,0.0,0.0,266015.52,1.0,0.0,0.016518794297153926,0.0,0.0,-0.036363636363636376,0.0,-1.4,0.0,1,0
SUP023,2023-09,12,6,2.5833333333333335,31,1,4,273211.29000000004,0,0.5,0.08333333333333333,0.0,0.0,0.0,0.0,273211.29000000004,1.0,0.0,0.01764789975049136,0.0,0.0,0.13636363636363635,0.0,1.5833333333333335,0.0,1,1
SUP023,2023-10,6,6,3.6666666666666665,22,0,0,125430.89,0,1.0,0.0,0.0,0.0,0.0,0.0,125430.89,1.0,0.0,0.007327221439263926,0.0,0.0,0.5,0.0,1.083333333333333,0.0,1,1
SUP023,2023-11,6,5,3.1666666666666665,19,1,4,77481.14,0,0.8333333333333334,0.16666666666666666,0.0,0.0,0.0,0.0,77481.14,1.0,0.0,0.005161660422809354,0.0,0.0,-0.16666666666666663,0.0,-0.5,0.0,1,0
SUP023,2023-12,10,7,2.8,28,1,5,203153.07,0,0.7,0.1,0.0,0.0,0.0,0.0,203153.07,1.0,0.0,0.0121139618440512,0.0,0.0,-0.13333333333333341,0.0,-0.3666666666666667,0.0,1,0
SUP023,2024-01,8,8,2.625,21,1,1,197722.61000000002,0,1.0,0.125,0.0,1.0,1.0,0.125,197722.61000000002,1.0,0.0,0.01216646401770138,0.0,0.0,0.30000000000000004,0.125,-0.17499999999999982,0.0,1,1
SUP023,2024-02,7,4,1.7142857142857142,12,3,5,128051.79000000001,0,0.5714285714285714,0.42857142857142855,0.0,1.0,1.0,0.14285714285714285,128051.79000000001,1.0,0.0,0.009237851628595363,0.0,0.0,-0.4285714285714286,0.01785714285714285,-0.9107142857142858,0.0,1,1
SUP023,2024-03,6,4,2.6666666666666665,16,0,0,60074.26,0,0.6666666666666666,0.0,0.0,0.0,0.0,0.0,60074.26,1.0,0.0,0.0036450302159404266,0.0,0.0,0.09523809523809523,-0.14285714285714285,0.9523809523809523,0.0,1,1
SUP023,2024-04,10,7,2.7,27,0,0,159458.59,0,0.7,0.0,0.0,0.0,0.0,0.0,159458.59,1.0,0.0,0.010176247593619398,0.0,0.0,0.033333333333333326,0.0,0.03333333333333366,0.0,1,1
SUP023,2024-05,3,3,3.6666666666666665,11,0,0,53933.14,0,1.0,0.0,0.0,1.0,1.0,0.3333333333333333,53933.14,1.0,0.0,0.0033750933081056677,0.0,0.0,0.30000000000000004,0.3333333333333333,0.9666666666666663,0.0,1,1
SUP023,2024-06,12,10,2.8333333333333335,34,1,2,202734.11,0,0.8333333333333334,0.08333333333333333,0.0,0.0,0.0,0.0,202734.11,1.0,0.0,0.013008076060031334,0.0,0.0,-0.16666666666666663,-0.3333333333333333,-0.833333333333333,0.0,1,0
SUP023,2024-07,7,6,3.2857142857142856,23,1,3,89906.76,0,0.8571428571428571,0.14285714285714285,0.0,0.0,0.0,0.0,89906.76,1.0,0.0,0.0056672729835615925,0.0,0.0,0.023809523809523725,0.0,0.4523809523809521,0.0,1,1
SUP023,2024-08,7,5,3.142857142857143,22,0,0,64327.48,0,0.7142857142857143,0.0,0.0,0.0,0.0,0.0,64327.48,1.0,0.0,0.004195576249423348,0.0,0.0,-0.1428571428571428,0.0,-0.1428571428571428,0.0,1,0
SUP023,2024-09,12,6,1.9166666666666667,23,2,5,134428.96,0,0.5,0.16666666666666666,0.0,0.0,0.0,0.0,134428.96,1.0,0.0,0.008740107024247941,0.0,0.0,-0.2142857142857143,0.0,-1.226190476190476,0.0,1,0
SUP023,2024-10,8,8,4.375,35,1,3,70191.32,0,1.0,0.125,0.0,0.0,0.0,0.0,70191.32,1.0,0.0,0.004633995437646277,0.0,0.0,0.5,0.0,2.458333333333333,0.0,1,1
SUP023,2024-11,10,6,2.0,20,0,0,150704.32,0,0.6,0.0,0.0,0.0,0.0,0.0,150704.32,1.0,0.0,0.00988582194431773,0.0,0.0,-0.4,0.0,-2.375,0.0,1,0
SUP023,2024-12,11,9,3.6363636363636362,40,2,11,149229.0,0,0.8181818181818182,0.18181818181818182,0.0,0.0,0.0,0.0,149229.0,1.0,0.0,0.00901789861705389,0.0,0.0,0.21818181818181825,0.0,1.6363636363636362,0.0,1,1
SUP023,2025-01,5,2,1.8,9,0,0,69237.42,0,0.4,0.0,0.0,0.0,0.0,0.0,69237.42,1.0,0.0,0.004218378834116217,0.0,0.0,-0.4181818181818182,0.0,-1.8363636363636362,0.0,1,0
SUP023,2025-02,7,6,3.2857142857142856,23,1,2,61792.380000000005,0,0.8571428571428571,0.14285714285714285,0.0,0.0,0.0,0.0,61792.380000000005,1.0,0.0,0.01315679848192192,0.0,0.0,0.4571428571428571,0.0,1.4857142857142855,0.0,1,1
SUP024,2022-02,5,2,2.2,11,0,0,117934.62,0,0.4,0.0,0.0,1.0,1.0,0.2,117934.62,1.0,0.0,0.013455142051897734,0.0,0.0,0.0,0.0,0.0,0.0,0,0
SUP024,2022-03,28,19,2.392857142857143,67,4,24,977175.8099999999,0,0.6785714285714286,0.14285714285714285,0.0,0.0,0.0,0.0,977175.8099999999,1.0,0.0,0.06453378073600413,0.0,0.0,0.2785714285714286,-0.2,0.19285714285714262,0.0,1,1
SUP024,2022-04,25,20,2.72,68,4,18,605744.33,0,0.8,0.16,0.0,1.0,1.0,0.04,605744.33,1.0,0.0,0.038894476151324846,0.0,0.0,0.12142857142857144,0.04,0.3271428571428574,0.0,1,1
SUP024,2022-05,30,15,1.5333333333333334,46,5,14,798141.23,0,0.5,0.16666666666666666,0.0,1.0,1.0,0.03333333333333333,798141.23,1.0,0.0,0.04640428522046986,0.0,0.0,-0.30000000000000004,-0.006666666666666668,-1.1866666666666668,0.0,1,0
SUP024,2022-06,30,21,2.533333333333333,76,2,6,689188.3,0,0.7,0.06666666666666667,0.0,0.0,0.0,0.0,689188.3,1.0,0.0,0.043069964230099934,0.0,0.0,0.19999999999999996,-0.03333333333333333,0.9999999999999998,0.0,1,1
SUP024,2022-07,25,18,2.48,62,1,3,689719.78,0,0.72,0.04,0.0,0.0,0.0,0.0,689719.78,1.0,0.0,0.04107816360729285,0.0,0.0,0.020000000000000018,0.0,-0.05333333333333323,0.0,1,1
SUP024,2022-08,25,13,2.24,56,4,6,602425.38,0,0.52,0.16,0.0,0.0,0.0,0.0,602425.38,1.0,0.0,0.03606512892473396,0.0,0.0,-0.19999999999999996,0.0,-0.23999999999999977,0.0,1,0
SUP024,2022-09,28,19,2.0,56,6,26,757606.49,0,0.6785714285714286,0.21428571428571427,0.0,0.0,0.0,0.0,757606.49,1.0,0.0,0.04920620954520337,0.0,0.0,0.15857142857142859,0.0,-0.2400000000000002,0.0,1,1
SUP024,2022-10,22,12,1.6818181818181819,37,4,12,541593.67,0,0.5454545454545454,0.18181818181818182,0.0,2.0,2.0,0.09090909090909091,541593.67,1.0,0.0,0.032752205279801744,0.0,0.0,-0.1331168831168832,0.09090909090909091,-0.3181818181818181,0.0,1,1
SUP024,2022-11,20,13,2.3,46,3,7,724278.91,0,0.65,0.15,0.0,0.0,0.0,0.0,724278.91,1.0,0.0,0.04691714049149178,0.0,0.0,0.10454545454545461,-0.09090909090909091,0.6181818181818179,0.0,1,1
SUP024,2022-12,16,12,2.1875,35,3,9,345063.52,0,0.75,0.1875,0.0,0.0,0.0,0.0,345063.52,1.0,0.0,0.019991776607425484,0.0,0.0,0.09999999999999998,0.0,-0.11249999999999982,0.0,1,1
SUP024,2023-01,26,18,2.1538461538461537,56,8,25,633587.91,0,0.6923076923076923,0.3076923076923077,0.0,0.0,0.0,0.0,633587.91,1.0,0.0,0.03604556479128071,0.0,0.0,-0.05769230769230771,0.0,-0.033653846153846256,0.0,1,0
SUP024,2023-02,17,13,3.588235294117647,61,0,0,364380.67,0,0.7647058823529411,0.0,0.0,0.0,0.0,0.0,364380.67,1.0,0.0,0.024998691238112592,0.0,0.0,0.07239819004524883,0.0,1.4343891402714934,0.0,1,1
SUP024,2023-03,21,17,2.380952380952381,50,3,3,420474.67000000004,0,0.8095238095238095,0.14285714285714285,0.0,2.0,2.0,0.09523809523809523,420474.67000000004,1.0,0.0,0.028840825695074408,0.0,0.0,0.04481792717086841,0.09523809523809523,-1.2072829131652663,0.0,1,1
SUP024,2023-04,21,13,2.761904761904762,58,2,43,736880.5,0,0.6190476190476191,0.09523809523809523,0.0,0.0,0.0,0.0,736880.5,1.0,0.0,0.04135611038911326,0.0,0.0,-0.19047619047619047,-0.09523809523809523,0.38095238095238093,0.0,1,1
SUP024,2023-05,19,12,2.1578947368421053,41,3,9,513700.37,0,0.631578947368421,0.15789473684210525,0.0,3.0,3.0,0.15789473684210525,513700.37,1.0,0.0,0.03306416417616892,0.0,0.0,0.012531328320801949,0.15789473684210525,-0.6040100250626566,0.0,1,1
SUP024,2023-06,17,12,2.7058823529411766,46,3,5,491223.29000000004,0,0.7058823529411765,0.17647058823529413,0.0,1.0,1.0,0.058823529411764705,491223.29000000004,1.0,0.0,0.028468443742395218,0.0,0.0,0.0743034055727555,-0.09907120743034055,0.5479876160990713,0.0,1,1
SUP024,2023-07,26,15,2.0,52,2,8,663793.15,0,0.5769230769230769,0.07692307692307693,0.0,0.0,0.0,0.0,663793.15,1.0,0.0,0.03826274973284624,0.0,0.0,-0.12895927601809964,-0.058823529411764705,-0.7058823529411766,0.0,1,0
SUP024,2023-08,19,12,1.736842105263158,33,2,7,439398.55,0,0.631578947368421,0.10526315789473684,0.0,0.0,0.0,0.0,439398.55,1.0,0.0,0.027285378920439314,0.0,0.0,0.054655870445344146,0.0,-0.26315789473684204,0.0,1,1
SUP024,2023-09,21,16,3.4285714285714284,72,10,35,371485.85,0,0.7619047619047619,0.47619047619047616,0.0,0.0,0.0,0.0,371485.85,1.0,0.0,0.023995878938700043,0.0,0.0,0.13032581453634084,0.0,1.6917293233082704,0.0,1,1
SUP024,2023-10,25,16,2.4,60,3,8,561203.17,0,0.64,0.12,0.0,0.0,0.0,0.0,561203.17,1.0,0.0,0.032783470634760524,0.0,0.0,-0.12190476190476185,0.0,-1.0285714285714285,0.0,1,0
SUP024,2023-11,28,20,3.25,91,7,29,657490.98,0,0.7142857142857143,0.25,0.0,0.0,0.0,0.0,657490.98,1.0,0.0,0.04380091942142483,0.0,0.0,0.07428571428571429,0.0,0.8500000000000001,0.0,1,1
SUP024,2023-12,26,17,2.6153846153846154,68,4,32,634724.17,0,0.6538461538461539,0.15384615384615385,0.0,0.0,0.0,0.0,634724.17,1.0,0.0,0.03784842816737678,0.0,0.0,-0.06043956043956045,0.0,-0.6346153846153846,0.0,1,0
SUP024,2024-01,26,17,2.576923076923077,67,6,21,652083.65,0,0.6538461538461539,0.23076923076923078,0.0,1.0,1.0,0.038461538461538464,652083.65,1.0,0.0,0.0401246588048599,0.0,0.0,0.0,0.038461538461538464,-0.038461538461538325,0.0,1,1
SUP024,2024-02,20,14,1.95,39,2,29,507798.56,0,0.7,0.1,0.0,1.0,1.0,0.05,507798.56,1.0,0.0,0.03663336337972612,0.0,0.0,0.0461538461538461,0.011538461538461539,-0.6269230769230771,0.0,1,1
SUP024,2024-03,25,21,3.4,85,3,7,909769.76,0,0.84,0.12,0.0,0.0,0.0,0.0,909769.76,1.0,0.0,0.05520065107333607,0.0,0.0,0.14,-0.05,1.45,0.0,1,1
SUP024,2024-04,27,20,3.4444444444444446,93,4,25,698513.87,0,0.7407407407407407,0.14814814814814814,0.0,0.0,0.0,0.0,698513.87,1.0,0.0,0.04457740463337393,0.0,0.0,-0.09925925925925927,0.0,0.04444444444444473,0.0,1,1
SUP024,2024-05,20,16,2.8,56,2,26,433199.3,0,0.8,0.1,0.0,1.0,1.0,0.05,433199.3,1.0,0.0,0.027109270079696074,0.0,0.0,0.059259259259259345,0.05,-0.6444444444444448,0.0,1,1
SUP024,2024-06,13,9,2.076923076923077,27,1,5,399252.42,0,0.6923076923076923,0.07692307692307693,0.0,0.0,0.0,0.0,399252.42,1.0,0.0,0.025617326292608458,0.0,0.0,-0.10769230769230775,-0.05,-0.7230769230769227,0.0,1,0
SUP024,2024-07,15,8,1.6666666666666667,25,3,13,349582.8,0,0.5333333333333333,0.2,0.0,0.0,0.0,0.0,349582.8,1.0,0.0,0.022035953224850007,0.0,0.0,-0.15897435897435896,0.0,-0.41025641025641035,0.0,1,0
SUP024,2024-08,23,15,2.347826086956522,54,3,43,714396.17,0,0.6521739130434783,0.13043478260869565,0.0,0.0,0.0,0.0,714396.17,1.0,0.0,0.04659445082460877,0.0,0.0,0.11884057971014494,0.0,0.6811594202898552,0.0,1,1
SUP024,2024-09,21,16,3.1904761904761907,67,5,26,644127.0,0,0.7619047619047619,0.23809523809523808,0.0,0.0,0.0,0.0,644127.0,1.0,0.0,0.0418789144631317,0.0,0.0,0.10973084886128359,0.0,0.8426501035196687,0.0,1,1
SUP024,2024-10,23,17,3.347826086956522,77,2,4,440792.76,0,0.7391304347826086,0.08695652173913043,0.0,1.0,1.0,0.043478260869565216,440792.76,1.0,0.0,0.029100915024642793,0.0,0.0,-0.022774327122153215,0.043478260869565216,0.15734989648033126,0.0,1,1
SUP024,2024-11,23,16,2.1739130434782608,50,3,18,745490.68,0,0.6956521739130435,0.13043478260869565,0.0,0.0,0.0,0.0,745490.68,1.0,0.0,0.04890230169664908,0.0,0.0,-0.04347826086956519,-0.043478260869565216,-1.1739130434782612,0.0,1,0
SUP024,2024-12,22,13,1.4090909090909092,31,3,8,717549.54,0,0.5909090909090909,0.13636363636363635,0.0,0.0,0.0,0.0,717549.54,1.0,0.0,0.04336147132550413,0.0,0.0,-0.10474308300395252,0.0,-0.7648221343873516,0.0,1,0
SUP024,2025-01,23,20,2.1739130434782608,50,1,8,773291.15,0,0.8695652173913043,0.043478260869565216,0.0,1.0,1.0,0.043478260869565216,773291.15,1.0,0.0,0.0471137575572485,0.0,0.0,0.2786561264822134,0.043478260869565216,0.7648221343873516,0.0,1,1
SUP024,2025-02,19,9,2.0526315789473686,39,1,1,575314.37,0,0.47368421052631576,0.05263157894736842,0.0,0.0,0.0,0.0,575314.37,1.0,0.0,0.12249560916481717,0.0,0.0,-0.39588100686498856,-0.043478260869565216,-0.12128146453089217,0.0,1,0
SUP024,2025-03,1,1,2.0,2,0,0,45820.600000000006,0,1.0,0.0,0.0,0.0,0.0,0.0,45820.600000000006,1.0,0.0,0.07435423575215758,0.0,0.0,0.5263157894736843,0.0,-0.052631578947368585,0.0,1,1
SUP025,2022-02,5,3,1.8,9,0,0,25616.61,0,0.6,0.0,0.0,0.0,0.0,0.0,25616.61,1.0,0.0,0.002922594963532032,0.0,0.0,0.0,0.0,0.0,0.0,0,0
SUP025,2022-03,10,6,2.7,27,0,0,98529.76999999999,0,0.6,0.0,0.0,1.0,1.0,0.1,98529.76999999999,1.0,0.0,0.00650701594132679,0.0,0.0,0.0,0.1,0.9000000000000001,0.0,1,1
SUP025,2022-04,18,15,3.2777777777777777,59,3,5,163934.24,0,0.8333333333333334,0.16666666666666666,0.0,0.0,0.0,0.0,163934.24,1.0,0.0,0.010526118152959953,0.0,0.0,0.2333333333333334,-0.1,0.5777777777777775,0.0,1,1
SUP025,2022-05,14,8,1.7857142857142858,25,3,8,121683.73,0,0.5714285714285714,0.21428571428571427,0.0,0.0,0.0,0.0,121683.73,1.0,0.0,0.007074746049155542,0.0,0.0,-0.261904761904762,0.0,-1.4920634920634919,0.0,1,0
SUP025,2022-06,20,10,1.7,34,2,2,139633.05,0,0.5,0.1,0.0,0.0,0.0,0.0,139633.05,1.0,0.0,0.008726193507405385,0.0,0.0,-0.0714285714285714,0.0,-0.08571428571428585,0.0,1,0
SUP025,2022-07,17,11,2.411764705882353,41,4,24,98542.88,0,0.6470588235294118,0.23529411764705882,0.0,0.0,0.0,0.0,98542.88,1.0,0.0,0.005868992979980691,0.0,0.0,0.1470588235294118,0.0,0.7117647058823529,0.0,1,1
SUP025,2022-08,12,10,2.5,30,1,4,58244.95,0,0.8333333333333334,0.08333333333333333,0.0,1.0,1.0,0.08333333333333333,58244.95,1.0,0.0,0.003486924191282716,0.0,0.0,0.18627450980392157,0.08333333333333333,0.08823529411764719,0.0,1,1
SUP025,2022-09,14,10,2.4285714285714284,34,2,14,101376.31999999999,0,0.7142857142857143,0.14285714285714285,0.0,0.0,0.0,0.0,101376.31999999999,1.0,0.0,0.0065843475612802505,0.0,0.0,-0.11904761904761907,-0.08333333333333333,-0.07142857142857162,0.0,1,0
SUP025,2022-10,20,12,2.5,50,3,13,158092.21,0,0.6,0.15,0.0,0.0,0.0,0.0,158092.21,1.0,0.0,0.009560430266951837,0.0,0.0,-0.11428571428571432,0.0,0.07142857142857162,0.0,1,1
SUP025,2022-11,13,8,2.076923076923077,27,5,30,144916.88999999998,0,0.6153846153846154,0.38461538461538464,0.0,0.0,0.0,0.0,144916.88999999998,1.0,0.0,0.00938738653555446,0.0,0.0,0.015384615384615441,0.0,-0.4230769230769229,0.0,1,1
SUP025,2022-12,11,6,2.272727272727273,25,3,10,59808.32,0,0.5454545454545454,0.2727272727272727,0.0,0.0,0.0,0.0,59808.32,1.0,0.0,0.003465085421679515,0.0,0.0,-0.06993006993007,0.0,0.19580419580419584,0.0,1,1
SUP025,2023-01,18,11,2.7777777777777777,50,4,11,137429.79,0,0.6111111111111112,0.2222222222222222,0.0,0.0,0.0,0.0,137429.79,1.0,0.0,0.007818543127972727,0.0,0.0,0.06565656565656575,0.0,0.5050505050505047,0.0,1,1
SUP025,2023-02,14,11,3.4285714285714284,48,2,7,90857.61,0,0.7857142857142857,0.14285714285714285,0.0,0.0,0.0,0.0,90857.61,1.0,0.0,0.006233374945555842,0.0,0.0,0.17460317460317454,0.0,0.6507936507936507,0.0,1,1
SUP025,2023-03,17,14,3.8823529411764706,66,2,14,120151.53,0,0.8235294117647058,0.11764705882352941,0.0,0.0,0.0,0.0,120151.53,1.0,0.0,0.008241327197489693,0.0,0.0,0.037815126050420145,0.0,0.4537815126050422,0.0,1,1
SUP025,2023-04,14,7,1.5714285714285714,22,0,0,74590.70999999999,0,0.5,0.0,0.0,0.0,0.0,0.0,74590.70999999999,1.0,0.0,0.0041862712295444564,0.0,0.0,-0.32352941176470584,0.0,-2.310924369747899,0.0,1,0
SUP025,2023-05,16,12,2.1875,35,4,8,79974.08,0,0.75,0.25,0.0,1.0,4.0,0.0625,79974.08,1.0,0.0,0.005147506728402916,0.0,0.0,0.25,0.0625,0.6160714285714286,0.0,1,1
SUP025,2023-06,25,19,2.56,64,3,18,239723.44999999998,0,0.76,0.12,0.0,0.0,0.0,0.0,239723.44999999998,1.0,0.0,0.013892976349020201,0.0,0.0,0.010000000000000009,-0.0625,0.37250000000000005,0.0,1,1
SUP025,2023-07,12,8,2.8333333333333335,34,2,3,102613.51,0,0.6666666666666666,0.16666666666666666,0.0,1.0,1.0,0.08333333333333333,102613.51,1.0,0.0,0.005914907456244335,0.0,0.0,-0.09333333333333338,0.08333333333333333,0.27333333333333343,0.0,1,1
SUP025,2023-08,10,8,3.4,34,0,0,64481.66,0,0.8,0.0,0.0,0.0,0.0,0.0,64481.66,1.0,0.0,0.00400412456190157,0.0,0.0,0.13333333333333341,-0.08333333333333333,0.5666666666666664,0.0,1,1
SUP025,2023-09,19,16,2.8947368421052633,55,3,7,145766.28999999998,0,0.8421052631578947,0.15789473684210525,0.0,0.0,0.0,0.0,145766.28999999998,1.0,0.0,0.009415675585445428,0.0,0.0,0.042105263157894646,0.0,-0.5052631578947366,0.0,1,1
SUP025,2023-10,18,11,1.6111111111111112,29,3,6,105434.13,0,0.6111111111111112,0.16666666666666666,0.0,0.0,0.0,0.0,105434.13,1.0,0.0,0.00615908264516133,0.0,0.0,-0.23099415204678353,0.0,-1.2836257309941521,0.0,1,0
SUP025,2023-11,14,9,2.2857142857142856,32,3,8,85934.32,0,0.6428571428571429,0.21428571428571427,0.0,0.0,0.0,0.0,85934.32,1.0,0.0,0.005724796750603235,0.0,0.0,0.031746031746031744,0.0,0.6746031746031744,0.0,1,1
SUP025,2023-12,15,12,3.3333333333333335,50,1,1,69346.69,0,0.8,0.06666666666666667,0.0,0.0,0.0,0.0,69346.69,1.0,0.0,0.004135124104554497,0.0,0.0,0.15714285714285714,0.0,1.047619047619048,0.0,1,1
SUP025,2024-01,19,14,1.8421052631578947,35,1,3,137855.38999999998,0,0.7368421052631579,0.05263157894736842,0.0,0.0,0.0,0.0,137855.38999999998,1.0,0.0,0.008482654776209915,0.0,0.0,-0.06315789473684219,0.0,-1.4912280701754388,0.0,1,0
SUP025,2024-02,13,7,2.076923076923077,27,1,2,67411.7,0,0.5384615384615384,0.07692307692307693,0.0,0.0,0.0,0.0,67411.7,1.0,0.0,0.004863182956141277,0.0,0.0,-0.19838056680161942,0.0,0.2348178137651824,0.0,1,1
SUP025,2024-03,14,11,3.7142857142857144,52,1,5,75747.47,0,0.7857142857142857,0.07142857142857142,0.0,0.0,0.0,0.0,75747.47,1.0,0.0,0.004596008622179299,0.0,0.0,0.24725274725274726,0.0,1.6373626373626373,0.0,1,1
SUP025,2024-04,25,15,2.0,50,4,14,182328.83,0,0.6,0.16,0.0,0.0,0.0,0.0,182328.83,1.0,0.0,0.011635768995166332,0.0,0.0,-0.18571428571428572,0.0,-1.7142857142857144,0.0,1,0
SUP025,2024-05,14,9,2.142857142857143,30,5,17,108306.43,0,0.6428571428571429,0.35714285714285715,0.0,1.0,1.0,0.07142857142857142,108306.43,1.0,0.0,0.006777730855607794,0.0,0.0,0.04285714285714293,0.07142857142857142,0.1428571428571428,0.0,1,1
SUP025,2024-06,14,10,2.857142857142857,40,2,4,60298.25,0,0.7142857142857143,0.14285714285714285,0.0,0.0,0.0,0.0,60298.25,1.0,0.0,0.003868930700841533,0.0,0.0,0.0714285714285714,-0.07142857142857142,0.7142857142857144,0.0,1,1
SUP025,2024-07,18,10,1.5555555555555556,28,2,6,105779.11,0,0.5555555555555556,0.1111111111111111,0.0,1.0,2.0,0.05555555555555555,105779.11,1.0,0.0,0.006667786630595852,0.0,0.0,-0.15873015873015872,0.05555555555555555,-1.3015873015873016,0.0,1,1
SUP025,2024-08,7,7,3.7142857142857144,26,1,1,20322.199999999997,0,1.0,0.14285714285714285,0.0,0.0,0.0,0.0,20322.199999999997,1.0,0.0,0.001325457481872928,0.0,0.0,0.4444444444444444,-0.05555555555555555,2.158730158730159,0.0,1,1
SUP025,2024-09,9,6,2.4444444444444446,22,1,10,36768.12,0,0.6666666666666666,0.1111111111111111,0.0,1.0,1.0,0.1111111111111111,36768.12,1.0,0.0,0.002390536264510201,0.0,0.0,-0.33333333333333337,0.1111111111111111,-1.2698412698412698,0.0,1,1
SUP025,2024-10,13,9,1.6153846153846154,21,1,1,67803.37999999999,0,0.6923076923076923,0.07692307692307693,0.0,0.0,0.0,0.0,67803.37999999999,1.0,0.0,0.0044763448468699086,0.0,0.0,0.02564102564102566,-0.1111111111111111,-0.8290598290598292,0.0,1,1
SUP025,2024-11,17,12,2.411764705882353,41,1,8,77614.43,0,0.7058823529411765,0.058823529411764705,0.0,0.0,0.0,0.0,77614.43,1.0,0.0,0.005091310158127598,0.0,0.0,0.013574660633484226,0.0,0.7963800904977374,0.0,1,1
SUP025,2024-12,14,12,2.7857142857142856,39,1,2,68873.17,0,0.8571428571428571,0.07142857142857142,0.0,0.0,0.0,0.0,68873.17,1.0,0.0,0.004162001115702159,0.0,0.0,0.15126050420168058,0.0,0.3739495798319328,0.0,1,1
SUP025,2025-01,13,9,2.3076923076923075,30,3,11,92261.88,0,0.6923076923076923,0.23076923076923078,0.0,0.0,0.0,0.0,92261.88,1.0,0.0,0.005621173662851249,0.0,0.0,-0.1648351648351648,0.0,-0.4780219780219781,0.0,1,0
SUP025,2025-02,7,7,3.0,21,3,9,41995.01,0,1.0,0.42857142857142855,0.0,0.0,0.0,0.0,41995.01,1.0,0.0,0.008941553696690365,0.0,0.0,0.3076923076923077,0.0,0.6923076923076925,0.0,1,1
SUP026,2022-02,1,0,0.0,0,0,0,4285.14,0,0.0,0.0,0.0,0.0,0.0,0.0,4285.14,1.0,0.0,0.0004888909415426027,0.0,0.0,0.0,0.0,0.0,0.0,0,0
SUP026,2022-03,17,11,2.2941176470588234,39,0,0,111174.56,0,0.6470588235294118,0.0,0.0,1.0,1.0,0.058823529411764705,111174.56,1.0,0.0,0.0073420919808296695,0.0,0.0,0.6470588235294118,0.058823529411764705,2.2941176470588234,0.0,1,1
SUP026,2022-04,23,17,2.391304347826087,55,4,8,228787.94999999998,0,0.7391304347826086,0.17391304347826086,0.0,0.0,0.0,0.0,228787.94999999998,1.0,0.0,0.014690335549629497,0.0,0.0,0.09207161125319685,-0.058823529411764705,0.09718670076726355,0.0,1,1
SUP026,2022-05,22,17,2.1363636363636362,47,1,4,261694.45,0,0.7727272727272727,0.045454545454545456,0.0,0.0,0.0,0.0,261694.45,1.0,0.0,0.015215031427976712,0.0,0.0,0.03359683794466406,0.0,-0.2549407114624507,0.0,1,1
SUP026,2022-06,23,18,2.9130434782608696,67,2,7,369112.44,0,0.782608695652174,0.08695652173913043,0.0,0.0,0.0,0.0,369112.44,1.0,0.0,0.023067222104154857,0.0,0.0,0.00988142292490124,0.0,0.7766798418972334,0.0,1,1
SUP026,2022-07,21,16,2.7142857142857144,57,3,4,223291.76,0,0.7619047619047619,0.14285714285714285,0.0,0.0,0.0,0.0,223291.76,1.0,0.0,0.013298756560875155,0.0,0.0,-0.020703933747412084,0.0,-0.1987577639751552,0.0,1,0
SUP026,2022-08,18,15,3.7777777777777777,68,3,25,396460.47000000003,0,0.8333333333333334,0.16666666666666666,0.0,0.0,0.0,0.0,396460.47000000003,1.0,0.0,0.023734720413191458,0.0,0.0,0.07142857142857151,0.0,1.0634920634920633,0.0,1,1
SUP026,2022-09,20,14,2.15,43,2,19,297156.4,0,0.7,0.1,0.0,0.0,0.0,0.0,297156.4,1.0,0.0,0.01930017796719016,0.0,0.0,-0.13333333333333341,0.0,-1.6277777777777778,0.0,1,0
SUP026,2022-10,25,15,2.08,52,5,21,331805.23,0,0.6,0.2,0.0,1.0,1.0,0.04,331805.23,1.0,0.0,0.02006550963912084,0.0,0.0,-0.09999999999999998,0.04,-0.06999999999999984,0.0,1,1
SUP026,2022-11,18,13,1.9444444444444444,35,3,7,370239.79,0,0.7222222222222222,0.16666666666666666,0.0,0.0,0.0,0.0,370239.79,1.0,0.0,0.02398329152366236,0.0,0.0,0.12222222222222223,-0.04,-0.13555555555555565,0.0,1,1
SUP026,2022-12,21,10,1.1904761904761905,25,5,21,351822.24,0,0.47619047619047616,0.23809523809523808,0.0,0.0,0.0,0.0,351822.24,1.0,0.0,0.02038335326667981,0.0,0.0,-0.24603174603174605,0.0,-0.753968253968254,0.0,1,0
SUP026,2023-01,14,7,1.5714285714285714,22,2,8,239904.16,0,0.5,0.14285714285714285,0.0,1.0,1.0,0.07142857142857142,239904.16,1.0,0.0,0.013648431111915904,0.0,0.0,0.023809523809523836,0.07142857142857142,0.38095238095238093,0.0,1,1
SUP026,2023-02,17,12,2.176470588235294,37,3,5,235411.94999999998,0,0.7058823529411765,0.17647058823529413,0.0,1.0,1.0,0.058823529411764705,235411.94999999998,1.0,0.0,0.01615066642204703,0.0,0.0,0.20588235294117652,-0.01260504201680672,0.6050420168067225,0.0,1,1
SUP026,2023-03,19,15,2.8947368421052633,55,3,8,368631.39,0,0.7894736842105263,0.15789473684210525,0.0,0.0,0.0,0.0,368631.39,1.0,0.0,0.025284837407026195,0.0,0.0,0.08359133126934981,-0.058823529411764705,0.7182662538699693,0.0,1,1
SUP026,2023-04,18,13,2.7777777777777777,50,4,9,265750.97,0,0.7222222222222222,0.2222222222222222,0.0,0.0,0.0,0.0,265750.97,1.0,0.0,0.014914801587684738,0.0,0.0,-0.06725146198830412,0.0,-0.1169590643274856,0.0,1,0
SUP026,2023-05,13,8,1.7692307692307692,23,4,12,171301.62,0,0.6153846153846154,0.3076923076923077,0.0,0.0,0.0,0.0,171301.62,1.0,0.0,0.01102577537042401,0.0,0.0,-0.10683760683760679,0.0,-1.0085470085470085,0.0,1,0
SUP026,2023-06,15,10,3.0,45,1,2,211314.48,0,0.6666666666666666,0.06666666666666667,0.0,0.0,0.0,0.0,211314.48,1.0,0.0,0.012246557743289206,0.0,0.0,0.05128205128205121,0.0,1.2307692307692308,0.0,1,1
SUP026,2023-07,16,9,2.375,38,0,0,266002.87,0,0.5625,0.0,0.0,1.0,1.0,0.0625,266002.87,1.0,0.0,0.015333091706398044,0.0,0.0,-0.10416666666666663,0.0625,-0.625,0.0,1,1
SUP026,2023-08,15,11,3.533333333333333,53,4,7,222524.41999999998,0,0.7333333333333333,0.26666666666666666,0.0,0.0,0.0,0.0,222524.41999999998,1.0,0.0,0.013818122792510318,0.0,0.0,0.17083333333333328,-0.0625,1.1583333333333332,0.0,1,1
SUP026,2023-09,23,19,3.0869565217391304,71,2,3,266296.83999999997,0,0.8260869565217391,0.08695652173913043,0.0,0.0,0.0,0.0,266296.83999999997,1.0,0.0,0.017201265497456698,0.0,0.0,0.09275362318840585,0.0,-0.44637681159420284,0.0,1,1
SUP026,2023-10,20,14,2.4,48,1,2,332937.41,0,0.7,0.05,0.0,1.0,1.0,0.05,332937.41,1.0,0.0,0.019449005970419275,0.0,0.0,-0.12608695652173918,0.05,-0.6869565217391305,0.0,1,1
SUP026,2023-11,19,15,2.526315789473684,48,2,15,224642.15000000002,0,0.7894736842105263,0.10526315789473684,0.0,1.0,1.0,0.05263157894736842,224642.15000000002,1.0,0.0,0.01496527406475695,0.0,0.0,0.08947368421052637,0.0026315789473684154,0.12631578947368416,0.0,1,1
SUP026,2023-12,22,15,2.5454545454545454,56,0,0,406605.04,0,0.6818181818181818,0.0,0.0,1.0,1.0,0.045454545454545456,406605.04,1.0,0.0,0.024245747013121245,0.0,0.0,-0.10765550239234456,-0.007177033492822962,0.019138755980861344,0.0,1,1
SUP026,2024-01,18,15,2.7222222222222223,49,3,19,362387.17,0,0.8333333333333334,0.16666666666666666,0.0,0.0,0.0,0.0,362387.17,1.0,0.0,0.022298767269366068,0.0,0.0,0.1515151515151516,-0.045454545454545456,0.1767676767676769,0.0,1,1
SUP026,2024-02,15,9,1.4,21,2,9,224113.83000000002,0,0.6,0.13333333333333333,0.0,0.0,0.0,0.0,224113.83000000002,1.0,0.0,0.01616791385310775,0.0,0.0,-0.2333333333333334,0.0,-1.3222222222222224,0.0,1,0
SUP026,2024-03,21,16,2.761904761904762,58,3,14,377291.83999999997,0,0.7619047619047619,0.14285714285714285,0.0,1.0,1.0,0.047619047619047616,377291.83999999997,1.0,0.0,0.02289233620235623,0.0,0.0,0.16190476190476188,0.047619047619047616,1.361904761904762,0.0,1,1
SUP026,2024-04,16,7,1.5,24,3,9,417923.43,0,0.4375,0.1875,0.0,0.0,0.0,0.0,417923.43,1.0,0.0,0.02667082594204969,0.0,0.0,-0.32440476190476186,-0.047619047619047616,-1.2619047619047619,0.0,1,0
SUP026,2024-05,16,11,1.75,28,1,1,276925.14,0,0.6875,0.0625,0.0,0.0,0.0,0.0,276925.14,1.0,0.0,0.017329756562666762,0.0,0.0,0.25,0.0,0.25,0.0,1,1
SUP026,2024-06,18,12,2.2222222222222223,40,5,18,398923.16,0,0.6666666666666666,0.2777777777777778,0.0,0.0,0.0,0.0,398923.16,1.0,0.0,0.025596199906311026,0.0,0.0,-0.02083333333333337,0.0,0.4722222222222223,0.0,1,1
SUP026,2024-07,27,18,2.4444444444444446,66,2,8,302981.51,0,0.6666666666666666,0.07407407407407407,0.0,1.0,1.0,0.037037037037037035,302981.51,1.0,0.0,0.019098440719493136,0.0,0.0,0.0,0.037037037037037035,0.22222222222222232,0.0,1,1
SUP026,2024-08,11,10,2.727272727272727,30,2,4,197654.59,0,0.9090909090909091,0.18181818181818182,0.0,0.0,0.0,0.0,197654.59,1.0,0.0,0.012891456394584546,0.0,0.0,0.24242424242424243,-0.037037037037037035,0.28282828282828243,0.0,1,1
SUP026,2024-09,23,19,3.4347826086956523,79,4,19,350548.49,0,0.8260869565217391,0.17391304347826086,0.0,0.0,0.0,0.0,350548.49,1.0,0.0,0.022791452971060024,0.0,0.0,-0.08300395256916993,0.0,0.7075098814229253,0.0,1,1
SUP026,2024-10,23,18,3.130434782608696,72,6,35,264272.27,0,0.782608695652174,0.2608695652173913,0.0,0.0,0.0,0.0,264272.27,1.0,0.0,0.017447121573955653,0.0,0.0,-0.04347826086956519,0.0,-0.30434782608695654,0.0,1,0
SUP026,2024-11,18,12,3.3333333333333335,60,3,7,304568.53,0,0.6666666666666666,0.16666666666666666,0.0,0.0,0.0,0.0,304568.53,1.0,0.0,0.019978924674638344,0.0,0.0,-0.11594202898550732,0.0,0.2028985507246377,0.0,1,1
SUP026,2024-12,16,11,2.375,38,3,4,181419.57,0,0.6875,0.1875,0.0,0.0,0.0,0.0,181419.57,1.0,0.0,0.010963172636749636,0.0,0.0,0.02083333333333337,0.0,-0.9583333333333335,0.0,1,1
SUP026,2025-01,17,13,3.176470588235294,54,2,2,301050.05,0,0.7647058823529411,0.11764705882352941,0.0,0.0,0.0,0.0,301050.05,1.0,0.0,0.01834186136527948,0.0,0.0,0.07720588235294112,0.0,0.8014705882352939,0.0,1,1
SUP026,2025-02,17,12,2.764705882352941,47,3,9,220247.98,0,0.7058823529411765,0.17647058823529413,0.0,0.0,0.0,0.0,220247.98,1.0,0.0,0.04689507490908052,0.0,0.0,-0.05882352941176461,0.0,-0.4117647058823528,0.0,1,0
SUP026,2025-03,4,3,4.0,16,1,5,62171.729999999996,0,0.75,0.25,0.0,0.0,0.0,0.0,62171.729999999996,1.0,0.0,0.10088762411534304,0.0,0.0,0.044117647058823484,0.0,1.2352941176470589,0.0,1,1
SUP027,2022-02,14,13,3.357142857142857,47,3,14,273782.56,0,0.9285714285714286,0.21428571428571427,0.0,0.0,0.0,0.0,273782.56,1.0,0.0,0.031235808756853712,0.0,0.0,0.0,0.0,0.0,0.0,0,0
SUP027,2022-03,37,22,2.2162162162162162,82,4,10,786708.34,0,0.5945945945945946,0.10810810810810811,0.0,0.0,0.0,0.0,786708.34,1.0,0.0,0.05195509651098076,0.0,0.0,-0.333976833976834,0.0,-1.140926640926641,0.0,1,0
SUP027,2022-04,39,28,2.4615384615384617,96,6,22,897328.61,0,0.717948717948718,0.15384615384615385,0.0,0.0,0.0,0.0,897328.61,1.0,0.0,0.05761692597526497,0.0,0.0,0.12335412335412332,0.0,0.24532224532224545,0.0,1,1
SUP027,2022-05,38,27,2.526315789473684,96,4,14,1208765.07,0,0.7105263157894737,0.10526315789473684,0.0,0.0,0.0,0.0,1208765.07,1.0,0.0,0.07027813745797999,0.0,0.0,-0.007422402159244279,0.0,0.0647773279352224,0.0,1,1
SUP027,2022-06,30,25,3.2666666666666666,98,3,7,411607.79,0,0.8333333333333334,0.1,0.0,0.0,0.0,0.0,411607.79,1.0,0.0,0.025722916062461427,0.0,0.0,0.1228070175438597,0.0,0.7403508771929825,0.0,1,1
SUP027,2022-07,27,21,3.185185185185185,86,4,23,762235.85,0,0.7777777777777778,0.14814814814814814,0.0,0.0,0.0,0.0,762235.85,1.0,0.0,0.045397058140979996,0.0,0.0,-0.05555555555555558,0.0,-0.08148148148148149,0.0,1,0
SUP027,2022-08,40,27,2.625,105,3,16,808966.33,0,0.675,0.075,0.0,1.0,1.0,0.025,808966.33,1.0,0.0,0.04843002296353927,0.0,0.0,-0.10277777777777775,0.025,-0.5601851851851851,0.0,1,1
SUP027,2022-09,40,26,2.7,108,5,24,993033.71,0,0.65,0.125,0.0,1.0,1.0,0.025,993033.71,1.0,0.0,0.06449710432088657,0.0,0.0,-0.025000000000000022,0.0,0.07500000000000018,0.0,1,1
SUP027,2022-10,34,21,1.7647058823529411,60,2,3,1017884.97,0,0.6176470588235294,0.058823529411764705,0.0,0.0,0.0,0.0,1017884.97,1.0,0.0,0.06155533074946175,0.0,0.0,-0.032352941176470584,-0.025,-0.935294117647059,0.0,1,0
SUP027,2022-11,35,22,2.2285714285714286,78,4,23,877598.2,0,0.6285714285714286,0.11428571428571428,0.0,0.0,0.0,0.0,877598.2,1.0,0.0,0.05684881538864676,0.0,0.0,0.01092436974789912,0.0,0.4638655462184875,0.0,1,1
SUP027,2022-12,35,29,2.857142857142857,100,4,21,1070775.6,0,0.8285714285714286,0.11428571428571428,0.0,1.0,1.0,0.02857142857142857,1070775.6,1.0,0.0,0.06203700290277567,0.0,0.0,0.20000000000000007,0.02857142857142857,0.6285714285714286,0.0,1,1
SUP027,2023-01,43,29,2.558139534883721,110,7,39,998935.6799999999,0,0.6744186046511628,0.16279069767441862,0.0,0.0,0.0,0.0,998935.6799999999,1.0,0.0,0.05683063108916023,0.0,0.0,-0.15415282392026586,-0.02857142857142857,-0.2990033222591362,0.0,1,0
SUP027,2023-02,29,20,2.4482758620689653,71,3,9,607869.05,0,0.6896551724137931,0.10344827586206896,0.0,0.0,0.0,0.0,607869.05,1.0,0.0,0.04170344901708103,0.0,0.0,0.015236567762630382,0.0,-0.10986367281475573,0.0,1,1
SUP027,2023-03,47,28,1.7659574468085106,83,8,22,871266.04,0,0.5957446808510638,0.1702127659574468,0.0,0.0,0.0,0.0,871266.04,1.0,0.0,0.059761107592230765,0.0,0.0,-0.09391049156272935,0.0,-0.6823184152604547,0.0,1,0
SUP027,2023-04,35,25,2.8857142857142857,101,9,61,1161397.68,0,0.7142857142857143,0.2571428571428571,0.0,1.0,1.0,0.02857142857142857,1161397.68,1.0,0.0,0.06518138376540027,0.0,0.0,0.1185410334346505,0.02857142857142857,1.119756838905775,0.0,1,1
SUP027,2023-05,51,32,2.5686274509803924,131,6,12,1002347.82,0,0.6274509803921569,0.11764705882352941,0.0,0.0,0.0,0.0,1002347.82,1.0,0.0,0.06451580496643405,0.0,0.0,-0.08683473389355745,-0.02857142857142857,-0.3170868347338933,0.0,1,0
SUP027,2023-06,34,21,2.088235294117647,71,4,12,828522.98,0,0.6176470588235294,0.11764705882352941,0.0,1.0,1.0,0.029411764705882353,828522.98,1.0,0.0,0.048016371221754645,0.0,0.0,-0.009803921568627416,0.029411764705882353,-0.48039215686274517,0.0,1,1
SUP027,2023-07,42,32,2.7857142857142856,117,5,35,916701.59,0,0.7619047619047619,0.11904761904761904,0.0,0.0,0.0,0.0,916701.59,1.0,0.0,0.05284104471079917,0.0,0.0,0.14425770308123242,-0.029411764705882353,0.6974789915966384,0.0,1,1
SUP027,2023-08,41,26,2.1951219512195124,90,9,45,1556191.51,0,0.6341463414634146,0.21951219512195122,0.0,1.0,2.0,0.024390243902439025,1556191.51,1.0,0.0,0.09663499122407351,0.0,0.0,-0.12775842044134722,0.024390243902439025,-0.5905923344947732,0.0,1,1
SUP027,2023-09,45,34,2.088888888888889,94,5,20,1311046.8,0,0.7555555555555555,0.1111111111111111,0.0,0.0,0.0,0.0,1311046.8,1.0,0.0,0.08468618736291057,0.0,0.0,0.1214092140921409,-0.024390243902439025,-0.10623306233062335,0.0,1,1
SUP027,2023-10,38,25,2.5,95,3,9,1195597.64,0,0.6578947368421053,0.07894736842105263,0.0,1.0,1.0,0.02631578947368421,1195597.64,1.0,0.0,0.06984251375830429,0.0,0.0,-0.09766081871345023,0.02631578947368421,0.411111111111111,0.0,1,1
SUP027,2023-11,36,24,2.8333333333333335,102,10,61,828962.18,0,0.6666666666666666,0.2777777777777778,0.0,0.0,0.0,0.0,828962.18,1.0,0.0,0.05522403615269166,0.0,0.0,0.00877192982456132,-0.02631578947368421,0.3333333333333335,0.0,1,1
SUP027,2023-12,39,27,2.58974358974359,101,5,15,709771.72,0,0.6923076923076923,0.1282051282051282,0.0,0.0,0.0,0.0,709771.72,1.0,0.0,0.04232349299012115,0.0,0.0,0.02564102564102566,0.0,-0.2435897435897436,0.0,1,1
SUP027,2024-01,39,31,2.8205128205128207,110,6,33,772835.96,0,0.7948717948717948,0.15384615384615385,0.0,3.0,3.0,0.07692307692307693,772835.96,1.0,0.0,0.04755490987563689,0.0,0.0,0.10256410256410253,0.07692307692307693,0.23076923076923084,0.0,1,1
SUP027,2024-02,30,20,2.466666666666667,74,4,12,574012.99,0,0.6666666666666666,0.13333333333333333,0.0,1.0,1.0,0.03333333333333333,574012.99,1.0,0.0,0.04141017345018288,0.0,0.0,-0.1282051282051282,-0.043589743589743594,-0.3538461538461539,0.0,1,0
SUP027,2024-03,40,32,3.05,122,4,29,1137724.25,0,0.8,0.1,0.0,2.0,2.0,0.05,1137724.25,1.0,0.0,0.06903188268416723,0.0,0.0,0.13333333333333341,0.01666666666666667,0.583333333333333,0.0,1,1
SUP027,2024-04,37,23,2.189189189189189,81,2,2,960242.26,0,0.6216216216216216,0.05405405405405406,0.0,0.0,0.0,0.0,960242.26,1.0,0.0,0.06128025456400093,0.0,0.0,-0.17837837837837844,-0.05,-0.8608108108108108,0.0,1,0
SUP027,2024-05,32,17,1.875,60,6,30,816245.47,0,0.53125,0.1875,0.0,1.0,2.0,0.03125,816245.47,1.0,0.0,0.05107999689186585,0.0,0.0,-0.0903716216216216,0.03125,-0.31418918918918903,0.0,1,1
SUP027,2024-06,27,18,2.3333333333333335,63,5,17,665990.79,0,0.6666666666666666,0.18518518518518517,0.0,1.0,1.0,0.037037037037037035,665990.79,1.0,0.0,0.0427321226388611,0.0,0.0,0.13541666666666663,0.005787037037037035,0.4583333333333335,0.0,1,1
SUP027,2024-07,37,25,2.27027027027027,84,10,48,1309533.83,0,0.6756756756756757,0.2702702702702703,0.0,0.0,0.0,0.0,1309533.83,1.0,0.0,0.0825464703190165,0.0,0.0,0.009009009009009028,-0.037037037037037035,-0.06306306306306331,0.0,1,1
SUP027,2024-08,33,24,1.7575757575757576,58,1,6,785037.34,0,0.7272727272727273,0.030303030303030304,0.0,1.0,1.0,0.030303030303030304,785037.34,1.0,0.0,0.051201819480795475,0.0,0.0,0.051597051597051635,0.030303030303030304,-0.5126945126945126,0.0,1,1
SUP027,2024-09,32,25,2.53125,81,2,10,948631.76,0,0.78125,0.0625,0.0,1.0,1.0,0.03125,948631.76,1.0,0.0,0.06167676302041381,0.0,0.0,0.05397727272727271,0.0009469696969696961,0.7736742424242424,0.0,1,1
SUP027,2024-10,40,23,1.925,77,10,33,979808.38,0,0.575,0.25,0.0,1.0,1.0,0.025,979808.38,1.0,0.0,0.06468645357698914,0.0,0.0,-0.20625000000000004,-0.006249999999999999,-0.60625,0.0,1,0
SUP027,2024-11,40,30,2.275,91,13,48,764638.74,0,0.75,0.325,0.0,1.0,1.0,0.025,764638.74,1.0,0.0,0.050158365966997215,0.0,0.0,0.17500000000000004,0.0,0.34999999999999987,0.0,1,1
SUP027,2024-12,38,21,1.9210526315789473,73,5,14,812669.6,0,0.5526315789473685,0.13157894736842105,0.0,2.0,4.0,0.05263157894736842,812669.6,1.0,0.0,0.04910957027093754,0.0,0.0,-0.19736842105263153,0.027631578947368417,-0.35394736842105257,0.0,1,1
SUP027,2025-01,32,23,2.3125,74,5,32,836055.33,0,0.71875,0.15625,0.0,3.0,4.0,0.09375,836055.33,1.0,0.0,0.05093774592152696,0.0,0.0,0.16611842105263153,0.04111842105263158,0.39144736842105265,0.0,1,1
SUP027,2025-02,5,1,0.6,3,2,5,91432.45999999999,0,0.2,0.4,0.0,0.0,0.0,0.0,91432.45999999999,1.0,0.0,0.019467747494535514,0.0,0.0,-0.51875,-0.09375,-1.7125,0.0,1,0
SUP028,2022-01,7,2,0.5714285714285714,4,3,10,95462.0,0,0.2857142857142857,0.42857142857142855,0.0,1.0,1.0,0.14285714285714285,95462.0,1.0,0.0,0.09034484280686328,0.0,0.0,0.0,0.0,0.0,0.0,0,0
SUP028,2022-02,27,8,0.5185185185185185,14,3,9,539145.3200000001,0,0.2962962962962963,0.1111111111111111,0.0,0.0,0.0,0.0,539145.3200000001,1.0,0.0,0.06151100386990573,0.0,0.0,0.010582010582010581,-0.14285714285714285,-0.05291005291005291,0.0,1,1
SUP028,2022-03,25,12,1.28,32,5,7,377266.34,0,0.48,0.2,0.0,1.0,1.0,0.04,377266.34,1.0,0.0,0.02491509001295764,0.0,0.0,0.1837037037037037,0.04,0.7614814814814815,0.0,1,1
SUP028,2022-04,25,11,0.84,21,4,18,683551.82,0,0.44,0.16,0.0,0.0,0.0,0.0,683551.82,1.0,0.0,0.04389044790759279,0.0,0.0,-0.03999999999999998,-0.04,-0.44000000000000006,0.0,1,0
SUP028,2022-05,20,9,1.65,33,2,11,418486.45,0,0.45,0.1,0.0,0.0,0.0,0.0,418486.45,1.0,0.0,0.02433098787128426,0.0,0.0,0.010000000000000009,0.0,0.8099999999999999,0.0,1,1
SUP028,2022-06,24,7,0.6666666666666666,16,2,2,386483.14999999997,0,0.2916666666666667,0.08333333333333333,0.0,0.0,0.0,0.0,386483.14999999997,1.0,0.0,0.02415278298548647,0.0,0.0,-0.15833333333333333,0.0,-0.9833333333333333,0.0,1,0
SUP028,2022-07,22,7,0.6363636363636364,14,0,0,484103.12,0,0.3181818181818182,0.0,0.0,0.0,0.0,0.0,484103.12,1.0,0.0,0.028832096371313176,0.0,0.0,0.02651515151515149,0.0,-0.030303030303030276,0.0,1,1
SUP028,2022-08,32,18,1.59375,51,4,17,870384.19,0,0.5625,0.125,0.0,1.0,1.0,0.03125,870384.19,1.0,0.0,0.05210689832888537,0.0,0.0,0.24431818181818182,0.03125,0.9573863636363636,0.0,1,1
SUP028,2022-09,23,6,0.43478260869565216,10,1,4,346802.74,0,0.2608695652173913,0.043478260869565216,0.0,0.0,0.0,0.0,346802.74,1.0,0.0,0.022524685995351863,0.0,0.0,-0.3016304347826087,-0.03125,-1.158967391304348,0.0,1,0
SUP028,2022-10,22,8,0.6363636363636364,14,0,0,442791.89,0,0.36363636363636365,0.0,0.0,0.0,0.0,0.0,442791.89,1.0,0.0,0.0267772902100414,0.0,0.0,0.10276679841897235,0.0,0.2015810276679842,0.0,1,1
SUP028,2022-11,23,6,1.2173913043478262,28,2,6,452051.08999999997,0,0.2608695652173913,0.08695652173913043,0.0,1.0,1.0,0.043478260869565216,452051.08999999997,1.0,0.0,0.029282841466227415,0.0,0.0,-0.10276679841897235,0.043478260869565216,0.5810276679841898,0.0,1,1
SUP028,2022-12,25,10,0.8,20,1,1,579053.88,0,0.4,0.04,0.0,0.0,0.0,0.0,579053.88,1.0,0.0,0.03354836179907677,0.0,0.0,0.13913043478260873,-0.043478260869565216,-0.4173913043478261,0.0,1,1
SUP028,2023-01,17,7,1.2352941176470589,21,2,5,410586.67000000004,0,0.4117647058823529,0.11764705882352941,0.0,0.0,0.0,0.0,410586.67000000004,1.0,0.0,0.023358760769158604,0.0,0.0,0.0117647058823529,0.0,0.43529411764705883,0.0,1,1
SUP028,2023-02,19,9,1.2105263157894737,23,1,6,288026.98,0,0.47368421052631576,0.05263157894736842,0.0,0.0,0.0,0.0,288026.98,1.0,0.0,0.01976037186952324,0.0,0.0,0.06191950464396284,0.0,-0.024767801857585203,0.0,1,1
SUP028,2023-03,25,6,0.56,14,4,23,564298.77,0,0.24,0.16,0.0,0.0,0.0,0.0,564298.77,1.0,0.0,0.03870588082158405,0.0,0.0,-0.23368421052631577,0.0,-0.6505263157894736,0.0,1,0
SUP028,2023-04,17,9,1.2352941176470589,21,2,36,412924.82,0,0.5294117647058824,0.11764705882352941,0.0,1.0,1.0,0.058823529411764705,412924.82,1.0,0.0,0.02317467274317168,0.0,0.0,0.28941176470588237,0.058823529411764705,0.6752941176470588,0.0,1,1
SUP028,2023-05,18,9,1.5555555555555556,28,1,2,364640.77,0,0.5,0.05555555555555555,0.0,0.0,0.0,0.0,364640.77,1.0,0.0,0.02346998948940732,0.0,0.0,-0.02941176470588236,-0.058823529411764705,0.3202614379084967,0.0,1,1
SUP028,2023-06,24,9,0.625,15,3,25,539882.1900000001,0,0.375,0.125,0.0,1.0,2.0,0.041666666666666664,539882.1900000001,1.0,0.0,0.031288430468221745,0.0,0.0,-0.125,0.041666666666666664,-0.9305555555555556,0.0,1,1
SUP028,2023-07,19,9,0.8421052631578947,16,0,0,426563.66,0,0.47368421052631576,0.0,0.0,0.0,0.0,0.0,426563.66,1.0,0.0,0.024588229884124162,0.0,0.0,0.09868421052631576,-0.041666666666666664,0.2171052631578947,0.0,1,1
SUP028,2023-08,15,7,1.5333333333333334,23,0,0,278262.10000000003,0,0.4666666666666667,0.0,0.0,0.0,0.0,0.0,278262.10000000003,1.0,0.0,0.017279271489851703,0.0,0.0,-0.007017543859649089,0.0,0.6912280701754387,0.0,1,1
SUP028,2023-09,20,12,1.75,35,1,1,510706.13,0,0.6,0.05,0.0,1.0,1.0,0.05,510706.13,1.0,0.0,0.032988719405414785,0.0,0.0,0.1333333333333333,0.05,0.21666666666666656,0.0,1,1
SUP028,2023-10,25,13,1.64,41,5,14,399231.69,0,0.52,0.2,0.0,0.0,0.0,0.0,399231.69,1.0,0.0,0.023321679358263098,0.0,0.0,-0.07999999999999996,-0.05,-0.1100000000000001,0.0,1,0
SUP028,2023-11,27,12,1.2962962962962963,35,1,4,504597.12,0,0.4444444444444444,0.037037037037037035,0.0,1.0,1.0,0.037037037037037035,504597.12,1.0,0.0,0.03361539316235644,0.0,0.0,-0.0755555555555556,0.037037037037037035,-0.3437037037037036,0.0,1,1
SUP028,2023-12,20,3,0.35,7,0,0,488835.54000000004,0,0.15,0.0,0.0,0.0,0.0,0.0,488835.54000000004,1.0,0.0,0.029149129174253503,0.0,0.0,-0.2944444444444444,-0.037037037037037035,-0.9462962962962963,0.0,1,0
SUP028,2024-01,20,9,1.65,33,1,3,514096.52,0,0.45,0.05,0.0,0.0,0.0,0.0,514096.52,1.0,0.0,0.03163389767212509,0.0,0.0,0.30000000000000004,0.0,1.2999999999999998,0.0,1,1
SUP028,2024-02,16,6,1.0,16,0,0,425133.19,0,0.375,0.0,0.0,0.0,0.0,0.0,425133.19,1.0,0.0,0.030669757381848718,0.0,0.0,-0.07500000000000001,0.0,-0.6499999999999999,0.0,1,0
SUP028,2024-03,29,13,1.2758620689655173,37,1,1,655578.85,0,0.4482758620689655,0.034482758620689655,0.0,0.0,0.0,0.0,655578.85,1.0,0.0,0.03977751398321804,0.0,0.0,0.07327586206896552,0.0,0.27586206896551735,0.0,1,1
SUP028,2024-04,18,6,1.1666666666666667,21,0,0,285754.1,0,0.3333333333333333,0.0,0.0,1.0,1.0,0.05555555555555555,285754.1,1.0,0.0,0.018236110531843264,0.0,0.0,-0.11494252873563221,0.05555555555555555,-0.10919540229885061,0.0,1,1
SUP028,2024-05,26,17,1.7307692307692308,45,2,10,610320.62,0,0.6538461538461539,0.07692307692307693,0.0,0.0,0.0,0.0,610320.62,1.0,0.0,0.038193382405713856,0.0,0.0,0.32051282051282054,-0.05555555555555555,0.5641025641025641,0.0,1,1
SUP028,2024-06,17,6,1.1764705882352942,20,1,5,359406.75,0,0.35294117647058826,0.058823529411764705,0.0,0.0,0.0,0.0,359406.75,1.0,0.0,0.023060699260172186,0.0,0.0,-0.3009049773755656,0.0,-0.5542986425339367,0.0,1,0
SUP028,2024-07,16,6,1.25,20,2,7,330273.32,0,0.375,0.125,0.0,0.0,0.0,0.0,330273.32,1.0,0.0,0.020818780074236827,0.0,0.0,0.022058823529411742,0.0,0.07352941176470584,0.0,1,1
SUP028,2024-08,25,5,0.44,11,2,8,515689.86,0,0.2,0.08,0.0,0.0,0.0,0.0,515689.86,1.0,0.0,0.03363439899533529,0.0,0.0,-0.175,0.0,-0.81,0.0,1,0
SUP028,2024-09,22,7,0.9090909090909091,20,1,5,454662.2,0,0.3181818181818182,0.045454545454545456,0.0,0.0,0.0,0.0,454662.2,1.0,0.0,0.02956056706739398,0.0,0.0,0.11818181818181817,0.0,0.46909090909090906,0.0,1,1
SUP028,2024-10,18,8,1.5555555555555556,28,1,1,517401.85000000003,0,0.4444444444444444,0.05555555555555555,0.0,0.0,0.0,0.0,517401.85000000003,1.0,0.0,0.034158608391033865,0.0,0.0,0.12626262626262624,0.0,0.6464646464646465,0.0,1,1
SUP028,2024-11,29,16,1.2758620689655173,37,5,32,516339.03,0,0.5517241379310345,0.1724137931034483,0.0,0.0,0.0,0.0,516339.03,1.0,0.0,0.03387053346235682,0.0,0.0,0.10727969348659006,0.0,-0.27969348659003823,0.0,1,1
SUP028,2024-12,22,12,1.1818181818181819,26,0,0,485308.25,0,0.5454545454545454,0.0,0.0,0.0,0.0,0.0,485308.25,1.0,0.0,0.02932714550469308,0.0,0.0,-0.006269592476489061,0.0,-0.09404388714733547,0.0,1,0
SUP028,2025-01,14,6,0.8571428571428571,12,1,25,574394.1,0,0.42857142857142855,0.07142857142857142,0.0,0.0,0.0,0.0,574394.1,1.0,0.0,0.0349956990581283,0.0,0.0,-0.11688311688311687,0.0,-0.3246753246753248,0.0,1,0
SUP029,2022-02,8,0,0.0,0,0,0,62312.76,0,0.0,0.0,0.0,1.0,1.0,0.125,62312.76,1.0,0.0,0.007109252884740809,0.0,0.0,0.0,0.0,0.0,0.0,0,0
SUP029,2022-03,16,7,1.25,20,2,4,294696.93,0,0.4375,0.125,0.0,0.0,0.0,0.0,294696.93,1.0,0.0,0.019462114053144193,0.0,0.0,0.4375,-0.125,1.25,0.0,1,1
SUP029,2022-04,21,7,0.9523809523809523,20,2,6,551529.49,0,0.3333333333333333,0.09523809523809523,0.0,1.0,1.0,0.047619047619047616,551529.49,1.0,0.0,0.03541337414674167,0.0,0.0,-0.10416666666666669,0.047619047619047616,-0.29761904761904767,0.0,1,1
SUP029,2022-05,22,12,1.6363636363636365,36,1,3,507102.37,0,0.5454545454545454,0.045454545454545456,0.0,0.0,0.0,0.0,507102.37,1.0,0.0,0.029483156775970888,0.0,0.0,0.2121212121212121,-0.047619047619047616,0.6839826839826841,0.0,1,1
SUP029,2022-06,17,10,1.6470588235294117,28,3,8,450153.59,0,0.5882352941176471,0.17647058823529413,0.0,0.0,0.0,0.0,450153.59,1.0,0.0,0.02813178781379642,0.0,0.0,0.042780748663101664,0.0,0.010695187165775222,0.0,1,1
SUP029,2022-07,17,8,1.2941176470588236,22,0,0,534999.1900000001,0,0.47058823529411764,0.0,0.0,0.0,0.0,0.0,534999.1900000001,1.0,0.0,0.03186335218135857,0.0,0.0,-0.11764705882352944,0.0,-0.3529411764705881,0.0,1,0
SUP029,2022-08,11,4,1.2727272727272727,14,2,4,126718.06,0,0.36363636363636365,0.18181818181818182,0.0,0.0,0.0,0.0,126718.06,1.0,0.0,0.007586173031076767,0.0,0.0,-0.106951871657754,0.0,-0.021390374331550888,0.0,1,0
SUP029,2022-09,23,10,1.0434782608695652,24,1,6,735942.86,0,0.43478260869565216,0.043478260869565216,0.0,0.0,0.0,0.0,735942.86,1.0,0.0,0.04779916626962404,0.0,0.0,0.07114624505928852,0.0,-0.22924901185770752,0.0,1,1
SUP029,2022-10,22,8,0.7727272727272727,17,2,3,820577.1799999999,0,0.36363636363636365,0.09090909090909091,0.0,0.0,0.0,0.0,820577.1799999999,1.0,0.0,0.04962338693375205,0.0,0.0,-0.07114624505928852,0.0,-0.2707509881422925,0.0,1,0
SUP029,2022-11,21,6,0.8095238095238095,17,2,8,609022.89,0,0.2857142857142857,0.09523809523809523,0.0,0.0,0.0,0.0,609022.89,1.0,0.0,0.039451117653921945,0.0,0.0,-0.07792207792207795,0.0,0.03679653679653683,0.0,1,1
SUP029,2022-12,21,8,1.1904761904761905,25,0,0,646938.27,0,0.38095238095238093,0.0,0.0,0.0,0.0,0.0,646938.27,1.0,0.0,0.03748134654348368,0.0,0.0,0.09523809523809523,0.0,0.38095238095238093,0.0,1,1
SUP029,2023-01,14,8,1.1428571428571428,16,1,1,219866.89,0,0.5714285714285714,0.07142857142857142,0.0,0.0,0.0,0.0,219866.89,1.0,0.0,0.012508487147351643,0.0,0.0,0.19047619047619047,0.0,-0.04761904761904767,0.0,1,1
SUP029,2023-02,13,6,1.6153846153846154,21,0,0,567799.78,0,0.46153846153846156,0.0,0.0,0.0,0.0,0.0,567799.78,1.0,0.0,0.03895445767001927,0.0,0.0,-0.10989010989010983,0.0,0.4725274725274726,0.0,1,1
SUP029,2023-03,12,2,0.3333333333333333,4,0,0,334542.7,0,0.16666666666666666,0.0,0.0,1.0,1.0,0.08333333333333333,334542.7,1.0,0.0,0.022946656211798845,0.0,0.0,-0.29487179487179493,0.08333333333333333,-1.2820512820512822,0.0,1,1
SUP029,2023-04,26,14,1.1538461538461537,30,1,3,763326.42,0,0.5384615384615384,0.038461538461538464,0.0,0.0,0.0,0.0,763326.42,1.0,0.0,0.042840340717995154,0.0,0.0,0.3717948717948718,-0.08333333333333333,0.8205128205128205,0.0,1,1
SUP029,2023-05,25,16,2.16,54,1,2,923045.09,0,0.64,0.04,0.0,0.0,0.0,0.0,923045.09,1.0,0.0,0.0594115094714972,0.0,0.0,0.10153846153846158,0.0,1.0061538461538464,0.0,1,1
SUP029,2023-06,22,8,1.1363636363636365,25,3,10,586734.67,0,0.36363636363636365,0.13636363636363635,0.0,0.0,0.0,0.0,586734.67,1.0,0.0,0.03400372760136805,0.0,0.0,-0.27636363636363637,0.0,-1.0236363636363637,0.0,1,0
SUP029,2023-07,19,11,1.4736842105263157,28,1,4,316999.07,0,0.5789473684210527,0.05263157894736842,0.0,0.0,0.0,0.0,316999.07,1.0,0.0,0.018272644243097425,0.0,0.0,0.215311004784689,0.0,0.33732057416267924,0.0,1,1
SUP029,2023-08,28,8,0.6785714285714286,19,2,8,544756.86,0,0.2857142857142857,0.07142857142857142,0.0,0.0,0.0,0.0,544756.86,1.0,0.0,0.03382782520472294,0.0,0.0,-0.29323308270676696,0.0,-0.7951127819548871,0.0,1,0
SUP029,2023-09,18,11,1.6111111111111112,29,2,8,310066.46,0,0.6111111111111112,0.1111111111111111,0.0,0.0,0.0,0.0,310066.46,1.0,0.0,0.02002853469953507,0.0,0.0,0.32539682539682546,0.0,0.9325396825396826,0.0,1,1
SUP029,2023-10,15,6,1.6,24,1,3,353775.87,0,0.4,0.06666666666666667,0.0,2.0,2.0,0.13333333333333333,353775.87,1.0,0.0,0.0206663138510637,0.0,0.0,-0.21111111111111114,0.13333333333333333,-0.011111111111111072,0.0,1,1
SUP029,2023-11,16,6,1.375,22,1,4,569690.53,0,0.375,0.0625,0.0,0.0,0.0,0.0,569690.53,1.0,0.0,0.03795180429650732,0.0,0.0,-0.025000000000000022,-0.13333333333333333,-0.2250000000000001,0.0,1,0
SUP029,2023-12,18,8,1.6111111111111112,29,2,3,491399.39,0,0.4444444444444444,0.1111111111111111,0.0,0.0,0.0,0.0,491399.39,1.0,0.0,0.02930201084655051,0.0,0.0,0.06944444444444442,0.0,0.23611111111111116,0.0,1,1
SUP029,2024-01,21,7,1.0476190476190477,22,2,7,453742.67,0,0.3333333333333333,0.09523809523809523,0.0,1.0,1.0,0.047619047619047616,453742.67,1.0,0.0,0.02792014463015004,0.0,0.0,-0.1111111111111111,0.047619047619047616,-0.5634920634920635,0.0,1,1
SUP029,2024-02,18,9,1.3333333333333333,24,2,3,416146.68,0,0.5,0.1111111111111111,0.0,0.0,0.0,0.0,416146.68,1.0,0.0,0.03002145683065073,0.0,0.0,0.16666666666666669,-0.047619047619047616,0.2857142857142856,0.0,1,1
SUP029,2024-03,23,9,1.0869565217391304,25,1,1,601711.6,0,0.391304347826087,0.043478260869565216,0.0,0.0,0.0,0.0,601711.6,1.0,0.0,0.03650909662943596,0.0,0.0,-0.10869565217391303,0.0,-0.24637681159420288,0.0,1,0
SUP029,2024-04,18,9,1.0555555555555556,19,1,2,327000.77,0,0.5,0.05555555555555555,0.0,0.0,0.0,0.0,327000.77,1.0,0.0,0.02086836964270279,0.0,0.0,0.10869565217391303,0.0,-0.0314009661835748,0.0,1,1
SUP029,2024-05,21,10,1.0476190476190477,22,1,1,625812.05,0,0.47619047619047616,0.047619047619047616,0.0,0.0,0.0,0.0,625812.05,1.0,0.0,0.039162823860930215,0.0,0.0,-0.023809523809523836,0.0,-0.007936507936507908,0.0,1,0
SUP029,2024-06,13,8,2.3846153846153846,31,3,5,213942.38,0,0.6153846153846154,0.23076923076923078,0.0,0.0,0.0,0.0,213942.38,1.0,0.0,0.013727234906371339,0.0,0.0,0.13919413919413925,0.0,1.336996336996337,0.0,1,1
SUP029,2024-07,17,5,0.7058823529411765,12,3,9,442651.41,0,0.29411764705882354,0.17647058823529413,0.0,1.0,1.0,0.058823529411764705,442651.41,1.0,0.0,0.02790253343606694,0.0,0.0,-0.3212669683257919,0.058823529411764705,-1.678733031674208,0.0,1,1
SUP029,2024-08,21,8,0.8095238095238095,17,1,6,413080.07,0,0.38095238095238093,0.047619047619047616,0.0,0.0,0.0,0.0,413080.07,1.0,0.0,0.026941968359434163,0.0,0.0,0.08683473389355739,-0.058823529411764705,0.10364145658263302,0.0,1,1
SUP029,2024-09,17,3,0.47058823529411764,8,1,4,974940.45,0,0.17647058823529413,0.058823529411764705,0.0,0.0,0.0,0.0,974940.45,1.0,0.0,0.06338726324497673,0.0,0.0,-0.2044817927170868,0.0,-0.3389355742296919,0.0,1,0
SUP029,2024-10,19,11,1.7894736842105263,34,1,2,461091.03,0,0.5789473684210527,0.05263157894736842,0.0,0.0,0.0,0.0,461091.03,1.0,0.0,0.030440996541447326,0.0,0.0,0.4024767801857585,0.0,1.3188854489164088,0.0,1,1
SUP029,2024-11,12,4,1.0,12,1,4,279463.02,0,0.3333333333333333,0.08333333333333333,0.0,0.0,0.0,0.0,279463.02,1.0,0.0,0.018332066763191025,0.0,0.0,-0.24561403508771934,0.0,-0.7894736842105263,0.0,1,0
SUP029,2024-12,29,15,1.2413793103448276,36,3,11,460465.96,0,0.5172413793103449,0.10344827586206896,0.0,0.0,0.0,0.0,460465.96,1.0,0.0,0.027825927560222157,0.0,0.0,0.18390804597701155,0.0,0.24137931034482762,0.0,1,1
SUP029,2025-01,26,9,1.0,26,2,5,331297.66000000003,0,0.34615384615384615,0.07692307692307693,0.0,0.0,0.0,0.0,331297.66000000003,1.0,0.0,0.020184735894783933,0.0,0.0,-0.17108753315649872,0.0,-0.24137931034482762,0.0,1,0
SUP029,2025-02,4,1,0.25,1,0,0,147536.47,0,0.25,0.0,0.0,0.0,0.0,0.0,147536.47,1.0,0.0,0.03141338146425366,0.0,0.0,-0.09615384615384615,0.0,-0.75,0.0,1,0
SUP030,2022-01,2,0,0.0,0,0,0,4926.200000000001,0,0.0,0.0,0.0,0.0,0.0,0.0,4926.200000000001,1.0,0.0,0.004662135348465043,0.0,0.0,0.0,0.0,0.0,0.0,0,0
SUP030,2022-02,26,13,1.3076923076923077,34,3,8,206031.25,0,0.5,0.11538461538461539,0.0,0.0,0.0,0.0,206031.25,1.0,0.0,0.02350607256698716,0.0,0.0,0.5,0.0,1.3076923076923077,0.0,1,1
SUP030,2022-03,35,17,1.6571428571428573,58,1,1,388101.69,0,0.4857142857142857,0.02857142857142857,0.0,0.0,0.0,0.0,388101.69,1.0,0.0,0.025630668616052472,0.0,0.0,-0.01428571428571429,0.0,0.34945054945054954,0.0,1,1
SUP030,2022-04,23,6,0.8260869565217391,19,5,14,225705.38999999998,0,0.2608695652173913,0.21739130434782608,0.0,0.0,0.0,0.0,225705.38999999998,1.0,0.0,0.014492406241062916,0.0,0.0,-0.2248447204968944,0.0,-0.8310559006211181,0.0,1,0
SUP030,2022-05,41,23,1.5609756097560976,64,2,8,320088.56,0,0.5609756097560976,0.04878048780487805,0.0,0.0,0.0,0.0,320088.56,1.0,0.0,0.018610090890868375,0.0,0.0,0.3001060445387063,0.0,0.7348886532343585,0.0,1,1
SUP030,2022-06,29,12,0.8620689655172413,25,4,10,256766.37,0,0.41379310344827586,0.13793103448275862,0.0,1.0,1.0,0.034482758620689655,256766.37,1.0,0.0,0.016046294418220107,0.0,0.0,-0.14718250630782176,0.034482758620689655,-0.6989066442388563,0.0,1,1
SUP030,2022-07,30,16,1.3333333333333333,40,3,4,335104.07999999996,0,0.5333333333333333,0.1,0.0,0.0,0.0,0.0,335104.07999999996,1.0,0.0,0.019958047634521008,0.0,0.0,0.11954022988505747,-0.034482758620689655,0.47126436781609193,0.0,1,1
SUP030,2022-08,43,17,1.2093023255813953,52,1,2,318445.46,0,0.3953488372093023,0.023255813953488372,0.0,1.0,1.0,0.023255813953488372,318445.46,1.0,0.0,0.019064230943251777,0.0,0.0,-0.13798449612403102,0.023255813953488372,-0.12403100775193798,0.0,1,1
SUP030,2022-09,31,12,1.096774193548387,34,2,6,328688.14,0,0.3870967741935484,0.06451612903225806,0.0,1.0,1.0,0.03225806451612903,328688.14,1.0,0.0,0.021348150663101025,0.0,0.0,-0.00825206301575393,0.00900225056264066,-0.11252813203300827,0.0,1,1
SUP030,2022-10,38,13,1.131578947368421,43,4,16,407236.99,0,0.34210526315789475,0.10526315789473684,0.0,0.0,0.0,0.0,407236.99,1.0,0.0,0.024627151742760527,0.0,0.0,-0.04499151103565363,-0.03225806451612903,0.03480475382003401,0.0,1,1
SUP030,2022-11,34,17,1.3235294117647058,45,3,13,236810.69,0,0.5,0.08823529411764706,0.0,0.0,0.0,0.0,236810.69,1.0,0.0,0.015340057896504411,0.0,0.0,0.15789473684210525,0.0,0.19195046439628483,0.0,1,1
SUP030,2022-12,23,10,1.3478260869565217,31,4,9,257699.61,0,0.43478260869565216,0.17391304347826086,0.0,0.0,0.0,0.0,257699.61,1.0,0.0,0.014930216427806307,0.0,0.0,-0.06521739130434784,0.0,0.024296675191815886,0.0,1,1
SUP030,2023-01,39,10,0.5128205128205128,20,3,12,336204.51,0,0.2564102564102564,0.07692307692307693,0.0,0.0,0.0,0.0,336204.51,1.0,0.0,0.01912707180338366,0.0,0.0,-0.17837235228539577,0.0,-0.835005574136009,0.0,1,0
SUP030,2023-02,44,17,1.1363636363636365,50,2,3,305170.04,0,0.38636363636363635,0.045454545454545456,0.0,0.0,0.0,0.0,305170.04,1.0,0.0,0.020936488220087167,0.0,0.0,0.12995337995337997,0.0,0.6235431235431237,0.0,1,1
SUP030,2023-03,27,14,1.2592592592592593,34,1,1,253214.51,0,0.5185185185185185,0.037037037037037035,0.0,0.0,0.0,0.0,253214.51,1.0,0.0,0.01736826512373189,0.0,0.0,0.13215488215488214,0.0,0.12289562289562284,0.0,1,1
SUP030,2023-04,24,8,1.0,24,2,2,222899.07,0,0.3333333333333333,0.08333333333333333,0.0,0.0,0.0,0.0,222899.07,1.0,0.0,0.012509814745471868,0.0,0.0,-0.18518518518518517,0.0,-0.2592592592592593,0.0,1,0
SUP030,2023-05,32,10,1.09375,35,5,7,217541.44,0,0.3125,0.15625,0.0,0.0,0.0,0.0,217541.44,1.0,0.0,0.014001986970109055,0.0,0.0,-0.020833333333333315,0.0,0.09375,0.0,1,1
SUP030,2023-06,33,15,1.393939393939394,46,2,3,315116.17,0,0.45454545454545453,0.06060606060606061,0.0,1.0,1.0,0.030303030303030304,315116.17,1.0,0.0,0.01826229973331282,0.0,0.0,0.14204545454545453,0.030303030303030304,0.30018939393939403,0.0,1,1
SUP030,2023-07,42,17,1.0,42,2,6,398534.76,0,0.40476190476190477,0.047619047619047616,0.0,1.0,1.0,0.023809523809523808,398534.76,1.0,0.0,0.022972571774384748,0.0,0.0,-0.04978354978354976,-0.006493506493506496,-0.39393939393939403,0.0,1,0
SUP030,2023-08,31,12,0.967741935483871,30,3,9,252853.96,0,0.3870967741935484,0.0967741935483871,0.0,0.0,0.0,0.0,252853.96,1.0,0.0,0.01570149949319042,0.0,0.0,-0.01766513056835639,-0.023809523809523808,-0.032258064516129004,0.0,1,0
SUP030,2023-09,27,15,0.9629629629629629,26,2,9,275529.62,0,0.5555555555555556,0.07407407407407407,0.0,0.0,0.0,0.0,275529.62,1.0,0.0,0.017797650719525458,0.0,0.0,0.1684587813620072,0.0,-0.004778972520908087,0.0,1,1
SUP030,2023-10,38,19,1.7105263157894737,65,3,6,398993.98,0,0.5,0.07894736842105263,0.0,1.0,1.0,0.02631578947368421,398993.98,1.0,0.0,0.02330779319506735,0.0,0.0,-0.05555555555555558,0.02631578947368421,0.7475633528265108,0.0,1,1
SUP030,2023-11,29,11,1.0,29,2,10,238289.59,0,0.3793103448275862,0.06896551724137931,0.0,0.0,0.0,0.0,238289.59,1.0,0.0,0.015874443069248432,0.0,0.0,-0.12068965517241381,-0.02631578947368421,-0.7105263157894737,0.0,1,0
SUP030,2023-12,30,13,0.8666666666666667,26,3,12,355045.37,0,0.43333333333333335,0.1,0.0,1.0,1.0,0.03333333333333333,355045.37,1.0,0.0,0.02117125803261078,0.0,0.0,0.05402298850574716,0.03333333333333333,-0.1333333333333333,0.0,1,1
SUP030,2024-01,35,16,1.5714285714285714,55,2,6,259774.16999999998,0,0.45714285714285713,0.05714285714285714,0.0,0.0,0.0,0.0,259774.16999999998,1.0,0.0,0.015984682237571317,0.0,0.0,0.02380952380952378,-0.03333333333333333,0.7047619047619047,0.0,1,1
SUP030,2024-02,34,16,1.0,34,4,13,402876.81,0,0.47058823529411764,0.11764705882352941,0.0,1.0,1.0,0.029411764705882353,402876.81,1.0,0.0,0.02906414814960263,0.0,0.0,0.013445378151260512,0.029411764705882353,-0.5714285714285714,0.0,1,1
SUP030,2024-03,34,12,0.9411764705882353,32,2,11,284745.25,0,0.35294117647058826,0.058823529411764705,0.0,2.0,2.0,0.058823529411764705,284745.25,1.0,0.0,0.017277034125688952,0.0,0.0,-0.11764705882352938,0.029411764705882353,-0.05882352941176472,0.0,1,1
SUP030,2024-04,26,13,1.6538461538461537,43,4,8,192787.93,0,0.5,0.15384615384615385,0.0,0.0,0.0,0.0,192787.93,1.0,0.0,0.012303242545549695,0.0,0.0,0.14705882352941174,-0.058823529411764705,0.7126696832579185,0.0,1,1
SUP030,2024-05,25,9,1.2,30,3,19,237251.56,0,0.36,0.12,0.0,1.0,1.0,0.04,237251.56,1.0,0.0,0.014847015258033008,0.0,0.0,-0.14,0.04,-0.4538461538461538,0.0,1,1
SUP030,2024-06,35,17,1.9142857142857144,67,4,10,278618.45,0,0.4857142857142857,0.11428571428571428,0.0,1.0,2.0,0.02857142857142857,278618.45,1.0,0.0,0.01787706069456214,0.0,0.0,0.12571428571428572,-0.01142857142857143,0.7142857142857144,0.0,1,1
SUP030,2024-07,27,8,0.7777777777777778,21,1,1,256062.27,0,0.2962962962962963,0.037037037037037035,0.0,0.0,0.0,0.0,256062.27,1.0,0.0,0.016140886234588522,0.0,0.0,-0.18941798941798943,-0.02857142857142857,-1.1365079365079365,0.0,1,0
SUP030,2024-08,42,17,1.0952380952380953,46,2,7,372903.69,0,0.40476190476190477,0.047619047619047616,0.0,0.0,0.0,0.0,372903.69,1.0,0.0,0.024321578664146748,0.0,0.0,0.10846560846560849,0.0,0.31746031746031755,0.0,1,1
SUP030,2024-09,35,15,1.2857142857142858,45,3,11,346201.25,0,0.42857142857142855,0.08571428571428572,0.0,0.0,0.0,0.0,346201.25,1.0,0.0,0.02250881042989857,0.0,0.0,0.02380952380952378,0.0,0.19047619047619047,0.0,1,1
SUP030,2024-10,28,13,1.25,35,3,24,250105.96,0,0.4642857142857143,0.10714285714285714,0.0,0.0,0.0,0.0,250105.96,1.0,0.0,0.01651186895428298,0.0,0.0,0.035714285714285754,0.0,-0.03571428571428581,0.0,1,1
SUP030,2024-11,29,16,1.6551724137931034,48,1,1,265793.18,0,0.5517241379310345,0.034482758620689655,0.0,0.0,0.0,0.0,265793.18,1.0,0.0,0.017435359858921043,0.0,0.0,0.08743842364532017,0.0,0.4051724137931034,0.0,1,1
SUP030,2024-12,37,12,0.7837837837837838,29,4,18,311229.09,0,0.32432432432432434,0.10810810810810811,0.0,0.0,0.0,0.0,311229.09,1.0,0.0,0.01880755335958789,0.0,0.0,-0.22739981360671013,0.0,-0.8713886300093197,0.0,1,0
SUP030,2025-01,32,12,0.8125,26,2,6,446507.41,0,0.375,0.0625,0.0,1.0,1.0,0.03125,446507.41,1.0,0.0,0.02720403804214616,0.0,0.0,0.05067567567567566,0.03125,0.028716216216216228,0.0,1,1
SUP030,2025-02,1,0,0.0,0,0,0,1065.09,0,0.0,0.0,0.0,0.0,0.0,0.0,1065.09,1.0,0.0,0.00022677835835276477,0.0,0.0,-0.375,-0.03125,-0.8125,0.0,1,0
SUP031,2022-01,2,0,0.0,0,1,4,8238.44,0,0.0,0.5,0.0,0.0,0.0,0.0,8238.44,1.0,0.0,0.0077968256141058715,0.0,0.0,0.0,0.0,0.0,0.0,0,0
SUP031,2022-02,9,3,1.1111111111111112,10,1,2,71998.5,0,0.3333333333333333,0.1111111111111111,0.0,0.0,0.0,0.0,71998.5,1.0,0.0,0.008214297421940726,0.0,0.0,0.3333333333333333,0.0,1.1111111111111112,0.0,1,1
SUP031,2022-03,28,9,0.8571428571428571,24,2,9,525012.54,0,0.32142857142857145,0.07142857142857142,0.0,0.0,0.0,0.0,525012.54,1.0,0.0,0.034672413902686154,0.0,0.0,-0.011904761904761862,0.0,-0.25396825396825407,0.0,1,0
SUP031,2022-04,24,16,2.125,51,3,5,477285.72000000003,0,0.6666666666666666,0.125,0.0,1.0,1.0,0.041666666666666664,477285.72000000003,1.0,0.0,0.03064622669090095,0.0,0.0,0.3452380952380952,0.041666666666666664,1.2678571428571428,0.0,1,1
SUP031,2022-05,23,6,0.782608695652174,18,4,6,613727.4,0,0.2608695652173913,0.17391304347826086,0.0,0.0,0.0,0.0,613727.4,1.0,0.0,0.03568238332609054,0.0,0.0,-0.40579710144927533,-0.041666666666666664,-1.3423913043478262,0.0,1,0
SUP031,2022-06,26,12,1.3461538461538463,35,0,0,577843.14,0,0.46153846153846156,0.0,0.0,0.0,0.0,0.0,577843.14,1.0,0.0,0.036111587167699494,0.0,0.0,0.20066889632107027,0.0,0.5635451505016723,0.0,1,1
SUP031,2022-07,22,4,0.4090909090909091,9,0,0,511922.99,0,0.18181818181818182,0.0,0.0,0.0,0.0,0.0,511922.99,1.0,0.0,0.030488985450808068,0.0,0.0,-0.27972027972027974,0.0,-0.9370629370629371,0.0,1,0
SUP031,2022-08,22,8,1.5454545454545454,34,0,0,466316.63,0,0.36363636363636365,0.0,0.0,0.0,0.0,0.0,466316.63,1.0,0.0,0.027916767684484776,0.0,0.0,0.18181818181818182,0.0,1.1363636363636362,0.0,1,1
SUP031,2022-09,19,10,1.0,19,2,3,304096.88,0,0.5263157894736842,0.10526315789473684,0.0,0.0,0.0,0.0,304096.88,1.0,0.0,0.01975095910189809,0.0,0.0,0.16267942583732053,0.0,-0.5454545454545454,0.0,1,1
SUP031,2022-10,25,9,0.96,24,2,3,358959.99,0,0.36,0.08,0.0,0.0,0.0,0.0,358959.99,1.0,0.0,0.02170766006130681,0.0,0.0,-0.1663157894736842,0.0,-0.040000000000000036,0.0,1,0
SUP031,2022-11,15,6,1.2666666666666666,19,1,2,367674.63,0,0.4,0.06666666666666667,0.0,0.0,0.0,0.0,367674.63,1.0,0.0,0.02381712629305644,0.0,0.0,0.040000000000000036,0.0,0.30666666666666664,0.0,1,1
SUP031,2022-12,18,7,1.0,18,2,5,185336.12,0,0.3888888888888889,0.1111111111111111,0.0,0.0,0.0,0.0,185336.12,1.0,0.0,0.0107377282545747,0.0,0.0,-0.011111111111111127,0.0,-0.2666666666666666,0.0,1,0
SUP031,2023-01,29,17,1.6551724137931034,48,1,1,630804.34,0,0.5862068965517241,0.034482758620689655,0.0,0.0,0.0,0.0,630804.34,1.0,0.0,0.03588720420516084,0.0,0.0,0.1973180076628352,0.0,0.6551724137931034,0.0,1,1
SUP031,2023-02,16,5,0.75,12,4,9,399844.18,0,0.3125,0.25,0.0,0.0,0.0,0.0,399844.18,1.0,0.0,0.027431699928474017,0.0,0.0,-0.2737068965517241,0.0,-0.9051724137931034,0.0,1,0
SUP031,2023-03,16,7,1.1875,19,0,0,237935.15000000002,0,0.4375,0.0,0.0,0.0,0.0,0.0,237935.15000000002,1.0,0.0,0.01632023681208046,0.0,0.0,0.125,0.0,0.4375,0.0,1,1
SUP031,2023-04,22,8,1.2727272727272727,28,0,0,398101.1,0,0.36363636363636365,0.0,0.0,0.0,0.0,0.0,398101.1,1.0,0.0,0.022342717764450834,0.0,0.0,-0.07386363636363635,0.0,0.08522727272727271,0.0,1,1
SUP031,2023-05,15,5,1.4666666666666666,22,1,2,264833.96,0,0.3333333333333333,0.06666666666666667,0.0,0.0,0.0,0.0,264833.96,1.0,0.0,0.01704595527712965,0.0,0.0,-0.03030303030303033,0.0,0.19393939393939386,0.0,1,1
SUP031,2023-06,22,10,1.3181818181818181,29,2,5,325937.31,0,0.45454545454545453,0.09090909090909091,0.0,0.0,0.0,0.0,325937.31,1.0,0.0,0.018889430045718372,0.0,0.0,0.12121212121212122,0.0,-0.14848484848484844,0.0,1,1
SUP031,2023-07,30,14,1.5,45,1,1,738520.55,0,0.4666666666666667,0.03333333333333333,0.0,1.0,1.0,0.03333333333333333,738520.55,1.0,0.0,0.04257022986334517,0.0,0.0,0.012121212121212144,0.03333333333333333,0.18181818181818188,0.0,1,1
SUP031,2023-08,25,12,1.36,34,2,3,326417.06,0,0.48,0.08,0.0,0.0,0.0,0.0,326417.06,1.0,0.0,0.020269555209492102,0.0,0.0,0.013333333333333308,-0.03333333333333333,-0.1399999999999999,0.0,1,1
SUP031,2023-09,25,10,1.0,25,4,7,375893.71,0,0.4,0.16,0.0,0.0,0.0,0.0,375893.71,1.0,0.0,0.024280601694462448,0.0,0.0,-0.07999999999999996,0.0,-0.3600000000000001,0.0,1,0
SUP031,2023-10,23,15,2.652173913043478,61,3,15,343199.89999999997,0,0.6521739130434783,0.13043478260869565,0.0,1.0,1.0,0.043478260869565216,343199.89999999997,1.0,0.0,0.020048503723709806,0.0,0.0,0.25217391304347825,0.043478260869565216,1.652173913043478,0.0,1,1
SUP031,2023-11,22,6,0.7272727272727273,16,2,3,355919.38,0,0.2727272727272727,0.09090909090909091,0.0,0.0,0.0,0.0,355919.38,1.0,0.0,0.023710737573773993,0.0,0.0,-0.37944664031620556,-0.043478260869565216,-1.9249011857707508,0.0,1,0
SUP031,2023-12,23,15,1.391304347826087,32,3,17,324458.11,0,0.6521739130434783,0.13043478260869565,0.0,0.0,0.0,0.0,324458.11,1.0,0.0,0.019347348108167732,0.0,0.0,0.37944664031620556,0.0,0.6640316205533596,0.0,1,1
SUP031,2024-01,24,10,1.0833333333333333,26,3,11,267284.81,0,0.4166666666666667,0.125,0.0,0.0,0.0,0.0,267284.81,1.0,0.0,0.016446834397660186,0.0,0.0,-0.23550724637681159,0.0,-0.30797101449275366,0.0,1,0
SUP031,2024-02,24,11,1.25,30,2,3,453727.10000000003,0,0.4583333333333333,0.08333333333333333,0.0,0.0,0.0,0.0,453727.10000000003,1.0,0.0,0.03273256570386756,0.0,0.0,0.04166666666666663,0.0,0.16666666666666674,0.0,1,1
SUP031,2024-03,30,12,0.9333333333333333,28,3,12,425253.63,0,0.4,0.1,0.0,1.0,1.0,0.03333333333333333,425253.63,1.0,0.0,0.0258024373631627,0.0,0.0,-0.05833333333333329,0.03333333333333333,-0.31666666666666665,0.0,1,1
SUP031,2024-04,24,12,1.7916666666666667,43,1,2,552502.81,0,0.5,0.041666666666666664,0.0,0.0,0.0,0.0,552502.81,1.0,0.0,0.035259344703414575,0.0,0.0,0.09999999999999998,-0.03333333333333333,0.8583333333333334,0.0,1,1
SUP031,2024-05,21,11,1.4761904761904763,31,1,2,608015.18,0,0.5238095238095238,0.047619047619047616,0.0,0.0,0.0,0.0,608015.18,1.0,0.0,0.038049109791209325,0.0,0.0,0.023809523809523836,0.0,-0.31547619047619047,0.0,1,1
SUP031,2024-06,22,10,1.1363636363636365,25,1,1,469562.56,0,0.45454545454545453,0.045454545454545456,0.0,0.0,0.0,0.0,469562.56,1.0,0.0,0.030128652230367287,0.0,0.0,-0.0692640692640693,0.0,-0.3398268398268398,0.0,1,0
SUP031,2024-07,25,13,1.32,33,3,8,335313.3,0,0.52,0.12,0.0,0.0,0.0,0.0,335313.3,1.0,0.0,0.021136475234107905,0.0,0.0,0.06545454545454549,0.0,0.1836363636363636,0.0,1,1
SUP031,2024-08,19,8,1.2105263157894737,23,1,2,256318.9,0,0.42105263157894735,0.05263157894736842,0.0,0.0,0.0,0.0,256318.9,1.0,0.0,0.01671766854722613,0.0,0.0,-0.09894736842105267,0.0,-0.10947368421052639,0.0,1,0
SUP031,2024-09,19,8,1.0,19,0,0,240960.38999999998,0,0.42105263157894735,0.0,0.0,0.0,0.0,0.0,240960.38999999998,1.0,0.0,0.01566641293069978,0.0,0.0,0.0,0.0,-0.21052631578947367,0.0,1,0
SUP031,2024-10,26,12,1.5384615384615385,40,1,3,624283.74,0,0.46153846153846156,0.038461538461538464,0.0,0.0,0.0,0.0,624283.74,1.0,0.0,0.04121489669886183,0.0,0.0,0.04048582995951422,0.0,0.5384615384615385,0.0,1,1
SUP031,2024-11,25,14,1.56,39,3,12,548101.92,0,0.56,0.12,0.0,0.0,0.0,0.0,548101.92,1.0,0.0,0.03595409865131059,0.0,0.0,0.09846153846153849,0.0,0.021538461538461506,0.0,1,1
SUP031,2024-12,21,10,1.5238095238095237,32,1,1,292833.14,0,0.47619047619047616,0.047619047619047616,0.0,0.0,0.0,0.0,292833.14,1.0,0.0,0.017695887315692986,0.0,0.0,-0.08380952380952389,0.0,-0.03619047619047633,0.0,1,0
SUP031,2025-01,20,10,2.05,41,2,2,493692.48,0,0.5,0.1,0.0,0.0,0.0,0.0,493692.48,1.0,0.0,0.030078849099148174,0.0,0.0,0.023809523809523836,0.0,0.5261904761904761,0.0,1,1
SUP031,2025-02,2,1,1.0,2,0,0,92457.5,0,0.5,0.0,0.0,0.0,0.0,0.0,92457.5,1.0,0.0,0.01968599842961698,0.0,0.0,0.0,0.0,-1.0499999999999998,0.0,1,0
SUP032,2022-01,1,1,2.0,2,0,0,1378.2,0,1.0,0.0,0.0,0.0,0.0,0.0,1378.2,1.0,0.0,0.0013043227918587393,0.0,0.0,0.0,0.0,0.0,0.0,0,0
SUP032,2022-02,11,6,0.8181818181818182,9,1,1,246360.28999999998,0,0.5454545454545454,0.09090909090909091,0.0,0.0,0.0,0.0,246360.28999999998,1.0,0.0,0.02810720633090369,0.0,0.0,-0.4545454545454546,0.0,-1.1818181818181817,0.0,1,0
SUP032,2022-03,11,7,1.6363636363636365,18,1,3,145660.1,0,0.6363636363636364,0.09090909090909091,0.0,0.0,0.0,0.0,145660.1,1.0,0.0,0.00961955551824849,0.0,0.0,0.09090909090909094,0.0,0.8181818181818182,0.0,1,1
SUP032,2022-04,13,3,0.6923076923076923,9,2,7,121041.97,0,0.23076923076923078,0.15384615384615385,0.0,1.0,1.0,0.07692307692307693,121041.97,1.0,0.0,0.007772031502918695,0.0,0.0,-0.40559440559440557,0.07692307692307693,-0.9440559440559442,0.0,1,1
SUP032,2022-05,20,7,0.9,18,0,0,279082.52,0,0.35,0.0,0.0,0.0,0.0,0.0,279082.52,1.0,0.0,0.01622598153227529,0.0,0.0,0.1192307692307692,-0.07692307692307693,0.20769230769230773,0.0,1,1
SUP032,2022-06,17,7,1.0,17,0,0,277338.96,0,0.4117647058823529,0.0,0.0,0.0,0.0,0.0,277338.96,1.0,0.0,0.017331952801307157,0.0,0.0,0.061764705882352944,0.0,0.09999999999999998,0.0,1,1
SUP032,2022-07,9,3,0.6666666666666666,6,0,0,114798.58,0,0.3333333333333333,0.0,0.0,0.0,0.0,0.0,114798.58,1.0,0.0,0.006837146023454477,0.0,0.0,-0.0784313725490196,0.0,-0.33333333333333337,0.0,1,0
SUP032,2022-08,8,4,1.25,10,0,0,91987.37,0,0.5,0.0,0.0,0.0,0.0,0.0,91987.37,1.0,0.0,0.005506966453666352,0.0,0.0,0.16666666666666669,0.0,0.5833333333333334,0.0,1,1
SUP032,2022-09,12,6,0.6666666666666666,8,1,6,298428.73,0,0.5,0.08333333333333333,0.0,0.0,0.0,0.0,298428.73,1.0,0.0,0.019382815243159966,0.0,0.0,0.0,0.0,-0.5833333333333334,0.0,1,0
SUP032,2022-10,13,3,0.6153846153846154,8,0,0,226703.09,0,0.23076923076923078,0.0,0.0,0.0,0.0,0.0,226703.09,1.0,0.0,0.01370958811473068,0.0,0.0,-0.2692307692307692,0.0,-0.05128205128205121,0.0,1,0
SUP032,2022-11,8,3,2.0,16,0,0,150139.88,0,0.375,0.0,0.0,0.0,0.0,0.0,150139.88,1.0,0.0,0.009725719948597864,0.0,0.0,0.14423076923076922,0.0,1.3846153846153846,0.0,1,1
SUP032,2022-12,12,6,1.5,18,0,0,115271.17,0,0.5,0.0,0.0,0.0,0.0,0.0,115271.17,1.0,0.0,0.006678409470571002,0.0,0.0,0.125,0.0,-0.5,0.0,1,1
SUP032,2023-01,13,4,0.46153846153846156,6,1,1,176573.55000000002,0,0.3076923076923077,0.07692307692307693,0.0,1.0,4.0,0.07692307692307693,176573.55000000002,1.0,0.0,0.010045477883174008,0.0,0.0,-0.1923076923076923,0.07692307692307693,-1.0384615384615383,0.0,1,1
SUP032,2023-02,15,4,1.1333333333333333,17,0,0,213896.22,0,0.26666666666666666,0.0,0.0,0.0,0.0,0.0,213896.22,1.0,0.0,0.014674558781560515,0.0,0.0,-0.041025641025641046,-0.07692307692307693,0.6717948717948717,0.0,1,1
SUP032,2023-03,13,1,0.07692307692307693,1,0,0,159218.52,0,0.07692307692307693,0.0,0.0,0.0,0.0,0.0,159218.52,1.0,0.0,0.010920975531647883,0.0,0.0,-0.18974358974358974,0.0,-1.0564102564102564,0.0,1,0
SUP032,2023-04,16,4,0.5,8,2,6,201355.59,0,0.25,0.125,0.0,0.0,0.0,0.0,201355.59,1.0,0.0,0.011300725161685007,0.0,0.0,0.17307692307692307,0.0,0.4230769230769231,0.0,1,1
SUP032,2023-05,9,2,1.2222222222222223,11,1,2,180457.98,0,0.2222222222222222,0.1111111111111111,0.0,0.0,0.0,0.0,180457.98,1.0,0.0,0.011615121627457281,0.0,0.0,-0.02777777777777779,0.0,0.7222222222222223,0.0,1,1
SUP032,2023-06,13,2,0.3076923076923077,4,0,0,321277.5,0,0.15384615384615385,0.0,0.0,0.0,0.0,0.0,321277.5,1.0,0.0,0.01861937457087464,0.0,0.0,-0.06837606837606836,0.0,-0.9145299145299146,0.0,1,0
SUP032,2023-07,14,4,0.7857142857142857,11,1,8,242773.38,0,0.2857142857142857,0.07142857142857142,0.0,1.0,1.0,0.07142857142857142,242773.38,1.0,0.0,0.013994083971395574,0.0,0.0,0.13186813186813184,0.07142857142857142,0.478021978021978,0.0,1,1
SUP032,2023-08,10,1,0.6,6,0,0,166046.68,0,0.1,0.0,0.0,0.0,0.0,0.0,166046.68,1.0,0.0,0.01031101850991755,0.0,0.0,-0.1857142857142857,-0.07142857142857142,-0.18571428571428572,0.0,1,0
SUP032,2023-09,14,7,0.7857142857142857,11,2,3,152562.1,0,0.5,0.14285714285714285,0.0,0.0,0.0,0.0,152562.1,1.0,0.0,0.009854646367375366,0.0,0.0,0.4,0.0,0.18571428571428572,0.0,1,1
SUP032,2023-10,13,7,1.7692307692307692,23,0,0,316277.66000000003,0,0.5384615384615384,0.0,0.0,0.0,0.0,0.0,316277.66000000003,1.0,0.0,0.018475803297833784,0.0,0.0,0.038461538461538436,0.0,0.9835164835164835,0.0,1,1
SUP032,2023-11,17,13,1.6470588235294117,28,0,0,252054.7,0,0.7647058823529411,0.0,0.0,0.0,0.0,0.0,252054.7,1.0,0.0,0.016791451046965555,0.0,0.0,0.2262443438914027,0.0,-0.12217194570135748,0.0,1,1
SUP032,2023-12,12,5,1.75,21,0,0,145997.38,0,0.4166666666666667,0.0,0.0,0.0,0.0,0.0,145997.38,1.0,0.0,0.008705783725795745,0.0,0.0,-0.34803921568627444,0.0,0.10294117647058831,0.0,1,1
SUP032,2024-01,11,3,0.7272727272727273,8,1,2,387554.78,0,0.2727272727272727,0.09090909090909091,0.0,0.0,0.0,0.0,387554.78,1.0,0.0,0.023847405644494446,0.0,0.0,-0.14393939393939398,0.0,-1.0227272727272727,0.0,1,0
SUP032,2024-02,10,4,1.4,14,1,1,137135.38,0,0.4,0.1,0.0,1.0,1.0,0.1,137135.38,1.0,0.0,0.00989315567920639,0.0,0.0,0.12727272727272732,0.1,0.6727272727272726,0.0,1,1
SUP032,2024-03,12,7,1.6666666666666667,20,2,3,128329.95,0,0.5833333333333334,0.16666666666666666,0.0,0.0,0.0,0.0,128329.95,1.0,0.0,0.0077864720324499065,0.0,0.0,0.18333333333333335,-0.1,0.26666666666666683,0.0,1,1
SUP032,2024-04,6,1,0.5,3,0,0,143052.85,0,0.16666666666666666,0.0,0.0,0.0,0.0,0.0,143052.85,1.0,0.0,0.00912927438134814,0.0,0.0,-0.41666666666666674,0.0,-1.1666666666666667,0.0,1,0
SUP032,2024-05,17,3,0.23529411764705882,4,2,5,226150.82,0,0.17647058823529413,0.11764705882352941,0.0,0.0,0.0,0.0,226150.82,1.0,0.0,0.014152339715518315,0.0,0.0,0.009803921568627472,0.0,-0.2647058823529412,0.0,1,1
SUP032,2024-06,16,10,1.4375,23,0,0,266533.65,0,0.625,0.0,0.0,0.0,0.0,0.0,266533.65,1.0,0.0,0.01710166084906862,0.0,0.0,0.44852941176470584,0.0,1.2022058823529411,0.0,1,1
SUP032,2024-07,12,2,0.16666666666666666,2,0,0,158290.32,0,0.16666666666666666,0.0,0.0,0.0,0.0,0.0,158290.32,1.0,0.0,0.009977830967274533,0.0,0.0,-0.45833333333333337,0.0,-1.2708333333333333,0.0,1,0
SUP032,2024-08,10,6,1.5,15,1,3,125151.3,0,0.6,0.1,0.0,1.0,1.0,0.1,125151.3,1.0,0.0,0.00816263627713158,0.0,0.0,0.43333333333333335,0.1,1.3333333333333333,0.0,1,1
SUP032,2024-09,8,4,1.875,15,0,0,65452.3,0,0.5,0.0,0.0,0.0,0.0,0.0,65452.3,1.0,0.0,0.004255482650339507,0.0,0.0,-0.09999999999999998,-0.1,0.375,0.0,1,1
SUP032,2024-10,9,2,0.4444444444444444,4,0,0,163357.49,0,0.2222222222222222,0.0,0.0,0.0,0.0,0.0,163357.49,1.0,0.0,0.010784778849654732,0.0,0.0,-0.2777777777777778,0.0,-1.4305555555555556,0.0,1,0
SUP032,2024-11,9,4,1.1111111111111112,10,1,4,118396.36,0,0.4444444444444444,0.1111111111111111,0.0,0.0,0.0,0.0,118396.36,1.0,0.0,0.00776650154299055,0.0,0.0,0.2222222222222222,0.0,0.6666666666666667,0.0,1,1
SUP032,2024-12,16,11,1.6875,27,2,4,187303.82,0,0.6875,0.125,0.0,0.0,0.0,0.0,187303.82,1.0,0.0,0.011318757475738033,0.0,0.0,0.24305555555555558,0.0,0.5763888888888888,0.0,1,1
SUP032,2025-01,11,4,0.8181818181818182,9,1,4,178749.78,0,0.36363636363636365,0.09090909090909091,0.0,0.0,0.0,0.0,178749.78,1.0,0.0,0.010890560170424177,0.0,0.0,-0.32386363636363635,0.0,-0.8693181818181818,0.0,1,0
SUP033,2022-04,9,9,7.777777777777778,70,4,8,128394.22,0,1.0,0.4444444444444444,0.0,0.0,0.0,0.0,128394.22,1.0,0.0,0.008244115017565177,0.0,0.0,0.0,0.0,0.0,0.0,0,0
SUP033,2022-05,20,20,7.35,147,5,21,769721.83,0,1.0,0.25,0.0,2.0,5.0,0.1,769721.83,1.0,0.0,0.04475196869574325,0.0,0.0,0.0,0.1,-0.42777777777777803,0.0,1,1
SUP033,2022-06,18,18,5.388888888888889,97,5,12,414771.15,0,1.0,0.2777777777777778,0.0,0.0,0.0,0.0,414771.15,1.0,0.0,0.025920606304804382,0.0,0.0,0.0,-0.1,-1.9611111111111104,0.0,1,0
SUP033,2022-07,14,13,5.285714285714286,74,6,10,219622.05,0,0.9285714285714286,0.42857142857142855,0.0,0.0,0.0,0.0,219622.05,1.0,0.0,0.013080196861497941,0.0,0.0,-0.0714285714285714,0.0,-0.1031746031746037,0.0,1,0
SUP033,2022-08,20,18,6.85,137,8,13,415097.70999999996,0,0.9,0.4,0.0,0.0,0.0,0.0,415097.70999999996,1.0,0.0,0.024850467667069116,0.0,0.0,-0.02857142857142858,0.0,1.564285714285714,0.0,1,1
SUP033,2022-09,16,16,6.25,100,4,10,449315.67,0,1.0,0.25,0.0,0.0,0.0,0.0,449315.67,1.0,0.0,0.029182855878073913,0.0,0.0,0.09999999999999998,0.0,-0.5999999999999996,0.0,1,1
SUP033,2022-10,17,16,5.117647058823529,87,6,39,351583.83999999997,0,0.9411764705882353,0.35294117647058826,0.0,1.0,1.0,0.058823529411764705,351583.83999999997,1.0,0.0,0.02126159654107658,0.0,0.0,-0.05882352941176472,0.058823529411764705,-1.132352941176471,0.0,1,1
SUP033,2022-11,14,14,5.928571428571429,83,4,17,271681.45,0,1.0,0.2857142857142857,0.0,0.0,0.0,0.0,271681.45,1.0,0.0,0.017598906419327053,0.0,0.0,0.05882352941176472,-0.058823529411764705,0.8109243697478998,0.0,1,1
SUP033,2022-12,18,16,6.333333333333333,114,4,11,462430.1,0,0.8888888888888888,0.2222222222222222,0.0,0.0,0.0,0.0,462430.1,1.0,0.0,0.026791586823635912,0.0,0.0,-0.11111111111111116,0.0,0.4047619047619042,0.0,1,1
SUP033,2023-01,27,26,6.481481481481482,175,2,3,494071.39,0,0.9629629629629629,0.07407407407407407,0.0,0.0,0.0,0.0,494071.39,1.0,0.0,0.028108305128112562,0.0,0.0,0.07407407407407407,0.0,0.1481481481481488,0.0,1,1
SUP033,2023-02,17,16,6.470588235294118,110,3,12,432923.75,0,0.9411764705882353,0.17647058823529413,0.0,1.0,1.0,0.058823529411764705,432923.75,1.0,0.0,0.02970115609012917,0.0,0.0,-0.02178649237472763,0.058823529411764705,-0.010893246187364092,0.0,1,1
SUP033,2023-03,26,23,5.846153846153846,152,5,16,590856.94,0,0.8846153846153846,0.19230769230769232,0.0,1.0,1.0,0.038461538461538464,590856.94,1.0,0.0,0.04052753526690451,0.0,0.0,-0.0565610859728507,-0.02036199095022624,-0.6244343891402719,0.0,1,0
SUP033,2023-04,16,15,6.125,98,5,7,404389.86,0,0.9375,0.3125,0.0,0.0,0.0,0.0,404389.86,1.0,0.0,0.02269566325937252,0.0,0.0,0.05288461538461542,-0.038461538461538464,0.2788461538461542,0.0,1,1
SUP033,2023-05,25,25,6.04,151,10,24,551731.66,0,1.0,0.4,0.0,0.0,0.0,0.0,551731.66,1.0,0.0,0.035512036301298,0.0,0.0,0.0625,0.0,-0.08499999999999996,0.0,1,1
SUP033,2023-06,14,14,6.214285714285714,87,3,6,326727.02999999997,0,1.0,0.21428571428571427,0.0,0.0,0.0,0.0,326727.02999999997,1.0,0.0,0.018935197621991563,0.0,0.0,0.0,0.0,0.17428571428571438,0.0,1,1
SUP033,2023-07,16,16,5.375,86,6,20,448581.8,0,1.0,0.375,0.0,0.0,0.0,0.0,448581.8,1.0,0.0,0.025857412279879182,0.0,0.0,0.0,0.0,-0.8392857142857144,0.0,1,0
SUP033,2023-08,14,14,5.785714285714286,81,3,14,527740.57,0,1.0,0.21428571428571427,0.0,0.0,0.0,0.0,527740.57,1.0,0.0,0.032771162818217375,0.0,0.0,0.0,0.0,0.4107142857142856,0.0,1,1
SUP033,2023-09,16,16,7.25,116,2,6,307069.57999999996,0,1.0,0.125,0.0,0.0,0.0,0.0,307069.57999999996,1.0,0.0,0.019834953249060407,0.0,0.0,0.0,0.0,1.4642857142857144,0.0,1,1
SUP033,2023-10,22,22,6.954545454545454,153,4,20,855500.84,0,1.0,0.18181818181818182,0.0,1.0,1.0,0.045454545454545456,855500.84,1.0,0.0,0.04997528197524786,0.0,0.0,0.0,0.045454545454545456,-0.29545454545454586,0.0,1,1
SUP033,2023-11,22,22,7.363636363636363,162,4,13,497134.78,0,1.0,0.18181818181818182,0.0,1.0,1.0,0.045454545454545456,497134.78,1.0,0.0,0.03311826489295376,0.0,0.0,0.0,0.0,0.40909090909090917,0.0,1,1
SUP033,2023-12,15,14,6.0,90,3,13,403930.06,0,0.9333333333333333,0.2,0.0,1.0,1.0,0.06666666666666667,403930.06,1.0,0.0,0.024086238689404554,0.0,0.0,-0.06666666666666665,0.02121212121212121,-1.3636363636363633,0.0,1,1
SUP033,2024-01,18,17,6.333333333333333,114,1,13,416116.57,0,0.9444444444444444,0.05555555555555555,0.0,0.0,0.0,0.0,416116.57,1.0,0.0,0.025604898074501024,0.0,0.0,0.011111111111111072,-0.06666666666666667,0.33333333333333304,0.0,1,1
SUP033,2024-02,14,13,6.357142857142857,89,3,8,275280.24,0,0.9285714285714286,0.21428571428571427,0.0,0.0,0.0,0.0,275280.24,1.0,0.0,0.01985913678679636,0.0,0.0,-0.015873015873015817,0.0,0.023809523809523725,0.0,1,1
SUP033,2024-03,20,19,6.25,125,7,17,524505.31,0,0.95,0.35,0.0,0.0,0.0,0.0,524505.31,1.0,0.0,0.03182457350904032,0.0,0.0,0.021428571428571352,0.0,-0.10714285714285676,0.0,1,1
SUP033,2024-04,17,17,5.882352941176471,100,2,3,391932.95999999996,0,1.0,0.11764705882352941,0.0,0.0,0.0,0.0,391932.95999999996,1.0,0.0,0.025012179281530884,0.0,0.0,0.050000000000000044,0.0,-0.367647058823529,0.0,1,1
SUP033,2024-05,16,16,4.875,78,3,7,316349.51,0,1.0,0.1875,0.0,0.0,0.0,0.0,316349.51,1.0,0.0,0.019796902502311326,0.0,0.0,0.0,0.0,-1.007352941176471,0.0,1,0
SUP033,2024-06,14,14,6.214285714285714,87,5,18,324363.42,0,1.0,0.35714285714285715,0.0,0.0,0.0,0.0,324363.42,1.0,0.0,0.020812205891016015,0.0,0.0,0.0,0.0,1.3392857142857144,0.0,1,1
SUP033,2024-07,16,16,5.4375,87,3,11,348123.6,0,1.0,0.1875,0.0,0.0,0.0,0.0,348123.6,1.0,0.0,0.021943972546894164,0.0,0.0,0.0,0.0,-0.7767857142857144,0.0,1,0
SUP033,2024-08,16,16,6.25,100,3,3,914699.3999999999,0,1.0,0.1875,0.0,0.0,0.0,0.0,914699.3999999999,1.0,0.0,0.05965865720220637,0.0,0.0,0.0,0.0,0.8125,0.0,1,1
SUP033,2024-09,16,15,6.1875,99,0,0,258530.7,0,0.9375,0.0,0.0,1.0,2.0,0.0625,258530.7,1.0,0.0,0.016808773846451963,0.0,0.0,-0.0625,0.0625,-0.0625,0.0,1,1
SUP033,2024-10,18,17,4.555555555555555,82,1,2,428941.06,0,0.9444444444444444,0.05555555555555555,0.0,0.0,0.0,0.0,428941.06,1.0,0.0,0.028318471786243055,0.0,0.0,0.00694444444444442,-0.0625,-1.6319444444444446,0.0,1,1
SUP033,2024-11,16,13,4.5,72,5,18,353796.2,0,0.8125,0.3125,0.0,0.0,0.0,0.0,353796.2,1.0,0.0,0.023208135226490016,0.0,0.0,-0.13194444444444442,0.0,-0.05555555555555536,0.0,1,0
SUP033,2024-12,22,21,5.409090909090909,119,6,20,491246.36,0,0.9545454545454546,0.2727272727272727,0.0,2.0,2.0,0.09090909090909091,491246.36,1.0,0.0,0.029685985099925333,0.0,0.0,0.14204545454545459,0.09090909090909091,0.9090909090909092,0.0,1,1
SUP033,2025-01,18,18,6.666666666666667,120,5,15,405053.47,0,1.0,0.2777777777777778,0.0,0.0,0.0,0.0,405053.47,1.0,0.0,0.024678403449078953,0.0,0.0,0.045454545454545414,-0.09090909090909091,1.2575757575757578,0.0,1,1
SUP033,2025-02,12,12,5.25,63,3,3,308953.94,0,1.0,0.25,0.0,0.0,0.0,0.0,308953.94,1.0,0.0,0.06578229757092696,0.0,0.0,0.0,0.0,-1.416666666666667,0.0,1,0
SUP033,2025-03,17,17,6.9411764705882355,118,5,11,364607.82999999996,0,1.0,0.29411764705882354,0.0,0.0,0.0,0.0,364607.82999999996,1.0,0.0,0.5916582617622332,0.0,0.0,0.0,0.0,1.6911764705882355,0.0,1,1
SUP033,2025-04,5,4,7.2,36,2,18,228965.81,0,0.8,0.4,0.0,0.0,0.0,0.0,228965.81,1.0,0.0,1.0,0.0,0.0,-0.19999999999999996,0.0,0.2588235294117647,0.0,1,1
SUP034,2022-01,1,0,0.0,0,0,0,58870.74,0,0.0,0.0,0.0,0.0,0.0,0.0,58870.74,1.0,0.0,0.05571502536322011,0.0,0.0,0.0,0.0,0.0,0.0,0,0
SUP034,2022-02,11,4,0.8181818181818182,9,2,8,205932.27,0,0.36363636363636365,0.18181818181818182,0.0,0.0,0.0,0.0,205932.27,1.0,0.0,0.023494779954518513,0.0,0.0,0.36363636363636365,0.0,0.8181818181818182,0.0,1,1
SUP034,2022-03,19,9,1.368421052631579,26,3,6,462316.99,0,0.47368421052631576,0.15789473684210525,0.0,1.0,1.0,0.05263157894736842,462316.99,1.0,0.0,0.030531929830712262,0.0,0.0,0.11004784688995212,0.05263157894736842,0.5502392344497608,0.0,1,1
SUP034,2022-04,16,9,1.8125,29,2,3,343759.23000000004,0,0.5625,0.125,0.0,0.0,0.0,0.0,343759.23000000004,1.0,0.0,0.022072571728459753,0.0,0.0,0.08881578947368424,-0.05263157894736842,0.444078947368421,0.0,1,1
SUP034,2022-05,20,6,1.0,20,2,2,476218.17000000004,0,0.3,0.1,0.0,0.0,0.0,0.0,476218.17000000004,1.0,0.0,0.02768753568569588,0.0,0.0,-0.2625,0.0,-0.8125,0.0,1,0
SUP034,2022-06,16,9,1.8125,29,2,4,329429.78,0,0.5625,0.125,0.0,1.0,1.0,0.0625,329429.78,1.0,0.0,0.020587303703399625,0.0,0.0,0.2625,0.0625,0.8125,0.0,1,1
SUP034,2022-07,13,6,1.2307692307692308,16,0,0,117857.67000000001,0,0.46153846153846156,0.0,0.0,0.0,0.0,0.0,117857.67000000001,1.0,0.0,0.007019338564763694,0.0,0.0,-0.10096153846153844,-0.0625,-0.5817307692307692,0.0,1,0
SUP034,2022-08,15,8,1.4666666666666666,22,0,0,411088.14,0,0.5333333333333333,0.0,0.0,0.0,0.0,0.0,411088.14,1.0,0.0,0.02461042854557204,0.0,0.0,0.07179487179487176,0.0,0.23589743589743573,0.0,1,1
SUP034,2022-09,14,8,1.2142857142857142,17,2,2,270370.04000000004,0,0.5714285714285714,0.14285714285714285,0.0,0.0,0.0,0.0,270370.04000000004,1.0,0.0,0.017560415622871733,0.0,0.0,0.03809523809523807,0.0,-0.2523809523809524,0.0,1,1
SUP034,2022-10,17,7,1.2352941176470589,21,0,0,206503.29,0,0.4117647058823529,0.0,0.0,0.0,0.0,0.0,206503.29,1.0,0.0,0.012488030270062851,0.0,0.0,-0.15966386554621848,0.0,0.021008403361344685,0.0,1,1
SUP034,2022-11,16,9,1.0,16,1,1,267810.41000000003,0,0.5625,0.0625,0.0,1.0,1.0,0.0625,267810.41000000003,1.0,0.0,0.01734814925241164,0.0,0.0,0.15073529411764708,0.0625,-0.23529411764705888,0.0,1,1
SUP034,2022-12,24,11,0.875,21,1,2,512793.48,0,0.4583333333333333,0.041666666666666664,0.0,1.0,1.0,0.041666666666666664,512793.48,1.0,0.0,0.029709465370040586,0.0,0.0,-0.10416666666666669,-0.020833333333333336,-0.125,0.0,1,0
SUP034,2023-01,21,4,0.5238095238095238,11,0,0,539975.48,0,0.19047619047619047,0.0,0.0,0.0,0.0,0.0,539975.48,1.0,0.0,0.030719843044421255,0.0,0.0,-0.26785714285714285,-0.041666666666666664,-0.35119047619047616,0.0,1,0
SUP034,2023-02,17,9,1.2352941176470589,21,1,4,306867.0,0,0.5294117647058824,0.058823529411764705,0.0,1.0,2.0,0.058823529411764705,306867.0,1.0,0.0,0.021052909815896373,0.0,0.0,0.3389355742296919,0.058823529411764705,0.711484593837535,0.0,1,1
SUP034,2023-03,10,7,2.5,25,1,1,151213.11,0,0.7,0.1,0.0,0.0,0.0,0.0,151213.11,1.0,0.0,0.01037187554798512,0.0,0.0,0.1705882352941176,-0.058823529411764705,1.2647058823529411,0.0,1,1
SUP034,2023-04,20,7,0.85,17,3,10,355581.79000000004,0,0.35,0.15,0.0,0.0,0.0,0.0,355581.79000000004,1.0,0.0,0.019956396945771383,0.0,0.0,-0.35,0.0,-1.65,0.0,1,0
SUP034,2023-05,16,7,1.375,22,1,5,325605.92,0,0.4375,0.0625,0.0,0.0,0.0,0.0,325605.92,1.0,0.0,0.02095752353772399,0.0,0.0,0.08750000000000002,0.0,0.525,0.0,1,1
SUP034,2023-06,15,6,1.1333333333333333,17,0,0,397168.99,0,0.4,0.0,0.0,0.0,0.0,0.0,397168.99,1.0,0.0,0.023017603762311285,0.0,0.0,-0.03749999999999998,0.0,-0.2416666666666667,0.0,1,0
SUP034,2023-07,15,7,1.2,18,0,0,284889.5,0,0.4666666666666667,0.0,0.0,0.0,0.0,0.0,284889.5,1.0,0.0,0.016421765786549167,0.0,0.0,0.06666666666666665,0.0,0.06666666666666665,0.0,1,1
SUP034,2023-08,15,7,1.0666666666666667,16,1,1,408156.71,0,0.4666666666666667,0.06666666666666667,0.0,0.0,0.0,0.0,408156.71,1.0,0.0,0.025345351028741137,0.0,0.0,0.0,0.0,-0.1333333333333333,0.0,1,0
SUP034,2023-09,16,6,1.0,16,0,0,246828.92,0,0.375,0.0,0.0,0.0,0.0,0.0,246828.92,1.0,0.0,0.015943748282444888,0.0,0.0,-0.09166666666666667,0.0,-0.06666666666666665,0.0,1,0
SUP034,2023-10,13,6,1.0,13,2,5,248329.6,0,0.46153846153846156,0.15384615384615385,0.0,0.0,0.0,0.0,248329.6,1.0,0.0,0.014506522030767978,0.0,0.0,0.08653846153846156,0.0,0.0,0.0,1,1
SUP034,2023-11,19,10,1.3157894736842106,25,1,1,563309.8,0,0.5263157894736842,0.05263157894736842,0.0,0.0,0.0,0.0,563309.8,1.0,0.0,0.037526731026939625,0.0,0.0,0.06477732793522262,0.0,0.3157894736842106,0.0,1,1
SUP034,2023-12,14,7,2.0,28,1,3,308679.91000000003,0,0.5,0.07142857142857142,0.0,0.0,0.0,0.0,308679.91000000003,1.0,0.0,0.018406498369752222,0.0,0.0,-0.02631578947368418,0.0,0.6842105263157894,0.0,1,1
SUP034,2024-01,9,5,1.8888888888888888,17,1,1,85868.48000000001,0,0.5555555555555556,0.1111111111111111,0.0,0.0,0.0,0.0,85868.48000000001,1.0,0.0,0.005283744596405594,0.0,0.0,0.05555555555555558,0.0,-0.11111111111111116,0.0,1,1
SUP034,2024-02,12,3,0.75,9,1,2,248661.5,0,0.25,0.08333333333333333,0.0,0.0,0.0,0.0,248661.5,1.0,0.0,0.017938820244090034,0.0,0.0,-0.3055555555555556,0.0,-1.1388888888888888,0.0,1,0
SUP034,2024-03,14,8,1.7142857142857142,24,0,0,236867.07,0,0.5714285714285714,0.0,0.0,0.0,0.0,0.0,236867.07,1.0,0.0,0.01437200603571773,0.0,0.0,0.3214285714285714,0.0,0.9642857142857142,0.0,1,1
SUP034,2024-04,12,4,0.75,9,0,0,482850.49,0,0.3333333333333333,0.0,0.0,0.0,0.0,0.0,482850.49,1.0,0.0,0.030814308197134113,0.0,0.0,-0.23809523809523808,0.0,-0.9642857142857142,0.0,1,0
SUP034,2024-05,17,8,1.8823529411764706,32,2,6,204313.72,0,0.47058823529411764,0.11764705882352941,0.0,0.0,0.0,0.0,204313.72,1.0,0.0,0.012785791243123897,0.0,0.0,0.13725490196078433,0.0,1.1323529411764706,0.0,1,1
SUP034,2024-06,21,11,1.5238095238095237,32,5,13,587259.92,0,0.5238095238095238,0.23809523809523808,0.0,2.0,4.0,0.09523809523809523,587259.92,1.0,0.0,0.03768049543497105,0.0,0.0,0.053221288515406195,0.09523809523809523,-0.35854341736694684,0.0,1,1
SUP034,2024-07,18,8,1.1111111111111112,20,0,0,283523.51,0,0.4444444444444444,0.0,0.0,1.0,1.0,0.05555555555555555,283523.51,1.0,0.0,0.01787190561007376,0.0,0.0,-0.07936507936507942,-0.03968253968253968,-0.41269841269841256,0.0,1,0
SUP034,2024-08,11,5,1.2727272727272727,14,1,14,273923.7,0,0.45454545454545453,0.09090909090909091,0.0,0.0,0.0,0.0,273923.7,1.0,0.0,0.017865891371372955,0.0,0.0,0.01010101010101011,-0.05555555555555555,0.16161616161616155,0.0,1,1
SUP034,2024-09,13,5,0.6923076923076923,9,2,10,174561.48,0,0.38461538461538464,0.15384615384615385,0.0,0.0,0.0,0.0,174561.48,1.0,0.0,0.011349384965197355,0.0,0.0,-0.0699300699300699,0.0,-0.5804195804195804,0.0,1,0
SUP034,2024-10,18,6,0.8333333333333334,15,3,8,396081.22,0,0.3333333333333333,0.16666666666666666,0.0,0.0,0.0,0.0,396081.22,1.0,0.0,0.026149081772751544,0.0,0.0,-0.05128205128205132,0.0,0.14102564102564108,0.0,1,1
SUP034,2024-11,17,11,2.235294117647059,38,2,13,215186.5,0,0.6470588235294118,0.11764705882352941,0.0,0.0,0.0,0.0,215186.5,1.0,0.0,0.014115689741481379,0.0,0.0,0.3137254901960785,0.0,1.4019607843137254,0.0,1,1
SUP034,2024-12,27,8,1.037037037037037,28,1,6,513695.51,0,0.2962962962962963,0.037037037037037035,0.0,1.0,1.0,0.037037037037037035,513695.51,1.0,0.0,0.031042585752204952,0.0,0.0,-0.3507625272331155,0.037037037037037035,-1.198257080610022,0.0,1,1
SUP034,2025-01,14,4,0.9285714285714286,13,0,0,205056.17,0,0.2857142857142857,0.0,0.0,1.0,1.0,0.07142857142857142,205056.17,1.0,0.0,0.01249331080408451,0.0,0.0,-0.010582010582010581,0.03439153439153439,-0.10846560846560838,0.0,1,1
SUP034,2025-02,2,2,1.5,3,0,0,25891.280000000002,0,1.0,0.0,0.0,0.0,0.0,0.0,25891.280000000002,1.0,0.0,0.0055127566440880795,0.0,0.0,0.7142857142857143,-0.07142857142857142,0.5714285714285714,0.0,1,1
SUP035,2022-01,2,0,0.0,0,0,0,15410.2,0,0.0,0.0,0.0,0.0,0.0,0.0,15410.2,1.0,0.0,0.014584149678639925,0.0,0.0,0.0,0.0,0.0,0.0,0,0
SUP035,2022-02,14,6,1.4285714285714286,20,0,0,301212.79000000004,0,0.42857142857142855,0.0,0.0,0.0,0.0,0.0,301212.79000000004,1.0,0.0,0.03436531933793861,0.0,0.0,0.42857142857142855,0.0,1.4285714285714286,0.0,1,1
SUP035,2022-03,15,6,1.5333333333333334,23,2,3,326406.21,0,0.4,0.13333333333333333,0.0,0.0,0.0,0.0,326406.21,1.0,0.0,0.021556230282665432,0.0,0.0,-0.028571428571428525,0.0,0.10476190476190483,0.0,1,1
SUP035,2022-04,18,7,0.7777777777777778,14,2,7,678192.37,0,0.3888888888888889,0.1111111111111111,0.0,0.0,0.0,0.0,678192.37,1.0,0.0,0.043546320872661706,0.0,0.0,-0.011111111111111127,0.0,-0.7555555555555556,0.0,1,0
SUP035,2022-05,17,7,1.3529411764705883,23,3,8,310131.21,0,0.4117647058823529,0.17647058823529413,0.0,0.0,0.0,0.0,310131.21,1.0,0.0,0.018031166144128946,0.0,0.0,0.022875816993464027,0.0,0.5751633986928105,0.0,1,1
SUP035,2022-06,21,10,1.5238095238095237,32,1,2,592198.04,0,0.47619047619047616,0.047619047619047616,0.0,0.0,0.0,0.0,592198.04,1.0,0.0,0.037008678760123016,0.0,0.0,0.06442577030812324,0.0,0.1708683473389354,0.0,1,1
SUP035,2022-07,22,14,1.9545454545454546,43,1,7,523094.89,0,0.6363636363636364,0.045454545454545456,0.0,0.0,0.0,0.0,523094.89,1.0,0.0,0.031154358765176863,0.0,0.0,0.1601731601731602,0.0,0.43073593073593086,0.0,1,1
SUP035,2022-08,26,11,1.3461538461538463,35,1,3,717874.92,0,0.4230769230769231,0.038461538461538464,0.0,0.0,0.0,0.0,717874.92,1.0,0.0,0.04297669454370112,0.0,0.0,-0.21328671328671328,0.0,-0.6083916083916083,0.0,1,0
SUP035,2022-09,15,6,1.3333333333333333,20,2,13,283686.79,0,0.4,0.13333333333333333,0.0,0.0,0.0,0.0,283686.79,1.0,0.0,0.01842533270002228,0.0,0.0,-0.02307692307692305,0.0,-0.012820512820512997,0.0,1,0
SUP035,2022-10,16,7,1.375,22,1,13,257068.44,0,0.4375,0.0625,0.0,0.0,0.0,0.0,257068.44,1.0,0.0,0.015545894984035536,0.0,0.0,0.03749999999999998,0.0,0.04166666666666674,0.0,1,1
SUP035,2022-11,19,12,2.263157894736842,43,4,16,297320.5,0,0.631578947368421,0.21052631578947367,0.0,0.0,0.0,0.0,297320.5,1.0,0.0,0.01925974576492995,0.0,0.0,0.19407894736842102,0.0,0.888157894736842,0.0,1,1
SUP035,2022-12,22,10,1.6363636363636365,36,0,0,531390.13,0,0.45454545454545453,0.0,0.0,0.0,0.0,0.0,531390.13,1.0,0.0,0.03078689039731232,0.0,0.0,-0.1770334928229665,0.0,-0.6267942583732056,0.0,1,0
SUP035,2023-01,22,10,1.4545454545454546,32,1,1,400541.23,0,0.45454545454545453,0.045454545454545456,0.0,0.0,0.0,0.0,400541.23,1.0,0.0,0.022787263818756055,0.0,0.0,0.0,0.0,-0.18181818181818188,0.0,1,0
SUP035,2023-02,15,3,0.3333333333333333,5,2,9,418338.46,0,0.2,0.13333333333333333,0.0,0.0,0.0,0.0,418338.46,1.0,0.0,0.02870051804495424,0.0,0.0,-0.2545454545454545,0.0,-1.1212121212121213,0.0,1,0
SUP035,2023-03,25,12,1.44,36,4,34,483193.81,0,0.48,0.16,0.0,1.0,13.0,0.04,483193.81,1.0,0.0,0.03314280132772065,0.0,0.0,0.27999999999999997,0.04,1.1066666666666667,0.0,1,1
SUP035,2023-04,20,9,1.0,20,1,2,857103.45,0,0.45,0.05,0.0,0.0,0.0,0.0,857103.45,1.0,0.0,0.0481034101093594,0.0,0.0,-0.02999999999999997,-0.04,-0.43999999999999995,0.0,1,0
SUP035,2023-05,15,5,0.9333333333333333,14,1,2,443927.92,0,0.3333333333333333,0.06666666666666667,0.0,0.0,0.0,0.0,443927.92,1.0,0.0,0.02857328218250102,0.0,0.0,-0.1166666666666667,0.0,-0.06666666666666665,0.0,1,0
SUP035,2023-06,19,10,0.7894736842105263,15,0,0,500456.64,0,0.5263157894736842,0.0,0.0,0.0,0.0,0.0,500456.64,1.0,0.0,0.02900355498483823,0.0,0.0,0.19298245614035087,0.0,-0.14385964912280702,0.0,1,1
SUP035,2023-07,19,10,1.105263157894737,21,4,9,346237.13,0,0.5263157894736842,0.21052631578947367,0.0,0.0,0.0,0.0,346237.13,1.0,0.0,0.01995800145483416,0.0,0.0,0.0,0.0,0.3157894736842106,0.0,1,1
SUP035,2023-08,14,4,1.3571428571428572,19,3,6,327738.69,0,0.2857142857142857,0.21428571428571427,0.0,0.0,0.0,0.0,327738.69,1.0,0.0,0.020351624609453983,0.0,0.0,-0.24060150375939848,0.0,0.25187969924812026,0.0,1,1
SUP035,2023-09,20,4,0.45,9,1,6,555633.3,0,0.2,0.05,0.0,0.0,0.0,0.0,555633.3,1.0,0.0,0.03589075977217007,0.0,0.0,-0.08571428571428569,0.0,-0.9071428571428573,0.0,1,0
SUP035,2023-10,17,6,0.7647058823529411,13,1,2,296580.63,0,0.35294117647058826,0.058823529411764705,0.0,1.0,1.0,0.058823529411764705,296580.63,1.0,0.0,0.017325173652251065,0.0,0.0,0.15294117647058825,0.058823529411764705,0.3147058823529411,0.0,1,1
SUP035,2023-11,15,7,1.4666666666666666,22,0,0,426557.45,0,0.4666666666666667,0.0,0.0,0.0,0.0,0.0,426557.45,1.0,0.0,0.02841652443058375,0.0,0.0,0.11372549019607842,-0.058823529411764705,0.7019607843137254,0.0,1,1
SUP035,2023-12,24,14,1.3333333333333333,32,1,1,496845.12,0,0.5833333333333334,0.041666666666666664,0.0,0.0,0.0,0.0,496845.12,1.0,0.0,0.029626738232816464,0.0,0.0,0.1166666666666667,0.0,-0.1333333333333333,0.0,1,1
SUP035,2024-01,18,10,1.4444444444444444,26,0,0,357023.26,0,0.5555555555555556,0.0,0.0,0.0,0.0,0.0,357023.26,1.0,0.0,0.02196870983178122,0.0,0.0,-0.02777777777777779,0.0,0.11111111111111116,0.0,1,1
SUP035,2024-02,21,11,1.380952380952381,29,2,3,497653.68,0,0.5238095238095238,0.09523809523809523,0.0,0.0,0.0,0.0,497653.68,1.0,0.0,0.035901496248232655,0.0,0.0,-0.031746031746031744,0.0,-0.06349206349206349,0.0,1,0
SUP035,2024-03,19,8,0.9473684210526315,18,1,2,349259.44,0,0.42105263157894735,0.05263157894736842,0.0,0.0,0.0,0.0,349259.44,1.0,0.0,0.02119145890440319,0.0,0.0,-0.10275689223057649,0.0,-0.4335839598997494,0.0,1,0
SUP035,2024-04,25,11,1.36,34,3,6,738743.03,0,0.44,0.12,0.0,0.0,0.0,0.0,738743.03,1.0,0.0,0.0471447288060217,0.0,0.0,0.018947368421052657,0.0,0.41263157894736857,0.0,1,1
SUP035,2024-05,25,8,0.68,17,3,7,521459.98,0,0.32,0.12,0.0,0.0,0.0,0.0,521459.98,1.0,0.0,0.032632553731210816,0.0,0.0,-0.12,0.0,-0.68,0.0,1,0
SUP035,2024-06,19,6,0.7894736842105263,15,0,0,431848.79,0,0.3157894736842105,0.0,0.0,1.0,1.0,0.05263157894736842,431848.79,1.0,0.0,0.027708814795657715,0.0,0.0,-0.004210526315789498,0.05263157894736842,0.10947368421052628,0.0,1,1
SUP035,2024-07,14,8,1.1428571428571428,16,0,0,311869.2,0,0.5714285714285714,0.0,0.0,0.0,0.0,0.0,311869.2,1.0,0.0,0.01965867629491895,0.0,0.0,0.2556390977443609,-0.05263157894736842,0.35338345864661647,0.0,1,1
SUP035,2024-08,23,9,0.8695652173913043,20,3,12,596164.48,0,0.391304347826087,0.13043478260869565,0.0,0.0,0.0,0.0,596164.48,1.0,0.0,0.038883126356540315,0.0,0.0,-0.18012422360248442,0.0,-0.27329192546583847,0.0,1,0
SUP035,2024-09,26,12,1.1923076923076923,31,3,16,586784.43,0,0.46153846153846156,0.11538461538461539,0.0,0.0,0.0,0.0,586784.43,1.0,0.0,0.038150698468264015,0.0,0.0,0.07023411371237459,0.0,0.32274247491638797,0.0,1,1
SUP035,2024-10,22,12,1.8181818181818181,40,3,15,390965.3,0,0.5454545454545454,0.13636363636363635,0.0,0.0,0.0,0.0,390965.3,1.0,0.0,0.025811331322420035,0.0,0.0,0.08391608391608385,0.0,0.6258741258741258,0.0,1,1
SUP035,2024-11,22,7,0.7272727272727273,16,1,1,475302.26,0,0.3181818181818182,0.045454545454545456,0.0,0.0,0.0,0.0,475302.26,1.0,0.0,0.031178625218519353,0.0,0.0,-0.22727272727272724,0.0,-1.0909090909090908,0.0,1,0
SUP035,2024-12,19,7,0.8947368421052632,17,0,0,440841.99,0,0.3684210526315789,0.0,0.0,0.0,0.0,0.0,440841.99,1.0,0.0,0.026640052348808105,0.0,0.0,0.05023923444976075,0.0,0.16746411483253587,0.0,1,1
SUP035,2025-01,13,6,1.0769230769230769,14,0,0,236075.28,0,0.46153846153846156,0.0,0.0,0.0,0.0,0.0,236075.28,1.0,0.0,0.014383189963029522,0.0,0.0,0.09311740890688264,0.0,0.1821862348178137,0.0,1,1
SUP035,2025-02,1,1,3.0,3,0,0,22734.25,0,1.0,0.0,0.0,0.0,0.0,0.0,22734.25,1.0,0.0,0.004840563608128273,0.0,0.0,0.5384615384615384,0.0,1.9230769230769231,0.0,1,1
SUP036,2022-02,9,5,1.3333333333333333,12,1,2,195322.91,0,0.5555555555555556,0.1111111111111111,0.0,0.0,0.0,0.0,195322.91,1.0,0.0,0.02228435975831386,0.0,0.0,0.0,0.0,0.0,0.0,0,0
SUP036,2022-03,18,7,1.0555555555555556,19,1,1,543362.5900000001,0,0.3888888888888889,0.05555555555555555,0.0,0.0,0.0,0.0,543362.5900000001,1.0,0.0,0.035884271677997556,0.0,0.0,-0.16666666666666669,0.0,-0.2777777777777777,0.0,1,0
SUP036,2022-04,19,7,0.8421052631578947,16,2,5,393222.95,0,0.3684210526315789,0.10526315789473684,0.0,0.0,0.0,0.0,393222.95,1.0,0.0,0.02524860719856611,0.0,0.0,-0.020467836257309968,0.0,-0.2134502923976609,0.0,1,0
SUP036,2022-05,24,10,1.4166666666666667,34,2,6,550719.63,0,0.4166666666666667,0.08333333333333333,0.0,1.0,3.0,0.041666666666666664,550719.63,1.0,0.0,0.03201908362387397,0.0,0.0,0.04824561403508776,0.041666666666666664,0.574561403508772,0.0,1,1
SUP036,2022-06,24,8,0.8333333333333334,20,3,12,476061.11,0,0.3333333333333333,0.125,0.0,1.0,1.0,0.041666666666666664,476061.11,1.0,0.0,0.029750846001073538,0.0,0.0,-0.08333333333333337,0.0,-0.5833333333333334,0.0,1,0
SUP036,2022-07,34,14,0.9411764705882353,32,2,9,786952.1799999999,0,0.4117647058823529,0.058823529411764705,0.0,1.0,1.0,0.029411764705882353,786952.1799999999,1.0,0.0,0.046869107336831445,0.0,0.0,0.0784313725490196,-0.012254901960784312,0.10784313725490191,0.0,1,1
SUP036,2022-08,33,13,1.0909090909090908,36,4,20,515925.35,0,0.3939393939393939,0.12121212121212122,0.0,0.0,0.0,0.0,515925.35,1.0,0.0,0.030886670583647205,0.0,0.0,-0.017825311942959,-0.029411764705882353,0.14973262032085555,0.0,1,1
SUP036,2022-09,22,10,1.5,33,3,9,481393.64999999997,0,0.45454545454545453,0.13636363636363635,0.0,0.0,0.0,0.0,481393.64999999997,1.0,0.0,0.03126630662262448,0.0,0.0,0.06060606060606061,0.0,0.40909090909090917,0.0,1,1
SUP036,2022-10,19,6,1.0526315789473684,20,0,0,224264.24,0,0.3157894736842105,0.0,0.0,1.0,10.0,0.05263157894736842,224264.24,1.0,0.0,0.013562101686673564,0.0,0.0,-0.13875598086124402,0.05263157894736842,-0.44736842105263164,0.0,1,1
SUP036,2022-11,20,8,1.35,27,2,12,444600.71,0,0.4,0.1,0.0,0.0,0.0,0.0,444600.71,1.0,0.0,0.028800222794954772,0.0,0.0,0.08421052631578951,-0.05263157894736842,0.2973684210526317,0.0,1,1
SUP036,2022-12,23,10,1.1304347826086956,26,0,0,595096.13,0,0.43478260869565216,0.0,0.0,1.0,1.0,0.043478260869565216,595096.13,1.0,0.0,0.03447779380127878,0.0,0.0,0.03478260869565214,0.043478260869565216,-0.21956521739130452,0.0,1,1
SUP036,2023-01,32,18,1.5,48,4,42,515332.87,0,0.5625,0.125,0.0,0.0,0.0,0.0,515332.87,1.0,0.0,0.029317895845994976,0.0,0.0,0.12771739130434784,-0.043478260869565216,0.36956521739130443,0.0,1,1
SUP036,2023-02,25,11,1.24,31,4,6,622151.86,0,0.44,0.16,0.0,0.0,0.0,0.0,622151.86,1.0,0.0,0.04268333512685361,0.0,0.0,-0.1225,0.0,-0.26,0.0,1,0
SUP036,2023-03,21,10,1.3333333333333333,28,2,11,274667.1,0,0.47619047619047616,0.09523809523809523,0.0,0.0,0.0,0.0,274667.1,1.0,0.0,0.01883972215323118,0.0,0.0,0.03619047619047616,0.0,0.09333333333333327,0.0,1,1
SUP036,2023-04,23,9,1.2173913043478262,28,1,3,498107.58,0,0.391304347826087,0.043478260869565216,0.0,0.0,0.0,0.0,498107.58,1.0,0.0,0.027955403982238725,0.0,0.0,-0.08488612836438919,0.0,-0.1159420289855071,0.0,1,0
SUP036,2023-05,20,10,1.1,22,3,4,409277.87,0,0.5,0.15,0.0,1.0,1.0,0.05,409277.87,1.0,0.0,0.02634304251591783,0.0,0.0,0.10869565217391303,0.05,-0.11739130434782608,0.0,1,1
SUP036,2023-06,19,7,1.1578947368421053,22,2,5,419646.46,0,0.3684210526315789,0.10526315789473684,0.0,0.0,0.0,0.0,419646.46,1.0,0.0,0.024320267140031784,0.0,0.0,-0.13157894736842107,-0.05,0.05789473684210522,0.0,1,1
SUP036,2023-07,24,7,1.0833333333333333,26,2,5,533746.7000000001,0,0.2916666666666667,0.08333333333333333,0.0,0.0,0.0,0.0,533746.7000000001,1.0,0.0,0.0307665368388218,0.0,0.0,-0.07675438596491224,0.0,-0.07456140350877205,0.0,1,0
SUP036,2023-08,20,7,1.1,22,0,0,372668.83999999997,0,0.35,0.0,0.0,0.0,0.0,0.0,372668.83999999997,1.0,0.0,0.02314165695640227,0.0,0.0,0.05833333333333329,0.0,0.01666666666666683,0.0,1,1
SUP036,2023-09,24,7,0.7916666666666666,19,2,6,506662.17,0,0.2916666666666667,0.08333333333333333,0.0,0.0,0.0,0.0,506662.17,1.0,0.0,0.032727502525706054,0.0,0.0,-0.05833333333333329,0.0,-0.30833333333333346,0.0,1,0
SUP036,2023-10,20,8,1.1,22,2,2,330321.01,0,0.4,0.1,0.0,0.0,0.0,0.0,330321.01,1.0,0.0,0.019296165293185064,0.0,0.0,0.10833333333333334,0.0,0.30833333333333346,0.0,1,1
SUP036,2023-11,20,6,0.8,16,0,0,333191.1,0,0.3,0.0,0.0,0.0,0.0,0.0,333191.1,1.0,0.0,0.022196618610700793,0.0,0.0,-0.10000000000000003,0.0,-0.30000000000000004,0.0,1,0
SUP036,2023-12,20,10,1.5,30,1,2,493681.46,0,0.5,0.05,0.0,1.0,1.0,0.05,493681.46,1.0,0.0,0.02943809005473306,0.0,0.0,0.2,0.05,0.7,0.0,1,1
SUP036,2024-01,31,16,1.8709677419354838,58,1,17,701000.47,0,0.5161290322580645,0.03225806451612903,0.0,0.0,0.0,0.0,701000.47,1.0,0.0,0.043134657157553984,0.0,0.0,0.016129032258064502,-0.05,0.37096774193548376,0.0,1,1
SUP036,2024-02,20,10,1.6,32,3,7,519348.06,0,0.5,0.15,0.0,0.0,0.0,0.0,519348.06,1.0,0.0,0.037466561942467516,0.0,0.0,-0.016129032258064502,0.0,-0.2709677419354837,0.0,1,0
SUP036,2024-03,26,8,1.1538461538461537,30,2,10,505758.72000000003,0,0.3076923076923077,0.07692307692307693,0.0,0.0,0.0,0.0,505758.72000000003,1.0,0.0,0.03068711651837832,0.0,0.0,-0.1923076923076923,0.0,-0.44615384615384635,0.0,1,0
SUP036,2024-04,21,9,1.1904761904761905,25,1,6,545364.9299999999,0,0.42857142857142855,0.047619047619047616,0.0,0.0,0.0,0.0,545364.9299999999,1.0,0.0,0.034803823090100765,0.0,0.0,0.12087912087912084,0.0,0.03663003663003672,0.0,1,1
SUP036,2024-05,23,9,1.173913043478261,27,3,52,457077.0,0,0.391304347826087,0.13043478260869565,0.0,0.0,0.0,0.0,457077.0,1.0,0.0,0.02860351768854946,0.0,0.0,-0.037267080745341574,0.0,-0.01656314699792949,0.0,1,0
SUP036,2024-06,26,14,1.1538461538461537,30,1,8,368864.33,0,0.5384615384615384,0.038461538461538464,0.0,0.0,0.0,0.0,368864.33,1.0,0.0,0.023667528175068803,0.0,0.0,0.14715719063545146,0.0,-0.020066889632107232,0.0,1,1
SUP036,2024-07,25,11,1.36,34,1,2,584549.24,0,0.44,0.04,0.0,0.0,0.0,0.0,584549.24,1.0,0.0,0.03684706372928422,0.0,0.0,-0.09846153846153843,0.0,0.20615384615384635,0.0,1,1
SUP036,2024-08,24,10,1.2916666666666667,31,3,16,355919.26,0,0.4166666666666667,0.125,0.0,0.0,0.0,0.0,355919.26,1.0,0.0,0.023213817702299754,0.0,0.0,-0.023333333333333317,0.0,-0.06833333333333336,0.0,1,0
SUP036,2024-09,21,11,1.5238095238095237,32,1,9,259029.69,0,0.5238095238095238,0.047619047619047616,0.0,0.0,0.0,0.0,259029.69,1.0,0.0,0.01684121645408673,0.0,0.0,0.10714285714285715,0.0,0.23214285714285698,0.0,1,1
SUP036,2024-10,22,9,1.3181818181818181,29,3,34,305271.6,0,0.4090909090909091,0.13636363636363635,0.0,0.0,0.0,0.0,305271.6,1.0,0.0,0.020153876599599194,0.0,0.0,-0.11471861471861472,0.0,-0.2056277056277056,0.0,1,0
SUP036,2024-11,26,9,0.9615384615384616,25,3,7,298689.05,0,0.34615384615384615,0.11538461538461539,0.0,0.0,0.0,0.0,298689.05,1.0,0.0,0.019593245668189308,0.0,0.0,-0.06293706293706297,0.0,-0.35664335664335656,0.0,1,0
SUP036,2024-12,36,15,1.6944444444444444,61,3,30,698014.03,0,0.4166666666666667,0.08333333333333333,0.0,0.0,0.0,0.0,698014.03,1.0,0.0,0.04218094174604945,0.0,0.0,0.07051282051282054,0.0,0.7329059829059829,0.0,1,1
SUP036,2025-01,20,10,1.05,21,1,2,794238.61,0,0.5,0.05,0.0,0.0,0.0,0.0,794238.61,1.0,0.0,0.048390008490522676,0.0,0.0,0.08333333333333331,0.0,-0.6444444444444444,0.0,1,1
SUP036,2025-02,6,5,3.3333333333333335,20,1,6,132120.79,0,0.8333333333333334,0.16666666666666666,0.0,0.0,0.0,0.0,132120.79,1.0,0.0,0.02813108362717741,0.0,0.0,0.33333333333333337,0.0,2.283333333333333,0.0,1,1
SUP037,2022-01,2,0,0.0,0,0,0,78816.29000000001,0,0.0,0.0,0.0,0.0,0.0,0.0,78816.29000000001,1.0,0.0,0.07459141156345091,0.0,0.0,0.0,0.0,0.0,0.0,0,0
SUP037,2022-02,19,4,0.6842105263157895,13,2,5,412062.26,0,0.21052631578947367,0.10526315789473684,0.0,0.0,0.0,0.0,412062.26,1.0,0.0,0.047012117752412465,0.0,0.0,0.21052631578947367,0.0,0.6842105263157895,0.0,1,1
SUP037,2022-03,22,9,1.3636363636363635,30,1,1,565853.92,0,0.4090909090909091,0.045454545454545456,0.0,0.0,0.0,0.0,565853.92,1.0,0.0,0.037369624204971294,0.0,0.0,0.19856459330143544,0.0,0.679425837320574,0.0,1,1
SUP037,2022-04,21,11,1.4285714285714286,30,1,3,396415.36,0,0.5238095238095238,0.047619047619047616,0.0,0.0,0.0,0.0,396415.36,1.0,0.0,0.025453589909027883,0.0,0.0,0.11471861471861472,0.0,0.06493506493506507,0.0,1,1
SUP037,2022-05,22,10,1.0454545454545454,23,2,9,380303.76,0,0.45454545454545453,0.09090909090909091,0.0,0.0,0.0,0.0,380303.76,1.0,0.0,0.02211102933431608,0.0,0.0,-0.0692640692640693,0.0,-0.3831168831168832,0.0,1,0
SUP037,2022-06,28,13,1.0714285714285714,30,5,6,432897.62,0,0.4642857142857143,0.17857142857142858,0.0,0.0,0.0,0.0,432897.62,1.0,0.0,0.027053397465823772,0.0,0.0,0.009740259740259771,0.0,0.025974025974025983,0.0,1,1
SUP037,2022-07,21,10,1.380952380952381,29,1,1,524894.24,0,0.47619047619047616,0.047619047619047616,0.0,0.0,0.0,0.0,524894.24,1.0,0.0,0.03126152401667477,0.0,0.0,0.011904761904761862,0.0,0.30952380952380953,0.0,1,1
SUP037,2022-08,30,13,1.4666666666666666,44,3,6,948890.15,0,0.43333333333333335,0.1,0.0,5.0,5.0,0.16666666666666666,948890.15,1.0,0.0,0.05680677928137779,0.0,0.0,-0.042857142857142816,0.16666666666666666,0.08571428571428563,0.0,1,1
SUP037,2022-09,20,10,1.25,25,2,8,336633.23,0,0.5,0.1,0.0,0.0,0.0,0.0,336633.23,1.0,0.0,0.021864180777092655,0.0,0.0,0.06666666666666665,-0.16666666666666666,-0.21666666666666656,0.0,1,1
SUP037,2022-10,27,21,1.8518518518518519,50,0,0,563210.26,0,0.7777777777777778,0.0,0.0,1.0,1.0,0.037037037037037035,563210.26,1.0,0.0,0.03405944174201762,0.0,0.0,0.2777777777777778,0.037037037037037035,0.6018518518518519,0.0,1,1
SUP037,2022-11,30,12,1.1666666666666667,35,7,29,702714.9400000001,0,0.4,0.23333333333333334,0.0,0.0,0.0,0.0,702714.9400000001,1.0,0.0,0.04552027555993619,0.0,0.0,-0.37777777777777777,-0.037037037037037035,-0.6851851851851851,0.0,1,0
SUP037,2022-12,22,10,1.6363636363636365,36,2,2,515460.53,0,0.45454545454545453,0.09090909090909091,0.0,0.0,0.0,0.0,515460.53,1.0,0.0,0.02986398494313494,0.0,0.0,0.05454545454545451,0.0,0.4696969696969697,0.0,1,1
SUP037,2023-01,27,13,1.3703703703703705,37,2,16,540244.42,0,0.48148148148148145,0.07407407407407407,0.0,0.0,0.0,0.0,540244.42,1.0,0.0,0.030735143358776952,0.0,0.0,0.026936026936026924,0.0,-0.265993265993266,0.0,1,1
SUP037,2023-02,25,8,0.6,15,2,2,441841.63,0,0.32,0.08,0.0,0.0,0.0,0.0,441841.63,1.0,0.0,0.030312975944948965,0.0,0.0,-0.16148148148148145,0.0,-0.7703703703703705,0.0,1,0
SUP037,2023-03,24,9,0.875,21,2,8,739047.8300000001,0,0.375,0.08333333333333333,0.0,0.0,0.0,0.0,739047.8300000001,1.0,0.0,0.05069211338070135,0.0,0.0,0.05499999999999999,0.0,0.275,0.0,1,1
SUP037,2023-04,27,10,1.0740740740740742,29,7,21,392148.96,0,0.37037037037037035,0.25925925925925924,0.0,0.0,0.0,0.0,392148.96,1.0,0.0,0.0220086644696609,0.0,0.0,-0.00462962962962965,0.0,0.19907407407407418,0.0,1,1
SUP037,2023-05,22,10,1.0454545454545454,23,3,3,471544.67,0,0.45454545454545453,0.13636363636363635,0.0,1.0,1.0,0.045454545454545456,471544.67,1.0,0.0,0.03035082568711678,0.0,0.0,0.08417508417508418,0.045454545454545456,-0.028619528619528767,0.0,1,1
SUP037,2023-06,27,7,0.7777777777777778,21,6,19,475600.39,0,0.25925925925925924,0.2222222222222222,0.0,0.0,0.0,0.0,475600.39,1.0,0.0,0.0275630313590714,0.0,0.0,-0.19528619528619529,-0.045454545454545456,-0.2676767676767676,0.0,1,0
SUP037,2023-07,27,10,1.037037037037037,28,2,2,464515.65,0,0.37037037037037035,0.07407407407407407,0.0,0.0,0.0,0.0,464515.65,1.0,0.0,0.026775880502744563,0.0,0.0,0.1111111111111111,0.0,0.2592592592592592,0.0,1,1
SUP037,2023-08,23,7,0.9130434782608695,21,0,0,423934.42,0,0.30434782608695654,0.0,0.0,0.0,0.0,0.0,423934.42,1.0,0.0,0.026325101180048653,0.0,0.0,-0.06602254428341381,0.0,-0.12399355877616747,0.0,1,0
SUP037,2023-09,17,9,1.411764705882353,24,3,11,208489.69,0,0.5294117647058824,0.17647058823529413,0.0,0.0,0.0,0.0,208489.69,1.0,0.0,0.013467251474604218,0.0,0.0,0.22506393861892582,0.0,0.4987212276214835,0.0,1,1
SUP037,2023-10,21,10,1.5238095238095237,32,2,8,470050.49000000005,0,0.47619047619047616,0.09523809523809523,0.0,0.0,0.0,0.0,470050.49000000005,1.0,0.0,0.027458658930543455,0.0,0.0,-0.053221288515406195,0.0,0.11204481792717069,0.0,1,1
SUP037,2023-11,22,13,2.1363636363636362,47,4,21,517618.29000000004,0,0.5909090909090909,0.18181818181818182,0.0,0.0,0.0,0.0,517618.29000000004,1.0,0.0,0.03448284113547187,0.0,0.0,0.11471861471861478,0.0,0.6125541125541125,0.0,1,1
SUP037,2023-12,14,4,0.8571428571428571,12,1,2,287297.55,0,0.2857142857142857,0.07142857142857142,0.0,0.0,0.0,0.0,287297.55,1.0,0.0,0.017131474107624323,0.0,0.0,-0.30519480519480524,0.0,-1.279220779220779,0.0,1,0
SUP037,2024-01,32,18,1.0625,34,3,5,729299.14,0,0.5625,0.09375,0.0,0.0,0.0,0.0,729299.14,1.0,0.0,0.044875959026388336,0.0,0.0,0.2767857142857143,0.0,0.2053571428571429,0.0,1,1
SUP037,2024-02,24,13,1.4583333333333333,35,3,3,417137.54000000004,0,0.5416666666666666,0.125,0.0,0.0,0.0,0.0,417137.54000000004,1.0,0.0,0.03009293898380697,0.0,0.0,-0.02083333333333337,0.0,0.39583333333333326,0.0,1,1
SUP037,2024-03,22,9,1.1363636363636365,25,5,18,546917.1900000001,0,0.4090909090909091,0.22727272727272727,0.0,0.0,0.0,0.0,546917.1900000001,1.0,0.0,0.03318442346467908,0.0,0.0,-0.1325757575757575,0.0,-0.3219696969696968,0.0,1,0
SUP037,2024-04,30,19,1.7333333333333334,52,3,10,592532.51,0,0.6333333333333333,0.1,0.0,0.0,0.0,0.0,592532.51,1.0,0.0,0.03781393983873031,0.0,0.0,0.2242424242424242,0.0,0.5969696969696969,0.0,1,1
SUP037,2024-05,27,9,1.037037037037037,28,2,4,678318.65,0,0.3333333333333333,0.07407407407407407,0.0,1.0,1.0,0.037037037037037035,678318.65,1.0,0.0,0.0424486454224299,0.0,0.0,-0.3,0.037037037037037035,-0.6962962962962964,0.0,1,1
SUP037,2024-06,22,2,0.36363636363636365,8,4,10,422624.68000000005,0,0.09090909090909091,0.18181818181818182,0.0,2.0,2.0,0.09090909090909091,422624.68000000005,1.0,0.0,0.027116966070911325,0.0,0.0,-0.2424242424242424,0.05387205387205388,-0.6734006734006733,0.0,1,1
SUP037,2024-07,29,12,0.9310344827586207,27,4,15,653284.97,0,0.41379310344827586,0.13793103448275862,0.0,0.0,0.0,0.0,653284.97,1.0,0.0,0.04117982075038457,0.0,0.0,0.322884012539185,-0.09090909090909091,0.567398119122257,0.0,1,1
SUP037,2024-08,16,9,1.4375,23,2,3,184316.51,0,0.5625,0.125,0.0,0.0,0.0,0.0,184316.51,1.0,0.0,0.012021518202370138,0.0,0.0,0.14870689655172414,0.0,0.5064655172413793,0.0,1,1
SUP037,2024-09,27,14,1.2592592592592593,34,3,14,596021.74,0,0.5185185185185185,0.1111111111111111,0.0,1.0,1.0,0.037037037037037035,596021.74,1.0,0.0,0.0387512764837166,0.0,0.0,-0.04398148148148151,0.037037037037037035,-0.1782407407407407,0.0,1,1
SUP037,2024-10,25,13,1.6,40,2,12,354090.4,0,0.52,0.08,0.0,1.0,1.0,0.04,354090.4,1.0,0.0,0.023376869078888175,0.0,0.0,0.001481481481481528,0.002962962962962966,0.3407407407407408,0.0,1,1
SUP037,2024-11,17,6,1.1764705882352942,20,1,2,388930.85000000003,0,0.35294117647058826,0.058823529411764705,0.0,0.0,0.0,0.0,388930.85000000003,1.0,0.0,0.02551287933718255,0.0,0.0,-0.16705882352941176,-0.04,-0.42352941176470593,0.0,1,0
SUP037,2024-12,17,9,1.8823529411764706,32,0,0,396198.96,0,0.5294117647058824,0.0,0.0,0.0,0.0,0.0,396198.96,1.0,0.0,0.023942276993494493,0.0,0.0,0.1764705882352941,0.0,0.7058823529411764,0.0,1,1
SUP037,2025-01,14,6,0.8571428571428571,12,1,1,267282.94,0,0.42857142857142855,0.07142857142857142,0.0,0.0,0.0,0.0,267282.94,1.0,0.0,0.016284556773148894,0.0,0.0,-0.10084033613445381,0.0,-1.0252100840336134,0.0,1,0
SUP038,2022-02,10,6,1.6,16,0,0,332971.71,0,0.6,0.0,0.0,0.0,0.0,0.0,332971.71,1.0,0.0,0.03798868947314451,0.0,0.0,0.0,0.0,0.0,0.0,0,0
SUP038,2022-03,20,14,1.2,24,0,0,728774.5,0,0.7,0.0,0.0,0.0,0.0,0.0,728774.5,1.0,0.0,0.04812908108008839,0.0,0.0,0.09999999999999998,0.0,-0.40000000000000013,0.0,1,1
SUP038,2022-04,24,15,2.7083333333333335,65,3,7,545619.19,0,0.625,0.125,0.0,0.0,0.0,0.0,545619.19,1.0,0.0,0.035033877367304754,0.0,0.0,-0.07499999999999996,0.0,1.5083333333333335,0.0,1,1
SUP038,2022-05,28,21,2.7857142857142856,78,3,11,812799.6499999999,0,0.75,0.10714285714285714,0.0,0.0,0.0,0.0,812799.6499999999,1.0,0.0,0.04725653226271505,0.0,0.0,0.125,0.0,0.0773809523809521,0.0,1,1
SUP038,2022-06,22,11,1.1818181818181819,26,2,5,623418.23,0,0.5,0.09090909090909091,0.0,1.0,2.0,0.045454545454545456,623418.23,1.0,0.0,0.03895974564062131,0.0,0.0,-0.25,0.045454545454545456,-1.6038961038961037,0.0,1,1
SUP038,2022-07,26,19,2.3846153846153846,62,6,21,933623.7999999999,0,0.7307692307692307,0.23076923076923078,0.0,0.0,0.0,0.0,933623.7999999999,1.0,0.0,0.055604540156964116,0.0,0.0,0.23076923076923073,-0.045454545454545456,1.2027972027972027,0.0,1,1
SUP038,2022-08,33,22,2.303030303030303,76,7,34,831962.27,0,0.6666666666666666,0.21212121212121213,0.0,1.0,1.0,0.030303030303030304,831962.27,1.0,0.0,0.0498067105473948,0.0,0.0,-0.0641025641025641,0.030303030303030304,-0.08158508158508138,0.0,1,1
SUP038,2022-09,32,23,2.625,84,3,11,1041785.69,0,0.71875,0.09375,0.0,0.0,0.0,0.0,1041785.69,1.0,0.0,0.06766352405895344,0.0,0.0,0.05208333333333337,-0.030303030303030304,0.3219696969696968,0.0,1,1
SUP038,2022-10,29,20,2.586206896551724,75,8,35,841872.21,0,0.6896551724137931,0.27586206896551724,0.0,1.0,1.0,0.034482758620689655,841872.21,1.0,0.0,0.05091117745390259,0.0,0.0,-0.02909482758620685,0.034482758620689655,-0.0387931034482758,0.0,1,1
SUP038,2022-11,24,10,1.375,33,1,5,660287.07,0,0.4166666666666667,0.041666666666666664,0.0,0.0,0.0,0.0,660287.07,1.0,0.0,0.04277189463918736,0.0,0.0,-0.27298850574712646,-0.034482758620689655,-1.2112068965517242,0.0,1,0
SUP038,2022-12,34,25,2.4705882352941178,84,6,37,1384102.7,0,0.7352941176470589,0.17647058823529413,0.0,0.0,0.0,0.0,1384102.7,1.0,0.0,0.08019008204673288,0.0,0.0,0.3186274509803922,0.0,1.0955882352941178,0.0,1,1
SUP038,2023-01,28,18,2.5,70,4,21,1013297.84,0,0.6428571428571429,0.14285714285714285,0.0,0.0,0.0,0.0,1013297.84,1.0,0.0,0.057647711340616956,0.0,0.0,-0.09243697478991597,0.0,0.02941176470588225,0.0,1,1
SUP038,2023-02,22,15,1.9090909090909092,42,6,36,811541.7799999999,0,0.6818181818181818,0.2727272727272727,0.0,1.0,1.0,0.045454545454545456,811541.7799999999,1.0,0.0,0.055676615296437915,0.0,0.0,0.03896103896103886,0.045454545454545456,-0.5909090909090908,0.0,1,1
SUP038,2023-03,27,19,2.4444444444444446,66,6,33,784252.7999999999,0,0.7037037037037037,0.2222222222222222,0.0,1.0,2.0,0.037037037037037035,784252.7999999999,1.0,0.0,0.05379277259596647,0.0,0.0,0.021885521885521952,-0.00841750841750842,0.5353535353535355,0.0,1,1
SUP038,2023-04,24,15,2.5,60,0,0,971392.12,0,0.625,0.0,0.0,1.0,1.0,0.041666666666666664,971392.12,1.0,0.0,0.054517658895621136,0.0,0.0,-0.07870370370370372,0.004629629629629629,0.05555555555555536,0.0,1,1
SUP038,2023-05,29,19,2.5172413793103448,73,5,41,765004.4199999999,0,0.6551724137931034,0.1724137931034483,0.0,0.0,0.0,0.0,765004.4199999999,1.0,0.0,0.049239271013908126,0.0,0.0,0.030172413793103425,-0.041666666666666664,0.01724137931034475,0.0,1,1
SUP038,2023-06,30,21,2.3,69,4,58,934050.0399999999,0,0.7,0.13333333333333333,0.0,0.0,0.0,0.0,934050.0399999999,1.0,0.0,0.05413210561804185,0.0,0.0,0.04482758620689653,0.0,-0.21724137931034493,0.0,1,1
SUP038,2023-07,26,17,2.576923076923077,67,5,24,597913.74,0,0.6538461538461539,0.19230769230769232,0.0,1.0,1.0,0.038461538461538464,597913.74,1.0,0.0,0.034465290573501846,0.0,0.0,-0.0461538461538461,0.038461538461538464,0.27692307692307727,0.0,1,1
SUP038,2023-08,23,18,2.4347826086956523,56,3,35,681637.25,0,0.782608695652174,0.13043478260869565,0.0,1.0,1.0,0.043478260869565216,681637.25,1.0,0.0,0.04232770147406318,0.0,0.0,0.1287625418060201,0.0050167224080267525,-0.14214046822742477,0.0,1,1
SUP038,2023-09,22,15,2.1818181818181817,48,3,14,978838.9299999999,0,0.6818181818181818,0.13636363636363635,0.0,1.0,2.0,0.045454545454545456,978838.9299999999,1.0,0.0,0.06322744315770489,0.0,0.0,-0.10079051383399218,0.0019762845849802396,-0.25296442687747067,0.0,1,1
SUP038,2023-10,29,16,1.9310344827586208,56,7,37,859313.2599999999,0,0.5517241379310345,0.2413793103448276,0.0,1.0,5.0,0.034482758620689655,859313.2599999999,1.0,0.0,0.05019798983899241,0.0,0.0,-0.1300940438871473,-0.010971786833855801,-0.2507836990595609,0.0,1,0
SUP038,2023-11,31,16,1.6129032258064515,50,5,8,635336.33,0,0.5161290322580645,0.16129032258064516,0.0,0.0,0.0,0.0,635336.33,1.0,0.0,0.042325014703370946,0.0,0.0,-0.03559510567296997,-0.034482758620689655,-0.31813125695216926,0.0,1,0
SUP038,2023-12,25,15,2.16,54,6,20,807104.5499999999,0,0.6,0.24,0.0,0.0,0.0,0.0,807104.5499999999,1.0,0.0,0.048127422946943964,0.0,0.0,0.08387096774193548,0.0,0.5470967741935486,0.0,1,1
SUP038,2024-01,39,31,2.717948717948718,106,6,9,1190178.98,0,0.7948717948717948,0.15384615384615385,0.0,0.0,0.0,0.0,1190178.98,1.0,0.0,0.07323527508965479,0.0,0.0,0.19487179487179485,0.0,0.5579487179487179,0.0,1,1
SUP038,2024-02,26,16,2.230769230769231,58,3,8,674366.49,0,0.6153846153846154,0.11538461538461539,0.0,0.0,0.0,0.0,674366.49,1.0,0.0,0.04864982815091174,0.0,0.0,-0.1794871794871794,0.0,-0.4871794871794872,0.0,1,0
SUP038,2024-03,32,24,3.15625,101,7,37,1170691.14,0,0.75,0.21875,0.0,0.0,0.0,0.0,1170691.14,1.0,0.0,0.07103216217451108,0.0,0.0,0.13461538461538458,0.0,0.9254807692307692,0.0,1,1
SUP038,2024-04,19,15,2.473684210526316,47,3,10,661362.2799999999,0,0.7894736842105263,0.15789473684210525,0.0,0.0,0.0,0.0,661362.2799999999,1.0,0.0,0.04220648326540852,0.0,0.0,0.03947368421052633,0.0,-0.6825657894736841,0.0,1,1
SUP038,2024-05,27,18,2.2962962962962963,62,4,15,686592.24,0,0.6666666666666666,0.14814814814814814,0.0,0.0,0.0,0.0,686592.24,1.0,0.0,0.04296640015065469,0.0,0.0,-0.1228070175438597,0.0,-0.17738791423001965,0.0,1,0
SUP038,2024-06,20,11,2.2,44,4,13,532174.08,0,0.55,0.2,0.0,0.0,0.0,0.0,532174.08,1.0,0.0,0.03414600981461482,0.0,0.0,-0.11666666666666659,0.0,-0.0962962962962961,0.0,1,0
SUP038,2024-07,18,14,2.4444444444444446,44,4,16,508095.89999999997,0,0.7777777777777778,0.2222222222222222,0.0,1.0,1.0,0.05555555555555555,508095.89999999997,1.0,0.0,0.03202782713033383,0.0,0.0,0.22777777777777775,0.05555555555555555,0.24444444444444446,0.0,1,1
SUP038,2024-08,26,22,2.8076923076923075,73,2,4,975031.96,0,0.8461538461538461,0.07692307692307693,0.0,0.0,0.0,0.0,975031.96,1.0,0.0,0.06359367619879863,0.0,0.0,0.06837606837606836,-0.05555555555555555,0.36324786324786285,0.0,1,1
SUP038,2024-09,27,17,2.7777777777777777,75,3,5,821842.96,0,0.6296296296296297,0.1111111111111111,0.0,1.0,5.0,0.037037037037037035,821842.96,1.0,0.0,0.05343339283086561,0.0,0.0,-0.2165242165242165,0.037037037037037035,-0.029914529914529808,0.0,1,1
SUP038,2024-10,22,13,2.1818181818181817,48,1,13,571436.49,0,0.5909090909090909,0.045454545454545456,0.0,0.0,0.0,0.0,571436.49,1.0,0.0,0.0377259479885063,0.0,0.0,-0.03872053872053871,-0.037037037037037035,-0.595959595959596,0.0,1,0
SUP038,2024-11,35,25,1.8857142857142857,66,1,3,1197315.25,0,0.7142857142857143,0.02857142857142857,0.0,0.0,0.0,0.0,1197315.25,1.0,0.0,0.07854084987554615,0.0,0.0,0.12337662337662336,0.0,-0.296103896103896,0.0,1,1
SUP038,2024-12,34,24,2.5294117647058822,86,5,21,929450.72,0,0.7058823529411765,0.14705882352941177,0.0,0.0,0.0,0.0,929450.72,1.0,0.0,0.05616664564198475,0.0,0.0,-0.008403361344537785,0.0,0.6436974789915966,0.0,1,1
SUP038,2025-01,32,22,2.3125,74,3,10,1228563.53,0,0.6875,0.09375,0.0,1.0,1.0,0.03125,1228563.53,1.0,0.0,0.07485181266602806,0.0,0.0,-0.018382352941176516,0.03125,-0.21691176470588225,0.0,1,1
SUP038,2025-02,12,10,3.5833333333333335,43,2,3,360443.44,0,0.8333333333333334,0.16666666666666666,0.0,2.0,2.0,0.16666666666666666,360443.44,1.0,0.0,0.07674541269021705,0.0,0.0,0.14583333333333337,0.13541666666666666,1.2708333333333335,0.0,1,1
SUP039,2022-02,4,2,2.5,10,0,0,154187.19,0,0.5,0.0,0.0,0.0,0.0,0.0,154187.19,1.0,0.0,0.017591192001406762,0.0,0.0,0.0,0.0,0.0,0.0,0,0
SUP039,2022-03,4,3,1.75,7,2,4,148317.54,0,0.75,0.5,0.0,0.0,0.0,0.0,148317.54,1.0,0.0,0.009795055820777557,0.0,0.0,0.25,0.0,-0.75,0.0,1,1
SUP039,2022-04,8,4,1.75,14,1,2,195692.03999999998,0,0.5,0.125,0.0,0.0,0.0,0.0,195692.03999999998,1.0,0.0,0.012565267235409546,0.0,0.0,-0.25,0.0,0.0,0.0,1,0
SUP039,2022-05,9,7,2.7777777777777777,25,1,1,250040.15,0,0.7777777777777778,0.1111111111111111,0.0,0.0,0.0,0.0,250040.15,1.0,0.0,0.01453744525535796,0.0,0.0,0.2777777777777778,0.0,1.0277777777777777,0.0,1,1
SUP039,2022-06,14,10,2.7142857142857144,38,0,0,435217.44,0,0.7142857142857143,0.0,0.0,0.0,0.0,0.0,435217.44,1.0,0.0,0.0271983717267337,0.0,0.0,-0.06349206349206349,0.0,-0.06349206349206327,0.0,1,0
SUP039,2022-07,11,7,2.6363636363636362,29,0,0,447196.44,0,0.6363636363636364,0.0,0.0,0.0,0.0,0.0,447196.44,1.0,0.0,0.02663401726266125,0.0,0.0,-0.07792207792207795,0.0,-0.07792207792207817,0.0,1,0
SUP039,2022-08,2,1,1.5,3,1,3,85571.59,0,0.5,0.5,0.0,0.0,0.0,0.0,85571.59,1.0,0.0,0.0051228758417257835,0.0,0.0,-0.13636363636363635,0.0,-1.1363636363636362,0.0,1,0
SUP039,2022-09,5,5,3.2,16,0,0,152960.61,0,1.0,0.0,0.0,0.0,0.0,0.0,152960.61,1.0,0.0,0.009934724592739601,0.0,0.0,0.5,0.0,1.7000000000000002,0.0,1,1
SUP039,2022-10,9,5,2.2222222222222223,20,3,4,149351.87,0,0.5555555555555556,0.3333333333333333,0.0,0.0,0.0,0.0,149351.87,1.0,0.0,0.009031869048916808,0.0,0.0,-0.4444444444444444,0.0,-0.9777777777777779,0.0,1,0
SUP039,2022-11,10,8,3.9,39,1,4,450381.08999999997,0,0.8,0.1,0.0,0.0,0.0,0.0,450381.08999999997,1.0,0.0,0.02917466266447162,0.0,0.0,0.24444444444444446,0.0,1.6777777777777776,0.0,1,1
SUP039,2022-12,11,7,1.7272727272727273,19,1,1,339054.55000000005,0,0.6363636363636364,0.09090909090909091,0.0,0.0,0.0,0.0,339054.55000000005,1.0,0.0,0.019643637847695912,0.0,0.0,-0.1636363636363637,0.0,-2.172727272727273,0.0,1,0
SUP039,2023-01,10,8,3.9,39,5,14,563676.79,0,0.8,0.5,0.0,0.0,0.0,0.0,563676.79,1.0,0.0,0.032068238573690795,0.0,0.0,0.1636363636363637,0.0,2.172727272727273,0.0,1,1
SUP039,2023-02,7,5,2.857142857142857,20,0,0,343670.52,0,0.7142857142857143,0.0,0.0,0.0,0.0,0.0,343670.52,1.0,0.0,0.02357785119919122,0.0,0.0,-0.08571428571428574,0.0,-1.0428571428571427,0.0,1,0
SUP039,2023-03,11,8,2.0,22,4,13,137133.2,0,0.7272727272727273,0.36363636363636365,0.0,0.0,0.0,0.0,137133.2,1.0,0.0,0.00940611884708246,0.0,0.0,0.012987012987012991,0.0,-0.8571428571428572,0.0,1,1
SUP039,2023-04,9,7,2.2222222222222223,20,0,0,280399.66,0,0.7777777777777778,0.0,0.0,0.0,0.0,0.0,280399.66,1.0,0.0,0.01573693331826507,0.0,0.0,0.0505050505050505,0.0,0.22222222222222232,0.0,1,1
SUP039,2023-05,5,5,4.8,24,1,1,162522.44,0,1.0,0.2,0.0,0.0,0.0,0.0,162522.44,1.0,0.0,0.010460706186510169,0.0,0.0,0.2222222222222222,0.0,2.5777777777777775,0.0,1,1
SUP039,2023-06,9,7,2.5555555555555554,23,1,3,220062.68,0,0.7777777777777778,0.1111111111111111,0.0,1.0,1.0,0.1111111111111111,220062.68,1.0,0.0,0.012753552514541239,0.0,0.0,-0.2222222222222222,0.1111111111111111,-2.2444444444444445,0.0,1,1
SUP039,2023-07,7,4,2.5714285714285716,18,1,5,206219.45,0,0.5714285714285714,0.14285714285714285,0.0,0.0,0.0,0.0,206219.45,1.0,0.0,0.011887021138128947,0.0,0.0,-0.2063492063492064,-0.1111111111111111,0.01587301587301626,0.0,1,1
SUP039,2023-08,5,3,1.0,5,0,0,218660.65,0,0.6,0.0,0.0,0.0,0.0,0.0,218660.65,1.0,0.0,0.01357819385211799,0.0,0.0,0.02857142857142858,0.0,-1.5714285714285716,0.0,1,1
SUP039,2023-09,7,4,2.0,14,1,1,119283.68000000001,0,0.5714285714285714,0.14285714285714285,0.0,1.0,1.0,0.14285714285714285,119283.68000000001,1.0,0.0,0.007705049181934214,0.0,0.0,-0.02857142857142858,0.14285714285714285,1.0,0.0,1,1
SUP039,2023-10,6,5,2.5,15,2,5,171619.24,0,0.8333333333333334,0.3333333333333333,0.0,1.0,1.0,0.16666666666666666,171619.24,1.0,0.0,0.010025378714271907,0.0,0.0,0.261904761904762,0.023809523809523808,0.5,0.0,1,1
SUP039,2023-11,10,5,1.6,16,0,0,380432.57,0,0.5,0.0,0.0,0.0,0.0,0.0,380432.57,1.0,0.0,0.025343764174309374,0.0,0.0,-0.33333333333333337,-0.16666666666666666,-0.8999999999999999,0.0,1,0
SUP039,2023-12,12,6,1.8333333333333333,22,3,3,353172.44,0,0.5,0.25,0.0,0.0,0.0,0.0,353172.44,1.0,0.0,0.021059575730410875,0.0,0.0,0.0,0.0,0.23333333333333317,0.0,1,1
SUP039,2024-01,11,6,1.7272727272727273,19,4,4,149509.0,0,0.5454545454545454,0.36363636363636365,0.0,0.0,0.0,0.0,149509.0,1.0,0.0,0.009199736281159325,0.0,0.0,0.045454545454545414,0.0,-0.10606060606060597,0.0,1,1
SUP039,2024-02,7,5,2.2857142857142856,16,1,5,164940.62,0,0.7142857142857143,0.14285714285714285,0.0,1.0,1.0,0.14285714285714285,164940.62,1.0,0.0,0.011899068143354567,0.0,0.0,0.1688311688311689,0.14285714285714285,0.5584415584415583,0.0,1,1
SUP039,2024-03,6,4,1.6666666666666667,10,1,1,229208.19,0,0.6666666666666666,0.16666666666666666,0.0,0.0,0.0,0.0,229208.19,1.0,0.0,0.013907300369426346,0.0,0.0,-0.04761904761904767,-0.14285714285714285,-0.6190476190476188,0.0,1,0
SUP039,2024-04,9,7,2.5555555555555554,23,1,2,328211.92,0,0.7777777777777778,0.1111111111111111,0.0,0.0,0.0,0.0,328211.92,1.0,0.0,0.020945662200432116,0.0,0.0,0.11111111111111116,0.0,0.8888888888888886,0.0,1,1
SUP039,2024-05,12,7,1.4166666666666667,17,3,13,352018.18,0,0.5833333333333334,0.25,0.0,0.0,0.0,0.0,352018.18,1.0,0.0,0.022029019701977976,0.0,0.0,-0.19444444444444442,0.0,-1.1388888888888886,0.0,1,0
SUP039,2024-06,9,6,2.2222222222222223,20,1,3,217464.37,0,0.6666666666666666,0.1111111111111111,0.0,0.0,0.0,0.0,217464.37,1.0,0.0,0.013953217173502754,0.0,0.0,0.08333333333333326,0.0,0.8055555555555556,0.0,1,1
SUP039,2024-07,11,9,2.6363636363636362,29,0,0,205887.2,0,0.8181818181818182,0.0,0.0,1.0,1.0,0.09090909090909091,205887.2,1.0,0.0,0.012978100492344985,0.0,0.0,0.1515151515151516,0.09090909090909091,0.4141414141414139,0.0,1,1
SUP039,2024-08,4,3,3.5,14,0,0,156366.41,0,0.75,0.0,0.0,0.0,0.0,0.0,156366.41,1.0,0.0,0.010198552718116635,0.0,0.0,-0.06818181818181823,-0.09090909090909091,0.8636363636363638,0.0,1,1
SUP039,2024-09,10,10,3.5,35,1,1,375914.65,0,1.0,0.1,0.0,0.0,0.0,0.0,375914.65,1.0,0.0,0.02444067314797873,0.0,0.0,0.25,0.0,0.0,0.0,1,1
SUP039,2024-10,14,11,2.7142857142857144,38,2,3,569230.64,0,0.7857142857142857,0.14285714285714285,0.0,0.0,0.0,0.0,569230.64,1.0,0.0,0.03758031888741329,0.0,0.0,-0.2142857142857143,0.0,-0.7857142857142856,0.0,1,0
SUP039,2024-11,9,8,4.444444444444445,40,1,1,121138.59,0,0.8888888888888888,0.1111111111111111,0.0,0.0,0.0,0.0,121138.59,1.0,0.0,0.007946384890132599,0.0,0.0,0.10317460317460314,0.0,1.7301587301587302,0.0,1,1
SUP039,2024-12,7,3,0.5714285714285714,4,1,3,193417.67,0,0.42857142857142855,0.14285714285714285,0.0,0.0,0.0,0.0,193417.67,1.0,0.0,0.011688217027566934,0.0,0.0,-0.4603174603174603,0.0,-3.8730158730158735,0.0,1,0
SUP039,2025-01,7,5,3.7142857142857144,26,1,1,307604.02999999997,0,0.7142857142857143,0.14285714285714285,0.0,0.0,0.0,0.0,307604.02999999997,1.0,0.0,0.018741171023427067,0.0,0.0,0.28571428571428575,0.0,3.1428571428571432,0.0,1,1
SUP039,2025-02,5,5,4.6,23,0,0,166482.22,0,1.0,0.0,0.0,0.0,0.0,0.0,166482.22,1.0,0.0,0.03544729980238649,0.0,0.0,0.2857142857142857,0.0,0.8857142857142852,0.0,1,1
SUP040,2022-02,17,11,2.4705882352941178,42,3,10,245188.71,0,0.6470588235294118,0.17647058823529413,0.0,1.0,2.0,0.058823529411764705,245188.71,1.0,0.0,0.027973540954908394,0.0,0.0,0.0,0.0,0.0,0.0,0,0
SUP040,2022-03,36,25,2.0833333333333335,75,4,12,584193.01,0,0.6944444444444444,0.1111111111111111,0.0,1.0,1.0,0.027777777777777776,584193.01,1.0,0.0,0.038580758169654526,0.0,0.0,0.04738562091503262,-0.03104575163398693,-0.38725490196078427,0.0,1,1
SUP040,2022-04,41,25,2.048780487804878,84,8,29,452996.75,0,0.6097560975609756,0.1951219512195122,0.0,1.0,1.0,0.024390243902439025,452996.75,1.0,0.0,0.029086646654212456,0.0,0.0,-0.08468834688346882,-0.003387533875338751,-0.03455284552845539,0.0,1,0
SUP040,2022-05,26,16,2.3076923076923075,60,7,22,395740.57999999996,0,0.6153846153846154,0.2692307692307692,0.0,0.0,0.0,0.0,395740.57999999996,1.0,0.0,0.02300853289791102,0.0,0.0,0.0056285178236398226,-0.024390243902439025,0.2589118198874294,0.0,1,1
SUP040,2022-06,40,24,1.95,78,6,11,522964.92,0,0.6,0.15,0.0,0.0,0.0,0.0,522964.92,1.0,0.0,0.03268204117509985,0.0,0.0,-0.015384615384615441,0.0,-0.35769230769230753,0.0,1,0
SUP040,2022-07,43,28,2.3488372093023258,101,8,16,714273.74,0,0.6511627906976745,0.18604651162790697,0.0,1.0,1.0,0.023255813953488372,714273.74,1.0,0.0,0.04254054241001027,0.0,0.0,0.05116279069767449,0.023255813953488372,0.3988372093023258,0.0,1,1
SUP040,2022-08,31,23,2.6774193548387095,83,8,18,388291.3,0,0.7419354838709677,0.25806451612903225,0.0,1.0,1.0,0.03225806451612903,388291.3,1.0,0.0,0.023245660391752666,0.0,0.0,0.09077269317329328,0.00900225056264066,0.32858214553638376,0.0,1,1
SUP040,2022-09,30,20,2.2666666666666666,68,3,17,397080.18,0,0.6666666666666666,0.1,0.0,0.0,0.0,0.0,397080.18,1.0,0.0,0.02579018369196794,0.0,0.0,-0.07526881720430112,-0.03225806451612903,-0.4107526881720429,0.0,1,0
SUP040,2022-10,36,29,2.6944444444444446,97,5,17,472367.81,0,0.8055555555555556,0.1388888888888889,0.0,0.0,0.0,0.0,472367.81,1.0,0.0,0.028565857279481105,0.0,0.0,0.13888888888888895,0.0,0.42777777777777803,0.0,1,1
SUP040,2022-11,33,17,1.696969696969697,56,7,15,354212.41,0,0.5151515151515151,0.21212121212121213,0.0,0.0,0.0,0.0,354212.41,1.0,0.0,0.022945074299899035,0.0,0.0,-0.29040404040404044,0.0,-0.9974747474747476,0.0,1,0
SUP040,2022-12,40,29,1.925,77,2,9,292029.79,0,0.725,0.05,0.0,4.0,6.0,0.1,292029.79,1.0,0.0,0.016919187297438385,0.0,0.0,0.20984848484848484,0.1,0.22803030303030303,0.0,1,1
SUP040,2023-01,38,27,2.4210526315789473,92,7,25,613168.94,0,0.7105263157894737,0.18421052631578946,0.0,1.0,1.0,0.02631578947368421,613168.94,1.0,0.0,0.03488390546273352,0.0,0.0,-0.014473684210526305,-0.0736842105263158,0.4960526315789473,0.0,1,1
SUP040,2023-02,33,19,1.8484848484848484,61,6,26,520619.18,0,0.5757575757575758,0.18181818181818182,0.0,1.0,1.0,0.030303030303030304,520619.18,1.0,0.0,0.03571758659277772,0.0,0.0,-0.13476874003189787,0.003987240829346095,-0.572567783094099,0.0,1,1
SUP040,2023-03,21,15,2.238095238095238,47,4,10,217493.41999999998,0,0.7142857142857143,0.19047619047619047,0.0,0.0,0.0,0.0,217493.41999999998,1.0,0.0,0.014918115795288237,0.0,0.0,0.1385281385281385,-0.030303030303030304,0.38961038961038974,0.0,1,1
SUP040,2023-04,28,16,2.0,56,0,0,260020.68,0,0.5714285714285714,0.0,0.0,0.0,0.0,0.0,260020.68,1.0,0.0,0.01459319923044821,0.0,0.0,-0.1428571428571429,0.0,-0.23809523809523814,0.0,1,0
SUP040,2023-05,34,19,1.911764705882353,65,8,14,486204.37,0,0.5588235294117647,0.23529411764705882,0.0,0.0,0.0,0.0,486204.37,1.0,0.0,0.03129439270766104,0.0,0.0,-0.012605042016806678,0.0,-0.08823529411764697,0.0,1,0
SUP040,2023-06,39,23,2.8205128205128207,110,7,18,394621.89999999997,0,0.5897435897435898,0.1794871794871795,0.0,2.0,2.0,0.05128205128205128,394621.89999999997,1.0,0.0,0.02286998924596411,0.0,0.0,0.03092006033182504,0.05128205128205128,0.9087481146304677,0.0,1,1
SUP040,2023-07,32,27,2.875,92,4,9,392145.58,0,0.84375,0.125,0.0,0.0,0.0,0.0,392145.58,1.0,0.0,0.022604282955287856,0.0,0.0,0.25400641025641024,-0.05128205128205128,0.054487179487179294,0.0,1,1
SUP040,2023-08,31,23,3.225806451612903,100,4,11,614434.37,0,0.7419354838709677,0.12903225806451613,0.0,0.0,0.0,0.0,614434.37,1.0,0.0,0.03815459702175032,0.0,0.0,-0.10181451612903225,0.0,0.350806451612903,0.0,1,1
SUP040,2023-09,30,19,2.1,63,3,4,353594.19,0,0.6333333333333333,0.1,0.0,0.0,0.0,0.0,353594.19,1.0,0.0,0.02284017917955072,0.0,0.0,-0.10860215053763445,0.0,-1.125806451612903,0.0,1,0
SUP040,2023-10,29,19,2.586206896551724,75,1,3,307796.87,0,0.6551724137931034,0.034482758620689655,0.0,2.0,2.0,0.06896551724137931,307796.87,1.0,0.0,0.017980386050057775,0.0,0.0,0.02183908045977012,0.06896551724137931,0.4862068965517241,0.0,1,1
SUP040,2023-11,26,14,1.6538461538461537,43,3,10,375147.31,0,0.5384615384615384,0.11538461538461539,0.0,0.0,0.0,0.0,375147.31,1.0,0.0,0.024991669233963152,0.0,0.0,-0.11671087533156499,-0.06896551724137931,-0.9323607427055705,0.0,1,0
SUP040,2023-12,40,25,2.475,99,6,16,611932.89,0,0.625,0.15,0.0,3.0,4.0,0.075,611932.89,1.0,0.0,0.036489390392082086,0.0,0.0,0.08653846153846156,0.075,0.8211538461538463,0.0,1,1
SUP040,2024-01,30,20,2.4,72,5,50,413429.62,0,0.6666666666666666,0.16666666666666666,0.0,1.0,1.0,0.03333333333333333,413429.62,1.0,0.0,0.025439561998407537,0.0,0.0,0.04166666666666663,-0.041666666666666664,-0.07500000000000018,0.0,1,1
SUP040,2024-02,35,20,2.0285714285714285,71,4,13,392219.37,0,0.5714285714285714,0.11428571428571428,0.0,0.0,0.0,0.0,392219.37,1.0,0.0,0.02829530415717849,0.0,0.0,-0.09523809523809523,-0.03333333333333333,-0.37142857142857144,0.0,1,0
SUP040,2024-03,33,20,1.3636363636363635,45,6,17,365007.2,0,0.6060606060606061,0.18181818181818182,0.0,0.0,0.0,0.0,365007.2,1.0,0.0,0.022146960662283822,0.0,0.0,0.03463203463203468,0.0,-0.6649350649350649,0.0,1,1
SUP040,2024-04,30,23,3.1333333333333333,94,3,7,437385.16,0,0.7666666666666667,0.1,0.0,0.0,0.0,0.0,437385.16,1.0,0.0,0.027912824777485086,0.0,0.0,0.16060606060606064,0.0,1.7696969696969698,0.0,1,1
SUP040,2024-05,44,27,2.227272727272727,98,10,36,512651.95,0,0.6136363636363636,0.22727272727272727,0.0,0.0,0.0,0.0,512651.95,1.0,0.0,0.03208135416985403,0.0,0.0,-0.15303030303030307,0.0,-0.9060606060606062,0.0,1,0
SUP040,2024-06,27,20,1.9259259259259258,52,2,5,314045.89,0,0.7407407407407407,0.07407407407407407,0.0,0.0,0.0,0.0,314045.89,1.0,0.0,0.020150199803379086,0.0,0.0,0.12710437710437705,0.0,-0.30134680134680125,0.0,1,1
SUP040,2024-07,33,22,2.1818181818181817,72,5,11,224117.13999999998,0,0.6666666666666666,0.15151515151515152,0.0,0.0,0.0,0.0,224117.13999999998,1.0,0.0,0.014127224834651933,0.0,0.0,-0.07407407407407407,0.0,0.25589225589225584,0.0,1,1
SUP040,2024-08,39,29,2.6153846153846154,102,7,33,429871.23,0,0.7435897435897436,0.1794871794871795,0.0,0.0,0.0,0.0,429871.23,1.0,0.0,0.028037123837252775,0.0,0.0,0.07692307692307698,0.0,0.43356643356643376,0.0,1,1
SUP040,2024-09,31,21,2.5806451612903225,80,2,10,306790.61,0,0.6774193548387096,0.06451612903225806,0.0,0.0,0.0,0.0,306790.61,1.0,0.0,0.019946466635123193,0.0,0.0,-0.06617038875103398,0.0,-0.03473945409429291,0.0,1,0
SUP040,2024-10,39,25,1.8461538461538463,72,6,19,413187.86,0,0.6410256410256411,0.15384615384615385,0.0,0.0,0.0,0.0,413187.86,1.0,0.0,0.02727845349155463,0.0,0.0,-0.03639371381306855,0.0,-0.7344913151364763,0.0,1,0
SUP040,2024-11,27,18,2.6666666666666665,72,4,4,204496.88,0,0.6666666666666666,0.14814814814814814,0.0,0.0,0.0,0.0,204496.88,1.0,0.0,0.013414477725976995,0.0,0.0,0.02564102564102555,0.0,0.8205128205128203,0.0,1,1
SUP040,2024-12,36,21,2.0277777777777777,73,8,49,498839.55,0,0.5833333333333334,0.2222222222222222,0.0,1.0,1.0,0.027777777777777776,498839.55,1.0,0.0,0.030144841070279805,0.0,0.0,-0.08333333333333326,0.027777777777777776,-0.6388888888888888,0.0,1,1
SUP040,2025-01,39,31,2.1538461538461537,84,10,21,467180.54,0,0.7948717948717948,0.2564102564102564,0.0,2.0,2.0,0.05128205128205128,467180.54,1.0,0.0,0.028463575067456073,0.0,0.0,0.21153846153846145,0.023504273504273504,0.12606837606837606,0.0,1,1
SUP040,2025-02,18,15,4.333333333333333,78,3,5,214230.69,0,0.8333333333333334,0.16666666666666666,0.0,0.0,0.0,0.0,214230.69,1.0,0.0,0.04561387693714152,0.0,0.0,0.03846153846153855,-0.05128205128205128,2.1794871794871793,0.0,1,1
