supplier_id,period,n_orders,late_orders,avg_days_late,total_days_late,short_orders,total_short_qty,total_spend,critical_orders,late_delivery_rate,short_delivery_rate,critical_component_exposure,quality_events,total_scrap_qty,quality_event_rate,estimated_quality_cost,rework_cost_ratio,supplier_fault_rate,spend_share,route_deviation_flag,transit_delay_rate,late_rate_trend,quality_rate_trend,avg_days_late_trend,transit_delay_trend,has_trend_data,is_worsening,period_N,current_risk_N,period_N1,target_risk_N1,target_risk_score_N1,target_low_boundary,target_high_boundary
SUP001,2022-02,15,4,0.6666666666666666,10,2,9,189184.54,0,0.2666666666666666,0.1333333333333333,0.0,0.0,0.0,0.0,189184.54,1.0,0.0,0.0215840341006137,0.0,0.0,0.0,0.0,0.0,0.0,0,0,2022-02,Low,2022-03,Medium,0.22386904761904758,0.18240620490620488,0.34344973544973545
SUP001,2022-03,24,13,1.3333333333333333,32,2,2,271663.79000000004,0,0.5416666666666666,0.0833333333333333,0.0,0.0,0.0,0.0,271663.79000000004,1.0,0.0,0.0179409797892682,0.0,0.0,0.2749999999999999,0.0,0.6666666666666666,0.0,1,1,2022-03,Medium,2022-04,Low,0.17085714285714285,0.18240620490620488,0.34344973544973545
SUP001,2022-04,15,6,1.2,18,1,2,202840.37,0,0.4,0.0666666666666666,0.0,0.0,0.0,0.0,202840.37,1.0,0.0,0.0130242571704978,0.0,0.0,-0.1416666666666666,0.0,-0.1333333333333333,0.0,1,0,2022-04,Low,2022-05,Medium,0.2432330827067669,0.18240620490620488,0.34344973544973545
SUP001,2022-05,19,11,1.5789473684210529,30,0,0,279247.02,0,0.5789473684210527,0.0,0.0,0.0,0.0,0.0,279247.02,1.0,0.0,0.0162355456352583,0.0,0.0,0.1789473684210526,0.0,0.3789473684210527,0.0,1,1,2022-05,Medium,2022-06,Medium,0.22622857142857142,0.18240620490620488,0.34344973544973545
SUP001,2022-06,25,13,1.72,43,6,10,264409.33,0,0.52,0.24,0.0,0.0,0.0,0.0,264409.33,1.0,0.0,0.0165239316819578,0.0,0.0,-0.0589473684210526,0.0,0.1410526315789473,0.0,1,1,2022-06,Medium,2022-07,Medium,0.18288766788766786,0.18240620490620488,0.34344973544973545
SUP001,2022-07,18,7,0.7222222222222222,13,1,3,210424.36,0,0.3888888888888889,0.0555555555555555,0.0,1.0,1.0,0.0555555555555555,210424.36,1.0,0.0,0.012532403068156,0.0,0.0,-0.1311111111111111,0.0555555555555555,-0.9977777777777778,0.0,1,1,2022-07,Medium,2022-08,Low,0.16039682539682537,0.18240620490620488,0.34344973544973545
SUP001,2022-08,18,7,0.9444444444444444,17,0,0,215241.86,0,0.3888888888888889,0.0,0.0,0.0,0.0,0.0,215241.86,1.0,0.0,0.0128857874993572,0.0,0.0,0.0,-0.0555555555555555,0.2222222222222222,0.0,1,1,2022-08,Low,2022-09,Low,0.11883116883116883,0.18240620490620488,0.34344973544973545
SUP001,2022-09,11,3,0.9090909090909092,10,3,13,202034.76,0,0.2727272727272727,0.2727272727272727,0.0,0.0,0.0,0.0,202034.76,1.0,0.0,0.0131220691311328,0.0,0.0,-0.1161616161616161,0.0,-0.0353535353535353,0.0,1,0,2022-09,Low,2022-10,Medium,0.24099424385138668,0.18240620490620488,0.34344973544973545
SUP001,2022-10,21,11,1.238095238095238,26,0,0,247777.09,0,0.5238095238095238,0.0,0.0,1.0,1.0,0.0476190476190476,247777.09,1.0,0.0,0.014984012119846,0.0,0.0,0.2510822510822511,0.0476190476190476,0.3290043290043291,0.0,1,1,2022-10,Medium,2022-11,Medium,0.20622448979591834,0.18240620490620488,0.34344973544973545
SUP001,2022-11,14,7,1.2142857142857142,17,0,0,159978.30000000002,0,0.5,0.0,0.0,0.0,0.0,0.0,159978.30000000002,1.0,0.0,0.0103630304197177,0.0,0.0,-0.0238095238095238,-0.0476190476190476,-0.0238095238095239,0.0,1,0,2022-11,Medium,2022-12,Medium,0.22952380952380952,0.18240620490620488,0.34344973544973545
SUP001,2022-12,15,8,1.6666666666666667,25,0,0,220424.57,0,0.5333333333333333,0.0,0.0,0.0,0.0,0.0,220424.57,1.0,0.0,0.0127706306428098,0.0,0.0,0.0333333333333333,0.0,0.4523809523809525,0.0,1,1,2022-12,Medium,2023-01,Medium,0.211,0.18240620490620488,0.34344973544973545
SUP001,2023-01,20,10,1.4,28,1,1,310601.5,0,0.5,0.05,0.0,0.0,0.0,0.0,310601.5,1.0,0.0,0.0176704863142337,0.0,0.0,-0.0333333333333333,0.0,-0.2666666666666668,0.0,1,0,2023-01,Medium,2023-02,Low,0.13687179487179485,0.18240620490620488,0.34344973544973545
SUP001,2023-02,15,4,0.4666666666666667,7,2,3,199498.81,0,0.2666666666666666,0.1333333333333333,0.0,1.0,1.0,0.0666666666666666,199498.81,1.0,0.0,0.0136868104270209,0.0,0.0,-0.2333333333333333,0.0666666666666666,-0.9333333333333332,0.0,1,1,2023-02,Low,2023-03,Medium,0.21724489795918367,0.18240620490620488,0.34344973544973545
SUP001,2023-03,14,7,1.6428571428571428,23,0,0,207190.16,0,0.5,0.0,0.0,0.0,0.0,0.0,207190.16,1.0,0.0,0.0142114037221185,0.0,0.0,0.2333333333333333,-0.0666666666666666,1.176190476190476,0.0,1,1,2023-03,Medium,2023-04,Medium,0.1931868131868132,0.18240620490620488,0.34344973544973545
SUP001,2023-04,13,6,1.2307692307692308,16,1,2,188985.02,0,0.4615384615384615,0.0769230769230769,0.0,0.0,0.0,0.0,188985.02,1.0,0.0,0.0106064488733366,0.0,0.0,-0.0384615384615384,0.0,-0.4120879120879119,0.0,1,0,2023-04,Medium,2023-05,Low,0.13809523809523808,0.18240620490620488,0.34344973544973545
SUP001,2023-05,24,8,0.8333333333333334,20,2,2,288302.32,0,0.3333333333333333,0.0833333333333333,0.0,0.0,0.0,0.0,288302.32,1.0,0.0,0.0185564889525977,0.0,0.0,-0.1282051282051282,0.0,-0.3974358974358974,0.0,1,0,2023-05,Low,2023-06,Medium,0.19169642857142855,0.18240620490620488,0.34344973544973545
SUP001,2023-06,16,7,1.5,24,2,4,232803.54,0,0.4375,0.125,0.0,0.0,0.0,0.0,232803.54,1.0,0.0,0.0134919386283994,0.0,0.0,0.1041666666666666,0.0,0.6666666666666666,0.0,1,1,2023-06,Medium,2023-07,Low,0.16582010582010578,0.18240620490620488,0.34344973544973545
SUP001,2023-07,27,10,1.4074074074074074,38,4,17,430204.78,0,0.3703703703703703,0.1481481481481481,0.0,0.0,0.0,0.0,430204.78,1.0,0.0,0.0247981134349069,0.0,0.0,-0.0671296296296296,0.0,-0.0925925925925925,0.0,1,0,2023-07,Low,2023-08,Low,0.12755102040816324,0.18240620490620488,0.34344973544973545
SUP001,2023-08,28,8,1.0714285714285714,30,0,0,319183.06,0,0.2857142857142857,0.0,0.0,0.0,0.0,0.0,319183.06,1.0,0.0,0.0198203447350595,0.0,0.0,-0.0846560846560846,0.0,-0.335978835978836,0.0,1,0,2023-08,Low,2023-09,Low,0.17588235294117646,0.18240620490620488,0.34344973544973545
SUP001,2023-09,17,7,1.2352941176470589,21,2,10,230636.79,0,0.4117647058823529,0.1176470588235294,0.0,0.0,0.0,0.0,230636.79,1.0,0.0,0.0148978285220026,0.0,0.0,0.1260504201680672,0.0,0.1638655462184874,0.0,1,1,2023-09,Low,2023-10,Low,0.176,0.18240620490620488,0.34344973544973545
SUP001,2023-10,20,8,1.4,28,3,17,336665.23,0,0.4,0.15,0.0,0.0,0.0,0.0,336665.23,1.0,0.0,0.0196667718064562,0.0,0.0,-0.0117647058823529,0.0,0.164705882352941,0.0,1,1,2023-10,Low,2023-11,Low,0.14238095238095239,0.18240620490620488,0.34344973544973545
SUP001,2023-11,9,3,1.0,9,1,2,126315.97,0,0.3333333333333333,0.1111111111111111,0.0,0.0,0.0,0.0,126315.97,1.0,0.0,0.0084149528919911,0.0,0.0,-0.0666666666666667,0.0,-0.3999999999999999,0.0,1,0,2023-11,Low,2023-12,Low,0.1627210884353741,0.18240620490620488,0.34344973544973545
SUP001,2023-12,21,8,1.1428571428571428,24,0,0,247535.0,0,0.3809523809523809,0.0,0.0,0.0,0.0,0.0,247535.0,1.0,0.0,0.0147604441570448,0.0,0.0,0.0476190476190476,0.0,0.1428571428571428,0.0,1,1,2023-12,Low,2024-01,Medium,0.19992857142857143,0.18240620490620488,0.34344973544973545
SUP001,2024-01,20,9,1.65,33,2,6,272790.01,0,0.45,0.1,0.0,0.0,0.0,0.0,272790.01,1.0,0.0,0.016785585831855,0.0,0.0,0.069047619047619,0.0,0.5071428571428571,0.0,1,1,2024-01,Medium,2024-02,Low,0.11591836734693878,0.18240620490620488,0.34344973544973545
SUP001,2024-02,21,6,0.6190476190476191,13,3,7,292749.59,0,0.2857142857142857,0.1428571428571428,0.0,0.0,0.0,0.0,292749.59,1.0,0.0,0.0211194023664341,0.0,0.0,-0.1642857142857143,0.0,-1.0309523809523808,0.0,1,0,2024-02,Low,2024-03,Medium,0.20467532467532465,0.18240620490620488,0.34344973544973545
SUP001,2024-03,22,10,1.7727272727272727,39,0,0,314084.67000000004,0,0.4545454545454545,0.0,0.0,0.0,0.0,0.0,314084.67000000004,1.0,0.0,0.0190572153949741,0.0,0.0,0.1688311688311688,0.0,1.1536796536796536,0.0,1,1,2024-03,Medium,2024-04,Low,0.17935714285714285,0.18240620490620488,0.34344973544973545
SUP001,2024-04,20,9,0.85,17,3,9,276146.67000000004,0,0.45,0.15,0.0,0.0,0.0,0.0,276146.67000000004,1.0,0.0,0.0176229884264843,0.0,0.0,-0.0045454545454545,0.0,-0.9227272727272728,0.0,1,0,2024-04,Low,2024-05,Low,0.08028571428571428,0.18240620490620488,0.34344973544973545
SUP001,2024-05,20,4,0.4,8,0,0,224869.91,0,0.2,0.0,0.0,0.0,0.0,0.0,224869.91,1.0,0.0,0.0140721813793026,0.0,0.0,-0.25,0.0,-0.4499999999999999,0.0,1,0,2024-05,Low,2024-06,Low,0.16468253968253968,0.18240620490620488,0.34344973544973545
SUP001,2024-06,18,7,1.1111111111111112,20,2,7,262148.51,0,0.3888888888888889,0.1111111111111111,0.0,0.0,0.0,0.0,262148.51,1.0,0.0,0.0168202960868493,0.0,0.0,0.1888888888888888,0.0,0.7111111111111111,0.0,1,1,2024-06,Low,2024-07,Medium,0.246,0.18240620490620488,0.34344973544973545
SUP001,2024-07,15,9,1.4,21,1,1,218415.68,0,0.6,0.0666666666666666,0.0,0.0,0.0,0.0,218415.68,1.0,0.0,0.0137678332802809,0.0,0.0,0.211111111111111,0.0,0.2888888888888887,0.0,1,1,2024-07,Medium,2024-08,Medium,0.24521008403361344,0.18240620490620488,0.34344973544973545
SUP001,2024-08,17,10,1.5294117647058822,26,3,33,232980.03,0,0.5882352941176471,0.1764705882352941,0.0,0.0,0.0,0.0,232980.03,1.0,0.0,0.0151954573761934,0.0,0.0,-0.0117647058823529,0.0,0.1294117647058823,0.0,1,1,2024-08,Medium,2024-09,Low,0.17241071428571428,0.18240620490620488,0.34344973544973545
SUP001,2024-09,16,7,0.75,12,2,4,203368.37,0,0.4375,0.125,0.0,0.0,0.0,0.0,203368.37,1.0,0.0,0.0132223095317173,0.0,0.0,-0.150735294117647,0.0,-0.7794117647058822,0.0,1,0,2024-09,Low,2024-10,Low,0.09887755102040813,0.18240620490620488,0.34344973544973545
SUP001,2024-10,14,3,0.9285714285714286,13,3,15,179380.03,0,0.2142857142857142,0.2142857142857142,0.0,0.0,0.0,0.0,179380.03,1.0,0.0,0.011842578834888,0.0,0.0,-0.2232142857142857,0.0,0.1785714285714286,0.0,1,1,2024-10,Low,2024-11,Medium,0.2577922077922078,0.18240620490620488,0.34344973544973545
SUP001,2024-11,11,7,1.3636363636363635,15,0,0,87103.59,0,0.6363636363636364,0.0,0.0,0.0,0.0,0.0,87103.59,1.0,0.0,0.0057137750361161,0.0,0.0,0.422077922077922,0.0,0.4350649350649349,0.0,1,1,2024-11,Medium,2024-12,Low,0.12171428571428572,0.18240620490620488,0.34344973544973545
SUP001,2024-12,20,6,0.65,13,1,3,238622.11,0,0.3,0.05,0.0,0.0,0.0,0.0,238622.11,1.0,0.0,0.014419918352113,0.0,0.0,-0.3363636363636363,0.0,-0.7136363636363635,0.0,1,0,2024-12,Low,2025-01,Medium,0.22345864661654136,0.18240620490620488,0.34344973544973545
SUP001,2025-01,19,10,1.5263157894736843,29,1,7,517827.48,0,0.5263157894736842,0.0526315789473684,0.0,0.0,0.0,0.0,517827.48,1.0,0.0,0.0315493050052376,0.0,0.0,0.2263157894736842,0.0,0.8763157894736843,0.0,1,1,2025-01,Medium,2025-02,Medium,0.3087755102040816,0.18240620490620488,0.34344973544973545
SUP002,2022-03,18,9,1.5,27,3,13,279858.91,0,0.5,0.1666666666666666,0.0,1.0,1.0,0.0555555555555555,279858.91,1.0,0.0,0.0184821946574354,0.0,0.0,0.0,0.0,0.0,0.0,0,0,2022-03,Medium,2022-04,Medium,0.3383571428571428,0.18240620490620488,0.34344973544973545
SUP002,2022-04,20,15,2.95,59,4,19,340380.48,0,0.75,0.2,0.0,0.0,0.0,0.0,340380.48,1.0,0.0,0.0218556242395805,0.0,0.0,0.25,-0.0555555555555555,1.4500000000000002,0.0,1,1,2022-04,Medium,2022-05,Medium,0.2893167701863354,0.18240620490620488,0.34344973544973545
SUP002,2022-05,23,16,1.7826086956521738,41,2,3,317728.89,0,0.6956521739130435,0.0869565217391304,0.0,0.0,0.0,0.0,317728.89,1.0,0.0,0.0184728986301626,0.0,0.0,-0.0543478260869565,0.0,-1.1673913043478263,0.0,1,0,2022-05,Medium,2022-06,Medium,0.34119047619047616,0.18240620490620488,0.34344973544973545
SUP002,2022-06,30,23,2.833333333333333,85,3,26,497153.36,0,0.7666666666666667,0.1,0.0,0.0,0.0,0.0,497153.36,1.0,0.0,0.0310689798884774,0.0,0.0,0.0710144927536232,0.0,1.0507246376811596,0.0,1,1,2022-06,Medium,2022-07,Medium,0.28304347826086956,0.18240620490620488,0.34344973544973545
SUP002,2022-07,23,15,2.130434782608696,49,4,33,318916.82,0,0.6521739130434783,0.1739130434782608,0.0,0.0,0.0,0.0,318916.82,1.0,0.0,0.018993970723991,0.0,0.0,-0.1144927536231884,0.0,-0.7028985507246377,0.0,1,0,2022-07,Medium,2022-08,Medium,0.2865384615384616,0.18240620490620488,0.34344973544973545
SUP002,2022-08,28,16,2.5,70,1,2,457907.42,0,0.5714285714285714,0.0357142857142857,0.0,1.0,1.0,0.0357142857142857,457907.42,1.0,0.0,0.0274133372964669,0.0,0.0,-0.0807453416149068,0.0357142857142857,0.3695652173913042,0.0,1,1,2022-08,Medium,2022-09,Medium,0.3186309523809524,0.18240620490620488,0.34344973544973545
SUP002,2022-09,24,17,2.75,66,2,3,394063.14,0,0.7083333333333334,0.0833333333333333,0.0,0.0,0.0,0.0,394063.14,1.0,0.0,0.0255942282660234,0.0,0.0,0.1369047619047619,-0.0357142857142857,0.25,0.0,1,1,2022-09,Medium,2022-10,Medium,0.30066544566544573,0.18240620490620488,0.34344973544973545
SUP002,2022-10,18,11,2.2777777777777777,41,5,26,284026.84,0,0.6111111111111112,0.2777777777777778,0.0,1.0,1.0,0.0555555555555555,284026.84,1.0,0.0,0.0171761707788302,0.0,0.0,-0.0972222222222222,0.0555555555555555,-0.4722222222222223,0.0,1,1,2022-10,Medium,2022-11,High,0.3637912087912088,0.18240620490620488,0.34344973544973545
SUP002,2022-11,26,21,3.1538461538461537,82,1,6,400599.61,0,0.8076923076923077,0.0384615384615384,0.0,0.0,0.0,0.0,400599.61,1.0,0.0,0.0259499316129566,0.0,0.0,0.1965811965811965,-0.0555555555555555,0.8760683760683761,0.0,1,1,2022-11,High,2022-12,Medium,0.3017355058734369,0.18240620490620488,0.34344973544973545
SUP002,2022-12,29,19,1.9655172413793105,57,4,36,421224.52,0,0.6551724137931034,0.1379310344827586,0.0,1.0,1.0,0.0344827586206896,421224.52,1.0,0.0,0.0244042792625833,0.0,0.0,-0.1525198938992042,0.0344827586206896,-1.1883289124668437,0.0,1,1,2022-12,Medium,2023-01,Medium,0.3315646258503401,0.18240620490620488,0.34344973544973545
SUP002,2023-01,21,16,2.523809523809524,53,4,43,437173.79,0,0.7619047619047619,0.1904761904761904,0.0,0.0,0.0,0.0,437173.79,1.0,0.0,0.0248713334389457,0.0,0.0,0.1067323481116584,-0.0344827586206896,0.5582922824302134,0.0,1,1,2023-01,Medium,2023-02,High,0.45626373626373623,0.18240620490620488,0.34344973544973545
SUP002,2023-02,14,12,3.0,42,3,15,251064.72,0,0.8571428571428571,0.2142857142857142,0.0,1.0,5.0,0.0714285714285714,251064.72,1.0,0.0,0.0172245399737126,0.0,0.0,0.0952380952380952,0.0714285714285714,0.4761904761904763,0.0,1,1,2023-02,High,2023-03,Medium,0.26630952380952383,0.18240620490620488,0.34344973544973545
SUP002,2023-03,24,14,2.4166666666666665,58,4,32,339679.06,0,0.5833333333333334,0.1666666666666666,0.0,0.0,0.0,0.0,339679.06,1.0,0.0,0.0232989648620848,0.0,0.0,-0.2738095238095237,-0.0714285714285714,-0.5833333333333335,0.0,1,0,2023-03,Medium,2023-04,High,0.3488198757763975,0.18240620490620488,0.34344973544973545
SUP002,2023-04,23,18,2.9130434782608696,67,2,6,373301.15,0,0.782608695652174,0.0869565217391304,0.0,0.0,0.0,0.0,373301.15,1.0,0.0,0.0209508645808688,0.0,0.0,0.1992753623188405,0.0,0.4963768115942031,0.0,1,1,2023-04,High,2023-05,High,0.34685714285714286,0.18240620490620488,0.34344973544973545
SUP002,2023-05,15,12,2.6,39,2,18,213005.47,0,0.8,0.1333333333333333,0.0,0.0,0.0,0.0,213005.47,1.0,0.0,0.013710030675084,0.0,0.0,0.017391304347826,0.0,-0.3130434782608695,0.0,1,1,2023-05,High,2023-06,Medium,0.30074285714285715,0.18240620490620488,0.34344973544973545
SUP002,2023-06,25,17,2.44,61,5,26,490780.63,0,0.68,0.2,0.0,0.0,0.0,0.0,490780.63,1.0,0.0,0.0284427897443793,0.0,0.0,-0.12,0.0,-0.1600000000000001,0.0,1,0,2023-06,Medium,2023-07,Medium,0.22481203007518796,0.18240620490620488,0.34344973544973545
SUP002,2023-07,19,10,1.5789473684210529,30,3,8,467604.44,0,0.5263157894736842,0.1578947368421052,0.0,0.0,0.0,0.0,467604.44,1.0,0.0,0.0269539263273321,0.0,0.0,-0.1536842105263158,0.0,-0.8610526315789473,0.0,1,0,2023-07,Medium,2023-08,High,0.37864661654135334,0.18240620490620488,0.34344973544973545
SUP002,2023-08,19,16,3.263157894736842,62,3,24,287155.51,0,0.8421052631578947,0.1578947368421052,0.0,0.0,0.0,0.0,287155.51,1.0,0.0,0.0178315265251603,0.0,0.0,0.3157894736842105,0.0,1.6842105263157894,0.0,1,1,2023-08,High,2023-09,Medium,0.3211764705882353,0.18240620490620488,0.34344973544973545
SUP002,2023-09,17,12,2.8823529411764706,49,1,2,296767.38,0,0.7058823529411765,0.0588235294117647,0.0,0.0,0.0,0.0,296767.38,1.0,0.0,0.0191694895604642,0.0,0.0,-0.1362229102167181,0.0,-0.3808049535603715,0.0,1,0,2023-09,Medium,2023-10,Medium,0.29422360248447205,0.18240620490620488,0.34344973544973545
SUP002,2023-10,23,15,2.565217391304348,59,3,11,286995.45,0,0.6521739130434783,0.1304347826086956,0.0,0.0,0.0,0.0,286995.45,1.0,0.0,0.0167652419129864,0.0,0.0,-0.0537084398976982,0.0,-0.3171355498721229,0.0,1,0,2023-10,Medium,2023-11,High,0.3806166056166056,0.18240620490620488,0.34344973544973545
SUP002,2023-11,18,13,2.7777777777777777,50,4,16,334918.63,0,0.7222222222222222,0.2222222222222222,0.0,2.0,2.0,0.1111111111111111,334918.63,1.0,0.0,0.0223117036911502,0.0,0.0,0.0700483091787439,0.1111111111111111,0.21256038647343,0.0,1,1,2023-11,High,2023-12,High,0.4657142857142857,0.18240620490620488,0.34344973544973545
SUP002,2023-12,10,10,4.5,45,2,4,175359.89,0,1.0,0.2,0.0,0.0,0.0,0.0,175359.89,1.0,0.0,0.0104566621436585,0.0,0.0,0.2777777777777778,-0.1111111111111111,1.7222222222222223,0.0,1,1,2023-12,High,2024-01,Medium,0.31390977443609025,0.18240620490620488,0.34344973544973545
SUP002,2024-01,19,13,2.8947368421052637,55,2,5,325886.48,0,0.6842105263157895,0.1052631578947368,0.0,0.0,0.0,0.0,325886.48,1.0,0.0,0.0200527705596004,0.0,0.0,-0.3157894736842105,0.0,-1.6052631578947367,0.0,1,0,2024-01,Medium,2024-02,Medium,0.32018633540372665,0.18240620490620488,0.34344973544973545
SUP002,2024-02,23,17,2.391304347826087,55,4,23,397021.44,0,0.7391304347826086,0.1739130434782608,0.0,0.0,0.0,0.0,397021.44,1.0,0.0,0.0286417328183485,0.0,0.0,0.0549199084668191,0.0,-0.5034324942791764,0.0,1,1,2024-02,Medium,2024-03,Medium,0.24301587301587302,0.18240620490620488,0.34344973544973545
SUP002,2024-03,18,10,1.8888888888888888,34,1,3,365675.45,0,0.5555555555555556,0.0555555555555555,0.0,0.0,0.0,0.0,365675.45,1.0,0.0,0.0221875070034589,0.0,0.0,-0.183574879227053,0.0,-0.5024154589371981,0.0,1,0,2024-03,Medium,2024-04,Medium,0.3422321428571429,0.18240620490620488,0.34344973544973545
SUP002,2024-04,16,13,2.25,36,0,0,244467.1,0,0.8125,0.0,0.0,0.0,0.0,0.0,244467.1,1.0,0.0,0.015601277661455,0.0,0.0,0.2569444444444444,0.0,0.3611111111111111,0.0,1,1,2024-04,Medium,2024-05,High,0.3972527472527472,0.18240620490620488,0.34344973544973545
SUP002,2024-05,15,12,3.333333333333333,50,3,7,158961.88,0,0.8,0.2,0.0,1.0,1.0,0.0666666666666666,158961.88,1.0,0.0,0.0099477089120324,0.0,0.0,-0.0124999999999999,0.0666666666666666,1.0833333333333337,0.0,1,1,2024-05,High,2024-06,High,0.3481428571428571,0.18240620490620488,0.34344973544973545
SUP002,2024-06,20,16,2.65,53,4,6,327174.78,0,0.8,0.2,0.0,0.0,0.0,0.0,327174.78,1.0,0.0,0.0209925918394493,0.0,0.0,0.0,-0.0666666666666666,-0.6833333333333336,0.0,1,0,2024-06,High,2024-07,Medium,0.30791666666666667,0.18240620490620488,0.34344973544973545
SUP002,2024-07,24,17,2.333333333333333,56,2,13,358353.05,0,0.7083333333333334,0.0833333333333333,0.0,0.0,0.0,0.0,358353.05,1.0,0.0,0.0225887859693964,0.0,0.0,-0.0916666666666666,0.0,-0.3166666666666664,0.0,1,0,2024-07,Medium,2024-08,Medium,0.31766233766233765,0.18240620490620488,0.34344973544973545
SUP002,2024-08,22,16,2.4545454545454546,54,2,8,323253.31,0,0.7272727272727273,0.0909090909090909,0.0,0.0,0.0,0.0,323253.31,1.0,0.0,0.0210832743639807,0.0,0.0,0.0189393939393939,0.0,0.1212121212121211,0.0,1,1,2024-08,Medium,2024-09,Medium,0.2631428571428571,0.18240620490620488,0.34344973544973545
SUP002,2024-09,15,9,2.066666666666667,31,0,0,200478.32,0,0.6,0.0,0.0,0.0,0.0,0.0,200478.32,1.0,0.0,0.013034408455153,0.0,0.0,-0.1272727272727273,0.0,-0.3878787878787877,0.0,1,0,2024-09,Medium,2024-10,High,0.3875124875124875,0.18240620490620488,0.34344973544973545
SUP002,2024-10,22,18,2.9545454545454546,65,2,11,303362.74,0,0.8181818181818182,0.0909090909090909,0.0,1.0,1.0,0.0454545454545454,303362.74,1.0,0.0,0.0200278546280633,0.0,0.0,0.2181818181818182,0.0454545454545454,0.8878787878787877,0.0,1,1,2024-10,High,2024-11,High,0.3556613756613756,0.18240620490620488,0.34344973544973545
SUP002,2024-11,27,22,2.740740740740741,74,1,2,382862.45,0,0.8148148148148148,0.037037037037037,0.0,0.0,0.0,0.0,382862.45,1.0,0.0,0.0251148076569089,0.0,0.0,-0.0033670033670034,-0.0454545454545454,-0.2138047138047136,0.0,1,0,2024-11,High,2024-12,Medium,0.3383571428571428,0.18240620490620488,0.34344973544973545
SUP002,2024-12,20,15,2.95,59,3,11,301099.72,0,0.75,0.15,0.0,0.0,0.0,0.0,301099.72,1.0,0.0,0.0181954361992864,0.0,0.0,-0.0648148148148147,0.0,0.2092592592592592,0.0,1,1,2024-12,Medium,2025-01,High,0.4279670329670329,0.18240620490620488,0.34344973544973545
SUP002,2025-01,22,19,3.909090909090909,86,6,24,325760.23,0,0.8636363636363636,0.2727272727272727,0.0,1.0,1.0,0.0454545454545454,325760.23,1.0,0.0,0.019847360852395,0.0,0.0,0.1136363636363636,0.0454545454545454,0.959090909090909,0.0,1,1,2025-01,High,2025-02,Medium,0.31486772486772485,0.18240620490620488,0.34344973544973545
SUP002,2025-02,27,19,2.6666666666666665,72,3,16,406740.94,0,0.7037037037037037,0.1111111111111111,0.0,0.0,0.0,0.0,406740.94,1.0,0.0,0.0866030501160093,0.0,0.0,-0.1599326599326599,-0.0454545454545454,-1.2424242424242429,0.0,1,0,2025-02,Medium,2025-03,High,0.35595238095238096,0.18240620490620488,0.34344973544973545
SUP003,2022-02,10,6,2.0,20,2,5,132623.30000000002,0,0.6,0.2,0.0,0.0,0.0,0.0,132623.30000000002,1.0,0.0,0.0151309712185569,0.0,0.0,0.0,0.0,0.0,0.0,0,0,2022-02,Medium,2022-03,Medium,0.26142857142857145,0.18240620490620488,0.34344973544973545
SUP003,2022-03,10,6,2.0,20,0,0,138740.51,0,0.6,0.0,0.0,0.0,0.0,0.0,138740.51,1.0,0.0,0.0091625780744013,0.0,0.0,0.0,0.0,0.0,0.0,1,0,2022-03,Medium,2022-04,Medium,0.27514285714285713,0.18240620490620488,0.34344973544973545
SUP003,2022-04,15,9,2.533333333333333,38,1,1,231172.42,0,0.6,0.0666666666666666,0.0,0.0,0.0,0.0,231172.42,1.0,0.0,0.0148434409225655,0.0,0.0,0.0,0.0,0.5333333333333332,0.0,1,1,2022-04,Medium,2022-05,Medium,0.2588235294117647,0.18240620490620488,0.34344973544973545
SUP003,2022-05,17,10,2.0588235294117645,35,8,29,376182.71,0,0.5882352941176471,0.4705882352941176,0.0,0.0,0.0,0.0,376182.71,1.0,0.0,0.0218714296589455,0.0,0.0,-0.0117647058823529,0.0,-0.4745098039215687,0.0,1,0,2022-05,Medium,2022-06,Medium,0.29692857142857143,0.18240620490620488,0.34344973544973545
SUP003,2022-06,20,13,2.7,54,4,9,256414.65,0,0.65,0.2,0.0,0.0,0.0,0.0,256414.65,1.0,0.0,0.0160243141149865,0.0,0.0,0.0617647058823529,0.0,0.6411764705882357,0.0,1,1,2022-06,Medium,2022-07,Medium,0.1991208791208791,0.18240620490620488,0.34344973544973545
SUP003,2022-07,13,6,1.4615384615384617,19,2,6,298310.09,0,0.4615384615384615,0.1538461538461538,0.0,0.0,0.0,0.0,298310.09,1.0,0.0,0.0177666800895956,0.0,0.0,-0.1884615384615384,0.0,-1.2384615384615387,0.0,1,0,2022-07,Medium,2022-08,Medium,0.22816326530612244,0.18240620490620488,0.34344973544973545
SUP003,2022-08,21,12,1.0952380952380951,23,2,9,266855.10000000003,0,0.5714285714285714,0.0952380952380952,0.0,0.0,0.0,0.0,266855.10000000003,1.0,0.0,0.0159756940946325,0.0,0.0,0.1098901098901098,0.0,-0.3663003663003661,0.0,1,1,2022-08,Medium,2022-09,Medium,0.27103174603174607,0.18240620490620488,0.34344973544973545
SUP003,2022-09,18,11,2.2222222222222223,40,5,39,315899.3,0,0.6111111111111112,0.2777777777777778,0.0,0.0,0.0,0.0,315899.3,1.0,0.0,0.0205175211091223,0.0,0.0,0.0396825396825397,0.0,1.126984126984127,0.0,1,1,2022-09,Medium,2022-10,High,0.3614285714285714,0.18240620490620488,0.34344973544973545
SUP003,2022-10,17,13,3.647058823529412,62,1,2,293096.19,0,0.7647058823529411,0.0588235294117647,0.0,0.0,0.0,0.0,293096.19,1.0,0.0,0.0177246284684379,0.0,0.0,0.1535947712418299,0.0,1.4248366013071894,0.0,1,1,2022-10,High,2022-11,Medium,0.24015873015873015,0.18240620490620488,0.34344973544973545
SUP003,2022-11,18,10,1.7777777777777777,32,3,12,269164.09,0,0.5555555555555556,0.1666666666666666,0.0,0.0,0.0,0.0,269164.09,1.0,0.0,0.0174358375640049,0.0,0.0,-0.2091503267973855,0.0,-1.869281045751634,0.0,1,0,2022-11,Medium,2022-12,Medium,0.2232142857142857,0.18240620490620488,0.34344973544973545
SUP003,2022-12,16,8,1.875,30,2,9,258432.28,0,0.5,0.125,0.0,0.0,0.0,0.0,258432.28,1.0,0.0,0.014972664771714,0.0,0.0,-0.0555555555555555,0.0,0.0972222222222223,0.0,1,1,2022-12,Medium,2023-01,High,0.35481203007518797,0.18240620490620488,0.34344973544973545
SUP003,2023-01,19,15,3.0526315789473686,58,4,7,434328.04,0,0.7894736842105263,0.2105263157894736,0.0,0.0,0.0,0.0,434328.04,1.0,0.0,0.0247094353591594,0.0,0.0,0.2894736842105263,0.0,1.1776315789473686,0.0,1,1,2023-01,High,2023-02,Medium,0.24208333333333332,0.18240620490620488,0.34344973544973545
SUP003,2023-02,24,13,2.0416666666666665,49,4,9,548308.6,0,0.5416666666666666,0.1666666666666666,0.0,0.0,0.0,0.0,548308.6,1.0,0.0,0.0376172462567835,0.0,0.0,-0.2478070175438597,0.0,-1.010964912280702,0.0,1,0,2023-02,Medium,2023-03,High,0.36840336134453777,0.18240620490620488,0.34344973544973545
SUP003,2023-03,17,14,3.117647058823529,53,1,2,162540.79,0,0.8235294117647058,0.0588235294117647,0.0,0.0,0.0,0.0,162540.79,1.0,0.0,0.011148853729357,0.0,0.0,0.2818627450980392,0.0,1.075980392156863,0.0,1,1,2023-03,High,2023-04,High,0.35157894736842105,0.18240620490620488,0.34344973544973545
SUP003,2023-04,19,16,2.210526315789474,42,3,6,395497.77,0,0.8421052631578947,0.1578947368421052,0.0,0.0,0.0,0.0,395497.77,1.0,0.0,0.0221966104880888,0.0,0.0,0.0185758513931888,0.0,-0.9071207430340557,0.0,1,1,2023-04,High,2023-05,Medium,0.30058823529411766,0.18240620490620488,0.34344973544973545
SUP003,2023-05,17,11,2.8823529411764706,49,3,10,286071.93,0,0.6470588235294118,0.1764705882352941,0.0,0.0,0.0,0.0,286071.93,1.0,0.0,0.0184129305955405,0.0,0.0,-0.1950464396284829,0.0,0.6718266253869967,0.0,1,1,2023-05,Medium,2023-06,Medium,0.3430952380952381,0.18240620490620488,0.34344973544973545
SUP003,2023-06,18,15,2.0,36,1,2,255628.26,0,0.8333333333333334,0.0555555555555555,0.0,0.0,0.0,0.0,255628.26,1.0,0.0,0.0148147265956717,0.0,0.0,0.1862745098039215,0.0,-0.8823529411764706,0.0,1,1,2023-06,Medium,2023-07,Medium,0.2681746031746032,0.18240620490620488,0.34344973544973545
SUP003,2023-07,18,11,2.111111111111111,38,2,20,521740.5,0,0.6111111111111112,0.1111111111111111,0.0,0.0,0.0,0.0,521740.5,1.0,0.0,0.0300744684951781,0.0,0.0,-0.2222222222222222,0.0,0.1111111111111111,0.0,1,1,2023-07,Medium,2023-08,Medium,0.3177857142857142,0.18240620490620488,0.34344973544973545
SUP003,2023-08,20,15,2.15,43,3,4,381854.92,0,0.75,0.15,0.0,0.0,0.0,0.0,381854.92,1.0,0.0,0.0237120859521135,0.0,0.0,0.1388888888888888,0.0,0.0388888888888887,0.0,1,1,2023-08,Medium,2023-09,Medium,0.29800904977375564,0.18240620490620488,0.34344973544973545
SUP003,2023-09,17,11,1.6470588235294117,28,3,10,163323.18,0,0.6470588235294118,0.1764705882352941,0.0,1.0,1.0,0.0588235294117647,163323.18,1.0,0.0,0.0105497511013232,0.0,0.0,-0.1029411764705882,0.0588235294117647,-0.5029411764705882,0.0,1,1,2023-09,Medium,2023-10,Medium,0.2830357142857143,0.18240620490620488,0.34344973544973545
SUP003,2023-10,24,15,2.5,60,2,5,558380.31,0,0.625,0.0833333333333333,0.0,0.0,0.0,0.0,558380.31,1.0,0.0,0.0326185693069293,0.0,0.0,-0.0220588235294117,-0.0588235294117647,0.8529411764705883,0.0,1,1,2023-10,Medium,2023-11,High,0.4172619047619047,0.18240620490620488,0.34344973544973545
SUP003,2023-11,12,11,3.75,45,3,5,138645.18000000002,0,0.9166666666666666,0.25,0.0,0.0,0.0,0.0,138645.18000000002,1.0,0.0,0.0092363036787956,0.0,0.0,0.2916666666666666,0.0,1.25,0.0,1,1,2023-11,High,2023-12,Medium,0.2977142857142857,0.18240620490620488,0.34344973544973545
SUP003,2023-12,20,14,2.05,41,2,2,298138.82,0,0.7,0.1,0.0,0.0,0.0,0.0,298138.82,1.0,0.0,0.0177779360642221,0.0,0.0,-0.2166666666666666,0.0,-1.7000000000000002,0.0,1,0,2023-12,Medium,2024-01,Medium,0.24135714285714285,0.18240620490620488,0.34344973544973545
SUP003,2024-01,20,11,1.9,38,6,10,276939.17,0,0.55,0.3,0.0,0.0,0.0,0.0,276939.17,1.0,0.0,0.0170408960659435,0.0,0.0,-0.1499999999999999,0.0,-0.1499999999999999,0.0,1,0,2024-01,Medium,2024-02,Medium,0.26979591836734695,0.18240620490620488,0.34344973544973545
SUP003,2024-02,14,8,2.7142857142857144,38,0,0,114947.72,0,0.5714285714285714,0.0,0.0,0.0,0.0,0.0,114947.72,1.0,0.0,0.0082925040126758,0.0,0.0,0.0214285714285713,0.0,0.8142857142857145,0.0,1,1,2024-02,Medium,2024-03,Medium,0.22160714285714284,0.18240620490620488,0.34344973544973545
SUP003,2024-03,16,8,1.8125,29,1,1,186436.6,0,0.5,0.0625,0.0,0.0,0.0,0.0,186436.6,1.0,0.0,0.0113121167095058,0.0,0.0,-0.0714285714285714,0.0,-0.9017857142857144,0.0,1,0,2024-03,Medium,2024-04,High,0.3462585034013605,0.18240620490620488,0.34344973544973545
SUP003,2024-04,21,16,3.095238095238096,65,5,18,207143.2,0,0.7619047619047619,0.238095238095238,0.0,0.0,0.0,0.0,207143.2,1.0,0.0,0.0132193599011167,0.0,0.0,0.2619047619047618,0.0,1.2827380952380951,0.0,1,1,2024-04,High,2024-05,Medium,0.2696031746031746,0.18240620490620488,0.34344973544973545
SUP003,2024-05,18,11,2.1666666666666665,39,2,7,183685.29,0,0.6111111111111112,0.1111111111111111,0.0,0.0,0.0,0.0,183685.29,1.0,0.0,0.0114948803847958,0.0,0.0,-0.1507936507936507,0.0,-0.9285714285714288,0.0,1,0,2024-05,Medium,2024-06,Medium,0.2888111888111888,0.18240620490620488,0.34344973544973545
SUP003,2024-06,22,14,1.5909090909090908,35,1,2,459209.9,0,0.6363636363636364,0.0454545454545454,0.0,1.0,1.0,0.0454545454545454,459209.9,1.0,0.0,0.0294643920883337,0.0,0.0,0.0252525252525251,0.0454545454545454,-0.5757575757575757,0.0,1,1,2024-06,Medium,2024-07,High,0.34793650793650793,0.18240620490620488,0.34344973544973545
SUP003,2024-07,18,14,2.9444444444444446,53,3,5,210925.23,0,0.7777777777777778,0.1666666666666666,0.0,0.0,0.0,0.0,210925.23,1.0,0.0,0.0132956727339581,0.0,0.0,0.1414141414141414,-0.0454545454545454,1.3535353535353538,0.0,1,1,2024-07,High,2024-08,Medium,0.2273015873015873,0.18240620490620488,0.34344973544973545
SUP003,2024-08,18,10,1.2777777777777777,23,5,11,330513.36,0,0.5555555555555556,0.2777777777777778,0.0,0.0,0.0,0.0,330513.36,1.0,0.0,0.0215567904002007,0.0,0.0,-0.2222222222222222,0.0,-1.666666666666667,0.0,1,0,2024-08,Medium,2024-09,High,0.43265934065934064,0.18240620490620488,0.34344973544973545
SUP003,2024-09,15,12,2.466666666666667,37,1,1,159157.22,0,0.8,0.0666666666666666,0.0,1.0,6.0,0.0666666666666666,159157.22,1.0,0.0,0.0103478531447522,0.0,0.0,0.2444444444444444,0.0666666666666666,1.188888888888889,0.0,1,1,2024-09,High,2024-10,Medium,0.24068131868131865,0.18240620490620488,0.34344973544973545
SUP003,2024-10,10,4,2.3,23,3,12,165199.04,0,0.4,0.3,0.0,1.0,1.0,0.1,165199.04,1.0,0.0,0.0109063570490417,0.0,0.0,-0.4,0.0333333333333333,-0.1666666666666669,0.0,1,1,2024-10,Medium,2024-11,High,0.3675702075702076,0.18240620490620488,0.34344973544973545
SUP003,2024-11,18,14,2.611111111111111,47,2,7,368658.95,0,0.7777777777777778,0.1111111111111111,0.0,1.0,1.0,0.0555555555555555,368658.95,1.0,0.0,0.0241830940073856,0.0,0.0,0.3777777777777777,-0.0444444444444444,0.3111111111111113,0.0,1,1,2024-11,High,2024-12,High,0.4155860805860806,0.18240620490620488,0.34344973544973545
SUP003,2024-12,18,15,3.7222222222222223,67,1,4,257643.62,0,0.8333333333333334,0.0555555555555555,0.0,1.0,1.0,0.0555555555555555,257643.62,1.0,0.0,0.0155693869455049,0.0,0.0,0.0555555555555555,0.0,1.1111111111111112,0.0,1,1,2024-12,High,2025-01,High,0.3517647058823529,0.18240620490620488,0.34344973544973545
SUP003,2025-01,17,14,2.4705882352941178,42,4,7,301625.84,0,0.8235294117647058,0.2352941176470588,0.0,0.0,0.0,0.0,301625.84,1.0,0.0,0.0183769421113398,0.0,0.0,-0.0098039215686275,-0.0555555555555555,-1.2516339869281046,0.0,1,0,2025-01,High,2025-02,High,0.42714285714285716,0.18240620490620488,0.34344973544973545
SUP004,2022-01,1,0,0.0,0,0,0,27659.88,0,0.0,0.0,0.0,0.0,0.0,0.0,27659.88,1.0,0.0,0.0261771962734564,0.0,0.0,0.0,0.0,0.0,0.0,0,0,2022-01,Low,2022-02,Medium,0.22642857142857142,0.18240620490620488,0.34344973544973545
SUP004,2022-02,8,4,2.0,16,2,13,177193.03999999998,0,0.5,0.25,0.0,0.0,0.0,0.0,177193.03999999998,1.0,0.0,0.0202159257714791,0.0,0.0,0.5,0.0,2.0,0.0,1,1,2022-02,Medium,2022-03,Low,0.13809523809523808,0.18240620490620488,0.34344973544973545
SUP004,2022-03,12,4,0.8333333333333334,10,0,0,248672.63,0,0.3333333333333333,0.0,0.0,0.0,0.0,0.0,248672.63,1.0,0.0,0.0164226179314298,0.0,0.0,-0.1666666666666666,0.0,-1.1666666666666663,0.0,1,0,2022-03,Low,2022-04,Low,0.16399999999999998,0.18240620490620488,0.34344973544973545
SUP004,2022-04,15,6,0.9333333333333332,14,1,3,149729.22999999998,0,0.4,0.0666666666666666,0.0,0.0,0.0,0.0,149729.22999999998,1.0,0.0,0.0096140230737136,0.0,0.0,0.0666666666666667,0.0,0.0999999999999999,0.0,1,1,2022-04,Low,2022-05,Medium,0.22246753246753245,0.18240620490620488,0.34344973544973545
SUP004,2022-05,22,12,1.2272727272727273,27,0,0,250511.46,0,0.5454545454545454,0.0,0.0,0.0,0.0,0.0,250511.46,1.0,0.0,0.0145648474278622,0.0,0.0,0.1454545454545454,0.0,0.2939393939393939,0.0,1,1,2022-05,Medium,2022-06,Low,0.17522267206477732,0.18240620490620488,0.34344973544973545
SUP004,2022-06,19,7,0.7368421052631579,14,1,4,204193.13,0,0.3684210526315789,0.0526315789473684,0.0,1.0,1.0,0.0526315789473684,204193.13,1.0,0.0,0.0127607952792178,0.0,0.0,-0.1770334928229665,0.0526315789473684,-0.4904306220095694,0.0,1,1,2022-06,Low,2022-07,Medium,0.20642857142857143,0.18240620490620488,0.34344973544973545
SUP004,2022-07,18,9,1.2222222222222223,22,1,5,201333.1,0,0.5,0.0555555555555555,0.0,0.0,0.0,0.0,201333.1,1.0,0.0,0.0119909480069767,0.0,0.0,0.131578947368421,-0.0526315789473684,0.4853801169590644,0.0,1,1,2022-07,Medium,2022-08,Medium,0.24807981492192016,0.18240620490620488,0.34344973544973545
SUP004,2022-08,19,10,1.4210526315789471,27,1,3,315063.99,0,0.5263157894736842,0.0526315789473684,0.0,1.0,1.0,0.0526315789473684,315063.99,1.0,0.0,0.0188617940015925,0.0,0.0,0.0263157894736841,0.0526315789473684,0.198830409356725,0.0,1,1,2022-08,Medium,2022-09,Low,0.17436974789915966,0.18240620490620488,0.34344973544973545
SUP004,2022-09,17,7,1.1764705882352942,20,0,0,247147.35,0,0.4117647058823529,0.0,0.0,0.0,0.0,0.0,247147.35,1.0,0.0,0.0160521120834666,0.0,0.0,-0.1145510835913312,-0.0526315789473684,-0.2445820433436532,0.0,1,0,2022-09,Low,2022-10,Medium,0.19221428571428573,0.18240620490620488,0.34344973544973545
SUP004,2022-10,20,9,1.35,27,1,3,158811.31,0,0.45,0.05,0.0,0.0,0.0,0.0,158811.31,1.0,0.0,0.0096039169473199,0.0,0.0,0.038235294117647,0.0,0.1735294117647059,0.0,1,1,2022-10,Medium,2022-11,Medium,0.32717755928282244,0.18240620490620488,0.34344973544973545
SUP004,2022-11,19,14,1.631578947368421,31,2,3,191767.99,0,0.7368421052631579,0.1052631578947368,0.0,1.0,1.0,0.0526315789473684,191767.99,1.0,0.0,0.012422294235519,0.0,0.0,0.2868421052631578,0.0526315789473684,0.2815789473684209,0.0,1,1,2022-11,Medium,2022-12,Medium,0.20199999999999999,0.18240620490620488,0.34344973544973545
SUP004,2022-12,20,10,1.05,21,4,13,148144.03999999998,0,0.5,0.2,0.0,0.0,0.0,0.0,148144.03999999998,1.0,0.0,0.0085829488825753,0.0,0.0,-0.2368421052631578,-0.0526315789473684,-0.581578947368421,0.0,1,0,2022-12,Medium,2023-01,Low,0.1661904761904762,0.18240620490620488,0.34344973544973545
SUP004,2023-01,24,10,0.7916666666666666,19,2,4,277018.99,0,0.4166666666666667,0.0833333333333333,0.0,0.0,0.0,0.0,277018.99,1.0,0.0,0.0157599376422131,0.0,0.0,-0.0833333333333333,0.0,-0.2583333333333334,0.0,1,0,2023-01,Low,2023-02,Medium,0.18255639097744358,0.18240620490620488,0.34344973544973545
SUP004,2023-02,19,8,1.368421052631579,26,1,2,183275.2,0,0.4210526315789473,0.0526315789473684,0.0,0.0,0.0,0.0,183275.2,1.0,0.0,0.0125737738404271,0.0,0.0,0.0043859649122806,0.0,0.5767543859649124,0.0,1,1,2023-02,Medium,2023-03,Low,0.17904761904761907,0.18240620490620488,0.34344973544973545
SUP004,2023-03,24,10,1.2916666666666667,31,3,5,314584.4,0,0.4166666666666667,0.125,0.0,0.0,0.0,0.0,314584.4,1.0,0.0,0.0215776941968693,0.0,0.0,-0.0043859649122806,0.0,-0.0767543859649122,0.0,1,0,2023-03,Low,2023-04,Low,0.11105263157894736,0.18240620490620488,0.34344973544973545
SUP004,2023-04,19,5,0.7368421052631579,14,4,11,244164.07,0,0.2631578947368421,0.2105263157894736,0.0,0.0,0.0,0.0,244164.07,1.0,0.0,0.0137032751334513,0.0,0.0,-0.1535087719298246,0.0,-0.5548245614035089,0.0,1,0,2023-04,Low,2023-05,Medium,0.21263157894736842,0.18240620490620488,0.34344973544973545
SUP004,2023-05,19,10,1.105263157894737,21,0,0,194376.65,0,0.5263157894736842,0.0,0.0,0.0,0.0,0.0,194376.65,1.0,0.0,0.0125109924830572,0.0,0.0,0.2631578947368421,0.0,0.3684210526315791,0.0,1,1,2023-05,Medium,2023-06,Low,0.15374999999999997,0.18240620490620488,0.34344973544973545
SUP004,2023-06,16,6,0.875,14,1,1,197520.51,0,0.375,0.0625,0.0,0.0,0.0,0.0,197520.51,1.0,0.0,0.0114471395012728,0.0,0.0,-0.1513157894736841,0.0,-0.2302631578947369,0.0,1,0,2023-06,Low,2023-07,Medium,0.1953246753246753,0.18240620490620488,0.34344973544973545
SUP004,2023-07,22,10,1.4090909090909092,31,2,4,198795.76,0,0.4545454545454545,0.0909090909090909,0.0,0.0,0.0,0.0,198795.76,1.0,0.0,0.0114591004936266,0.0,0.0,0.0795454545454545,0.0,0.5340909090909092,0.0,1,1,2023-07,Medium,2023-08,Medium,0.2567460317460318,0.18240620490620488,0.34344973544973545
SUP004,2023-08,18,11,1.6666666666666667,30,1,6,211032.78,0,0.6111111111111112,0.0555555555555555,0.0,0.0,0.0,0.0,211032.78,1.0,0.0,0.013104525190021,0.0,0.0,0.1565656565656566,0.0,0.2575757575757575,0.0,1,1,2023-08,Medium,2023-09,Low,0.1569642857142857,0.18240620490620488,0.34344973544973545
SUP004,2023-09,16,6,1.0,16,1,1,133508.69999999998,0,0.375,0.0625,0.0,0.0,0.0,0.0,133508.69999999998,1.0,0.0,0.0086239047933137,0.0,0.0,-0.2361111111111111,0.0,-0.6666666666666667,0.0,1,0,2023-09,Low,2023-10,Medium,0.19556390977443605,0.18240620490620488,0.34344973544973545
SUP004,2023-10,19,9,1.1578947368421053,22,2,6,309910.05,0,0.4736842105263157,0.1052631578947368,0.0,0.0,0.0,0.0,309910.05,1.0,0.0,0.0181038304248925,0.0,0.0,0.0986842105263157,0.0,0.1578947368421053,0.0,1,1,2023-10,Medium,2023-11,Medium,0.18285714285714286,0.18240620490620488,0.34344973544973545
SUP004,2023-11,15,6,1.6666666666666667,25,2,8,237508.53,0,0.4,0.1333333333333333,0.0,0.0,0.0,0.0,237508.53,1.0,0.0,0.0158224101940243,0.0,0.0,-0.0736842105263157,0.0,0.5087719298245614,0.0,1,1,2023-11,Medium,2023-12,Low,0.14441964285714284,0.18240620490620488,0.34344973544973545
SUP004,2023-12,32,11,0.9375,30,2,2,662782.0199999999,0,0.34375,0.0625,0.0,0.0,0.0,0.0,662782.0199999999,1.0,0.0,0.0395215100672767,0.0,0.0,-0.05625,0.0,-0.7291666666666667,0.0,1,0,2023-12,Low,2024-01,Medium,0.246,0.18240620490620488,0.34344973544973545
SUP004,2024-01,15,9,1.4,21,0,0,229295.96,0,0.6,0.0,0.0,0.0,0.0,0.0,229295.96,1.0,0.0,0.0141092667487258,0.0,0.0,0.25625,0.0,0.4624999999999999,0.0,1,1,2024-01,Medium,2024-02,Low,0.15438775510204078,0.18240620490620488,0.34344973544973545
SUP004,2024-02,14,5,1.1428571428571428,16,0,0,149475.19,0,0.3571428571428571,0.0,0.0,0.0,0.0,0.0,149475.19,1.0,0.0,0.0107833684119222,0.0,0.0,-0.2428571428571428,0.0,-0.2571428571428571,0.0,1,0,2024-02,Low,2024-03,Medium,0.26375,0.18240620490620488,0.34344973544973545
SUP004,2024-03,8,5,1.75,14,2,5,51928.9,0,0.625,0.25,0.0,0.0,0.0,0.0,51928.9,1.0,0.0,0.003150807177326,0.0,0.0,0.2678571428571428,0.0,0.6071428571428572,0.0,1,1,2024-03,Medium,2024-04,Low,0.1765074056378404,0.18240620490620488,0.34344973544973545
SUP004,2024-04,23,8,1.173913043478261,27,2,10,135730.45,0,0.3478260869565217,0.0869565217391304,0.0,1.0,1.0,0.0434782608695652,135730.45,1.0,0.0,0.008661977164061,0.0,0.0,-0.2771739130434782,0.0434782608695652,-0.576086956521739,0.0,1,1,2024-04,Low,2024-05,Low,0.16534798534798534,0.18240620490620488,0.34344973544973545
SUP004,2024-05,24,8,0.9583333333333334,23,1,2,310653.15,0,0.3333333333333333,0.0416666666666666,0.0,1.0,1.0,0.0416666666666666,310653.15,1.0,0.0,0.0194404287921479,0.0,0.0,-0.0144927536231884,-0.0018115942028985,-0.2155797101449276,0.0,1,0,2024-05,Low,2024-06,Low,0.1293877551020408,0.18240620490620488,0.34344973544973545
SUP004,2024-06,14,4,1.1428571428571428,16,1,1,80485.73999999999,0,0.2857142857142857,0.0714285714285714,0.0,0.0,0.0,0.0,80485.73999999999,1.0,0.0,0.0051642253376499,0.0,0.0,-0.0476190476190476,-0.0416666666666666,0.1845238095238094,0.0,1,1,2024-06,Low,2024-07,Low,0.18061224489795916,0.18240620490620488,0.34344973544973545
SUP004,2024-07,21,9,1.1904761904761905,25,0,0,152679.63999999998,0,0.4285714285714285,0.0,0.0,0.0,0.0,0.0,152679.63999999998,1.0,0.0,0.009624161730574,0.0,0.0,0.1428571428571428,0.0,0.0476190476190476,0.0,1,1,2024-07,Low,2024-08,Medium,0.19298701298701296,0.18240620490620488,0.34344973544973545
SUP004,2024-08,22,10,1.318181818181818,29,2,7,213474.2,0,0.4545454545454545,0.0909090909090909,0.0,0.0,0.0,0.0,213474.2,1.0,0.0,0.0139232452971055,0.0,0.0,0.0259740259740259,0.0,0.1277056277056276,0.0,1,1,2024-08,Medium,2024-09,Low,0.13120232708468,0.18240620490620488,0.34344973544973545
SUP004,2024-09,17,4,0.7647058823529411,13,3,3,140342.97999999998,0,0.2352941176470588,0.1764705882352941,0.0,1.0,1.0,0.0588235294117647,140342.97999999998,1.0,0.0,0.0091246161935782,0.0,0.0,-0.2192513368983957,0.0588235294117647,-0.553475935828877,0.0,1,1,2024-09,Low,2024-10,Low,0.06981366459627326,0.18240620490620488,0.34344973544973545
SUP004,2024-10,23,4,0.3478260869565217,8,3,15,349715.02,0,0.1739130434782608,0.1304347826086956,0.0,0.0,0.0,0.0,349715.02,1.0,0.0,0.0230880087047283,0.0,0.0,-0.0613810741687979,-0.0588235294117647,-0.4168797953964194,0.0,1,0,2024-10,Low,2024-11,Medium,0.2398095238095238,0.18240620490620488,0.34344973544973545
SUP004,2024-11,15,8,2.066666666666667,31,1,3,121921.33,0,0.5333333333333333,0.0666666666666666,0.0,0.0,0.0,0.0,121921.33,1.0,0.0,0.0079977306529395,0.0,0.0,0.3594202898550724,0.0,1.7188405797101451,0.0,1,1,2024-11,Medium,2024-12,Medium,0.30999999999999994,0.18240620490620488,0.34344973544973545
SUP004,2024-12,17,13,1.6470588235294117,28,0,0,221890.34,0,0.7647058823529411,0.0,0.0,0.0,0.0,0.0,221890.34,1.0,0.0,0.0134088185957395,0.0,0.0,0.2313725490196078,0.0,-0.4196078431372552,0.0,1,1,2024-12,Medium,2025-01,Low,0.15241758241758238,0.18240620490620488,0.34344973544973545
SUP004,2025-01,13,5,0.6923076923076923,9,2,4,138356.13,0,0.3846153846153846,0.1538461538461538,0.0,0.0,0.0,0.0,138356.13,1.0,0.0,0.0084295251088534,0.0,0.0,-0.3800904977375565,0.0,-0.9547511312217194,0.0,1,0,2025-01,Low,2025-02,Medium,0.27619047619047615,0.18240620490620488,0.34344973544973545
SUP005,2022-02,7,3,0.8571428571428571,6,0,0,54231.43,0,0.4285714285714285,0.0,0.0,0.0,0.0,0.0,54231.43,1.0,0.0,0.0061872552294444,0.0,0.0,0.0,0.0,0.0,0.0,0,0,2022-02,Low,2022-03,Medium,0.3363636363636363,0.18240620490620488,0.34344973544973545
SUP005,2022-03,11,8,3.1818181818181817,35,0,0,268807.65,0,0.7272727272727273,0.0,0.0,0.0,0.0,0.0,268807.65,1.0,0.0,0.0177523571170479,0.0,0.0,0.2987012987012987,0.0,2.3246753246753245,0.0,1,1,2022-03,Medium,2022-04,Medium,0.29847619047619045,0.18240620490620488,0.34344973544973545
SUP005,2022-04,15,10,2.533333333333333,38,0,0,596649.88,0,0.6666666666666666,0.0,0.0,0.0,0.0,0.0,596649.88,1.0,0.0,0.0383105270310179,0.0,0.0,-0.0606060606060606,0.0,-0.6484848484848484,0.0,1,0,2022-04,Medium,2022-05,Medium,0.32999999999999996,0.18240620490620488,0.34344973544973545
SUP005,2022-05,16,12,2.625,42,3,10,722741.9400000001,0,0.75,0.1875,0.0,0.0,0.0,0.0,722741.9400000001,1.0,0.0,0.0420205370477549,0.0,0.0,0.0833333333333333,0.0,0.0916666666666667,0.0,1,1,2022-05,Medium,2022-06,Medium,0.26485714285714285,0.18240620490620488,0.34344973544973545
SUP005,2022-06,15,9,2.1333333333333333,32,2,2,284405.07,0,0.6,0.1333333333333333,0.0,0.0,0.0,0.0,284405.07,1.0,0.0,0.0177735405429242,0.0,0.0,-0.15,0.0,-0.4916666666666667,0.0,1,0,2022-06,Medium,2022-07,High,0.40253968253968253,0.18240620490620488,0.34344973544973545
SUP005,2022-07,9,8,3.555555555555556,32,3,11,195165.72,0,0.8888888888888888,0.3333333333333333,0.0,0.0,0.0,0.0,195165.72,1.0,0.0,0.0116236326826745,0.0,0.0,0.2888888888888888,0.0,1.422222222222222,0.0,1,1,2022-07,High,2022-08,Medium,0.2227551020408163,0.18240620490620488,0.34344973544973545
SUP005,2022-08,14,7,1.8571428571428568,26,2,2,252503.98,0,0.5,0.1428571428571428,0.0,0.0,0.0,0.0,252503.98,1.0,0.0,0.0151165420565588,0.0,0.0,-0.3888888888888888,0.0,-1.6984126984126982,0.0,1,0,2022-08,Medium,2022-09,Medium,0.2633766233766234,0.18240620490620488,0.34344973544973545
SUP005,2022-09,11,6,2.8181818181818183,31,0,0,202022.63,0,0.5454545454545454,0.0,0.0,0.0,0.0,0.0,202022.63,1.0,0.0,0.0131212812929481,0.0,0.0,0.0454545454545454,0.0,0.9610389610389612,0.0,1,1,2022-09,Medium,2022-10,High,0.4614285714285714,0.18240620490620488,0.34344973544973545
SUP005,2022-10,6,6,4.333333333333333,26,3,3,113142.03,0,1.0,0.5,0.0,0.0,0.0,0.0,113142.03,1.0,0.0,0.0068421238976694,0.0,0.0,0.4545454545454546,0.0,1.5151515151515147,0.0,1,1,2022-10,High,2022-11,Medium,0.2537142857142857,0.18240620490620488,0.34344973544973545
SUP005,2022-11,10,6,1.7,17,1,2,416295.37,0,0.6,0.1,0.0,0.0,0.0,0.0,416295.37,1.0,0.0,0.0269666672473557,0.0,0.0,-0.4,0.0,-2.633333333333333,0.0,1,0,2022-11,Medium,2022-12,Medium,0.31821428571428567,0.18240620490620488,0.34344973544973545
SUP005,2022-12,12,9,2.1666666666666665,26,1,2,246132.21,0,0.75,0.0833333333333333,0.0,0.0,0.0,0.0,246132.21,1.0,0.0,0.0142600416242549,0.0,0.0,0.15,0.0,0.4666666666666665,0.0,1,1,2022-12,Medium,2023-01,Medium,0.3353571428571428,0.18240620490620488,0.34344973544973545
SUP005,2023-01,12,9,2.833333333333333,34,3,8,290664.12,0,0.75,0.25,0.0,0.0,0.0,0.0,290664.12,1.0,0.0,0.0165362252097906,0.0,0.0,0.0,0.0,0.666666666666667,0.0,1,1,2023-01,Medium,2023-02,High,0.3494285714285714,0.18240620490620488,0.34344973544973545
SUP005,2023-02,10,8,2.7,27,4,5,182684.19,0,0.8,0.4,0.0,0.0,0.0,0.0,182684.19,1.0,0.0,0.0125332270229776,0.0,0.0,0.05,0.0,-0.1333333333333333,0.0,1,1,2023-02,High,2023-03,High,0.3566964285714286,0.18240620490620488,0.34344973544973545
SUP005,2023-03,16,13,2.8125,45,2,3,465465.82,0,0.8125,0.125,0.0,0.0,0.0,0.0,465465.82,1.0,0.0,0.0319268187585113,0.0,0.0,0.0124999999999999,0.0,0.1124999999999998,0.0,1,1,2023-03,High,2023-04,Medium,0.31607142857142856,0.18240620490620488,0.34344973544973545
SUP005,2023-04,12,9,2.083333333333333,25,2,13,342557.35,0,0.75,0.1666666666666666,0.0,0.0,0.0,0.0,342557.35,1.0,0.0,0.0192254233640354,0.0,0.0,-0.0625,0.0,-0.7291666666666665,0.0,1,0,2023-04,Medium,2023-05,Medium,0.22128571428571428,0.18240620490620488,0.34344973544973545
SUP005,2023-05,10,5,1.8,18,2,14,175940.32,0,0.5,0.2,0.0,0.0,0.0,0.0,175940.32,1.0,0.0,0.0113243438498743,0.0,0.0,-0.25,0.0,-0.2833333333333334,0.0,1,0,2023-05,Medium,2023-06,High,0.3615178571428571,0.18240620490620488,0.34344973544973545
SUP005,2023-06,16,13,3.0,48,2,6,286315.04000000004,0,0.8125,0.125,0.0,0.0,0.0,0.0,286315.04000000004,1.0,0.0,0.0165931538157354,0.0,0.0,0.3125,0.0,1.2,0.0,1,1,2023-06,High,2023-07,Medium,0.28350649350649354,0.18240620490620488,0.34344973544973545
SUP005,2023-07,11,7,2.363636363636364,26,3,10,201520.44,0,0.6363636363636364,0.2727272727272727,0.0,0.0,0.0,0.0,201520.44,1.0,0.0,0.011616158078421,0.0,0.0,-0.1761363636363636,0.0,-0.6363636363636362,0.0,1,0,2023-07,Medium,2023-08,Medium,0.25175824175824174,0.18240620490620488,0.34344973544973545
SUP005,2023-08,13,7,2.4615384615384617,32,3,38,402281.59,0,0.5384615384615384,0.2307692307692307,0.0,0.0,0.0,0.0,402281.59,1.0,0.0,0.0249805230715185,0.0,0.0,-0.0979020979020979,0.0,0.0979020979020979,0.0,1,1,2023-08,Medium,2023-09,Medium,0.30833333333333335,0.18240620490620488,0.34344973544973545
SUP005,2023-09,12,8,2.9166666666666665,35,4,5,556085.67,0,0.6666666666666666,0.3333333333333333,0.0,0.0,0.0,0.0,556085.67,1.0,0.0,0.0359199803084448,0.0,0.0,0.1282051282051282,0.0,0.4551282051282048,0.0,1,1,2023-09,Medium,2023-10,Medium,0.24560439560439556,0.18240620490620488,0.34344973544973545
SUP005,2023-10,13,6,1.9230769230769231,25,2,13,276078.26,0,0.4615384615384615,0.1538461538461538,0.0,1.0,1.0,0.0769230769230769,276078.26,1.0,0.0,0.0161274989405455,0.0,0.0,-0.205128205128205,0.0769230769230769,-0.9935897435897434,0.0,1,1,2023-10,Medium,2023-11,Low,0.17134453781512604,0.18240620490620488,0.34344973544973545
SUP005,2023-11,17,7,1.0588235294117647,18,3,4,239275.51,0,0.4117647058823529,0.1764705882352941,0.0,0.0,0.0,0.0,239275.51,1.0,0.0,0.0159401233656929,0.0,0.0,-0.0497737556561086,-0.0769230769230769,-0.8642533936651584,0.0,1,0,2023-11,Low,2023-12,Medium,0.31495238095238093,0.18240620490620488,0.34344973544973545
SUP005,2023-12,15,11,2.2666666666666666,34,1,1,215895.1,0,0.7333333333333333,0.0666666666666666,0.0,0.0,0.0,0.0,215895.1,1.0,0.0,0.0128737655981158,0.0,0.0,0.3215686274509803,0.0,1.207843137254902,0.0,1,1,2023-12,Medium,2024-01,Medium,0.29428571428571426,0.18240620490620488,0.34344973544973545
SUP005,2024-01,11,8,1.5454545454545454,17,0,0,194716.78,0,0.7272727272727273,0.0,0.0,0.0,0.0,0.0,194716.78,1.0,0.0,0.0119815063007345,0.0,0.0,-0.0060606060606059,0.0,-0.7212121212121212,0.0,1,0,2024-01,Medium,2024-02,Medium,0.2562857142857143,0.18240620490620488,0.34344973544973545
SUP005,2024-02,5,3,1.8,9,1,3,140170.11,0,0.6,0.2,0.0,0.0,0.0,0.0,140170.11,1.0,0.0,0.0101120857345601,0.0,0.0,-0.1272727272727273,0.0,0.2545454545454546,0.0,1,1,2024-02,Medium,2024-03,Medium,0.30922077922077923,0.18240620490620488,0.34344973544973545
SUP005,2024-03,11,7,3.363636363636364,37,2,22,247704.78,0,0.6363636363636364,0.1818181818181818,0.0,0.0,0.0,0.0,247704.78,1.0,0.0,0.0150295885081709,0.0,0.0,0.0363636363636363,0.0,1.5636363636363635,0.0,1,1,2024-03,Medium,2024-04,Medium,0.2705952380952381,0.18240620490620488,0.34344973544973545
SUP005,2024-04,12,7,2.583333333333333,31,1,2,484429.2,0,0.5833333333333334,0.0833333333333333,0.0,0.0,0.0,0.0,484429.2,1.0,0.0,0.030915057512919,0.0,0.0,-0.0530303030303029,0.0,-0.7803030303030303,0.0,1,0,2024-04,Medium,2024-05,Medium,0.24916666666666668,0.18240620490620488,0.34344973544973545
SUP005,2024-05,12,7,1.75,21,2,16,225088.23,0,0.5833333333333334,0.1666666666666666,0.0,0.0,0.0,0.0,225088.23,1.0,0.0,0.0140858436724868,0.0,0.0,0.0,0.0,-0.8333333333333335,0.0,1,0,2024-05,Medium,2024-06,High,0.40209523809523806,0.18240620490620488,0.34344973544973545
SUP005,2024-06,15,14,2.933333333333333,44,3,4,310010.9,0,0.9333333333333332,0.2,0.0,0.0,0.0,0.0,310010.9,1.0,0.0,0.0198913017974072,0.0,0.0,0.35,0.0,1.1833333333333331,0.0,1,1,2024-06,High,2024-07,Medium,0.34295918367346934,0.18240620490620488,0.34344973544973545
SUP005,2024-07,14,11,2.642857142857143,37,2,2,200461.66,0,0.7857142857142857,0.1428571428571428,0.0,0.0,0.0,0.0,200461.66,1.0,0.0,0.0126361015563002,0.0,0.0,-0.1476190476190476,0.0,-0.2904761904761903,0.0,1,0,2024-07,Medium,2024-08,Medium,0.2513095238095238,0.18240620490620488,0.34344973544973545
SUP005,2024-08,12,7,1.8333333333333333,22,1,6,206222.98,0,0.5833333333333334,0.0833333333333333,0.0,0.0,0.0,0.0,206222.98,1.0,0.0,0.0134503051724287,0.0,0.0,-0.2023809523809523,0.0,-0.8095238095238095,0.0,1,0,2024-08,Medium,2024-09,Medium,0.20392857142857143,0.18240620490620488,0.34344973544973545
SUP005,2024-09,8,4,1.125,9,1,2,342321.14,0,0.5,0.125,0.0,0.0,0.0,0.0,342321.14,1.0,0.0,0.0222565390691303,0.0,0.0,-0.0833333333333333,0.0,-0.7083333333333333,0.0,1,0,2024-09,Medium,2024-10,Medium,0.27685714285714286,0.18240620490620488,0.34344973544973545
SUP005,2024-10,10,6,2.6,26,1,2,303769.17,0,0.6,0.1,0.0,0.0,0.0,0.0,303769.17,1.0,0.0,0.0200546869310563,0.0,0.0,0.0999999999999999,0.0,1.475,0.0,1,1,2024-10,Medium,2024-11,Medium,0.2687912087912088,0.18240620490620488,0.34344973544973545
SUP005,2024-11,13,8,2.076923076923077,27,4,20,363877.94,0,0.6153846153846154,0.3076923076923077,0.0,0.0,0.0,0.0,363877.94,1.0,0.0,0.0238694718525993,0.0,0.0,0.0153846153846154,0.0,-0.523076923076923,0.0,1,1,2024-11,Medium,2024-12,Medium,0.3332142857142857,0.18240620490620488,0.34344973544973545
SUP005,2024-12,8,6,2.75,22,0,0,157421.43,0,0.75,0.0,0.0,0.0,0.0,0.0,157421.43,1.0,0.0,0.0095129666210431,0.0,0.0,0.1346153846153845,0.0,0.6730769230769229,0.0,1,1,2024-12,Medium,2025-01,Medium,0.3363636363636363,0.18240620490620488,0.34344973544973545
SUP005,2025-01,11,8,3.1818181818181817,35,0,0,456219.35,0,0.7272727272727273,0.0,0.0,0.0,0.0,0.0,456219.35,1.0,0.0,0.0277957504735771,0.0,0.0,-0.0227272727272727,0.0,0.4318181818181816,0.0,1,1,2025-01,Medium,2025-02,Medium,0.26142857142857145,0.18240620490620488,0.34344973544973545
SUP005,2025-02,10,6,2.0,20,2,4,96191.0,0,0.6,0.2,0.0,0.0,0.0,0.0,96191.0,1.0,0.0,0.0204809331308253,0.0,0.0,-0.1272727272727273,0.0,-1.1818181818181817,0.0,1,0,2025-02,Medium,2025-03,Low,0.0,0.18240620490620488,0.34344973544973545
SUP006,2022-02,2,0,0.0,0,0,0,15722.070000000002,0,0.0,0.0,0.0,0.0,0.0,0.0,15722.070000000002,1.0,0.0,0.0017937284675176,0.0,0.0,0.0,0.0,0.0,0.0,0,0,2022-02,Low,2022-03,Medium,0.2822321428571429,0.18240620490620488,0.34344973544973545
SUP006,2022-03,32,20,2.46875,79,6,9,504764.99,0,0.625,0.1875,0.0,0.0,0.0,0.0,504764.99,1.0,0.0,0.0333352431103174,0.0,0.0,0.625,0.0,2.46875,0.0,1,1,2022-03,Medium,2022-04,Medium,0.31099999999999994,0.18240620490620488,0.34344973544973545
SUP006,2022-04,30,21,2.566666666666667,77,6,30,615874.54,0,0.7,0.2,0.0,0.0,0.0,0.0,615874.54,1.0,0.0,0.0395449307932245,0.0,0.0,0.0749999999999999,0.0,0.0979166666666668,0.0,1,1,2022-04,Medium,2022-05,Medium,0.31154440154440155,0.18240620490620488,0.34344973544973545
SUP006,2022-05,37,25,2.918918918918919,108,6,23,674829.96,0,0.6756756756756757,0.1621621621621621,0.0,0.0,0.0,0.0,674829.96,1.0,0.0,0.0392349132736298,0.0,0.0,-0.0243243243243242,0.0,0.352252252252252,0.0,1,1,2022-05,Medium,2022-06,Medium,0.2639285714285714,0.18240620490620488,0.34344973544973545
SUP006,2022-06,28,17,2.0,56,5,20,667303.01,0,0.6071428571428571,0.1785714285714285,0.0,0.0,0.0,0.0,667303.01,1.0,0.0,0.0417022702958509,0.0,0.0,-0.0685328185328185,0.0,-0.9189189189189187,0.0,1,0,2022-06,Medium,2022-07,Medium,0.3396851796851797,0.18240620490620488,0.34344973544973545
SUP006,2022-07,37,27,2.5135135135135136,93,9,40,673661.14,0,0.7297297297297297,0.2432432432432432,0.0,1.0,1.0,0.027027027027027,673661.14,1.0,0.0,0.0401217470155711,0.0,0.0,0.1225868725868726,0.027027027027027,0.5135135135135136,0.0,1,1,2022-07,Medium,2022-08,Medium,0.31503052503052503,0.18240620490620488,0.34344973544973545
SUP006,2022-08,27,18,2.2962962962962963,62,1,1,339983.47,0,0.6666666666666666,0.037037037037037,0.0,1.0,1.0,0.037037037037037,339983.47,1.0,0.0,0.0203536372883699,0.0,0.0,-0.063063063063063,0.01001001001001,-0.2172172172172173,0.0,1,1,2022-08,Medium,2022-09,Medium,0.25841836734693874,0.18240620490620488,0.34344973544973545
SUP006,2022-09,28,17,1.7857142857142858,50,5,15,640562.71,0,0.6071428571428571,0.1785714285714285,0.0,0.0,0.0,0.0,640562.71,1.0,0.0,0.0416042673223447,0.0,0.0,-0.0595238095238095,-0.037037037037037,-0.5105820105820105,0.0,1,0,2022-09,Medium,2022-10,Medium,0.3238426090038993,0.18240620490620488,0.34344973544973545
SUP006,2022-10,31,21,2.548387096774193,79,7,18,465506.83,0,0.6774193548387096,0.2258064516129032,0.0,1.0,1.0,0.032258064516129,465506.83,1.0,0.0,0.0281509480258692,0.0,0.0,0.0702764976958525,0.032258064516129,0.7626728110599077,0.0,1,1,2022-10,Medium,2022-11,Medium,0.32346938775510203,0.18240620490620488,0.34344973544973545
SUP006,2022-11,35,25,2.857142857142857,100,4,14,552187.52,0,0.7142857142857143,0.1142857142857142,0.0,0.0,0.0,0.0,552187.52,1.0,0.0,0.0357694516515584,0.0,0.0,0.0368663594470046,-0.032258064516129,0.3087557603686637,0.0,1,1,2022-11,Medium,2022-12,Medium,0.295974025974026,0.18240620490620488,0.34344973544973545
SUP006,2022-12,33,21,2.8484848484848486,94,6,21,551581.88,0,0.6363636363636364,0.1818181818181818,0.0,0.0,0.0,0.0,551581.88,1.0,0.0,0.0319567299541364,0.0,0.0,-0.0779220779220779,0.0,-0.0086580086580085,0.0,1,0,2022-12,Medium,2023-01,Medium,0.3347629513343799,0.18240620490620488,0.34344973544973545
SUP006,2023-01,35,25,2.5142857142857142,88,5,32,552874.1900000001,0,0.7142857142857143,0.1428571428571428,0.0,1.0,1.0,0.0285714285714285,552874.1900000001,1.0,0.0,0.031453665896295,0.0,0.0,0.0779220779220779,0.0285714285714285,-0.3341991341991344,0.0,1,1,2023-01,Medium,2023-02,Medium,0.255978835978836,0.18240620490620488,0.34344973544973545
SUP006,2023-02,27,16,1.8888888888888888,51,3,16,510470.55,0,0.5925925925925926,0.1111111111111111,0.0,0.0,0.0,0.0,510470.55,1.0,0.0,0.0350213299338834,0.0,0.0,-0.1216931216931217,-0.0285714285714285,-0.6253968253968254,0.0,1,0,2023-02,Medium,2023-03,Medium,0.2632275132275132,0.18240620490620488,0.34344973544973545
SUP006,2023-03,27,17,1.6666666666666667,45,2,5,546298.46,0,0.6296296296296297,0.074074074074074,0.0,0.0,0.0,0.0,546298.46,1.0,0.0,0.0374712195204233,0.0,0.0,0.037037037037037,0.0,-0.2222222222222221,0.0,1,1,2023-03,Medium,2023-04,High,0.3635054945054944,0.18240620490620488,0.34344973544973545
SUP006,2023-04,30,21,2.933333333333333,88,5,24,626143.89,0,0.7,0.1666666666666666,0.0,2.0,2.0,0.0666666666666666,626143.89,1.0,0.0,0.0351412146668405,0.0,0.0,0.0703703703703703,0.0666666666666666,1.2666666666666664,0.0,1,1,2023-04,High,2023-05,Medium,0.3067458348103509,0.18240620490620488,0.34344973544973545
SUP006,2023-05,31,20,2.3225806451612905,72,1,2,466143.4,0,0.6451612903225806,0.032258064516129,0.0,1.0,1.0,0.032258064516129,466143.4,1.0,0.0,0.0300031746273369,0.0,0.0,-0.0548387096774193,-0.0344086021505376,-0.6107526881720426,0.0,1,0,2023-05,Medium,2023-06,Medium,0.2545798319327731,0.18240620490620488,0.34344973544973545
SUP006,2023-06,34,19,2.294117647058824,78,4,34,858779.46,0,0.5588235294117647,0.1176470588235294,0.0,0.0,0.0,0.0,858779.46,1.0,0.0,0.0497698607574867,0.0,0.0,-0.0863377609108159,-0.032258064516129,-0.0284629981024671,0.0,1,0,2023-06,Medium,2023-07,High,0.3571428571428571,0.18240620490620488,0.34344973544973545
SUP006,2023-07,35,28,3.0,105,4,47,854387.74,0,0.8,0.1142857142857142,0.0,0.0,0.0,0.0,854387.74,1.0,0.0,0.0492491136288949,0.0,0.0,0.2411764705882353,0.0,0.7058823529411766,0.0,1,1,2023-07,High,2023-08,High,0.345886287625418,0.18240620490620488,0.34344973544973545
SUP006,2023-08,23,17,2.4347826086956523,56,2,5,336842.57,0,0.7391304347826086,0.0869565217391304,0.0,1.0,1.0,0.0434782608695652,336842.57,1.0,0.0,0.0209169492229426,0.0,0.0,-0.0608695652173914,0.0434782608695652,-0.5652173913043477,0.0,1,1,2023-08,High,2023-09,Medium,0.3431635031635032,0.18240620490620488,0.34344973544973545
SUP006,2023-09,33,22,2.6666666666666665,88,6,10,606975.8,0,0.6666666666666666,0.1818181818181818,0.0,2.0,2.0,0.0606060606060606,606975.8,1.0,0.0,0.039207194070839,0.0,0.0,-0.072463768115942,0.0171277997364953,0.2318840579710142,0.0,1,1,2023-09,Medium,2023-10,Medium,0.29285714285714287,0.18240620490620488,0.34344973544973545
SUP006,2023-10,22,14,2.727272727272727,60,6,17,393663.37,0,0.6363636363636364,0.2727272727272727,0.0,0.0,0.0,0.0,393663.37,1.0,0.0,0.0229963981322056,0.0,0.0,-0.0303030303030302,-0.0606060606060606,0.0606060606060605,0.0,1,1,2023-10,Medium,2023-11,Medium,0.3031601731601732,0.18240620490620488,0.34344973544973545
SUP006,2023-11,33,23,2.303030303030303,76,6,19,570393.89,0,0.696969696969697,0.1818181818181818,0.0,0.0,0.0,0.0,570393.89,1.0,0.0,0.0379986609312314,0.0,0.0,0.0606060606060606,0.0,-0.4242424242424238,0.0,1,1,2023-11,Medium,2023-12,Medium,0.3285741758241758,0.18240620490620488,0.34344973544973545
SUP006,2023-12,40,27,2.85,114,7,24,972509.13,0,0.675,0.175,0.0,1.0,1.0,0.025,972509.13,1.0,0.0,0.0579904526858069,0.0,0.0,-0.0219696969696969,0.025,0.5469696969696969,0.0,1,1,2023-12,Medium,2024-01,Medium,0.2971428571428571,0.18240620490620488,0.34344973544973545
SUP006,2024-01,27,18,2.4814814814814814,67,4,11,473911.33,0,0.6666666666666666,0.1481481481481481,0.0,0.0,0.0,0.0,473911.33,1.0,0.0,0.0291611826488938,0.0,0.0,-0.0083333333333334,-0.025,-0.3685185185185187,0.0,1,0,2024-01,Medium,2024-02,Medium,0.2989795918367347,0.18240620490620488,0.34344973544973545
SUP006,2024-02,21,15,1.9047619047619049,40,6,27,446082.4,0,0.7142857142857143,0.2857142857142857,0.0,0.0,0.0,0.0,446082.4,1.0,0.0,0.0321810653746248,0.0,0.0,0.0476190476190476,0.0,-0.5767195767195767,0.0,1,1,2024-02,Medium,2024-03,Medium,0.3423866758241758,0.18240620490620488,0.34344973544973545
SUP006,2024-03,32,23,2.71875,87,4,10,712912.96,0,0.71875,0.125,0.0,1.0,1.0,0.03125,712912.96,1.0,0.0,0.043256284480833,0.0,0.0,0.0044642857142856,0.03125,0.8139880952380953,0.0,1,1,2024-03,Medium,2024-04,Medium,0.2580952380952381,0.18240620490620488,0.34344973544973545
SUP006,2024-04,33,20,1.7878787878787878,59,5,17,741227.92,0,0.6060606060606061,0.1515151515151515,0.0,0.0,0.0,0.0,741227.92,1.0,0.0,0.0473033082584231,0.0,0.0,-0.1126893939393939,-0.03125,-0.9308712121212122,0.0,1,0,2024-04,Medium,2024-05,High,0.3783673469387755,0.18240620490620488,0.34344973544973545
SUP006,2024-05,21,18,3.0476190476190474,64,3,8,336026.62,0,0.8571428571428571,0.1428571428571428,0.0,0.0,0.0,0.0,336026.62,1.0,0.0,0.0210282805063336,0.0,0.0,0.251082251082251,0.0,1.2597402597402596,0.0,1,1,2024-05,High,2024-06,Medium,0.32346938775510203,0.18240620490620488,0.34344973544973545
SUP006,2024-06,28,20,2.857142857142857,80,3,13,577026.49,0,0.7142857142857143,0.1071428571428571,0.0,0.0,0.0,0.0,577026.49,1.0,0.0,0.0370238854752804,0.0,0.0,-0.1428571428571428,0.0,-0.1904761904761902,0.0,1,0,2024-06,Medium,2024-07,High,0.389027149321267,0.18240620490620488,0.34344973544973545
SUP006,2024-07,34,25,3.088235294117647,105,3,8,653124.54,0,0.7352941176470589,0.088235294117647,0.0,2.0,3.0,0.0588235294117647,653124.54,1.0,0.0,0.0411697080446797,0.0,0.0,0.0210084033613445,0.0588235294117647,0.2310924369747899,0.0,1,1,2024-07,High,2024-08,High,0.35963369963369957,0.18240620490620488,0.34344973544973545
SUP006,2024-08,27,21,2.5185185185185186,68,3,18,612805.07,0,0.7777777777777778,0.1111111111111111,0.0,1.0,1.0,0.037037037037037,612805.07,1.0,0.0,0.0399684613359362,0.0,0.0,0.0424836601307189,-0.0217864923747276,-0.5697167755991286,0.0,1,1,2024-08,High,2024-09,Medium,0.29317972350230415,0.18240620490620488,0.34344973544973545
SUP006,2024-09,31,22,1.7419354838709675,54,4,18,582283.55,0,0.7096774193548387,0.1290322580645161,0.0,0.0,0.0,0.0,582283.55,1.0,0.0,0.0378580667845606,0.0,0.0,-0.068100358422939,-0.037037037037037,-0.7765830346475509,0.0,1,0,2024-09,Medium,2024-10,High,0.3508994708994709,0.18240620490620488,0.34344973544973545
SUP006,2024-10,27,22,2.555555555555556,69,6,17,567544.48,0,0.8148148148148148,0.2222222222222222,0.0,0.0,0.0,0.0,567544.48,1.0,0.0,0.0374689994572167,0.0,0.0,0.105137395459976,0.0,0.8136200716845876,0.0,1,1,2024-10,High,2024-11,High,0.38224742998936545,0.18240620490620488,0.34344973544973545
SUP006,2024-11,31,24,2.677419354838709,83,2,4,498792.32,0,0.7741935483870968,0.064516129032258,0.0,2.0,2.0,0.064516129032258,498792.32,1.0,0.0,0.0327195136988319,0.0,0.0,-0.040621266427718,0.064516129032258,0.1218637992831541,0.0,1,1,2024-11,High,2024-12,Medium,0.32052463665366887,0.18240620490620488,0.34344973544973545
SUP006,2024-12,31,21,2.419354838709677,75,5,10,487507.02,0,0.6774193548387096,0.1612903225806451,0.0,1.0,1.0,0.032258064516129,487507.02,1.0,0.0,0.0294600170306177,0.0,0.0,-0.0967741935483871,-0.032258064516129,-0.258064516129032,0.0,1,0,2024-12,Medium,2025-01,Medium,0.3094594594594594,0.18240620490620488,0.34344973544973545
SUP006,2025-01,37,25,2.8378378378378377,105,5,12,593172.17,0,0.6756756756756757,0.1351351351351351,0.0,0.0,0.0,0.0,593172.17,1.0,0.0,0.036139777116403,0.0,0.0,-0.0017436791630339,-0.032258064516129,0.4184829991281602,0.0,1,1,2025-01,Medium,2025-02,Medium,0.2960989010989011,0.18240620490620488,0.34344973544973545
SUP007,2022-02,17,9,1.6470588235294117,28,0,0,210910.37,0,0.5294117647058824,0.0,0.0,0.0,0.0,0.0,210910.37,1.0,0.0,0.0240627305923257,0.0,0.0,0.0,0.0,0.0,0.0,0,0,2022-02,Medium,2022-03,Low,0.11865079365079366,0.18240620490620488,0.34344973544973545
SUP007,2022-03,18,5,0.8333333333333334,15,2,2,196316.42,0,0.2777777777777778,0.1111111111111111,0.0,0.0,0.0,0.0,196316.42,1.0,0.0,0.012964955408748,0.0,0.0,-0.2516339869281045,0.0,-0.8137254901960783,0.0,1,0,2022-03,Low,2022-04,Medium,0.23364285714285715,0.18240620490620488,0.34344973544973545
SUP007,2022-04,20,11,1.6,32,3,19,200937.24,0,0.55,0.15,0.0,0.0,0.0,0.0,200937.24,1.0,0.0,0.0129020583471132,0.0,0.0,0.2722222222222222,0.0,0.7666666666666667,0.0,1,1,2022-04,Medium,2022-05,Medium,0.20652173913043478,0.18240620490620488,0.34344973544973545
SUP007,2022-05,23,11,1.5217391304347827,35,1,2,167518.33,0,0.4782608695652174,0.0434782608695652,0.0,0.0,0.0,0.0,167518.33,1.0,0.0,0.0097395900284173,0.0,0.0,-0.0717391304347826,0.0,-0.0782608695652173,0.0,1,0,2022-05,Medium,2022-06,Medium,0.2020496894409938,0.18240620490620488,0.34344973544973545
SUP007,2022-06,23,11,1.3478260869565215,31,3,10,239986.23,0,0.4782608695652174,0.1304347826086956,0.0,0.0,0.0,0.0,239986.23,1.0,0.0,0.0149976404733169,0.0,0.0,0.0,0.0,-0.1739130434782609,0.0,1,0,2022-06,Medium,2022-07,Low,0.16833333333333333,0.18240620490620488,0.34344973544973545
SUP007,2022-07,24,10,0.875,21,0,0,412136.73,0,0.4166666666666667,0.0,0.0,0.0,0.0,0.0,412136.73,1.0,0.0,0.0245459395459336,0.0,0.0,-0.0615942028985507,0.0,-0.4728260869565217,0.0,1,0,2022-07,Low,2022-08,Low,0.12571428571428572,0.18240620490620488,0.34344973544973545
SUP007,2022-08,14,4,1.0,14,2,4,180721.82,0,0.2857142857142857,0.1428571428571428,0.0,0.0,0.0,0.0,180721.82,1.0,0.0,0.0108191918106314,0.0,0.0,-0.130952380952381,0.0,0.125,0.0,1,1,2022-08,Low,2022-09,Medium,0.23136904761904759,0.18240620490620488,0.34344973544973545
SUP007,2022-09,24,13,1.625,39,2,3,247670.93,0,0.5416666666666666,0.0833333333333333,0.0,0.0,0.0,0.0,247670.93,1.0,0.0,0.0160861183750358,0.0,0.0,0.2559523809523809,0.0,0.625,0.0,1,1,2022-09,Medium,2022-10,Low,0.17342857142857143,0.18240620490620488,0.34344973544973545
SUP007,2022-10,20,8,1.3,26,2,4,329151.31,0,0.4,0.1,0.0,0.0,0.0,0.0,329151.31,1.0,0.0,0.0199050171196344,0.0,0.0,-0.1416666666666666,0.0,-0.3249999999999999,0.0,1,0,2022-10,Low,2022-11,Medium,0.21398496240601503,0.18240620490620488,0.34344973544973545
SUP007,2022-11,19,10,1.1578947368421053,22,1,2,385513.29,0,0.5263157894736842,0.0526315789473684,0.0,0.0,0.0,0.0,385513.29,1.0,0.0,0.0249726741156486,0.0,0.0,0.1263157894736841,0.0,-0.1421052631578947,0.0,1,1,2022-11,Medium,2022-12,Medium,0.20507936507936506,0.18240620490620488,0.34344973544973545
SUP007,2022-12,27,12,1.9259259259259256,52,0,0,432681.7,0,0.4444444444444444,0.0,0.0,0.0,0.0,0.0,432681.7,1.0,0.0,0.0250680683038331,0.0,0.0,-0.0818713450292397,0.0,0.7680311890838205,0.0,1,1,2022-12,Medium,2023-01,Low,0.17295918367346935,0.18240620490620488,0.34344973544973545
SUP007,2023-01,28,12,0.8928571428571429,25,2,4,367405.14,0,0.4285714285714285,0.0714285714285714,0.0,0.0,0.0,0.0,367405.14,1.0,0.0,0.0209021125079857,0.0,0.0,-0.0158730158730158,0.0,-1.0330687830687828,0.0,1,0,2023-01,Low,2023-02,Low,0.12351648351648353,0.18240620490620488,0.34344973544973545
SUP007,2023-02,13,4,0.6153846153846154,8,1,3,241554.15,0,0.3076923076923077,0.0769230769230769,0.0,0.0,0.0,0.0,241554.15,1.0,0.0,0.0165720580434048,0.0,0.0,-0.1208791208791208,0.0,-0.2774725274725275,0.0,1,0,2023-02,Low,2023-03,Medium,0.2395054945054945,0.18240620490620488,0.34344973544973545
SUP007,2023-03,26,15,1.4615384615384617,38,0,0,332670.21,0,0.5769230769230769,0.0,0.0,0.0,0.0,0.0,332670.21,1.0,0.0,0.0228182200382101,0.0,0.0,0.2692307692307691,0.0,0.846153846153846,0.0,1,1,2023-03,Medium,2023-04,Medium,0.299,0.18240620490620488,0.34344973544973545
SUP007,2023-04,20,14,2.1,42,3,3,303693.41000000003,0,0.7,0.15,0.0,0.0,0.0,0.0,303693.41000000003,1.0,0.0,0.0170442536997603,0.0,0.0,0.123076923076923,0.0,0.6384615384615386,0.0,1,1,2023-04,Medium,2023-05,Low,0.17687830687830686,0.18240620490620488,0.34344973544973545
SUP007,2023-05,27,11,1.3333333333333333,36,4,10,513115.8,0,0.4074074074074074,0.1481481481481481,0.0,0.0,0.0,0.0,513115.8,1.0,0.0,0.0330265385103504,0.0,0.0,-0.2925925925925925,0.0,-0.7666666666666668,0.0,1,0,2023-05,Low,2023-06,Medium,0.20530469530469525,0.18240620490620488,0.34344973544973545
SUP007,2023-06,22,10,0.8181818181818182,18,2,7,474420.63,0,0.4545454545454545,0.0909090909090909,0.0,1.0,1.0,0.0454545454545454,474420.63,1.0,0.0,0.0274946593338168,0.0,0.0,0.0471380471380471,0.0454545454545454,-0.515151515151515,0.0,1,1,2023-06,Medium,2023-07,Low,0.12458333333333334,0.18240620490620488,0.34344973544973545
SUP007,2023-07,24,7,0.875,21,5,21,251117.09,0,0.2916666666666667,0.2083333333333333,0.0,0.0,0.0,0.0,251117.09,1.0,0.0,0.0144750369423225,0.0,0.0,-0.1628787878787878,-0.0454545454545454,0.0568181818181817,0.0,1,1,2023-07,Low,2023-08,Medium,0.26246753246753246,0.18240620490620488,0.34344973544973545
SUP007,2023-08,22,14,1.5454545454545454,34,1,2,296458.66,0,0.6363636363636364,0.0454545454545454,0.0,0.0,0.0,0.0,296458.66,1.0,0.0,0.0184092252292268,0.0,0.0,0.3446969696969696,0.0,0.6704545454545454,0.0,1,1,2023-08,Medium,2023-09,Medium,0.19791666666666666,0.18240620490620488,0.34344973544973545
SUP007,2023-09,24,11,1.4583333333333333,35,0,0,356318.21,0,0.4583333333333333,0.0,0.0,0.0,0.0,0.0,356318.21,1.0,0.0,0.0230161354216164,0.0,0.0,-0.178030303030303,0.0,-0.0871212121212121,0.0,1,0,2023-09,Medium,2023-10,Medium,0.19379310344827588,0.18240620490620488,0.34344973544973545
SUP007,2023-10,29,14,0.9655172413793104,28,1,1,679481.67,0,0.4827586206896552,0.0344827586206896,0.0,0.0,0.0,0.0,679481.67,1.0,0.0,0.0396928751762094,0.0,0.0,0.0244252873563218,0.0,-0.4928160919540229,0.0,1,1,2023-10,Medium,2023-11,Medium,0.18291666666666664,0.18240620490620488,0.34344973544973545
SUP007,2023-11,24,11,0.875,21,1,2,326644.47,0,0.4583333333333333,0.0416666666666666,0.0,0.0,0.0,0.0,326644.47,1.0,0.0,0.0217604933681736,0.0,0.0,-0.0244252873563218,0.0,-0.0905172413793103,0.0,1,0,2023-11,Medium,2023-12,Medium,0.19873626373626374,0.18240620490620488,0.34344973544973545
SUP007,2023-12,26,13,0.9230769230769232,24,1,1,303490.82,0,0.5,0.0384615384615384,0.0,0.0,0.0,0.0,303490.82,1.0,0.0,0.018097074356296,0.0,0.0,0.0416666666666666,0.0,0.0480769230769231,0.0,1,1,2023-12,Medium,2024-01,Medium,0.23235714285714287,0.18240620490620488,0.34344973544973545
SUP007,2024-01,20,11,1.55,31,2,6,229034.3,0,0.55,0.1,0.0,0.0,0.0,0.0,229034.3,1.0,0.0,0.0140931660257237,0.0,0.0,0.05,0.0,0.6269230769230769,0.0,1,1,2024-01,Medium,2024-02,Medium,0.20208791208791207,0.18240620490620488,0.34344973544973545
SUP007,2024-02,26,12,1.5769230769230769,41,4,23,465770.25,0,0.4615384615384615,0.1538461538461538,0.0,0.0,0.0,0.0,465770.25,1.0,0.0,0.0336013769312695,0.0,0.0,-0.0884615384615384,0.0,0.0269230769230768,0.0,1,1,2024-02,Medium,2024-03,Low,0.15374999999999997,0.18240620490620488,0.34344973544973545
SUP007,2024-03,24,9,0.875,21,2,6,358028.72,0,0.375,0.0833333333333333,0.0,0.0,0.0,0.0,358028.72,1.0,0.0,0.0217235385433707,0.0,0.0,-0.0865384615384615,0.0,-0.7019230769230769,0.0,1,0,2024-03,Low,2024-04,Medium,0.22616541353383457,0.18240620490620488,0.34344973544973545
SUP007,2024-04,19,10,1.631578947368421,31,0,0,301686.51,0,0.5263157894736842,0.0,0.0,0.0,0.0,0.0,301686.51,1.0,0.0,0.0192528770097298,0.0,0.0,0.1513157894736841,0.0,0.756578947368421,0.0,1,1,2024-04,Medium,2024-05,Medium,0.20928571428571427,0.18240620490620488,0.34344973544973545
SUP007,2024-05,18,9,1.3333333333333333,24,1,9,227856.29,0,0.5,0.0555555555555555,0.0,0.0,0.0,0.0,227856.29,1.0,0.0,0.0142590666812424,0.0,0.0,-0.0263157894736841,0.0,-0.2982456140350877,0.0,1,0,2024-05,Medium,2024-06,Medium,0.20102678571428573,0.18240620490620488,0.34344973544973545
SUP007,2024-06,32,15,1.4375,46,4,13,485462.93,0,0.46875,0.125,0.0,0.0,0.0,0.0,485462.93,1.0,0.0,0.0311488713851145,0.0,0.0,-0.03125,0.0,0.1041666666666667,0.0,1,1,2024-06,Medium,2024-07,Medium,0.22294930875576036,0.18240620490620488,0.34344973544973545
SUP007,2024-07,31,16,1.6451612903225807,51,2,6,271284.86,0,0.5161290322580645,0.064516129032258,0.0,0.0,0.0,0.0,271284.86,1.0,0.0,0.0171004422573707,0.0,0.0,0.0473790322580645,0.0,0.2076612903225807,0.0,1,1,2024-07,Medium,2024-08,Low,0.14120535714285715,0.18240620490620488,0.34344973544973545
SUP007,2024-08,32,11,0.8125,26,1,2,549910.38,0,0.34375,0.03125,0.0,0.0,0.0,0.0,549910.38,1.0,0.0,0.0358663347241236,0.0,0.0,-0.1723790322580645,0.0,-0.8326612903225807,0.0,1,0,2024-08,Low,2024-09,Low,0.12052631578947369,0.18240620490620488,0.34344973544973545
SUP007,2024-09,19,5,1.105263157894737,21,1,5,318099.98,0,0.2631578947368421,0.0526315789473684,0.0,0.0,0.0,0.0,318099.98,1.0,0.0,0.0206817628404707,0.0,0.0,-0.0805921052631579,0.0,0.2927631578947369,0.0,1,1,2024-09,Low,2024-10,Medium,0.18347826086956517,0.18240620490620488,0.34344973544973545
SUP007,2024-10,23,10,1.2173913043478262,28,3,3,218976.78,0,0.4347826086956521,0.1304347826086956,0.0,0.0,0.0,0.0,218976.78,1.0,0.0,0.0144567362384761,0.0,0.0,0.17162471395881,0.0,0.1121281464530892,0.0,1,1,2024-10,Medium,2024-11,Medium,0.2717687074829932,0.18240620490620488,0.34344973544973545
SUP007,2024-11,21,13,2.142857142857143,45,2,10,296940.24,0,0.6190476190476191,0.0952380952380952,0.0,0.0,0.0,0.0,296940.24,1.0,0.0,0.019478528158602,0.0,0.0,0.1842650103519669,0.0,0.9254658385093166,0.0,1,1,2024-11,Medium,2024-12,Medium,0.22922619047619044,0.18240620490620488,0.34344973544973545
SUP007,2024-12,24,13,1.5416666666666667,37,1,3,411213.55,0,0.5416666666666666,0.0416666666666666,0.0,0.0,0.0,0.0,411213.55,1.0,0.0,0.0248496076758459,0.0,0.0,-0.0773809523809524,0.0,-0.601190476190476,0.0,1,0,2024-12,Medium,2025-01,Medium,0.24097723704866558,0.18240620490620488,0.34344973544973545
SUP008,2022-01,2,1,1.0,2,0,0,167430.5,0,0.5,0.0,0.0,0.0,0.0,0.0,167430.5,1.0,0.0,0.1584555341766831,0.0,0.0,0.0,0.0,0.0,0.0,0,0,2022-01,Medium,2022-02,Low,0.1801298701298701,0.18240620490620488,0.34344973544973545
SUP008,2022-02,11,5,0.8181818181818182,9,1,4,333700.08,0,0.4545454545454545,0.0909090909090909,0.0,0.0,0.0,0.0,333700.08,1.0,0.0,0.0380717890906812,0.0,0.0,-0.0454545454545454,0.0,-0.1818181818181817,0.0,1,0,2022-02,Low,2022-03,Low,0.16982142857142857,0.18240620490620488,0.34344973544973545
SUP008,2022-03,8,3,1.5,12,0,0,180253.83,0,0.375,0.0,0.0,0.0,0.0,0.0,180253.83,1.0,0.0,0.0119041640439758,0.0,0.0,-0.0795454545454545,0.0,0.6818181818181818,0.0,1,1,2022-03,Low,2022-04,Medium,0.2562857142857143,0.18240620490620488,0.34344973544973545
SUP008,2022-04,15,9,1.8,27,4,17,623342.25,0,0.6,0.2666666666666666,0.0,0.0,0.0,0.0,623342.25,1.0,0.0,0.0400244279244647,0.0,0.0,0.2249999999999999,0.0,0.3,0.0,1,1,2022-04,Medium,2022-05,Low,0.10357142857142856,0.18240620490620488,0.34344973544973545
SUP008,2022-05,8,2,0.625,5,1,20,150677.08000000002,0,0.25,0.125,0.0,0.0,0.0,0.0,150677.08000000002,1.0,0.0,0.0087604322815243,0.0,0.0,-0.35,0.0,-1.175,0.0,1,0,2022-05,Low,2022-06,Low,0.13016806722689073,0.18240620490620488,0.34344973544973545
SUP008,2022-06,17,5,1.0588235294117647,18,0,0,560057.53,0,0.2941176470588235,0.0,0.0,0.0,0.0,0.0,560057.53,1.0,0.0,0.0350000976277428,0.0,0.0,0.0441176470588235,0.0,0.4338235294117647,0.0,1,1,2022-06,Low,2022-07,Low,0.14785714285714283,0.18240620490620488,0.34344973544973545
SUP008,2022-07,26,9,1.0384615384615383,27,4,24,961447.16,0,0.3461538461538461,0.1538461538461538,0.0,0.0,0.0,0.0,961447.16,1.0,0.0,0.0572616370930337,0.0,0.0,0.0520361990950226,0.0,-0.0203619909502261,0.0,1,1,2022-07,Low,2022-08,Medium,0.3154081632653061,0.18240620490620488,0.34344973544973545
SUP008,2022-08,14,11,1.5714285714285714,22,0,0,743832.6799999999,0,0.7857142857142857,0.0,0.0,0.0,0.0,0.0,743832.6799999999,1.0,0.0,0.0445306960716535,0.0,0.0,0.4395604395604395,0.0,0.5329670329670328,0.0,1,1,2022-08,Medium,2022-09,Medium,0.25126050420168067,0.18240620490620488,0.34344973544973545
SUP008,2022-09,17,10,1.7647058823529411,30,2,4,335376.07,0,0.5882352941176471,0.1176470588235294,0.0,0.0,0.0,0.0,335376.07,1.0,0.0,0.0217825287859754,0.0,0.0,-0.1974789915966386,0.0,0.1932773109243697,0.0,1,1,2022-09,Medium,2022-10,Medium,0.19555555555555554,0.18240620490620488,0.34344973544973545
SUP008,2022-10,18,8,1.5555555555555556,28,1,15,888646.31,0,0.4444444444444444,0.0555555555555555,0.0,0.0,0.0,0.0,888646.31,1.0,0.0,0.0537397831223883,0.0,0.0,-0.1437908496732026,0.0,-0.2091503267973855,0.0,1,0,2022-10,Medium,2022-11,Medium,0.2936607142857143,0.18240620490620488,0.34344973544973545
SUP008,2022-11,16,11,2.0625,33,3,3,786472.91,0,0.6875,0.1875,0.0,0.0,0.0,0.0,786472.91,1.0,0.0,0.0509459263575994,0.0,0.0,0.2430555555555555,0.0,0.5069444444444444,0.0,1,1,2022-11,Medium,2022-12,Medium,0.24473173884938587,0.18240620490620488,0.34344973544973545
SUP008,2022-12,17,9,1.1764705882352942,20,1,5,1064758.2,0,0.5294117647058824,0.0588235294117647,0.0,1.0,1.0,0.0588235294117647,1064758.2,1.0,0.0,0.0616883757382538,0.0,0.0,-0.1580882352941176,0.0588235294117647,-0.8860294117647058,0.0,1,1,2022-12,Medium,2023-01,Low,0.1352380952380952,0.18240620490620488,0.34344973544973545
SUP008,2023-01,18,6,0.7222222222222222,13,1,3,753975.11,0,0.3333333333333333,0.0555555555555555,0.0,0.0,0.0,0.0,753975.11,1.0,0.0,0.0428945348381379,0.0,0.0,-0.196078431372549,-0.0588235294117647,-0.4542483660130719,0.0,1,0,2023-01,Low,2023-02,Low,0.05025210084033613,0.18240620490620488,0.34344973544973545
SUP008,2023-02,17,2,0.3529411764705882,6,0,0,719409.5800000001,0,0.1176470588235294,0.0,0.0,0.0,0.0,0.0,719409.5800000001,1.0,0.0,0.0493557958608514,0.0,0.0,-0.2156862745098039,0.0,-0.3692810457516339,0.0,1,0,2023-02,Low,2023-03,Low,0.13508928571428572,0.18240620490620488,0.34344973544973545
SUP008,2023-03,16,5,1.0,16,2,38,583839.75,0,0.3125,0.125,0.0,0.0,0.0,0.0,583839.75,1.0,0.0,0.0400462183931455,0.0,0.0,0.1948529411764706,0.0,0.6470588235294117,0.0,1,1,2023-03,Low,2023-04,Medium,0.2572127872127872,0.18240620490620488,0.34344973544973545
SUP008,2023-04,22,10,1.4090909090909092,31,1,3,1031718.34,0,0.4545454545454545,0.0454545454545454,0.0,2.0,3.0,0.0909090909090909,1031718.34,1.0,0.0,0.0579033609377812,0.0,0.0,0.1420454545454545,0.0909090909090909,0.4090909090909091,0.0,1,1,2023-04,Medium,2023-05,Medium,0.30936507936507934,0.18240620490620488,0.34344973544973545
SUP008,2023-05,9,7,1.4444444444444444,13,0,0,215942.91,0,0.7777777777777778,0.0,0.0,0.0,0.0,0.0,215942.91,1.0,0.0,0.0138990980849783,0.0,0.0,0.3232323232323232,-0.0909090909090909,0.0353535353535352,0.0,1,1,2023-05,Medium,2023-06,Medium,0.1904081632653061,0.18240620490620488,0.34344973544973545
SUP008,2023-06,14,6,1.5714285714285714,22,1,1,853012.0800000001,0,0.4285714285714285,0.0714285714285714,0.0,0.0,0.0,0.0,853012.0800000001,1.0,0.0,0.0494356169697563,0.0,0.0,-0.3492063492063492,0.0,0.1269841269841269,0.0,1,1,2023-06,Medium,2023-07,Medium,0.18469635627530362,0.18240620490620488,0.34344973544973545
SUP008,2023-07,19,7,1.105263157894737,21,1,4,776661.86,0,0.3684210526315789,0.0526315789473684,0.0,1.0,1.0,0.0526315789473684,776661.86,1.0,0.0,0.0447687933752056,0.0,0.0,-0.0601503759398496,0.0526315789473684,-0.4661654135338344,0.0,1,1,2023-07,Medium,2023-08,Low,0.14361638361638362,0.18240620490620488,0.34344973544973545
SUP008,2023-08,11,3,0.3636363636363636,4,2,13,342177.2,0,0.2727272727272727,0.1818181818181818,0.0,1.0,1.0,0.0909090909090909,342177.2,1.0,0.0,0.0212482143146238,0.0,0.0,-0.0956937799043062,0.0382775119617224,-0.7416267942583733,0.0,1,1,2023-08,Low,2023-09,Low,0.08169642857142856,0.18240620490620488,0.34344973544973545
SUP008,2023-09,16,3,0.625,10,0,0,751140.35,0,0.1875,0.0,0.0,0.0,0.0,0.0,751140.35,1.0,0.0,0.0485194063369379,0.0,0.0,-0.0852272727272727,-0.0909090909090909,0.2613636363636363,0.0,1,1,2023-09,Low,2023-10,Medium,0.20357142857142857,0.18240620490620488,0.34344973544973545
SUP008,2023-10,18,9,1.1111111111111112,20,1,8,665471.71,0,0.5,0.0555555555555555,0.0,0.0,0.0,0.0,665471.71,1.0,0.0,0.0388744637045597,0.0,0.0,0.3125,0.0,0.4861111111111111,0.0,1,1,2023-10,Medium,2023-11,Low,0.16230769230769226,0.18240620490620488,0.34344973544973545
SUP008,2023-11,13,5,1.0769230769230769,14,0,0,665341.27,0,0.3846153846153846,0.0,0.0,0.0,0.0,0.0,665341.27,1.0,0.0,0.0443238922532723,0.0,0.0,-0.1153846153846153,0.0,-0.0341880341880342,0.0,1,0,2023-11,Low,2023-12,Medium,0.2358241758241758,0.18240620490620488,0.34344973544973545
SUP008,2023-12,16,8,1.1875,19,2,8,611557.64,0,0.5,0.125,0.0,1.0,1.0,0.0625,611557.64,1.0,0.0,0.0364670143375042,0.0,0.0,0.1153846153846153,0.0625,0.1105769230769231,0.0,1,1,2023-12,Medium,2024-01,Low,0.16915750915750916,0.18240620490620488,0.34344973544973545
SUP008,2024-01,18,6,0.9444444444444444,17,2,5,423434.4,0,0.3333333333333333,0.1111111111111111,0.0,1.0,1.0,0.0555555555555555,423434.4,1.0,0.0,0.0260551860581699,0.0,0.0,-0.1666666666666666,-0.0069444444444444,-0.2430555555555555,0.0,1,0,2024-01,Low,2024-02,Low,0.06175824175824174,0.18240620490620488,0.34344973544973545
SUP008,2024-02,13,2,0.3076923076923077,4,1,2,436863.99,0,0.1538461538461538,0.0769230769230769,0.0,0.0,0.0,0.0,436863.99,1.0,0.0,0.0315160352033827,0.0,0.0,-0.1794871794871794,-0.0555555555555555,-0.6367521367521367,0.0,1,0,2024-02,Low,2024-03,Medium,0.19076190476190477,0.18240620490620488,0.34344973544973545
SUP008,2024-03,15,7,1.0666666666666669,16,1,1,590023.42,0,0.4666666666666667,0.0666666666666666,0.0,0.0,0.0,0.0,590023.42,1.0,0.0,0.035799911543022,0.0,0.0,0.3128205128205128,0.0,0.7589743589743589,0.0,1,1,2024-03,Medium,2024-04,Medium,0.250989010989011,0.18240620490620488,0.34344973544973545
SUP008,2024-04,13,8,1.3846153846153846,18,0,0,291055.99,0,0.6153846153846154,0.0,0.0,0.0,0.0,0.0,291055.99,1.0,0.0,0.0185744638645432,0.0,0.0,0.1487179487179487,0.0,0.3179487179487179,0.0,1,1,2024-04,Medium,2024-05,Low,0.18134453781512602,0.18240620490620488,0.34344973544973545
SUP008,2024-05,17,8,0.6470588235294118,11,2,4,466130.86,0,0.4705882352941176,0.1176470588235294,0.0,0.0,0.0,0.0,466130.86,1.0,0.0,0.0291701010971647,0.0,0.0,-0.1447963800904977,0.0,-0.7375565610859728,0.0,1,0,2024-05,Low,2024-06,Low,0.18061224489795916,0.18240620490620488,0.34344973544973545
SUP008,2024-06,21,9,1.1904761904761905,25,3,14,801315.31,0,0.4285714285714285,0.1428571428571428,0.0,0.0,0.0,0.0,801315.31,1.0,0.0,0.0514149814283723,0.0,0.0,-0.042016806722689,0.0,0.5434173669467787,0.0,1,1,2024-06,Low,2024-07,Medium,0.2297857142857143,0.18240620490620488,0.34344973544973545
SUP008,2024-07,20,11,1.45,29,0,0,940541.57,0,0.55,0.0,0.0,0.0,0.0,0.0,940541.57,1.0,0.0,0.0592870417038452,0.0,0.0,0.1214285714285715,0.0,0.2595238095238095,0.0,1,1,2024-07,Medium,2024-08,Medium,0.21533834586466166,0.18240620490620488,0.34344973544973545
SUP008,2024-08,19,10,1.2105263157894737,23,3,15,421269.48,0,0.5263157894736842,0.1578947368421052,0.0,0.0,0.0,0.0,421269.48,1.0,0.0,0.0274760992486403,0.0,0.0,-0.0236842105263158,0.0,-0.2394736842105262,0.0,1,0,2024-08,Medium,2024-09,Medium,0.2007142857142857,0.18240620490620488,0.34344973544973545
SUP008,2024-09,12,6,1.0,12,1,1,687137.75,0,0.5,0.0833333333333333,0.0,0.0,0.0,0.0,687137.75,1.0,0.0,0.0446753249850398,0.0,0.0,-0.0263157894736841,0.0,-0.2105263157894736,0.0,1,0,2024-09,Medium,2024-10,Medium,0.18288766788766786,0.18240620490620488,0.34344973544973545
SUP008,2024-10,18,7,0.7222222222222222,13,2,5,710901.21,0,0.3888888888888889,0.1111111111111111,0.0,1.0,1.0,0.0555555555555555,710901.21,1.0,0.0,0.046933338249761,0.0,0.0,-0.1111111111111111,0.0555555555555555,-0.2777777777777778,0.0,1,1,2024-10,Medium,2024-11,Low,0.1777142857142857,0.18240620490620488,0.34344973544973545
SUP008,2024-11,15,6,1.4666666666666666,22,1,11,614149.85,0,0.4,0.0666666666666666,0.0,0.0,0.0,0.0,614149.85,1.0,0.0,0.0402866756854046,0.0,0.0,0.0111111111111111,-0.0555555555555555,0.7444444444444444,0.0,1,1,2024-11,Low,2024-12,Medium,0.24684729064039407,0.18240620490620488,0.34344973544973545
SUP008,2024-12,29,17,1.6206896551724137,47,4,11,839191.9299999999,0,0.5862068965517241,0.1379310344827586,0.0,0.0,0.0,0.0,839191.9299999999,1.0,0.0,0.0507123129216826,0.0,0.0,0.186206896551724,0.0,0.1540229885057471,0.0,1,1,2024-12,Medium,2025-01,Medium,0.19599224305106655,0.18240620490620488,0.34344973544973545
SUP008,2025-01,17,7,0.8823529411764706,15,1,4,586193.79,0,0.4117647058823529,0.0588235294117647,0.0,1.0,1.0,0.0588235294117647,586193.79,1.0,0.0,0.0357146103425917,0.0,0.0,-0.1744421906693711,0.0588235294117647,-0.7383367139959431,0.0,1,1,2025-01,Medium,2025-02,Low,0.0,0.18240620490620488,0.34344973544973545
SUP009,2022-02,8,4,1.125,9,1,1,132568.3,0,0.5,0.125,0.0,0.0,0.0,0.0,132568.3,1.0,0.0,0.0151246962772983,0.0,0.0,0.0,0.0,0.0,0.0,0,0,2022-02,Medium,2022-03,Medium,0.2567460317460318,0.18240620490620488,0.34344973544973545
SUP009,2022-03,18,11,1.6666666666666667,30,4,12,230514.41,0,0.6111111111111112,0.2222222222222222,0.0,0.0,0.0,0.0,230514.41,1.0,0.0,0.0152234288233448,0.0,0.0,0.1111111111111111,0.0,0.5416666666666667,0.0,1,1,2022-03,Medium,2022-04,High,0.35824175824175825,0.18240620490620488,0.34344973544973545
SUP009,2022-04,13,10,3.4615384615384617,45,0,0,236368.86,0,0.7692307692307693,0.0,0.0,0.0,0.0,0.0,236368.86,1.0,0.0,0.0151771011842336,0.0,0.0,0.1581196581196581,0.0,1.794871794871795,0.0,1,1,2022-04,High,2022-05,Medium,0.3042713807931199,0.18240620490620488,0.34344973544973545
SUP009,2022-05,23,15,2.0,46,4,16,270045.18,0,0.6521739130434783,0.1739130434782608,0.0,1.0,1.0,0.0434782608695652,270045.18,1.0,0.0,0.0157005465751131,0.0,0.0,-0.117056856187291,0.0434782608695652,-1.4615384615384617,0.0,1,1,2022-05,Medium,2022-06,Medium,0.33068131868131867,0.18240620490620488,0.34344973544973545
SUP009,2022-06,20,14,2.3,46,2,16,239607.31,0,0.7,0.1,0.0,1.0,1.0,0.05,239607.31,1.0,0.0,0.0149739603399687,0.0,0.0,0.0478260869565216,0.0065217391304347,0.2999999999999998,0.0,1,1,2022-06,Medium,2022-07,High,0.4013880855986119,0.18240620490620488,0.34344973544973545
SUP009,2022-07,19,17,2.3684210526315788,45,0,0,152373.87,0,0.8947368421052632,0.0,0.0,1.0,1.0,0.0526315789473684,152373.87,1.0,0.0,0.0090750460445492,0.0,0.0,0.1947368421052632,0.0026315789473684,0.0684210526315789,0.0,1,1,2022-07,High,2022-08,High,0.4587606837606838,0.18240620490620488,0.34344973544973545
SUP009,2022-08,18,17,3.888888888888889,70,5,22,233140.19,0,0.9444444444444444,0.2777777777777778,0.0,1.0,1.0,0.0555555555555555,233140.19,1.0,0.0,0.0139572987610299,0.0,0.0,0.0497076023391812,0.0029239766081871,1.52046783625731,0.0,1,1,2022-08,High,2022-09,High,0.3587755102040816,0.18240620490620488,0.34344973544973545
SUP009,2022-09,14,12,2.2857142857142856,32,3,19,220257.79,0,0.8571428571428571,0.2142857142857142,0.0,0.0,0.0,0.0,220257.79,1.0,0.0,0.01430564694437,0.0,0.0,-0.0873015873015873,-0.0555555555555555,-1.6031746031746033,0.0,1,0,2022-09,High,2022-10,Medium,0.24007142857142857,0.18240620490620488,0.34344973544973545
SUP009,2022-10,20,11,1.85,37,2,20,327388.62,0,0.55,0.1,0.0,0.0,0.0,0.0,327388.62,1.0,0.0,0.0197984206287178,0.0,0.0,-0.307142857142857,0.0,-0.4357142857142855,0.0,1,0,2022-10,Medium,2022-11,Medium,0.2624603174603175,0.18240620490620488,0.34344973544973545
SUP009,2022-11,18,11,1.8888888888888888,34,7,31,175747.63999999998,0,0.6111111111111112,0.3888888888888889,0.0,0.0,0.0,0.0,175747.63999999998,1.0,0.0,0.0113845323991666,0.0,0.0,0.0611111111111111,0.0,0.0388888888888887,0.0,1,1,2022-11,Medium,2022-12,Medium,0.27092436974789913,0.18240620490620488,0.34344973544973545
SUP009,2022-12,17,10,2.5294117647058822,43,6,16,138197.43,0,0.5882352941176471,0.3529411764705882,0.0,0.0,0.0,0.0,138197.43,1.0,0.0,0.0080066769975577,0.0,0.0,-0.022875816993464,0.0,0.6405228758169934,0.0,1,1,2022-12,Medium,2023-01,Medium,0.29047619047619044,0.18240620490620488,0.34344973544973545
SUP009,2023-01,18,12,2.2222222222222223,40,3,16,264607.34,0,0.6666666666666666,0.1666666666666666,0.0,0.0,0.0,0.0,264607.34,1.0,0.0,0.0150538242092063,0.0,0.0,0.0784313725490195,0.0,-0.3071895424836599,0.0,1,1,2023-01,Medium,2023-02,Medium,0.25829931972789116,0.18240620490620488,0.34344973544973545
SUP009,2023-02,21,13,1.619047619047619,34,2,11,276233.88,0,0.6190476190476191,0.0952380952380952,0.0,0.0,0.0,0.0,276233.88,1.0,0.0,0.0189512947424621,0.0,0.0,-0.0476190476190475,0.0,-0.6031746031746033,0.0,1,0,2023-02,Medium,2023-03,High,0.3574725274725275,0.18240620490620488,0.34344973544973545
SUP009,2023-03,13,11,2.3846153846153846,31,3,3,119069.25,0,0.8461538461538461,0.2307692307692307,0.0,0.0,0.0,0.0,119069.25,1.0,0.0,0.0081670924074766,0.0,0.0,0.227106227106227,0.0,0.7655677655677655,0.0,1,1,2023-03,High,2023-04,Medium,0.31455357142857143,0.18240620490620488,0.34344973544973545
SUP009,2023-04,16,11,2.875,46,1,2,295555.88,0,0.6875,0.0625,0.0,0.0,0.0,0.0,295555.88,1.0,0.0,0.016587549269429,0.0,0.0,-0.1586538461538461,0.0,0.4903846153846154,0.0,1,1,2023-04,Medium,2023-05,Medium,0.3112244897959184,0.18240620490620488,0.34344973544973545
SUP009,2023-05,21,15,2.380952380952381,50,3,11,268822.97,0,0.7142857142857143,0.1428571428571428,0.0,0.0,0.0,0.0,268822.97,1.0,0.0,0.0173027066622617,0.0,0.0,0.0267857142857143,0.0,-0.494047619047619,0.0,1,1,2023-05,Medium,2023-06,Medium,0.22947252747252744,0.18240620490620488,0.34344973544973545
SUP009,2023-06,20,8,1.55,31,3,14,373243.48,0,0.4,0.15,0.0,1.0,3.0,0.05,373243.48,1.0,0.0,0.0216310204115033,0.0,0.0,-0.3142857142857143,0.05,-0.8309523809523809,0.0,1,1,2023-06,Medium,2023-07,High,0.39678321678321676,0.18240620490620488,0.34344973544973545
SUP009,2023-07,22,16,2.227272727272727,49,2,2,290664.44,0,0.7272727272727273,0.0909090909090909,0.0,2.0,5.0,0.0909090909090909,290664.44,1.0,0.0,0.0167546482273248,0.0,0.0,0.3272727272727272,0.0409090909090909,0.677272727272727,0.0,1,1,2023-07,High,2023-08,Medium,0.2841353383458647,0.18240620490620488,0.34344973544973545
SUP009,2023-08,19,13,1.736842105263158,33,6,30,165671.3,0,0.6842105263157895,0.3157894736842105,0.0,0.0,0.0,0.0,165671.3,1.0,0.0,0.0102877084977676,0.0,0.0,-0.0430622009569378,-0.0909090909090909,-0.4904306220095691,0.0,1,0,2023-08,Medium,2023-09,Medium,0.2544444444444445,0.18240620490620488,0.34344973544973545
SUP009,2023-09,18,10,2.333333333333333,42,5,26,156818.47999999998,0,0.5555555555555556,0.2777777777777778,0.0,0.0,0.0,0.0,156818.47999999998,1.0,0.0,0.010129584374293,0.0,0.0,-0.1286549707602339,0.0,0.5964912280701755,0.0,1,1,2023-09,Medium,2023-10,Medium,0.3078881987577639,0.18240620490620488,0.34344973544973545
SUP009,2023-10,23,17,1.9130434782608696,44,3,10,273832.57,0,0.7391304347826086,0.1304347826086956,0.0,0.0,0.0,0.0,273832.57,1.0,0.0,0.0159963138081276,0.0,0.0,0.183574879227053,0.0,-0.4202898550724638,0.0,1,1,2023-10,Medium,2023-11,Medium,0.27704866562009417,0.18240620490620488,0.34344973544973545
SUP009,2023-11,14,8,1.7142857142857142,24,3,15,305685.54,0,0.5714285714285714,0.2142857142857142,0.0,1.0,1.0,0.0714285714285714,305685.54,1.0,0.0,0.020364245462097,0.0,0.0,-0.1677018633540372,0.0714285714285714,-0.1987577639751554,0.0,1,1,2023-11,Medium,2023-12,Medium,0.25885714285714284,0.18240620490620488,0.34344973544973545
SUP009,2023-12,10,6,1.9,19,0,0,163061.72999999998,0,0.6,0.0,0.0,0.0,0.0,0.0,163061.72999999998,1.0,0.0,0.0097233262359509,0.0,0.0,0.0285714285714285,-0.0714285714285714,0.1857142857142857,0.0,1,1,2023-12,Medium,2024-01,High,0.3592857142857143,0.18240620490620488,0.34344973544973545
SUP009,2024-01,22,17,3.4545454545454546,76,4,10,263740.87,0,0.7727272727272727,0.1818181818181818,0.0,0.0,0.0,0.0,263740.87,1.0,0.0,0.0162287651617195,0.0,0.0,0.1727272727272727,0.0,1.554545454545455,0.0,1,1,2024-01,High,2024-02,Medium,0.2753246753246753,0.18240620490620488,0.34344973544973545
SUP009,2024-02,22,14,2.0454545454545454,45,0,0,300502.46,0,0.6363636363636364,0.0,0.0,0.0,0.0,0.0,300502.46,1.0,0.0,0.0216787062446211,0.0,0.0,-0.1363636363636363,0.0,-1.4090909090909092,0.0,1,0,2024-02,Medium,2024-03,Medium,0.2557983193277311,0.18240620490620488,0.34344973544973545
SUP009,2024-03,17,10,1.9411764705882355,33,2,5,149415.91999999998,0,0.5882352941176471,0.1176470588235294,0.0,0.0,0.0,0.0,149415.91999999998,1.0,0.0,0.0090658718583056,0.0,0.0,-0.0481283422459892,0.0,-0.1042780748663101,0.0,1,0,2024-03,Medium,2024-04,Medium,0.20285714285714285,0.18240620490620488,0.34344973544973545
SUP009,2024-04,13,5,1.3076923076923077,17,3,12,113590.88,0,0.3846153846153846,0.2307692307692307,0.0,1.0,1.0,0.0769230769230769,113590.88,1.0,0.0,0.0072490852907774,0.0,0.0,-0.2036199095022624,0.0769230769230769,-0.6334841628959276,0.0,1,1,2024-04,Medium,2024-05,Medium,0.2772619047619047,0.18240620490620488,0.34344973544973545
SUP009,2024-05,24,16,1.7083333333333333,41,4,8,379246.36,0,0.6666666666666666,0.1666666666666666,0.0,0.0,0.0,0.0,379246.36,1.0,0.0,0.0237329377032272,0.0,0.0,0.282051282051282,-0.0769230769230769,0.4006410256410255,0.0,1,1,2024-05,Medium,2024-06,High,0.3503061224489796,0.18240620490620488,0.34344973544973545
SUP009,2024-06,14,11,2.9285714285714284,41,2,14,323445.49,0,0.7857142857142857,0.1428571428571428,0.0,0.0,0.0,0.0,323445.49,1.0,0.0,0.0207533085339911,0.0,0.0,0.119047619047619,0.0,1.2202380952380951,0.0,1,1,2024-06,High,2024-07,High,0.37168831168831173,0.18240620490620488,0.34344973544973545
SUP009,2024-07,22,18,3.3181818181818183,73,1,9,236461.26,0,0.8181818181818182,0.0454545454545454,0.0,0.0,0.0,0.0,236461.26,1.0,0.0,0.0149053364892354,0.0,0.0,0.0324675324675325,0.0,0.3896103896103899,0.0,1,1,2024-07,High,2024-08,High,0.4275206043956044,0.18240620490620488,0.34344973544973545
SUP009,2024-08,16,15,2.6875,43,3,15,129611.6,0,0.9375,0.1875,0.0,1.0,1.0,0.0625,129611.6,1.0,0.0,0.0084535466119574,0.0,0.0,0.1193181818181817,0.0625,-0.6306818181818183,0.0,1,1,2024-08,High,2024-09,High,0.3814285714285714,0.18240620490620488,0.34344973544973545
SUP009,2024-09,17,15,2.823529411764706,48,5,14,275467.56,0,0.8823529411764706,0.2941176470588235,0.0,0.0,0.0,0.0,275467.56,1.0,0.0,0.0179099500294314,0.0,0.0,-0.0551470588235294,-0.0625,0.136029411764706,0.0,1,1,2024-09,High,2024-10,High,0.35991596638655454,0.18240620490620488,0.34344973544973545
SUP009,2024-10,17,13,3.588235294117647,61,0,0,228229.72,0,0.7647058823529411,0.0,0.0,0.0,0.0,0.0,228229.72,1.0,0.0,0.0150676106563502,0.0,0.0,-0.1176470588235294,0.0,0.7647058823529411,0.0,1,1,2024-10,High,2024-11,Medium,0.2738345864661654,0.18240620490620488,0.34344973544973545
SUP009,2024-11,19,12,2.0526315789473686,39,2,2,189137.22,0,0.631578947368421,0.1052631578947368,0.0,0.0,0.0,0.0,189137.22,1.0,0.0,0.0124069229068101,0.0,0.0,-0.1331269349845201,0.0,-1.5356037151702786,0.0,1,0,2024-11,Medium,2024-12,Medium,0.34128636069812546,0.18240620490620488,0.34344973544973545
SUP009,2024-12,17,12,2.5294117647058822,43,0,0,283989.12,0,0.7058823529411765,0.0,0.0,1.0,1.0,0.0588235294117647,283989.12,1.0,0.0,0.0171614437710254,0.0,0.0,0.0743034055727555,0.0588235294117647,0.4767801857585136,0.0,1,1,2024-12,Medium,2025-01,High,0.37825396825396823,0.18240620490620488,0.34344973544973545
SUP009,2025-01,18,16,2.611111111111111,47,1,1,327258.28,0,0.8888888888888888,0.0555555555555555,0.0,0.0,0.0,0.0,327258.28,1.0,0.0,0.0199386314747325,0.0,0.0,0.1830065359477123,-0.0588235294117647,0.0816993464052289,0.0,1,1,2025-01,High,2025-02,High,0.3866071428571428,0.18240620490620488,0.34344973544973545
SUP010,2022-01,4,0,0.0,0,0,0,99081.48,0,0.0,0.0,0.0,0.0,0.0,0.0,99081.48,1.0,0.0,0.0937703037404555,0.0,0.0,0.0,0.0,0.0,0.0,0,0,2022-01,Low,2022-02,Medium,0.3038775510204082,0.18240620490620488,0.34344973544973545
SUP010,2022-02,21,15,2.095238095238096,44,2,10,457943.08,0,0.7142857142857143,0.0952380952380952,0.0,0.0,0.0,0.0,457943.08,1.0,0.0,0.0522466532141585,0.0,0.0,0.7142857142857143,0.0,2.095238095238096,0.0,1,1,2022-02,Medium,2022-03,Low,0.14165413533834587,0.18240620490620488,0.34344973544973545
SUP010,2022-03,19,6,1.2105263157894737,23,3,12,235212.43,0,0.3157894736842105,0.1578947368421052,0.0,0.0,0.0,0.0,235212.43,1.0,0.0,0.0155336913057668,0.0,0.0,-0.3984962406015038,0.0,-0.8847117794486217,0.0,1,0,2022-03,Low,2022-04,Medium,0.2860591133004926,0.18240620490620488,0.34344973544973545
SUP010,2022-04,29,19,2.206896551724138,64,1,1,545875.22,0,0.6551724137931034,0.0344827586206896,0.0,0.0,0.0,0.0,545875.22,1.0,0.0,0.0350503168983673,0.0,0.0,0.3393829401088929,0.0,0.9963702359346642,0.0,1,1,2022-04,Medium,2022-05,Low,0.18088235294117644,0.18240620490620488,0.34344973544973545
SUP010,2022-05,34,15,1.0294117647058822,35,3,5,485642.61,0,0.4411764705882353,0.088235294117647,0.0,0.0,0.0,0.0,485642.61,1.0,0.0,0.0282354768086011,0.0,0.0,-0.2139959432048681,0.0,-1.1774847870182557,0.0,1,0,2022-05,Low,2022-06,Medium,0.2138857142857143,0.18240620490620488,0.34344973544973545
SUP010,2022-06,25,13,1.24,31,3,9,408633.01,0,0.52,0.12,0.0,0.0,0.0,0.0,408633.01,1.0,0.0,0.0255370108922888,0.0,0.0,0.0788235294117647,0.0,0.2105882352941177,0.0,1,1,2022-06,Medium,2022-07,Low,0.1661904761904762,0.18240620490620488,0.34344973544973545
SUP010,2022-07,24,10,0.7916666666666666,19,1,5,362652.97,0,0.4166666666666667,0.0416666666666666,0.0,0.0,0.0,0.0,362652.97,1.0,0.0,0.0215987977528071,0.0,0.0,-0.1033333333333333,0.0,-0.4483333333333333,0.0,1,0,2022-07,Low,2022-08,Medium,0.22615384615384615,0.18240620490620488,0.34344973544973545
SUP010,2022-08,26,12,1.6153846153846154,42,3,9,407817.51,0,0.4615384615384615,0.1153846153846153,0.0,1.0,1.0,0.0384615384615384,407817.51,1.0,0.0,0.0244146272122764,0.0,0.0,0.0448717948717948,0.0384615384615384,0.8237179487179488,0.0,1,1,2022-08,Medium,2022-09,Low,0.17497695852534562,0.18240620490620488,0.34344973544973545
SUP010,2022-09,31,13,1.096774193548387,34,6,20,501189.31,0,0.4193548387096774,0.1935483870967742,0.0,0.0,0.0,0.0,501189.31,1.0,0.0,0.0325520260652411,0.0,0.0,-0.0421836228287841,-0.0384615384615384,-0.5186104218362284,0.0,1,0,2022-09,Low,2022-10,Low,0.17188571428571428,0.18240620490620488,0.34344973544973545
SUP010,2022-10,25,10,1.24,31,0,0,574816.7,0,0.4,0.0,0.0,0.0,0.0,0.0,574816.7,1.0,0.0,0.0347613268018036,0.0,0.0,-0.0193548387096774,0.0,0.1432258064516129,0.0,1,1,2022-10,Low,2022-11,Low,0.16884353741496597,0.18240620490620488,0.34344973544973545
SUP010,2022-11,21,8,1.380952380952381,29,3,6,439089.91,0,0.3809523809523809,0.1428571428571428,0.0,0.0,0.0,0.0,439089.91,1.0,0.0,0.0284432457047057,0.0,0.0,-0.019047619047619,0.0,0.1409523809523809,0.0,1,1,2022-11,Low,2022-12,Medium,0.2213504916136495,0.18240620490620488,0.34344973544973545
SUP010,2022-12,38,17,1.763157894736842,67,3,8,566797.16,0,0.4473684210526316,0.0789473684210526,0.0,1.0,1.0,0.0263157894736842,566797.16,1.0,0.0,0.0328382501993928,0.0,0.0,0.0664160401002506,0.0263157894736842,0.3822055137844611,0.0,1,1,2022-12,Medium,2023-01,Low,0.13078817733990147,0.18240620490620488,0.34344973544973545
SUP010,2023-01,29,9,0.8620689655172413,25,2,5,471472.48,0,0.3103448275862069,0.0689655172413793,0.0,0.0,0.0,0.0,471472.48,1.0,0.0,0.0268226264373412,0.0,0.0,-0.1370235934664246,-0.0263157894736842,-0.9010889292196008,0.0,1,0,2023-01,Low,2023-02,Medium,0.2513095238095238,0.18240620490620488,0.34344973544973545
SUP010,2023-02,24,14,1.8333333333333333,44,3,17,398300.32,0,0.5833333333333334,0.125,0.0,0.0,0.0,0.0,398300.32,1.0,0.0,0.02732578190748,0.0,0.0,0.2729885057471264,0.0,0.971264367816092,0.0,1,1,2023-02,Medium,2023-03,Medium,0.20863095238095236,0.18240620490620488,0.34344973544973545
SUP010,2023-03,24,11,1.875,45,2,6,449208.72,0,0.4583333333333333,0.0833333333333333,0.0,0.0,0.0,0.0,449208.72,1.0,0.0,0.0308117261718226,0.0,0.0,-0.125,0.0,0.0416666666666667,0.0,1,1,2023-03,Medium,2023-04,Low,0.14291208791208787,0.18240620490620488,0.34344973544973545
SUP010,2023-04,26,9,0.8461538461538461,22,0,0,534578.88,0,0.3461538461538461,0.0,0.0,0.0,0.0,0.0,534578.88,1.0,0.0,0.0300022909725098,0.0,0.0,-0.1121794871794871,0.0,-1.0288461538461535,0.0,1,0,2023-04,Low,2023-05,Medium,0.21923076923076923,0.18240620490620488,0.34344973544973545
SUP010,2023-05,26,12,1.3461538461538465,35,1,2,332236.66,0,0.4615384615384615,0.0384615384615384,0.0,1.0,1.0,0.0384615384615384,332236.66,1.0,0.0,0.0213843090507838,0.0,0.0,0.1153846153846154,0.0384615384615384,0.5000000000000001,0.0,1,1,2023-05,Medium,2023-06,Medium,0.20422077922077922,0.18240620490620488,0.34344973544973545
SUP010,2023-06,22,11,1.1363636363636365,25,1,1,291287.51,0,0.5,0.0454545454545454,0.0,0.0,0.0,0.0,291287.51,1.0,0.0,0.0168813292449903,0.0,0.0,0.0384615384615384,-0.0384615384615384,-0.2097902097902098,0.0,1,1,2023-06,Medium,2023-07,Low,0.13952380952380952,0.18240620490620488,0.34344973544973545
SUP010,2023-07,18,6,0.8888888888888888,16,2,8,290714.04,0,0.3333333333333333,0.1111111111111111,0.0,0.0,0.0,0.0,290714.04,1.0,0.0,0.0167575072992914,0.0,0.0,-0.1666666666666666,0.0,-0.2474747474747476,0.0,1,0,2023-07,Low,2023-08,Medium,0.20757142857142857,0.18240620490620488,0.34344973544973545
SUP010,2023-08,30,15,1.2666666666666666,38,1,1,587830.31,0,0.5,0.0333333333333333,0.0,0.0,0.0,0.0,587830.31,1.0,0.0,0.0365025618524897,0.0,0.0,0.1666666666666666,0.0,0.3777777777777777,0.0,1,1,2023-08,Medium,2023-09,Medium,0.2511428571428571,0.18240620490620488,0.34344973544973545
SUP010,2023-09,20,12,1.6,32,2,8,366652.48,0,0.6,0.1,0.0,0.0,0.0,0.0,366652.48,1.0,0.0,0.0236836706503198,0.0,0.0,0.0999999999999999,0.0,0.3333333333333335,0.0,1,1,2023-09,Medium,2023-10,Medium,0.19079365079365077,0.18240620490620488,0.34344973544973545
SUP010,2023-10,27,12,1.3703703703703705,37,2,6,427131.23,0,0.4444444444444444,0.074074074074074,0.0,0.0,0.0,0.0,427131.23,1.0,0.0,0.0249514701349497,0.0,0.0,-0.1555555555555555,0.0,-0.2296296296296296,0.0,1,0,2023-10,Medium,2023-11,Medium,0.19582417582417577,0.18240620490620488,0.34344973544973545
SUP010,2023-11,30,12,1.3333333333333333,40,2,3,345513.76,0,0.4,0.0666666666666666,0.0,1.0,1.0,0.0333333333333333,345513.76,1.0,0.0,0.0230175330477591,0.0,0.0,-0.0444444444444444,0.0333333333333333,-0.0370370370370372,0.0,1,1,2023-11,Medium,2023-12,Low,0.09587301587301586,0.18240620490620488,0.34344973544973545
SUP010,2023-12,27,6,0.7037037037037037,19,2,6,304345.66,0,0.2222222222222222,0.074074074074074,0.0,0.0,0.0,0.0,304345.66,1.0,0.0,0.0181480482310337,0.0,0.0,-0.1777777777777778,-0.0333333333333333,-0.6296296296296295,0.0,1,0,2023-12,Low,2024-01,Low,0.14714285714285713,0.18240620490620488,0.34344973544973545
SUP010,2024-01,22,8,0.7727272727272727,17,4,14,226100.95,0,0.3636363636363636,0.1818181818181818,0.0,0.0,0.0,0.0,226100.95,1.0,0.0,0.0139126682201044,0.0,0.0,0.1414141414141414,0.0,0.0690235690235689,0.0,1,1,2024-01,Low,2024-02,Low,0.14613029827315538,0.18240620490620488,0.34344973544973545
SUP010,2024-02,28,8,0.9285714285714286,26,2,5,420111.21,0,0.2857142857142857,0.0714285714285714,0.0,1.0,1.0,0.0357142857142857,420111.21,1.0,0.0,0.0303074640775397,0.0,0.0,-0.0779220779220779,0.0357142857142857,0.1558441558441559,0.0,1,1,2024-02,Low,2024-03,Medium,0.236734693877551,0.18240620490620488,0.34344973544973545
SUP010,2024-03,21,12,1.4285714285714286,30,4,23,281869.94,0,0.5714285714285714,0.1904761904761904,0.0,0.0,0.0,0.0,281869.94,1.0,0.0,0.0171025735192629,0.0,0.0,0.2857142857142857,-0.0357142857142857,0.5,0.0,1,1,2024-03,Medium,2024-04,Low,0.17993131868131862,0.18240620490620488,0.34344973544973545
SUP010,2024-04,24,9,0.9583333333333334,23,3,13,463914.81,0,0.375,0.125,0.0,1.0,1.0,0.0416666666666666,463914.81,1.0,0.0,0.0296058805543614,0.0,0.0,-0.1964285714285714,0.0416666666666666,-0.4702380952380952,0.0,1,1,2024-04,Low,2024-05,Medium,0.21707792207792206,0.18240620490620488,0.34344973544973545
SUP010,2024-05,22,11,1.6363636363636365,36,3,8,404000.86,0,0.5,0.1363636363636363,0.0,0.0,0.0,0.0,404000.86,1.0,0.0,0.0252820547636376,0.0,0.0,0.125,-0.0416666666666666,0.6780303030303031,0.0,1,1,2024-05,Medium,2024-06,Low,0.14108374384236455,0.18240620490620488,0.34344973544973545
SUP010,2024-06,29,10,0.7931034482758621,23,0,0,569767.66,0,0.3448275862068966,0.0,0.0,0.0,0.0,0.0,569767.66,1.0,0.0,0.0365581354702771,0.0,0.0,-0.1551724137931034,0.0,-0.8432601880877744,0.0,1,0,2024-06,Low,2024-07,Medium,0.18430631868131864,0.18240620490620488,0.34344973544973545
SUP010,2024-07,32,12,1.25,40,0,0,576741.34,0,0.375,0.0,0.0,1.0,1.0,0.03125,576741.34,1.0,0.0,0.0363548927209156,0.0,0.0,0.0301724137931034,0.03125,0.4568965517241379,0.0,1,1,2024-07,Medium,2024-08,Medium,0.205,0.18240620490620488,0.34344973544973545
SUP010,2024-08,30,15,1.1666666666666667,35,2,7,598761.59,0,0.5,0.0666666666666666,0.0,0.0,0.0,0.0,598761.59,1.0,0.0,0.0390525154424043,0.0,0.0,0.125,-0.03125,-0.0833333333333332,0.0,1,1,2024-08,Medium,2024-09,Low,0.1446305418719212,0.18240620490620488,0.34344973544973545
SUP010,2024-09,29,10,0.9310344827586208,27,2,5,365947.82,0,0.3448275862068966,0.0689655172413793,0.0,0.0,0.0,0.0,365947.82,1.0,0.0,0.02379266425992,0.0,0.0,-0.1551724137931034,0.0,-0.235632183908046,0.0,1,0,2024-09,Low,2024-10,Medium,0.21908163265306121,0.18240620490620488,0.34344973544973545
SUP010,2024-10,28,14,1.7142857142857142,48,1,5,449371.68,0,0.5,0.0357142857142857,0.0,0.0,0.0,0.0,449371.68,1.0,0.0,0.0296672909830936,0.0,0.0,0.1551724137931034,0.0,0.7832512315270935,0.0,1,1,2024-10,Medium,2024-11,Low,0.14416703296703298,0.18240620490620488,0.34344973544973545
SUP010,2024-11,25,7,0.88,22,4,33,387637.31,0,0.28,0.16,0.0,1.0,1.0,0.04,387637.31,1.0,0.0,0.0254280263872614,0.0,0.0,-0.2199999999999999,0.04,-0.8342857142857142,0.0,1,1,2024-11,Low,2024-12,Low,0.14489010989010986,0.18240620490620488,0.34344973544973545
SUP010,2024-12,26,9,0.9230769230769232,24,3,13,450010.06,0,0.3461538461538461,0.1153846153846153,0.0,0.0,0.0,0.0,450010.06,1.0,0.0,0.02719407821358,0.0,0.0,0.0661538461538461,-0.04,0.0430769230769231,0.0,1,1,2024-12,Low,2025-01,Medium,0.3051020408163265,0.18240620490620488,0.34344973544973545
SUP011,2022-01,1,0,0.0,0,1,3,19204.7,0,0.0,1.0,0.0,0.0,0.0,0.0,19204.7,1.0,0.0,0.0181752488178853,0.0,0.0,0.0,0.0,0.0,0.0,0,0,2022-01,Low,2022-02,Low,0.0,0.18240620490620488,0.34344973544973545
SUP011,2022-02,6,0,0.0,0,1,3,128562.44,0,0.0,0.1666666666666666,0.0,0.0,0.0,0.0,128562.44,1.0,0.0,0.0146676683465684,0.0,0.0,0.0,0.0,0.0,0.0,1,0,2022-02,Low,2022-03,Medium,0.22058441558441558,0.18240620490620488,0.34344973544973545
SUP011,2022-03,22,11,1.7727272727272727,39,3,12,574541.25,0,0.5,0.1363636363636363,0.0,0.0,0.0,0.0,574541.25,1.0,0.0,0.0379433451707014,0.0,0.0,0.5,0.0,1.7727272727272727,0.0,1,1,2022-03,Medium,2022-04,Low,0.12945054945054946,0.18240620490620488,0.34344973544973545
SUP011,2022-04,13,4,0.8461538461538461,11,1,1,533235.98,0,0.3076923076923077,0.0769230769230769,0.0,0.0,0.0,0.0,533235.98,1.0,0.0,0.0342387589614554,0.0,0.0,-0.1923076923076923,0.0,-0.9265734265734266,0.0,1,0,2022-04,Low,2022-05,Low,0.08261904761904759,0.18240620490620488,0.34344973544973545
SUP011,2022-05,18,3,0.9444444444444444,17,2,9,533799.71,0,0.1666666666666666,0.1111111111111111,0.0,0.0,0.0,0.0,533799.71,1.0,0.0,0.0310353519682777,0.0,0.0,-0.141025641025641,0.0,0.0982905982905982,0.0,1,1,2022-05,Low,2022-06,Medium,0.21035714285714285,0.18240620490620488,0.34344973544973545
SUP011,2022-06,16,8,1.375,22,2,6,333364.63,0,0.5,0.125,0.0,0.0,0.0,0.0,333364.63,1.0,0.0,0.0208332072521842,0.0,0.0,0.3333333333333333,0.0,0.4305555555555556,0.0,1,1,2022-06,Medium,2022-07,Low,0.13552380952380952,0.18240620490620488,0.34344973544973545
SUP011,2022-07,15,5,0.7333333333333333,11,2,4,489253.73,0,0.3333333333333333,0.1333333333333333,0.0,0.0,0.0,0.0,489253.73,1.0,0.0,0.0291388551542168,0.0,0.0,-0.1666666666666666,0.0,-0.6416666666666667,0.0,1,0,2022-07,Low,2022-08,Low,0.1757894736842105,0.18240620490620488,0.34344973544973545
SUP011,2022-08,19,8,1.105263157894737,21,0,0,574170.1,0,0.4210526315789473,0.0,0.0,0.0,0.0,0.0,574170.1,1.0,0.0,0.0343735828016199,0.0,0.0,0.087719298245614,0.0,0.3719298245614036,0.0,1,1,2022-08,Low,2022-09,Medium,0.23444444444444446,0.18240620490620488,0.34344973544973545
SUP011,2022-09,9,5,1.5555555555555556,14,1,2,346612.68,0,0.5555555555555556,0.1111111111111111,0.0,0.0,0.0,0.0,346612.68,1.0,0.0,0.0225123416816354,0.0,0.0,0.1345029239766082,0.0,0.4502923976608186,0.0,1,1,2022-09,Medium,2022-10,Low,0.18166268514094602,0.18240620490620488,0.34344973544973545
SUP011,2022-10,23,9,0.782608695652174,18,3,18,921191.24,0,0.391304347826087,0.1304347826086956,0.0,1.0,1.0,0.0434782608695652,921191.24,1.0,0.0,0.0557078973881565,0.0,0.0,-0.1642512077294686,0.0434782608695652,-0.7729468599033816,0.0,1,1,2022-10,Low,2022-11,Low,0.1295238095238095,0.18240620490620488,0.34344973544973545
SUP011,2022-11,12,4,0.5,6,0,0,397213.89,0,0.3333333333333333,0.0,0.0,0.0,0.0,0.0,397213.89,1.0,0.0,0.0257306123718305,0.0,0.0,-0.0579710144927536,-0.0434782608695652,-0.2826086956521739,0.0,1,0,2022-11,Low,2022-12,Medium,0.18246753246753245,0.18240620490620488,0.34344973544973545
SUP011,2022-12,11,5,0.9090909090909092,10,2,15,382243.78,0,0.4545454545454545,0.1818181818181818,0.0,0.0,0.0,0.0,382243.78,1.0,0.0,0.0221458711698585,0.0,0.0,0.1212121212121212,0.0,0.409090909090909,0.0,1,1,2022-12,Medium,2023-01,Low,0.13952380952380952,0.18240620490620488,0.34344973544973545
SUP011,2023-01,9,3,0.8888888888888888,8,3,5,433707.63,0,0.3333333333333333,0.3333333333333333,0.0,0.0,0.0,0.0,433707.63,1.0,0.0,0.0246741395012379,0.0,0.0,-0.1212121212121212,0.0,-0.0202020202020202,0.0,1,0,2023-01,Low,2023-02,Medium,0.24026785714285714,0.18240620490620488,0.34344973544973545
SUP011,2023-02,16,9,1.6875,27,1,4,532881.33,0,0.5625,0.0625,0.0,0.0,0.0,0.0,532881.33,1.0,0.0,0.0365588433525433,0.0,0.0,0.2291666666666666,0.0,0.7986111111111112,0.0,1,1,2023-02,Medium,2023-03,Low,0.1475238095238095,0.18240620490620488,0.34344973544973545
SUP011,2023-03,15,5,1.2,18,2,6,592209.04,0,0.3333333333333333,0.1333333333333333,0.0,0.0,0.0,0.0,592209.04,1.0,0.0,0.0406202773110859,0.0,0.0,-0.2291666666666666,0.0,-0.4875,0.0,1,0,2023-03,Low,2023-04,Medium,0.21868131868131868,0.18240620490620488,0.34344973544973545
SUP011,2023-04,17,7,1.7647058823529411,30,2,6,339589.78,0,0.4117647058823529,0.1176470588235294,0.0,1.0,1.0,0.0588235294117647,339589.78,1.0,0.0,0.0190588737640562,0.0,0.0,0.0784313725490196,0.0588235294117647,0.5647058823529412,0.0,1,1,2023-04,Medium,2023-05,Low,0.1152397602397602,0.18240620490620488,0.34344973544973545
SUP011,2023-05,22,5,0.4090909090909091,9,0,0,695012.18,0,0.2272727272727272,0.0,0.0,1.0,1.0,0.0454545454545454,695012.18,1.0,0.0,0.0447342423054066,0.0,0.0,-0.1844919786096256,-0.0133689839572192,-1.355614973262032,0.0,1,0,2023-05,Low,2023-06,Medium,0.21071428571428572,0.18240620490620488,0.34344973544973545
SUP011,2023-06,18,9,1.3888888888888888,25,0,0,397356.17,0,0.5,0.0,0.0,0.0,0.0,0.0,397356.17,1.0,0.0,0.0230284516260184,0.0,0.0,0.2727272727272727,-0.0454545454545454,0.9797979797979796,0.0,1,1,2023-06,Medium,2023-07,Medium,0.29514390371533233,0.18240620490620488,0.34344973544973545
SUP011,2023-07,21,13,2.0476190476190474,43,3,8,830464.01,0,0.6190476190476191,0.1428571428571428,0.0,1.0,1.0,0.0476190476190476,830464.01,1.0,0.0,0.0478700881091736,0.0,0.0,0.119047619047619,0.0476190476190476,0.6587301587301586,0.0,1,1,2023-07,Medium,2023-08,Medium,0.3019047619047619,0.18240620490620488,0.34344973544973545
SUP011,2023-08,9,6,2.6666666666666665,24,2,9,456366.1500000001,0,0.6666666666666666,0.2222222222222222,0.0,0.0,0.0,0.0,456366.1500000001,1.0,0.0,0.0283390177987889,0.0,0.0,0.0476190476190475,-0.0476190476190476,0.6190476190476191,0.0,1,1,2023-08,Medium,2023-09,Low,0.1525206043956044,0.18240620490620488,0.34344973544973545
SUP011,2023-09,16,5,0.5,8,2,7,576428.96,0,0.3125,0.125,0.0,1.0,1.0,0.0625,576428.96,1.0,0.0,0.0372340414605852,0.0,0.0,-0.3541666666666666,0.0625,-2.1666666666666665,0.0,1,1,2023-09,Low,2023-10,Medium,0.2141269841269841,0.18240620490620488,0.34344973544973545
SUP011,2023-10,18,8,2.2777777777777777,41,3,10,752437.59,0,0.4444444444444444,0.1666666666666666,0.0,0.0,0.0,0.0,752437.59,1.0,0.0,0.0439546976120163,0.0,0.0,0.1319444444444444,-0.0625,1.7777777777777777,0.0,1,1,2023-10,Medium,2023-11,Medium,0.2665934065934066,0.18240620490620488,0.34344973544973545
SUP011,2023-11,13,7,1.6923076923076923,22,0,0,516159.4,0,0.5384615384615384,0.0,0.0,1.0,1.0,0.0769230769230769,516159.4,1.0,0.0,0.0343856523902593,0.0,0.0,0.094017094017094,0.0769230769230769,-0.5854700854700854,0.0,1,1,2023-11,Medium,2023-12,Medium,0.27619047619047615,0.18240620490620488,0.34344973544973545
SUP011,2023-12,12,8,1.6666666666666667,20,0,0,455394.23,0,0.6666666666666666,0.0,0.0,0.0,0.0,0.0,455394.23,1.0,0.0,0.0271550330311083,0.0,0.0,0.1282051282051282,-0.0769230769230769,-0.0256410256410255,0.0,1,1,2023-12,Medium,2024-01,Low,0.1688961038961039,0.18240620490620488,0.34344973544973545
SUP011,2024-01,22,9,1.0,22,2,10,866825.98,0,0.4090909090909091,0.0909090909090909,0.0,0.0,0.0,0.0,866825.98,1.0,0.0,0.0533383971376805,0.0,0.0,-0.2575757575757575,0.0,-0.6666666666666667,0.0,1,0,2024-01,Low,2024-02,Low,0.09714285714285714,0.18240620490620488,0.34344973544973545
SUP011,2024-02,16,4,0.375,6,3,23,510097.8,0,0.25,0.1875,0.0,0.0,0.0,0.0,510097.8,1.0,0.0,0.0367992340635996,0.0,0.0,-0.1590909090909091,0.0,-0.625,0.0,1,0,2024-02,Low,2024-03,Medium,0.2667460317460318,0.18240620490620488,0.34344973544973545
SUP011,2024-03,18,11,2.055555555555556,37,1,1,415675.15,0,0.6111111111111112,0.0555555555555555,0.0,0.0,0.0,0.0,415675.15,1.0,0.0,0.025221259184309,0.0,0.0,0.3611111111111111,0.0,1.6805555555555554,0.0,1,1,2024-03,Medium,2024-04,Medium,0.19698412698412696,0.18240620490620488,0.34344973544973545
SUP011,2024-04,18,8,1.6111111111111112,29,0,0,845628.3,0,0.4444444444444444,0.0,0.0,0.0,0.0,0.0,845628.3,1.0,0.0,0.0539658788715707,0.0,0.0,-0.1666666666666667,0.0,-0.4444444444444442,0.0,1,0,2024-04,Medium,2024-05,Low,0.17006493506493509,0.18240620490620488,0.34344973544973545
SUP011,2024-05,22,9,1.0454545454545454,23,1,1,1005435.39,0,0.4090909090909091,0.0454545454545454,0.0,0.0,0.0,0.0,1005435.39,1.0,0.0,0.0629193526748417,0.0,0.0,-0.0353535353535353,0.0,-0.5656565656565657,0.0,1,0,2024-05,Low,2024-06,Medium,0.31302521008403356,0.18240620490620488,0.34344973544973545
SUP011,2024-06,17,13,1.7647058823529411,30,0,0,610360.37,0,0.7647058823529411,0.0,0.0,0.0,0.0,0.0,610360.37,1.0,0.0,0.0391626950047471,0.0,0.0,0.355614973262032,0.0,0.7192513368983957,0.0,1,1,2024-06,Medium,2024-07,Low,0.07084033613445377,0.18240620490620488,0.34344973544973545
SUP011,2024-07,17,3,0.3529411764705882,6,1,5,516450.79,0,0.1764705882352941,0.0588235294117647,0.0,0.0,0.0,0.0,516450.79,1.0,0.0,0.0325544776555849,0.0,0.0,-0.588235294117647,0.0,-1.4117647058823528,0.0,1,0,2024-07,Low,2024-08,Medium,0.22406593406593403,0.18240620490620488,0.34344973544973545
SUP011,2024-08,13,7,1.3846153846153846,18,0,0,239346.68,0,0.5384615384615384,0.0,0.0,0.0,0.0,0.0,239346.68,1.0,0.0,0.0156107039477736,0.0,0.0,0.3619909502262443,0.0,1.0316742081447965,0.0,1,1,2024-08,Medium,2024-09,Medium,0.18480519480519478,0.18240620490620488,0.34344973544973545
SUP011,2024-09,11,5,1.0,11,2,6,172299.0,0,0.4545454545454545,0.1818181818181818,0.0,0.0,0.0,0.0,172299.0,1.0,0.0,0.0112022863240993,0.0,0.0,-0.0839160839160839,0.0,-0.3846153846153846,0.0,1,0,2024-09,Medium,2024-10,Medium,0.1830612244897959,0.18240620490620488,0.34344973544973545
SUP011,2024-10,14,6,1.2857142857142858,18,0,0,319048.02,0,0.4285714285714285,0.0,0.0,0.0,0.0,0.0,319048.02,1.0,0.0,0.0210633888787114,0.0,0.0,-0.0259740259740259,0.0,0.2857142857142858,0.0,1,1,2024-10,Medium,2024-11,Medium,0.25572213500784924,0.18240620490620488,0.34344973544973545
SUP011,2024-11,14,7,1.8571428571428568,26,0,0,691241.49,0,0.5,0.0,0.0,1.0,1.0,0.0714285714285714,691241.49,1.0,0.0,0.0453436921427659,0.0,0.0,0.0714285714285714,0.0714285714285714,0.5714285714285714,0.0,1,1,2024-11,Medium,2024-12,Low,0.07205357142857141,0.18240620490620488,0.34344973544973545
SUP011,2024-12,16,3,0.25,4,1,3,730234.0,0,0.1875,0.0625,0.0,0.0,0.0,0.0,730234.0,1.0,0.0,0.044127992405804,0.0,0.0,-0.3125,-0.0714285714285714,-1.6071428571428572,0.0,1,0,2024-12,Low,2025-01,Low,0.1274725274725275,0.18240620490620488,0.34344973544973545
SUP011,2025-01,13,4,0.7692307692307693,10,0,0,759856.2000000001,0,0.3076923076923077,0.0,0.0,0.0,0.0,0.0,759856.2000000001,1.0,0.0,0.0462952159547825,0.0,0.0,0.1201923076923077,0.0,0.5192307692307693,0.0,1,1,2025-01,Low,2025-02,Medium,0.31047619047619046,0.18240620490620488,0.34344973544973545
SUP012,2022-01,9,2,0.3333333333333333,3,0,0,111752.09,0,0.2222222222222222,0.0,0.0,0.0,0.0,0.0,111752.09,1.0,0.0,0.1057617167499993,0.0,0.0,0.0,0.0,0.0,0.0,0,0,2022-01,Low,2022-02,Low,0.14987012987012985,0.18240620490620488,0.34344973544973545
SUP012,2022-02,33,12,0.8787878787878788,29,2,8,838659.0800000001,0,0.3636363636363636,0.0606060606060606,0.0,0.0,0.0,0.0,838659.0800000001,1.0,0.0,0.0956824811451791,0.0,0.0,0.1414141414141414,0.0,0.5454545454545454,0.0,1,1,2022-02,Low,2022-03,Low,0.1724884792626728,0.18240620490620488,0.34344973544973545
SUP012,2022-03,31,13,1.0,31,3,8,484731.21,0,0.4193548387096774,0.0967741935483871,0.0,0.0,0.0,0.0,484731.21,1.0,0.0,0.0320121899272537,0.0,0.0,0.0557184750733137,0.0,0.1212121212121212,0.0,1,1,2022-03,Low,2022-04,Low,0.1457603686635945,0.18240620490620488,0.34344973544973545
SUP012,2022-04,31,11,0.8387096774193549,26,1,2,458109.91,0,0.3548387096774194,0.032258064516129,0.0,0.0,0.0,0.0,458109.91,1.0,0.0,0.0294149595575753,0.0,0.0,-0.064516129032258,0.0,-0.1612903225806451,0.0,1,0,2022-04,Low,2022-05,Low,0.18080952380952378,0.18240620490620488,0.34344973544973545
SUP012,2022-05,30,13,1.1333333333333333,34,2,16,397132.86,0,0.4333333333333333,0.0666666666666666,0.0,0.0,0.0,0.0,397132.86,1.0,0.0,0.0230894806748185,0.0,0.0,0.0784946236559139,0.0,0.2946236559139784,0.0,1,1,2022-05,Low,2022-06,Low,0.1596336996336996,0.18240620490620488,0.34344973544973545
SUP012,2022-06,30,10,0.8333333333333334,25,4,11,602246.53,0,0.3333333333333333,0.1333333333333333,0.0,1.0,1.0,0.0333333333333333,602246.53,1.0,0.0,0.0376366466244447,0.0,0.0,-0.1,0.0333333333333333,-0.2999999999999999,0.0,1,1,2022-06,Low,2022-07,Low,0.18093984962406015,0.18240620490620488,0.34344973544973545
SUP012,2022-07,38,17,0.9473684210526316,36,2,7,488920.45,0,0.4473684210526316,0.0526315789473684,0.0,0.0,0.0,0.0,488920.45,1.0,0.0,0.0291190057446971,0.0,0.0,0.1140350877192982,-0.0333333333333333,0.1140350877192981,0.0,1,1,2022-07,Low,2022-08,Low,0.1630612244897959,0.18240620490620488,0.34344973544973545
SUP012,2022-08,35,13,1.2857142857142858,45,2,4,534943.85,0,0.3714285714285714,0.0571428571428571,0.0,0.0,0.0,0.0,534943.85,1.0,0.0,0.032025242558246,0.0,0.0,-0.0759398496240601,0.0,0.3383458646616543,0.0,1,1,2022-08,Low,2022-09,Medium,0.2000865800865801,0.18240620490620488,0.34344973544973545
SUP012,2022-09,33,16,1.181818181818182,39,1,2,534068.69,0,0.4848484848484848,0.0303030303030303,0.0,0.0,0.0,0.0,534068.69,1.0,0.0,0.0346875273886213,0.0,0.0,0.1134199134199134,0.0,-0.1038961038961039,0.0,1,1,2022-09,Medium,2022-10,Low,0.1494796380090498,0.18240620490620488,0.34344973544973545
SUP012,2022-10,34,11,0.6176470588235294,21,1,3,822344.81,0,0.3235294117647059,0.0294117647058823,0.0,1.0,1.0,0.0294117647058823,822344.81,1.0,0.0,0.04973028216504,0.0,0.0,-0.1613190730837789,0.0294117647058823,-0.5641711229946524,0.0,1,1,2022-10,Low,2022-11,Low,0.1548447204968944,0.18240620490620488,0.34344973544973545
SUP012,2022-11,23,9,0.6956521739130435,16,1,1,245048.25,0,0.391304347826087,0.0434782608695652,0.0,0.0,0.0,0.0,245048.25,1.0,0.0,0.0158736682978166,0.0,0.0,0.067774936061381,-0.0294117647058823,0.078005115089514,0.0,1,1,2022-11,Low,2022-12,Low,0.0953246753246753,0.18240620490620488,0.34344973544973545
SUP012,2022-12,44,10,0.6136363636363636,27,3,6,624620.72,0,0.2272727272727272,0.0681818181818181,0.0,0.0,0.0,0.0,624620.72,1.0,0.0,0.0361883455504344,0.0,0.0,-0.1640316205533597,0.0,-0.0820158102766798,0.0,1,0,2022-12,Low,2023-01,Medium,0.196017226017226,0.18240620490620488,0.34344973544973545
SUP012,2023-01,37,16,0.972972972972973,36,3,12,660384.43,0,0.4324324324324324,0.081081081081081,0.0,1.0,1.0,0.027027027027027,660384.43,1.0,0.0,0.0375700504744763,0.0,0.0,0.2051597051597052,0.027027027027027,0.3593366093366094,0.0,1,1,2023-01,Medium,2023-02,Medium,0.21100529100529097,0.18240620490620488,0.34344973544973545
SUP012,2023-02,27,14,1.148148148148148,31,1,8,296874.23,0,0.5185185185185185,0.037037037037037,0.0,0.0,0.0,0.0,296874.23,1.0,0.0,0.020367346084309,0.0,0.0,0.086086086086086,-0.027027027027027,0.1751751751751751,0.0,1,1,2023-02,Medium,2023-03,Medium,0.257487684729064,0.18240620490620488,0.34344973544973545
SUP012,2023-03,29,17,2.034482758620689,59,3,6,376457.52,0,0.5862068965517241,0.1034482758620689,0.0,0.0,0.0,0.0,376457.52,1.0,0.0,0.0258216403759113,0.0,0.0,0.0676883780332056,0.0,0.8863346104725414,0.0,1,1,2023-03,Medium,2023-04,Medium,0.24390977443609022,0.18240620490620488,0.34344973544973545
SUP012,2023-04,38,22,1.605263157894737,61,2,5,911713.98,0,0.5789473684210527,0.0526315789473684,0.0,0.0,0.0,0.0,911713.98,1.0,0.0,0.0511683291933736,0.0,0.0,-0.0072595281306714,0.0,-0.4292196007259525,0.0,1,0,2023-04,Medium,2023-05,Low,0.09887445887445886,0.18240620490620488,0.34344973544973545
SUP012,2023-05,33,8,0.5454545454545454,18,1,1,671869.39,0,0.2424242424242424,0.0303030303030303,0.0,0.0,0.0,0.0,671869.39,1.0,0.0,0.0432446638414966,0.0,0.0,-0.3365231259968102,0.0,-1.0598086124401915,0.0,1,0,2023-05,Low,2023-06,Medium,0.1891326530612245,0.18240620490620488,0.34344973544973545
SUP012,2023-06,28,13,1.0357142857142858,29,3,4,808672.13,0,0.4642857142857143,0.1071428571428571,0.0,0.0,0.0,0.0,808672.13,1.0,0.0,0.0468659314564419,0.0,0.0,0.2218614718614718,0.0,0.4902597402597404,0.0,1,1,2023-06,Medium,2023-07,Medium,0.20804092459264872,0.18240620490620488,0.34344973544973545
SUP012,2023-07,29,13,1.137931034482759,33,1,1,567676.76,0,0.4482758620689655,0.0344827586206896,0.0,1.0,1.0,0.0344827586206896,567676.76,1.0,0.0,0.0327223530357808,0.0,0.0,-0.0160098522167487,0.0344827586206896,0.1022167487684728,0.0,1,1,2023-07,Medium,2023-08,Low,0.12026315789473684,0.18240620490620488,0.34344973544973545
SUP012,2023-08,38,11,0.7368421052631579,28,1,1,689091.88,0,0.2894736842105263,0.0263157894736842,0.0,0.0,0.0,0.0,689091.88,1.0,0.0,0.0427906124332861,0.0,0.0,-0.1588021778584392,-0.0344827586206896,-0.4010889292196008,0.0,1,0,2023-08,Low,2023-09,Low,0.15298701298701298,0.18240620490620488,0.34344973544973545
SUP012,2023-09,22,8,1.0,22,0,0,438079.15,0,0.3636363636363636,0.0,0.0,0.0,0.0,0.0,438079.15,1.0,0.0,0.0282974284187906,0.0,0.0,0.0741626794258373,0.0,0.2631578947368421,0.0,1,1,2023-09,Low,2023-10,Low,0.16337386018237077,0.18240620490620488,0.34344973544973545
SUP012,2023-10,47,19,0.851063829787234,40,3,5,888071.35,0,0.4042553191489361,0.0638297872340425,0.0,0.0,0.0,0.0,888071.35,1.0,0.0,0.0518779340186142,0.0,0.0,0.0406189555125725,0.0,-0.1489361702127659,0.0,1,1,2023-10,Low,2023-11,Medium,0.20951465201465203,0.18240620490620488,0.34344973544973545
SUP012,2023-11,24,10,1.5416666666666667,37,1,2,534947.61,0,0.4166666666666667,0.0416666666666666,0.0,1.0,1.0,0.0416666666666666,534947.61,1.0,0.0,0.0356372906595521,0.0,0.0,0.0124113475177305,0.0416666666666666,0.6906028368794327,0.0,1,1,2023-11,Medium,2023-12,Medium,0.19556650246305418,0.18240620490620488,0.34344973544973545
SUP012,2023-12,29,14,1.0344827586206895,30,2,4,618708.48,0,0.4827586206896552,0.0689655172413793,0.0,0.0,0.0,0.0,618708.48,1.0,0.0,0.0368934169653991,0.0,0.0,0.0660919540229885,-0.0416666666666666,-0.507183908045977,0.0,1,1,2023-12,Medium,2024-01,Low,0.14244239631336406,0.18240620490620488,0.34344973544973545
SUP012,2024-01,31,11,0.7096774193548387,22,2,11,379904.26,0,0.3548387096774194,0.064516129032258,0.0,0.0,0.0,0.0,379904.26,1.0,0.0,0.0233766462493159,0.0,0.0,-0.1279199110122358,0.0,-0.324805339265851,0.0,1,0,2024-01,Low,2024-02,Low,0.14741935483870966,0.18240620490620488,0.34344973544973545
SUP012,2024-02,31,11,0.9032258064516128,28,2,9,373119.9,0,0.3548387096774194,0.064516129032258,0.0,0.0,0.0,0.0,373119.9,1.0,0.0,0.0269174392320196,0.0,0.0,0.0,0.0,0.1935483870967741,0.0,1,1,2024-02,Low,2024-03,Medium,0.18982417582417577,0.18240620490620488,0.34344973544973545
SUP012,2024-03,30,12,1.1,33,3,12,420550.83,0,0.4,0.1,0.0,1.0,1.0,0.0333333333333333,420550.83,1.0,0.0,0.0255170930559748,0.0,0.0,0.0451612903225806,0.0333333333333333,0.1967741935483872,0.0,1,1,2024-03,Medium,2024-04,Medium,0.20135989010989008,0.18240620490620488,0.34344973544973545
SUP012,2024-04,32,14,1.0625,34,1,3,407862.33,0,0.4375,0.03125,0.0,1.0,1.0,0.03125,407862.33,1.0,0.0,0.026028751754236,0.0,0.0,0.0374999999999999,-0.0020833333333333,-0.0375,0.0,1,1,2024-04,Medium,2024-05,Medium,0.2342527472527472,0.18240620490620488,0.34344973544973545
SUP012,2024-05,30,15,1.4666666666666666,44,1,1,485549.87,0,0.5,0.0333333333333333,0.0,1.0,1.0,0.0333333333333333,485549.87,1.0,0.0,0.0303853274070187,0.0,0.0,0.0625,0.0020833333333333,0.4041666666666665,0.0,1,1,2024-05,Medium,2024-06,Medium,0.24015873015873015,0.18240620490620488,0.34344973544973545
SUP012,2024-06,36,20,1.7777777777777777,64,2,4,405591.04,0,0.5555555555555556,0.0555555555555555,0.0,0.0,0.0,0.0,405591.04,1.0,0.0,0.0260240326484142,0.0,0.0,0.0555555555555555,-0.0333333333333333,0.3111111111111111,0.0,1,1,2024-06,Medium,2024-07,Medium,0.20252100840336132,0.18240620490620488,0.34344973544973545
SUP012,2024-07,34,16,1.4705882352941178,50,2,3,563901.01,0,0.4705882352941176,0.0588235294117647,0.0,0.0,0.0,0.0,563901.01,1.0,0.0,0.0355455024669568,0.0,0.0,-0.0849673202614379,0.0,-0.3071895424836599,0.0,1,0,2024-07,Medium,2024-08,Medium,0.21357142857142858,0.18240620490620488,0.34344973544973545
SUP012,2024-08,40,20,1.5,60,2,5,471983.51,0,0.5,0.05,0.0,0.0,0.0,0.0,471983.51,1.0,0.0,0.030783777083689,0.0,0.0,0.0294117647058823,0.0,0.0294117647058822,0.0,1,1,2024-08,Medium,2024-09,Low,0.17663865546218488,0.18240620490620488,0.34344973544973545
SUP012,2024-09,34,14,1.2647058823529411,43,3,6,696634.48,0,0.4117647058823529,0.088235294117647,0.0,0.0,0.0,0.0,696634.48,1.0,0.0,0.0452927695935556,0.0,0.0,-0.088235294117647,0.0,-0.2352941176470588,0.0,1,0,2024-09,Low,2024-10,Medium,0.25952380952380955,0.18240620490620488,0.34344973544973545
SUP012,2024-10,21,13,1.6666666666666667,35,1,1,185078.87,0,0.6190476190476191,0.0476190476190476,0.0,0.0,0.0,0.0,185078.87,1.0,0.0,0.0122188133687289,0.0,0.0,0.2072829131652661,0.0,0.4019607843137256,0.0,1,1,2024-10,Medium,2024-11,Medium,0.1864489795918367,0.18240620490620488,0.34344973544973545
SUP012,2024-11,35,16,1.0285714285714285,36,1,1,531677.12,0,0.4571428571428571,0.0285714285714285,0.0,0.0,0.0,0.0,531677.12,1.0,0.0,0.0348766733441194,0.0,0.0,-0.1619047619047619,0.0,-0.6380952380952383,0.0,1,0,2024-11,Medium,2024-12,Low,0.13692640692640692,0.18240620490620488,0.34344973544973545
SUP012,2024-12,33,11,0.7878787878787878,26,1,1,567985.13,0,0.3333333333333333,0.0303030303030303,0.0,0.0,0.0,0.0,567985.13,1.0,0.0,0.0343233039042959,0.0,0.0,-0.1238095238095238,0.0,-0.2406926406926406,0.0,1,0,2024-12,Low,2025-01,Medium,0.1925595238095238,0.18240620490620488,0.34344973544973545
SUP013,2022-02,12,9,2.25,27,0,0,224721.6,0,0.75,0.0,0.0,0.0,0.0,0.0,224721.6,1.0,0.0,0.0256384516279421,0.0,0.0,0.0,0.0,0.0,0.0,0,0,2022-02,Medium,2022-03,Medium,0.31078449328449326,0.18240620490620488,0.34344973544973545
SUP013,2022-03,36,25,1.8611111111111112,67,7,14,455712.07,0,0.6944444444444444,0.1944444444444444,0.0,1.0,1.0,0.0277777777777777,455712.07,1.0,0.0,0.0300957335447452,0.0,0.0,-0.0555555555555555,0.0277777777777777,-0.3888888888888888,0.0,1,1,2022-03,Medium,2022-04,Medium,0.22080357142857143,0.18240620490620488,0.34344973544973545
SUP013,2022-04,32,16,1.78125,57,2,8,627540.9,0,0.5,0.0625,0.0,0.0,0.0,0.0,627540.9,1.0,0.0,0.0402940206952179,0.0,0.0,-0.1944444444444444,-0.0277777777777777,-0.0798611111111111,0.0,1,0,2022-04,Medium,2022-05,High,0.34653846153846146,0.18240620490620488,0.34344973544973545
SUP013,2022-05,24,18,2.333333333333333,56,2,2,283745.55,0,0.75,0.0833333333333333,0.0,1.0,1.0,0.0416666666666666,283745.55,1.0,0.0,0.0164970921653039,0.0,0.0,0.25,0.0416666666666666,0.5520833333333335,0.0,1,1,2022-05,High,2022-06,Medium,0.26563025210084035,0.18240620490620488,0.34344973544973545
SUP013,2022-06,34,20,2.323529411764706,79,6,18,497046.67,0,0.5882352941176471,0.1764705882352941,0.0,0.0,0.0,0.0,497046.67,1.0,0.0,0.0310623124298399,0.0,0.0,-0.1617647058823529,-0.0416666666666666,-0.0098039215686274,0.0,1,0,2022-06,Medium,2022-07,Medium,0.24474789915966388,0.18240620490620488,0.34344973544973545
SUP013,2022-07,34,19,1.911764705882353,65,5,14,354383.48,0,0.5588235294117647,0.1470588235294117,0.0,0.0,0.0,0.0,354383.48,1.0,0.0,0.0211062854702554,0.0,0.0,-0.0294117647058823,0.0,-0.411764705882353,0.0,1,0,2022-07,Medium,2022-08,Medium,0.32446703296703294,0.18240620490620488,0.34344973544973545
SUP013,2022-08,40,28,2.35,94,7,17,521227.07,0,0.7,0.175,0.0,1.0,1.0,0.025,521227.07,1.0,0.0,0.0312040662672799,0.0,0.0,0.1411764705882352,0.025,0.438235294117647,0.0,1,1,2022-08,Medium,2022-09,Medium,0.3246753246753247,0.18240620490620488,0.34344973544973545
SUP013,2022-09,33,24,2.727272727272727,90,4,8,362352.36,0,0.7272727272727273,0.1212121212121212,0.0,0.0,0.0,0.0,362352.36,1.0,0.0,0.0235346270005672,0.0,0.0,0.0272727272727273,-0.025,0.377272727272727,0.0,1,1,2022-09,Medium,2022-10,High,0.36818181818181817,0.18240620490620488,0.34344973544973545
SUP013,2022-10,33,27,3.1818181818181817,105,5,16,328513.48000000004,0,0.8181818181818182,0.1515151515151515,0.0,0.0,0.0,0.0,328513.48000000004,1.0,0.0,0.0198664451416909,0.0,0.0,0.0909090909090909,0.0,0.4545454545454546,0.0,1,1,2022-10,High,2022-11,Medium,0.30634453781512605,0.18240620490620488,0.34344973544973545
SUP013,2022-11,34,23,2.7058823529411766,92,4,14,489370.58,0,0.6764705882352942,0.1176470588235294,0.0,0.0,0.0,0.0,489370.58,1.0,0.0,0.0317003131490641,0.0,0.0,-0.141711229946524,0.0,-0.475935828877005,0.0,1,0,2022-11,Medium,2022-12,High,0.3762753036437247,0.18240620490620488,0.34344973544973545
SUP013,2022-12,38,30,3.131578947368421,119,10,38,442491.61,0,0.7894736842105263,0.2631578947368421,0.0,1.0,1.0,0.0263157894736842,442491.61,1.0,0.0,0.0256364202677235,0.0,0.0,0.1130030959752321,0.0263157894736842,0.4256965944272446,0.0,1,1,2022-12,High,2023-01,Medium,0.3103415503415503,0.18240620490620488,0.34344973544973545
SUP013,2023-01,37,25,2.108108108108108,78,4,14,487018.75,0,0.6756756756756757,0.1081081081081081,0.0,1.0,1.0,0.027027027027027,487018.75,1.0,0.0,0.0277070721057375,0.0,0.0,-0.1137980085348506,0.0007112375533428,-1.0234708392603131,0.0,1,1,2023-01,Medium,2023-02,Medium,0.31571428571428567,0.18240620490620488,0.34344973544973545
SUP013,2023-02,20,14,2.75,55,3,13,253703.05,0,0.7,0.15,0.0,0.0,0.0,0.0,253703.05,1.0,0.0,0.01740554517647,0.0,0.0,0.0243243243243242,-0.027027027027027,0.6418918918918921,0.0,1,1,2023-02,Medium,2023-03,Medium,0.30593131868131873,0.18240620490620488,0.34344973544973545
SUP013,2023-03,40,25,2.65,106,8,20,524493.79,0,0.625,0.2,0.0,1.0,1.0,0.025,524493.79,1.0,0.0,0.0359756129317824,0.0,0.0,-0.0749999999999999,0.025,-0.1,0.0,1,1,2023-03,Medium,2023-04,Medium,0.2803896103896104,0.18240620490620488,0.34344973544973545
SUP013,2023-04,33,21,2.242424242424242,74,5,19,468715.26,0,0.6363636363636364,0.1515151515151515,0.0,0.0,0.0,0.0,468715.26,1.0,0.0,0.0263058121820592,0.0,0.0,0.0113636363636363,-0.025,-0.4075757575757577,0.0,1,1,2023-04,Medium,2023-05,Medium,0.3329270729270729,0.18240620490620488,0.34344973544973545
SUP013,2023-05,33,21,1.878787878787879,62,5,18,315167.67000000004,0,0.6363636363636364,0.1515151515151515,0.0,3.0,3.0,0.0909090909090909,315167.67000000004,1.0,0.0,0.0202856688304519,0.0,0.0,0.0,0.0909090909090909,-0.3636363636363633,0.0,1,1,2023-05,Medium,2023-06,High,0.3550197802197802,0.18240620490620488,0.34344973544973545
SUP013,2023-06,25,17,2.72,68,4,23,228458.11,0,0.68,0.16,0.0,2.0,2.0,0.08,228458.11,1.0,0.0,0.0132401027891591,0.0,0.0,0.0436363636363636,-0.0109090909090909,0.8412121212121213,0.0,1,1,2023-06,High,2023-07,Medium,0.32857142857142857,0.18240620490620488,0.34344973544973545
SUP013,2023-07,39,30,2.3076923076923075,90,3,6,438330.36,0,0.7692307692307693,0.0769230769230769,0.0,0.0,0.0,0.0,438330.36,1.0,0.0,0.0252664928298648,0.0,0.0,0.0892307692307692,-0.08,-0.4123076923076927,0.0,1,1,2023-07,Medium,2023-08,Medium,0.31058823529411766,0.18240620490620488,0.34344973544973545
SUP013,2023-08,34,24,2.4705882352941178,84,3,23,403907.89,0,0.7058823529411765,0.088235294117647,0.0,0.0,0.0,0.0,403907.89,1.0,0.0,0.025081511597171,0.0,0.0,-0.0633484162895927,0.0,0.1628959276018102,0.0,1,1,2023-08,Medium,2023-09,Medium,0.28647619047619044,0.18240620490620488,0.34344973544973545
SUP013,2023-09,30,20,2.066666666666667,62,6,15,505619.92,0,0.6666666666666666,0.2,0.0,0.0,0.0,0.0,505619.92,1.0,0.0,0.0326601790870774,0.0,0.0,-0.0392156862745098,0.0,-0.4039215686274509,0.0,1,0,2023-09,Medium,2023-10,High,0.3565027472527473,0.18240620490620488,0.34344973544973545
SUP013,2023-10,40,31,2.575,103,6,7,553915.68,0,0.775,0.15,0.0,1.0,1.0,0.025,553915.68,1.0,0.0,0.0323577616808782,0.0,0.0,0.1083333333333333,0.025,0.5083333333333333,0.0,1,1,2023-10,High,2023-11,Medium,0.3282731554160126,0.18240620490620488,0.34344973544973545
SUP013,2023-11,28,20,2.1785714285714284,61,5,18,252624.9,0,0.7142857142857143,0.1785714285714285,0.0,1.0,1.0,0.0357142857142857,252624.9,1.0,0.0,0.0168294367912781,0.0,0.0,-0.0607142857142857,0.0107142857142857,-0.3964285714285718,0.0,1,1,2023-11,Medium,2023-12,Medium,0.33419856006062904,0.18240620490620488,0.34344973544973545
SUP013,2023-12,29,20,2.7586206896551726,80,5,14,370834.2,0,0.6896551724137931,0.1724137931034483,0.0,1.0,1.0,0.0344827586206896,370834.2,1.0,0.0,0.0221127416350107,0.0,0.0,-0.0246305418719211,-0.001231527093596,0.5800492610837442,0.0,1,1,2023-12,Medium,2024-01,Medium,0.28593406593406595,0.18240620490620488,0.34344973544973545
SUP013,2024-01,26,16,1.8461538461538465,48,4,10,206831.41,0,0.6153846153846154,0.1538461538461538,0.0,1.0,1.0,0.0384615384615384,206831.41,1.0,0.0,0.0127269557462115,0.0,0.0,-0.0742705570291777,0.0039787798408488,-0.9124668435013265,0.0,1,1,2024-01,Medium,2024-02,Medium,0.33738675958188147,0.18240620490620488,0.34344973544973545
SUP013,2024-02,41,31,2.8292682926829267,116,6,23,554377.8,0,0.7560975609756098,0.1463414634146341,0.0,0.0,0.0,0.0,554377.8,1.0,0.0,0.0399936608663347,0.0,0.0,0.1407129455909943,-0.0384615384615384,0.9831144465290804,0.0,1,1,2024-02,Medium,2024-03,Medium,0.3243809523809524,0.18240620490620488,0.34344973544973545
SUP013,2024-03,30,22,2.6333333333333333,79,7,29,442280.03,0,0.7333333333333333,0.2333333333333333,0.0,0.0,0.0,0.0,442280.03,1.0,0.0,0.0268355211243057,0.0,0.0,-0.0227642276422764,0.0,-0.1959349593495933,0.0,1,0,2024-03,Medium,2024-04,Medium,0.23157635467980298,0.18240620490620488,0.34344973544973545
SUP013,2024-04,29,15,1.9655172413793105,57,3,5,312883.46,0,0.5172413793103449,0.1034482758620689,0.0,0.0,0.0,0.0,312883.46,1.0,0.0,0.0199674382979826,0.0,0.0,-0.2160919540229884,0.0,-0.667816091954023,0.0,1,0,2024-04,Medium,2024-05,Medium,0.2876190476190476,0.18240620490620488,0.34344973544973545
SUP013,2024-05,27,18,2.111111111111111,57,2,5,378988.64,0,0.6666666666666666,0.074074074074074,0.0,0.0,0.0,0.0,378988.64,1.0,0.0,0.0237168097891587,0.0,0.0,0.1494252873563217,0.0,0.1455938697318008,0.0,1,1,2024-05,Medium,2024-06,Medium,0.3399248120300752,0.18240620490620488,0.34344973544973545
SUP013,2024-06,38,30,2.473684210526316,94,1,2,395766.83,0,0.7894736842105263,0.0263157894736842,0.0,0.0,0.0,0.0,395766.83,1.0,0.0,0.0253936795671803,0.0,0.0,0.1228070175438597,0.0,0.3625730994152047,0.0,1,1,2024-06,Medium,2024-07,High,0.37965700965700966,0.18240620490620488,0.34344973544973545
SUP013,2024-07,33,25,2.8484848484848486,94,3,8,453246.62,0,0.7575757575757576,0.0909090909090909,0.0,2.0,2.0,0.0606060606060606,453246.62,1.0,0.0,0.0285704025416621,0.0,0.0,-0.0318979266347687,0.0606060606060606,0.3748006379585327,0.0,1,1,2024-07,High,2024-08,Medium,0.31978021978021975,0.18240620490620488,0.34344973544973545
SUP013,2024-08,26,18,2.1153846153846154,55,3,25,362672.98,0,0.6923076923076923,0.1153846153846153,0.0,1.0,1.0,0.0384615384615384,362672.98,1.0,0.0,0.0236543098096736,0.0,0.0,-0.0652680652680652,-0.0221445221445221,-0.7331002331002332,0.0,1,0,2024-08,Medium,2024-09,High,0.3830090497737556,0.18240620490620488,0.34344973544973545
SUP013,2024-09,34,27,3.294117647058824,112,6,13,425842.4,0,0.7941176470588235,0.1764705882352941,0.0,1.0,1.0,0.0294117647058823,425842.4,1.0,0.0,0.0276868031372302,0.0,0.0,0.1018099547511312,-0.0090497737556561,1.178733031674208,0.0,1,1,2024-09,High,2024-10,Medium,0.2584375,0.18240620490620488,0.34344973544973545
SUP013,2024-10,32,19,1.96875,63,7,21,397190.53,0,0.59375,0.21875,0.0,0.0,0.0,0.0,397190.53,1.0,0.0,0.0262223178577679,0.0,0.0,-0.2003676470588234,-0.0294117647058823,-1.3253676470588234,0.0,1,0,2024-10,Medium,2024-11,Medium,0.2475,0.18240620490620488,0.34344973544973545
SUP013,2024-11,32,18,1.96875,63,4,5,305830.75,0,0.5625,0.125,0.0,0.0,0.0,0.0,305830.75,1.0,0.0,0.0200617231118334,0.0,0.0,-0.03125,0.0,0.0,0.0,1,0,2024-11,Medium,2024-12,Medium,0.3202857142857143,0.18240620490620488,0.34344973544973545
SUP013,2024-12,25,17,3.2,80,5,7,284049.71,0,0.68,0.2,0.0,0.0,0.0,0.0,284049.71,1.0,0.0,0.0171651052207249,0.0,0.0,0.1175,0.0,1.2312500000000002,0.0,1,1,2024-12,Medium,2025-01,Medium,0.28319327731092436,0.18240620490620488,0.34344973544973545
SUP013,2025-01,34,22,2.2058823529411766,75,3,22,525644.0700000001,0,0.6470588235294118,0.088235294117647,0.0,0.0,0.0,0.0,525644.0700000001,1.0,0.0,0.0320255408010105,0.0,0.0,-0.0329411764705882,0.0,-0.9941176470588236,0.0,1,0,2025-01,Medium,2025-02,Medium,0.31999999999999995,0.18240620490620488,0.34344973544973545
SUP014,2022-02,16,10,2.125,34,3,7,278752.32,0,0.625,0.1875,0.0,1.0,1.0,0.0625,278752.32,1.0,0.0,0.0318028078853864,0.0,0.0,0.0,0.0,0.0,0.0,0,0,2022-02,Medium,2022-03,High,0.3507289377289377,0.18240620490620488,0.34344973544973545
SUP014,2022-03,30,23,2.3666666666666667,71,4,19,542450.28,0,0.7666666666666667,0.1333333333333333,0.0,1.0,1.0,0.0333333333333333,542450.28,1.0,0.0,0.0358240217077253,0.0,0.0,0.1416666666666667,-0.0291666666666666,0.2416666666666667,0.0,1,1,2022-03,High,2022-04,Medium,0.29976190476190473,0.18240620490620488,0.34344973544973545
SUP014,2022-04,12,8,2.583333333333333,31,2,4,251327.99,0,0.6666666666666666,0.1666666666666666,0.0,0.0,0.0,0.0,251327.99,1.0,0.0,0.0161376178514381,0.0,0.0,-0.1,-0.0333333333333333,0.2166666666666667,0.0,1,1,2022-04,Medium,2022-05,High,0.36559006211180123,0.18240620490620488,0.34344973544973545
SUP014,2022-05,23,18,3.565217391304348,82,2,5,263540.59,0,0.782608695652174,0.0869565217391304,0.0,0.0,0.0,0.0,263540.59,1.0,0.0,0.0153223668266465,0.0,0.0,0.1159420289855073,0.0,0.9818840579710142,0.0,1,1,2022-05,High,2022-06,High,0.3456200941915228,0.18240620490620488,0.34344973544973545
SUP014,2022-06,21,15,2.7142857142857144,57,1,5,329206.01,0,0.7142857142857143,0.0476190476190476,0.0,1.0,1.0,0.0476190476190476,329206.01,1.0,0.0,0.0205733194760182,0.0,0.0,-0.0683229813664596,0.0476190476190476,-0.8509316770186333,0.0,1,1,2022-06,High,2022-07,High,0.3953246753246753,0.18240620490620488,0.34344973544973545
SUP014,2022-07,22,20,3.0,66,4,20,497910.68000000005,0,0.9090909090909092,0.1818181818181818,0.0,0.0,0.0,0.0,497910.68000000005,1.0,0.0,0.0296544436856058,0.0,0.0,0.1948051948051947,-0.0476190476190476,0.2857142857142856,0.0,1,1,2022-07,High,2022-08,Medium,0.33388571428571423,0.18240620490620488,0.34344973544973545
SUP014,2022-08,25,19,2.64,66,1,2,329598.26,0,0.76,0.04,0.0,0.0,0.0,0.0,329598.26,1.0,0.0,0.0197319105982353,0.0,0.0,-0.149090909090909,0.0,-0.3599999999999999,0.0,1,0,2022-08,Medium,2022-09,Medium,0.2676036866359447,0.18240620490620488,0.34344973544973545
SUP014,2022-09,31,19,2.064516129032258,64,5,41,462984.03,0,0.6129032258064516,0.1612903225806451,0.0,0.0,0.0,0.0,462984.03,1.0,0.0,0.0300706098706502,0.0,0.0,-0.1470967741935483,0.0,-0.5754838709677421,0.0,1,0,2022-09,Medium,2022-10,High,0.36180124223602483,0.18240620490620488,0.34344973544973545
SUP014,2022-10,23,19,2.8260869565217392,65,4,9,356742.32,0,0.8260869565217391,0.1739130434782608,0.0,0.0,0.0,0.0,356742.32,1.0,0.0,0.0215735492193487,0.0,0.0,0.2131837307152875,0.0,0.7615708274894812,0.0,1,1,2022-10,High,2022-11,Medium,0.31609022556390975,0.18240620490620488,0.34344973544973545
SUP014,2022-11,19,14,2.263157894736842,43,1,15,244507.84,0,0.7368421052631579,0.0526315789473684,0.0,0.0,0.0,0.0,244507.84,1.0,0.0,0.0158386617671239,0.0,0.0,-0.0892448512585812,0.0,-0.5629290617848972,0.0,1,0,2022-11,Medium,2022-12,Medium,0.31489795918367347,0.18240620490620488,0.34344973544973545
SUP014,2022-12,21,15,2.523809523809524,53,3,5,358149.13,0,0.7142857142857143,0.1428571428571428,0.0,0.0,0.0,0.0,358149.13,1.0,0.0,0.0207499112021571,0.0,0.0,-0.0225563909774435,0.0,0.2606516290726817,0.0,1,1,2022-12,Medium,2023-01,Medium,0.30049950049950047,0.18240620490620488,0.34344973544973545
SUP014,2023-01,22,14,2.0454545454545454,45,2,6,403849.64,0,0.6363636363636364,0.0909090909090909,0.0,1.0,1.0,0.0454545454545454,403849.64,1.0,0.0,0.0229754831725804,0.0,0.0,-0.0779220779220779,0.0454545454545454,-0.4783549783549783,0.0,1,1,2023-01,Medium,2023-02,Medium,0.2195054945054945,0.18240620490620488,0.34344973544973545
SUP014,2023-02,26,13,1.7307692307692308,45,6,18,350408.55,0,0.5,0.2307692307692307,0.0,0.0,0.0,0.0,350408.55,1.0,0.0,0.0240401203187993,0.0,0.0,-0.1363636363636363,-0.0454545454545454,-0.3146853146853146,0.0,1,0,2023-02,Medium,2023-03,Medium,0.27249999999999996,0.18240620490620488,0.34344973544973545
SUP014,2023-03,20,13,1.75,35,1,1,268757.85000000003,0,0.65,0.05,0.0,0.0,0.0,0.0,268757.85000000003,1.0,0.0,0.0184344001174504,0.0,0.0,0.15,0.0,0.0192307692307691,0.0,1,1,2023-03,Medium,2023-04,Medium,0.2641277472527473,0.18240620490620488,0.34344973544973545
SUP014,2023-04,16,9,1.4375,23,1,7,261449.96,0,0.5625,0.0625,0.0,1.0,1.0,0.0625,261449.96,1.0,0.0,0.0146734150340377,0.0,0.0,-0.0875,0.0625,-0.3125,0.0,1,1,2023-04,Medium,2023-05,Medium,0.28092436974789914,0.18240620490620488,0.34344973544973545
SUP014,2023-05,17,11,2.117647058823529,36,2,9,278764.86,0,0.6470588235294118,0.1176470588235294,0.0,0.0,0.0,0.0,278764.86,1.0,0.0,0.017942613312867,0.0,0.0,0.0845588235294118,-0.0625,0.6801470588235294,0.0,1,1,2023-05,Medium,2023-06,High,0.36057142857142854,0.18240620490620488,0.34344973544973545
SUP014,2023-06,30,24,3.1333333333333333,94,6,16,496684.38,0,0.8,0.2,0.0,0.0,0.0,0.0,496684.38,1.0,0.0,0.0287849367438511,0.0,0.0,0.1529411764705882,0.0,1.015686274509804,0.0,1,1,2023-06,High,2023-07,Medium,0.2816767103863878,0.18240620490620488,0.34344973544973545
SUP014,2023-07,31,18,2.225806451612903,69,6,19,660899.14,0,0.5806451612903226,0.1935483870967742,0.0,1.0,1.0,0.032258064516129,660899.14,1.0,0.0,0.0380959315299853,0.0,0.0,-0.2193548387096774,0.032258064516129,-0.9075268817204304,0.0,1,1,2023-07,Medium,2023-08,Medium,0.2718633540372671,0.18240620490620488,0.34344973544973545
SUP014,2023-08,23,15,1.6956521739130437,39,7,33,198627.26,0,0.6521739130434783,0.3043478260869565,0.0,0.0,0.0,0.0,198627.26,1.0,0.0,0.012334178283084,0.0,0.0,0.0715287517531556,-0.032258064516129,-0.5301542776998596,0.0,1,1,2023-08,Medium,2023-09,High,0.4010924369747899,0.18240620490620488,0.34344973544973545
SUP014,2023-09,17,15,3.588235294117647,61,1,4,312091.59,0,0.8823529411764706,0.0588235294117647,0.0,0.0,0.0,0.0,312091.59,1.0,0.0,0.0201593466115234,0.0,0.0,0.2301790281329923,0.0,1.892583120204604,0.0,1,1,2023-09,High,2023-10,High,0.35378571428571426,0.18240620490620488,0.34344973544973545
SUP014,2023-10,20,15,3.55,71,1,3,265091.87,0,0.75,0.05,0.0,0.0,0.0,0.0,265091.87,1.0,0.0,0.0154857135530056,0.0,0.0,-0.1323529411764705,0.0,-0.0382352941176473,0.0,1,0,2023-10,High,2023-11,Medium,0.27982142857142855,0.18240620490620488,0.34344973544973545
SUP014,2023-11,24,15,2.375,57,3,5,361796.95,0,0.625,0.125,0.0,0.0,0.0,0.0,361796.95,1.0,0.0,0.0241022911886445,0.0,0.0,-0.125,0.0,-1.1749999999999998,0.0,1,0,2023-11,Medium,2023-12,Medium,0.29684210526315785,0.18240620490620488,0.34344973544973545
SUP014,2023-12,19,12,2.9473684210526314,56,0,0,315101.99,0,0.631578947368421,0.0,0.0,0.0,0.0,0.0,315101.99,1.0,0.0,0.0187894452387286,0.0,0.0,0.006578947368421,0.0,0.5723684210526314,0.0,1,1,2023-12,Medium,2024-01,Medium,0.2628571428571429,0.18240620490620488,0.34344973544973545
SUP014,2024-01,26,16,1.8461538461538465,48,1,3,377413.22,0,0.6153846153846154,0.0384615384615384,0.0,0.0,0.0,0.0,377413.22,1.0,0.0,0.0232233651019213,0.0,0.0,-0.0161943319838056,0.0,-1.1012145748987852,0.0,1,0,2024-01,Medium,2024-02,Medium,0.2803703703703704,0.18240620490620488,0.34344973544973545
SUP014,2024-02,27,17,2.333333333333333,63,7,21,323178.19,0,0.6296296296296297,0.2592592592592592,0.0,0.0,0.0,0.0,323178.19,1.0,0.0,0.0233145680260932,0.0,0.0,0.0142450142450142,0.0,0.4871794871794872,0.0,1,1,2024-02,Medium,2024-03,Medium,0.2717989417989418,0.18240620490620488,0.34344973544973545
SUP014,2024-03,27,17,2.0,54,4,16,384963.1,0,0.6296296296296297,0.1481481481481481,0.0,0.0,0.0,0.0,384963.1,1.0,0.0,0.0233577930301945,0.0,0.0,0.0,0.0,-0.3333333333333335,0.0,1,0,2024-03,Medium,2024-04,Medium,0.32935960591133,0.18240620490620488,0.34344973544973545
SUP014,2024-04,29,22,2.4827586206896552,72,4,16,373783.79,0,0.7586206896551724,0.1379310344827586,0.0,0.0,0.0,0.0,373783.79,1.0,0.0,0.0238539447358805,0.0,0.0,0.1289910600255427,0.0,0.4827586206896552,0.0,1,1,2024-04,Medium,2024-05,Medium,0.28551724137931034,0.18240620490620488,0.34344973544973545
SUP014,2024-05,29,18,2.655172413793104,77,5,7,309772.4,0,0.6206896551724138,0.1724137931034483,0.0,0.0,0.0,0.0,309772.4,1.0,0.0,0.0193853121527104,0.0,0.0,-0.1379310344827585,0.0,0.1724137931034484,0.0,1,1,2024-05,Medium,2024-06,Medium,0.29291941391941395,0.18240620490620488,0.34344973544973545
SUP014,2024-06,30,19,1.9333333333333331,58,5,34,455675.8000000001,0,0.6333333333333333,0.1666666666666666,0.0,1.0,1.0,0.0333333333333333,455675.8000000001,1.0,0.0,0.0292376328044433,0.0,0.0,0.0126436781609194,0.0333333333333333,-0.7218390804597703,0.0,1,1,2024-06,Medium,2024-07,Medium,0.29730565730565733,0.18240620490620488,0.34344973544973545
SUP014,2024-07,27,17,2.111111111111111,57,4,12,496346.05,0,0.6296296296296297,0.1481481481481481,0.0,1.0,1.0,0.037037037037037,496346.05,1.0,0.0,0.0312871752876258,0.0,0.0,-0.0037037037037036,0.0037037037037037,0.1777777777777778,0.0,1,1,2024-07,Medium,2024-08,Medium,0.3332142857142857,0.18240620490620488,0.34344973544973545
SUP014,2024-08,24,18,2.75,66,3,15,393273.26,0,0.75,0.125,0.0,0.0,0.0,0.0,393273.26,1.0,0.0,0.025650125719044,0.0,0.0,0.1203703703703703,-0.037037037037037,0.6388888888888888,0.0,1,1,2024-08,Medium,2024-09,High,0.408998778998779,0.18240620490620488,0.34344973544973545
SUP014,2024-09,18,14,4.222222222222222,76,5,32,259400.41,0,0.7777777777777778,0.2777777777777778,0.0,1.0,1.0,0.0555555555555555,259400.41,1.0,0.0,0.01686531938902,0.0,0.0,0.0277777777777777,0.0555555555555555,1.4722222222222223,0.0,1,1,2024-09,High,2024-10,High,0.38982142857142854,0.18240620490620488,0.34344973544973545
SUP014,2024-10,24,21,3.25,78,2,5,363746.44,0,0.875,0.0833333333333333,0.0,0.0,0.0,0.0,363746.44,1.0,0.0,0.0240143559548399,0.0,0.0,0.0972222222222222,-0.0555555555555555,-0.9722222222222224,0.0,1,1,2024-10,High,2024-11,Medium,0.28476190476190477,0.18240620490620488,0.34344973544973545
SUP014,2024-11,24,16,2.0,48,3,14,376807.79,0,0.6666666666666666,0.125,0.0,0.0,0.0,0.0,376807.79,1.0,0.0,0.0247176372858579,0.0,0.0,-0.2083333333333333,0.0,-1.25,0.0,1,0,2024-11,Medium,2024-12,Medium,0.32218131868131866,0.18240620490620488,0.34344973544973545
SUP014,2024-12,20,13,2.65,53,4,33,294020.4,0,0.65,0.2,0.0,1.0,1.0,0.05,294020.4,1.0,0.0,0.0177676333591033,0.0,0.0,-0.0166666666666666,0.05,0.6499999999999999,0.0,1,1,2024-12,Medium,2025-01,High,0.35920079920079917,0.18240620490620488,0.34344973544973545
SUP014,2025-01,22,16,3.090909090909091,68,3,8,255259.89,0,0.7272727272727273,0.1363636363636363,0.0,1.0,1.0,0.0454545454545454,255259.89,1.0,0.0,0.0155520369935048,0.0,0.0,0.0772727272727272,-0.0045454545454545,0.4409090909090909,0.0,1,1,2025-01,High,2025-02,Medium,0.29267857142857145,0.18240620490620488,0.34344973544973545
SUP015,2022-02,6,3,1.0,6,1,3,148605.31,0,0.5,0.1666666666666666,0.0,0.0,0.0,0.0,148605.31,1.0,0.0,0.0169543561993611,0.0,0.0,0.0,0.0,0.0,0.0,0,0,2022-02,Medium,2022-03,High,0.4207142857142857,0.18240620490620488,0.34344973544973545
SUP015,2022-03,12,12,2.75,33,3,8,125122.87,0,1.0,0.25,0.0,0.0,0.0,0.0,125122.87,1.0,0.0,0.0082632539354812,0.0,0.0,0.5,0.0,1.75,0.0,1,1,2022-03,High,2022-04,Medium,0.2283116883116883,0.18240620490620488,0.34344973544973545
SUP015,2022-04,11,6,1.4545454545454546,16,2,2,80053.38,0,0.5454545454545454,0.1818181818181818,0.0,0.0,0.0,0.0,80053.38,1.0,0.0,0.0051401789914285,0.0,0.0,-0.4545454545454546,0.0,-1.2954545454545454,0.0,1,0,2022-04,Medium,2022-05,Medium,0.2766071428571429,0.18240620490620488,0.34344973544973545
SUP015,2022-05,8,5,2.25,18,0,0,135218.56,0,0.625,0.0,0.0,0.0,0.0,0.0,135218.56,1.0,0.0,0.0078616670703018,0.0,0.0,0.0795454545454545,0.0,0.7954545454545454,0.0,1,1,2022-05,Medium,2022-06,High,0.43057142857142855,0.18240620490620488,0.34344973544973545
SUP015,2022-06,15,15,3.1333333333333333,47,0,0,235527.11,0,1.0,0.0,0.0,0.0,0.0,0.0,235527.11,1.0,0.0,0.0147189733240085,0.0,0.0,0.375,0.0,0.8833333333333333,0.0,1,1,2022-06,High,2022-07,Medium,0.24974789915966386,0.18240620490620488,0.34344973544973545
SUP015,2022-07,17,10,1.7058823529411764,29,2,2,240280.17,0,0.5882352941176471,0.1176470588235294,0.0,0.0,0.0,0.0,240280.17,1.0,0.0,0.0143105481690667,0.0,0.0,-0.4117647058823529,0.0,-1.427450980392157,0.0,1,0,2022-07,Medium,2022-08,High,0.35225274725274724,0.18240620490620488,0.34344973544973545
SUP015,2022-08,16,12,2.3125,37,1,1,219855.56,0,0.75,0.0625,0.0,1.0,1.0,0.0625,219855.56,1.0,0.0,0.0131619937994969,0.0,0.0,0.1617647058823529,0.0625,0.6066176470588236,0.0,1,1,2022-08,High,2022-09,Medium,0.3061904761904762,0.18240620490620488,0.34344973544973545
SUP015,2022-09,12,8,2.833333333333333,34,0,0,136091.35,0,0.6666666666666666,0.0,0.0,0.0,0.0,0.0,136091.35,1.0,0.0,0.0088390735477854,0.0,0.0,-0.0833333333333333,-0.0625,0.5208333333333335,0.0,1,1,2022-09,Medium,2022-10,Medium,0.24301587301587302,0.18240620490620488,0.34344973544973545
SUP015,2022-10,9,5,1.8888888888888888,17,0,0,125950.92,0,0.5555555555555556,0.0,0.0,0.0,0.0,0.0,125950.92,1.0,0.0,0.0076167256294186,0.0,0.0,-0.111111111111111,0.0,-0.9444444444444446,0.0,1,0,2022-10,Medium,2022-11,Medium,0.3214285714285714,0.18240620490620488,0.34344973544973545
SUP015,2022-11,13,9,3.076923076923077,40,3,15,123934.18,0,0.6923076923076923,0.2307692307692307,0.0,0.0,0.0,0.0,123934.18,1.0,0.0,0.0080281743047824,0.0,0.0,0.1367521367521367,0.0,1.1880341880341885,0.0,1,1,2022-11,Medium,2022-12,Medium,0.2627142857142857,0.18240620490620488,0.34344973544973545
SUP015,2022-12,20,12,2.05,41,4,14,165031.49,0,0.6,0.2,0.0,0.0,0.0,0.0,165031.49,1.0,0.0,0.0095613488243282,0.0,0.0,-0.0923076923076923,0.0,-1.0269230769230773,0.0,1,0,2022-12,Medium,2023-01,Medium,0.2293877551020408,0.18240620490620488,0.34344973544973545
SUP015,2023-01,7,4,1.1428571428571428,8,0,0,132732.58000000002,0,0.5714285714285714,0.0,0.0,0.0,0.0,0.0,132732.58000000002,1.0,0.0,0.0075513133012652,0.0,0.0,-0.0285714285714285,0.0,-0.907142857142857,0.0,1,0,2023-01,Medium,2023-02,High,0.41036263736263734,0.18240620490620488,0.34344973544973545
SUP015,2023-02,10,7,3.2,32,1,5,56465.44,0,0.7,0.1,0.0,2.0,2.0,0.2,56465.44,1.0,0.0,0.0038738665807496,0.0,0.0,0.1285714285714285,0.2,2.0571428571428574,0.0,1,1,2023-02,High,2023-03,Medium,0.29547619047619045,0.18240620490620488,0.34344973544973545
SUP015,2023-03,12,8,2.4166666666666665,29,0,0,148126.23,0,0.6666666666666666,0.0,0.0,0.0,0.0,0.0,148126.23,1.0,0.0,0.0101601430124161,0.0,0.0,-0.0333333333333333,-0.2,-0.7833333333333337,0.0,1,0,2023-03,Medium,2023-04,Medium,0.3106813186813187,0.18240620490620488,0.34344973544973545
SUP015,2023-04,10,6,2.3,23,3,9,132951.07,0,0.6,0.3,0.0,1.0,1.0,0.1,132951.07,1.0,0.0,0.0074616428678336,0.0,0.0,-0.0666666666666666,0.1,-0.1166666666666667,0.0,1,1,2023-04,Medium,2023-05,Medium,0.31666666666666665,0.18240620490620488,0.34344973544973545
SUP015,2023-05,15,11,2.333333333333333,35,2,2,366846.06,0,0.7333333333333333,0.1333333333333333,0.0,0.0,0.0,0.0,366846.06,1.0,0.0,0.0236119322927891,0.0,0.0,0.1333333333333333,-0.1,0.0333333333333336,0.0,1,1,2023-05,Medium,2023-06,High,0.38957142857142857,0.18240620490620488,0.34344973544973545
SUP015,2023-06,10,9,2.9,29,1,1,71839.11,0,0.9,0.1,0.0,0.0,0.0,0.0,71839.11,1.0,0.0,0.0041633768251068,0.0,0.0,0.1666666666666667,0.0,0.5666666666666664,0.0,1,1,2023-06,High,2023-07,Medium,0.34103896103896103,0.18240620490620488,0.34344973544973545
SUP015,2023-07,11,8,3.363636363636364,37,3,7,71746.94,0,0.7272727272727273,0.2727272727272727,0.0,0.0,0.0,0.0,71746.94,1.0,0.0,0.0041356787265995,0.0,0.0,-0.1727272727272727,0.0,0.4636363636363638,0.0,1,1,2023-07,Medium,2023-08,Medium,0.2819047619047619,0.18240620490620488,0.34344973544973545
SUP015,2023-08,9,6,1.8888888888888888,17,0,0,210304.55,0,0.6666666666666666,0.0,0.0,0.0,0.0,0.0,210304.55,1.0,0.0,0.0130593042135493,0.0,0.0,-0.0606060606060606,0.0,-1.474747474747475,0.0,1,0,2023-08,Medium,2023-09,Medium,0.21234203296703297,0.18240620490620488,0.34344973544973545
SUP015,2023-09,16,7,1.125,18,1,2,121895.09,0,0.4375,0.0625,0.0,1.0,1.0,0.0625,121895.09,1.0,0.0,0.0078737314566946,0.0,0.0,-0.2291666666666666,0.0625,-0.7638888888888888,0.0,1,1,2023-09,Medium,2023-10,High,0.40813186813186814,0.18240620490620488,0.34344973544973545
SUP015,2023-10,13,12,3.3076923076923075,43,1,6,146025.49000000002,0,0.9230769230769232,0.0769230769230769,0.0,0.0,0.0,0.0,146025.49000000002,1.0,0.0,0.0085302838958331,0.0,0.0,0.4855769230769231,-0.0625,2.1826923076923075,0.0,1,1,2023-10,High,2023-11,Medium,0.3271428571428572,0.18240620490620488,0.34344973544973545
SUP015,2023-11,14,10,3.0,42,2,3,190971.88,0,0.7142857142857143,0.1428571428571428,0.0,0.0,0.0,0.0,190971.88,1.0,0.0,0.0127222185278313,0.0,0.0,-0.2087912087912088,0.0,-0.3076923076923075,0.0,1,0,2023-11,Medium,2023-12,Medium,0.2562857142857143,0.18240620490620488,0.34344973544973545
SUP015,2023-12,5,3,1.8,9,0,0,57494.76,0,0.6,0.0,0.0,0.0,0.0,0.0,57494.76,1.0,0.0,0.0034283967693566,0.0,0.0,-0.1142857142857143,0.0,-1.2,0.0,1,0,2023-12,Medium,2024-01,High,0.37418367346938775,0.18240620490620488,0.34344973544973545
SUP015,2024-01,14,11,3.857142857142857,54,2,2,220392.35,0,0.7857142857142857,0.1428571428571428,0.0,0.0,0.0,0.0,220392.35,1.0,0.0,0.0135614009750915,0.0,0.0,0.1857142857142857,0.0,2.057142857142857,0.0,1,1,2024-01,High,2024-02,High,0.3911111111111111,0.18240620490620488,0.34344973544973545
SUP015,2024-02,9,8,3.111111111111111,28,1,1,90544.52,0,0.8888888888888888,0.1111111111111111,0.0,0.0,0.0,0.0,90544.52,1.0,0.0,0.0065320199080573,0.0,0.0,0.1031746031746031,0.0,-0.746031746031746,0.0,1,1,2024-02,High,2024-03,High,0.3707936507936508,0.18240620490620488,0.34344973544973545
SUP015,2024-03,18,14,3.8333333333333335,69,2,3,228695.94,0,0.7777777777777778,0.1111111111111111,0.0,0.0,0.0,0.0,228695.94,1.0,0.0,0.0138762193918476,0.0,0.0,-0.111111111111111,0.0,0.7222222222222223,0.0,1,1,2024-03,High,2024-04,Medium,0.2946428571428571,0.18240620490620488,0.34344973544973545
SUP015,2024-04,4,3,1.25,5,1,1,61983.03999999999,0,0.75,0.25,0.0,0.0,0.0,0.0,61983.03999999999,1.0,0.0,0.0039556022767115,0.0,0.0,-0.0277777777777777,0.0,-2.583333333333333,0.0,1,0,2024-04,Medium,2024-05,Medium,0.3289795918367347,0.18240620490620488,0.34344973544973545
SUP015,2024-05,14,10,3.071428571428572,43,4,6,134157.91,0,0.7142857142857143,0.2857142857142857,0.0,0.0,0.0,0.0,134157.91,1.0,0.0,0.0083954960580904,0.0,0.0,-0.0357142857142857,0.0,1.821428571428572,0.0,1,1,2024-05,Medium,2024-06,Medium,0.32346938775510203,0.18240620490620488,0.34344973544973545
SUP015,2024-06,7,5,2.857142857142857,20,3,5,105218.33,0,0.7142857142857143,0.4285714285714285,0.0,0.0,0.0,0.0,105218.33,1.0,0.0,0.0067511482875253,0.0,0.0,0.0,0.0,-0.2142857142857144,0.0,1,0,2024-06,Medium,2024-07,Medium,0.3428571428571428,0.18240620490620488,0.34344973544973545
SUP015,2024-07,8,6,3.125,25,1,2,60745.73,0,0.75,0.125,0.0,0.0,0.0,0.0,60745.73,1.0,0.0,0.0038291073384885,0.0,0.0,0.0357142857142857,0.0,0.2678571428571428,0.0,1,1,2024-07,Medium,2024-08,High,0.39918367346938777,0.18240620490620488,0.34344973544973545
SUP015,2024-08,7,6,3.857142857142857,27,0,0,44011.14,0,0.8571428571428571,0.0,0.0,0.0,0.0,0.0,44011.14,1.0,0.0,0.002870500969322,0.0,0.0,0.1071428571428571,0.0,0.7321428571428572,0.0,1,1,2024-08,High,2024-09,High,0.4170940170940171,0.18240620490620488,0.34344973544973545
SUP015,2024-09,9,7,3.888888888888889,35,0,0,130115.52,0,0.7777777777777778,0.0,0.0,1.0,1.0,0.1111111111111111,130115.52,1.0,0.0,0.0084596620424324,0.0,0.0,-0.0793650793650793,0.1111111111111111,0.0317460317460316,0.0,1,1,2024-09,High,2024-10,Medium,0.2122285714285714,0.18240620490620488,0.34344973544973545
SUP015,2024-10,25,12,1.72,43,2,2,462854.12,0,0.48,0.08,0.0,0.0,0.0,0.0,462854.12,1.0,0.0,0.030557394851326,0.0,0.0,-0.2977777777777778,-0.1111111111111111,-2.1688888888888886,0.0,1,0,2024-10,Medium,2024-11,Medium,0.3364285714285714,0.18240620490620488,0.34344973544973545
SUP015,2024-11,8,6,2.875,23,0,0,138557.36,0,0.75,0.0,0.0,0.0,0.0,0.0,138557.36,1.0,0.0,0.0090890121134864,0.0,0.0,0.27,0.0,1.155,0.0,1,1,2024-11,Medium,2024-12,Medium,0.2887142857142857,0.18240620490620488,0.34344973544973545
SUP015,2024-12,10,7,1.7,17,1,1,121952.11,0,0.7,0.1,0.0,0.0,0.0,0.0,121952.11,1.0,0.0,0.007369557955329,0.0,0.0,-0.05,0.0,-1.175,0.0,1,0,2024-12,Medium,2025-01,Medium,0.29333333333333333,0.18240620490620488,0.34344973544973545
SUP015,2025-01,6,4,2.333333333333333,14,2,3,65006.100000000006,0,0.6666666666666666,0.3333333333333333,0.0,0.0,0.0,0.0,65006.100000000006,1.0,0.0,0.0039605802227818,0.0,0.0,-0.0333333333333333,0.0,0.6333333333333335,0.0,1,1,2025-01,Medium,2025-02,High,0.4442857142857143,0.18240620490620488,0.34344973544973545
SUP016,2022-02,9,7,2.0,18,2,8,40797.83,0,0.7777777777777778,0.2222222222222222,0.0,0.0,0.0,0.0,40797.83,1.0,0.0,0.0046546179405095,0.0,0.0,0.0,0.0,0.0,0.0,0,0,2022-02,Medium,2022-03,Medium,0.29987012987012984,0.18240620490620488,0.34344973544973545
SUP016,2022-03,11,7,3.0,33,0,0,158898.69,0,0.6363636363636364,0.0,0.0,0.0,0.0,0.0,158898.69,1.0,0.0,0.0104938467722592,0.0,0.0,-0.1414141414141414,0.0,1.0,0.0,1,1,2022-03,Medium,2022-04,High,0.34685714285714286,0.18240620490620488,0.34344973544973545
SUP016,2022-04,10,8,2.6,26,2,10,97905.14,0,0.8,0.2,0.0,0.0,0.0,0.0,97905.14,1.0,0.0,0.0062864296770588,0.0,0.0,0.1636363636363637,0.0,-0.3999999999999999,0.0,1,1,2022-04,High,2022-05,High,0.3628083028083028,0.18240620490620488,0.34344973544973545
SUP016,2022-05,9,7,1.7777777777777777,16,1,2,114978.2,0,0.7777777777777778,0.1111111111111111,0.0,1.0,1.0,0.1111111111111111,114978.2,1.0,0.0,0.0066848835599386,0.0,0.0,-0.0222222222222222,0.1111111111111111,-0.8222222222222224,0.0,1,1,2022-05,High,2022-06,Medium,0.21357142857142858,0.18240620490620488,0.34344973544973545
SUP016,2022-06,8,4,1.5,12,2,5,53832.46,0,0.5,0.25,0.0,0.0,0.0,0.0,53832.46,1.0,0.0,0.0033641925241886,0.0,0.0,-0.2777777777777778,-0.1111111111111111,-0.2777777777777777,0.0,1,0,2022-06,Medium,2022-07,Medium,0.28350649350649354,0.18240620490620488,0.34344973544973545
SUP016,2022-07,11,7,2.363636363636364,26,0,0,91416.68,0,0.6363636363636364,0.0,0.0,0.0,0.0,0.0,91416.68,1.0,0.0,0.0054445724863444,0.0,0.0,0.1363636363636363,0.0,0.8636363636363638,0.0,1,1,2022-07,Medium,2022-08,Medium,0.31979591836734694,0.18240620490620488,0.34344973544973545
SUP016,2022-08,7,5,2.7142857142857144,19,2,2,132432.38,0,0.7142857142857143,0.2857142857142857,0.0,0.0,0.0,0.0,132432.38,1.0,0.0,0.0079282696530968,0.0,0.0,0.0779220779220779,0.0,0.3506493506493506,0.0,1,1,2022-08,Medium,2022-09,Medium,0.26587301587301587,0.18240620490620488,0.34344973544973545
SUP016,2022-09,9,5,2.7777777777777777,25,1,6,86292.72,0,0.5555555555555556,0.1111111111111111,0.0,0.0,0.0,0.0,86292.72,1.0,0.0,0.0056046743508566,0.0,0.0,-0.1587301587301587,0.0,0.0634920634920632,0.0,1,1,2022-09,Medium,2022-10,High,0.39677655677655677,0.18240620490620488,0.34344973544973545
SUP016,2022-10,12,10,2.6666666666666665,32,2,4,106213.33,0,0.8333333333333334,0.1666666666666666,0.0,1.0,1.0,0.0833333333333333,106213.33,1.0,0.0,0.0064231193610725,0.0,0.0,0.2777777777777778,0.0833333333333333,-0.1111111111111111,0.0,1,1,2022-10,High,2022-11,Medium,0.1991208791208791,0.18240620490620488,0.34344973544973545
SUP016,2022-11,13,6,1.4615384615384617,19,2,5,142708.80000000002,0,0.4615384615384615,0.1538461538461538,0.0,0.0,0.0,0.0,142708.80000000002,1.0,0.0,0.0092443514874293,0.0,0.0,-0.3717948717948718,-0.0833333333333333,-1.205128205128205,0.0,1,0,2022-11,Medium,2022-12,Medium,0.2705563186813187,0.18240620490620488,0.34344973544973545
SUP016,2022-12,16,9,1.6875,27,4,9,153887.86000000002,0,0.5625,0.25,0.0,1.0,1.0,0.0625,153887.86000000002,1.0,0.0,0.0089157257762708,0.0,0.0,0.1009615384615384,0.0625,0.2259615384615385,0.0,1,1,2022-12,Medium,2023-01,Medium,0.334025974025974,0.18240620490620488,0.34344973544973545
SUP016,2023-01,11,8,3.090909090909091,34,2,6,107941.68,0,0.7272727272727273,0.1818181818181818,0.0,0.0,0.0,0.0,107941.68,1.0,0.0,0.0061409297095326,0.0,0.0,0.1647727272727273,-0.0625,1.4034090909090908,0.0,1,1,2023-01,Medium,2023-02,High,0.39315018315018313,0.18240620490620488,0.34344973544973545
SUP016,2023-02,9,6,1.7777777777777777,16,3,14,77670.5,0,0.6666666666666666,0.3333333333333333,0.0,1.0,7.0,0.1111111111111111,77670.5,1.0,0.0,0.0053286604028963,0.0,0.0,-0.0606060606060606,0.1111111111111111,-1.3131313131313131,0.0,1,1,2023-02,High,2023-03,Medium,0.2748809523809524,0.18240620490620488,0.34344973544973545
SUP016,2023-03,12,7,2.75,33,3,12,174354.66,0,0.5833333333333334,0.25,0.0,0.0,0.0,0.0,174354.66,1.0,0.0,0.0119591802240642,0.0,0.0,-0.0833333333333332,-0.1111111111111111,0.9722222222222224,0.0,1,1,2023-03,Medium,2023-04,Medium,0.327012987012987,0.18240620490620488,0.34344973544973545
SUP016,2023-04,11,8,2.8181818181818183,31,2,15,137953.9,0,0.7272727272727273,0.1818181818181818,0.0,0.0,0.0,0.0,137953.9,1.0,0.0,0.0077424178235259,0.0,0.0,0.1439393939393939,0.0,0.0681818181818183,0.0,1,1,2023-04,Medium,2023-05,Medium,0.3289795918367347,0.18240620490620488,0.34344973544973545
SUP016,2023-05,14,10,3.071428571428572,43,5,15,169413.0,0,0.7142857142857143,0.3571428571428571,0.0,0.0,0.0,0.0,169413.0,1.0,0.0,0.0109042149328747,0.0,0.0,-0.0129870129870129,0.0,0.2532467532467533,0.0,1,1,2023-05,Medium,2023-06,Medium,0.24857142857142855,0.18240620490620488,0.34344973544973545
SUP016,2023-06,10,6,1.5,15,2,7,55835.850000000006,0,0.6,0.2,0.0,0.0,0.0,0.0,55835.850000000006,1.0,0.0,0.0032359209892792,0.0,0.0,-0.1142857142857143,0.0,-1.5714285714285716,0.0,1,0,2023-06,Medium,2023-07,Medium,0.24301587301587302,0.18240620490620488,0.34344973544973545
SUP016,2023-07,9,5,1.8888888888888888,17,1,2,75016.38,0,0.5555555555555556,0.1111111111111111,0.0,0.0,0.0,0.0,75016.38,1.0,0.0,0.0043241376832588,0.0,0.0,-0.0444444444444444,0.0,0.3888888888888888,0.0,1,1,2023-07,Medium,2023-08,Medium,0.3372380952380952,0.18240620490620488,0.34344973544973545
SUP016,2023-08,15,11,3.1333333333333333,47,4,13,124259.41,0,0.7333333333333333,0.2666666666666666,0.0,0.0,0.0,0.0,124259.41,1.0,0.0,0.0077161499196577,0.0,0.0,0.1777777777777777,0.0,1.2444444444444445,0.0,1,1,2023-08,Medium,2023-09,Medium,0.3019047619047619,0.18240620490620488,0.34344973544973545
SUP016,2023-09,6,4,2.6666666666666665,16,2,4,45627.48,0,0.6666666666666666,0.3333333333333333,0.0,0.0,0.0,0.0,45627.48,1.0,0.0,0.0029472764207787,0.0,0.0,-0.0666666666666666,0.0,-0.4666666666666668,0.0,1,0,2023-09,Medium,2023-10,High,0.42101898101898105,0.18240620490620488,0.34344973544973545
SUP016,2023-10,11,9,3.727272727272727,41,1,5,128787.66,0,0.8181818181818182,0.0909090909090909,0.0,1.0,1.0,0.0909090909090909,128787.66,1.0,0.0,0.0075233118689075,0.0,0.0,0.1515151515151516,0.0909090909090909,1.0606060606060606,0.0,1,1,2023-10,High,2023-11,Medium,0.2477551020408163,0.18240620490620488,0.34344973544973545
SUP016,2023-11,7,4,1.8571428571428568,13,0,0,98671.22,0,0.5714285714285714,0.0,0.0,0.0,0.0,0.0,98671.22,1.0,0.0,0.0065733071447363,0.0,0.0,-0.2467532467532468,-0.0909090909090909,-1.8701298701298696,0.0,1,0,2023-11,Medium,2023-12,Medium,0.2227551020408163,0.18240620490620488,0.34344973544973545
SUP016,2023-12,14,7,1.8571428571428568,26,1,1,152467.98,0,0.5,0.0714285714285714,0.0,0.0,0.0,0.0,152467.98,1.0,0.0,0.0090916238290642,0.0,0.0,-0.0714285714285714,0.0,0.0,0.0,1,0,2023-12,Medium,2024-01,High,0.3482527472527472,0.18240620490620488,0.34344973544973545
SUP016,2024-01,10,7,2.4,24,1,2,158585.38,0,0.7,0.1,0.0,1.0,1.0,0.1,158585.38,1.0,0.0,0.0097582331100297,0.0,0.0,0.1999999999999999,0.1,0.5428571428571427,0.0,1,1,2024-01,High,2024-02,Medium,0.33816326530612245,0.18240620490620488,0.34344973544973545
SUP016,2024-02,7,5,3.4285714285714284,24,1,5,98981.34,0,0.7142857142857143,0.1428571428571428,0.0,0.0,0.0,0.0,98981.34,1.0,0.0,0.0071406649834379,0.0,0.0,0.0142857142857143,-0.1,1.0285714285714285,0.0,1,1,2024-02,Medium,2024-03,Medium,0.31744360902255636,0.18240620490620488,0.34344973544973545
SUP016,2024-03,19,14,2.3157894736842106,44,2,14,164470.41,0,0.7368421052631579,0.1052631578947368,0.0,0.0,0.0,0.0,164470.41,1.0,0.0,0.0099793091763112,0.0,0.0,0.0225563909774435,0.0,-1.1127819548872178,0.0,1,1,2024-03,Medium,2024-04,High,0.36228571428571427,0.18240620490620488,0.34344973544973545
SUP016,2024-04,10,8,3.2,32,1,1,76274.78,0,0.8,0.1,0.0,0.0,0.0,0.0,76274.78,1.0,0.0,0.0048676653068915,0.0,0.0,0.0631578947368421,0.0,0.8842105263157896,0.0,1,1,2024-04,High,2024-05,High,0.36142857142857143,0.18240620490620488,0.34344973544973545
SUP016,2024-05,13,11,2.5384615384615383,33,0,0,150754.36,0,0.8461538461538461,0.0,0.0,0.0,0.0,0.0,150754.36,1.0,0.0,0.0094340887922296,0.0,0.0,0.0461538461538461,0.0,-0.6615384615384619,0.0,1,1,2024-05,High,2024-06,High,0.34923809523809524,0.18240620490620488,0.34344973544973545
SUP016,2024-06,15,11,3.6,54,1,1,148019.01,0,0.7333333333333333,0.0666666666666666,0.0,0.0,0.0,0.0,148019.01,1.0,0.0,0.0094973783169025,0.0,0.0,-0.1128205128205128,0.0,1.0615384615384618,0.0,1,1,2024-06,High,2024-07,Medium,0.1940816326530612,0.18240620490620488,0.34344973544973545
SUP016,2024-07,7,3,1.7142857142857142,12,1,6,65494.66,0,0.4285714285714285,0.1428571428571428,0.0,0.0,0.0,0.0,65494.66,1.0,0.0,0.0041284561604216,0.0,0.0,-0.3047619047619047,0.0,-1.885714285714286,0.0,1,0,2024-07,Medium,2024-08,Medium,0.2742857142857143,0.18240620490620488,0.34344973544973545
SUP016,2024-08,10,6,2.5,25,1,1,87699.29000000001,0,0.6,0.1,0.0,0.0,0.0,0.0,87699.29000000001,1.0,0.0,0.0057199358379232,0.0,0.0,0.1714285714285714,0.0,0.7857142857142858,0.0,1,1,2024-08,Medium,2024-09,Medium,0.27404761904761904,0.18240620490620488,0.34344973544973545
SUP016,2024-09,12,8,1.5833333333333333,19,1,1,111162.32,0,0.6666666666666666,0.0833333333333333,0.0,0.0,0.0,0.0,111162.32,1.0,0.0,0.0072273903916514,0.0,0.0,0.0666666666666666,0.0,-0.9166666666666669,0.0,1,1,2024-09,Medium,2024-10,Medium,0.2687301587301587,0.18240620490620488,0.34344973544973545
SUP016,2024-10,9,5,2.888888888888889,26,1,8,97862.06,0,0.5555555555555556,0.1111111111111111,0.0,0.0,0.0,0.0,97862.06,1.0,0.0,0.0064608036942269,0.0,0.0,-0.111111111111111,0.0,1.3055555555555556,0.0,1,1,2024-10,Medium,2024-11,Medium,0.3171428571428571,0.18240620490620488,0.34344973544973545
SUP016,2024-11,8,6,2.125,17,0,0,116556.8,0,0.75,0.0,0.0,0.0,0.0,0.0,116556.8,1.0,0.0,0.0076458310631005,0.0,0.0,0.1944444444444444,0.0,-0.7638888888888888,0.0,1,1,2024-11,Medium,2024-12,Medium,0.2041269841269841,0.18240620490620488,0.34344973544973545
SUP016,2024-12,9,4,1.8888888888888888,17,1,6,98418.79,0,0.4444444444444444,0.1111111111111111,0.0,0.0,0.0,0.0,98418.79,1.0,0.0,0.0059474409815325,0.0,0.0,-0.3055555555555556,0.0,-0.2361111111111111,0.0,1,0,2024-12,Medium,2025-01,Medium,0.2511428571428571,0.18240620490620488,0.34344973544973545
SUP016,2025-01,10,6,1.6,16,2,4,87181.40000000001,0,0.6,0.2,0.0,0.0,0.0,0.0,87181.40000000001,1.0,0.0,0.0053116388867265,0.0,0.0,0.1555555555555555,0.0,-0.2888888888888887,0.0,1,1,2025-01,Medium,2025-02,High,0.41428571428571426,0.18240620490620488,0.34344973544973545
SUP017,2022-01,4,1,0.75,3,1,5,25807.53,0,0.25,0.25,0.0,0.0,0.0,0.0,25807.53,1.0,0.0,0.0244241398785213,0.0,0.0,0.0,0.0,0.0,0.0,0,0,2022-01,Low,2022-02,Low,0.13809523809523808,0.18240620490620488,0.34344973544973545
SUP017,2022-02,30,10,0.8333333333333334,25,2,5,480483.01,0,0.3333333333333333,0.0666666666666666,0.0,0.0,0.0,0.0,480483.01,1.0,0.0,0.0548182302454817,0.0,0.0,0.0833333333333333,0.0,0.0833333333333333,0.0,1,1,2022-02,Low,2022-03,Low,0.12336134453781511,0.18240620490620488,0.34344973544973545
SUP017,2022-03,34,10,0.7941176470588235,27,2,9,777228.41,0,0.2941176470588235,0.0588235294117647,0.0,0.0,0.0,0.0,777228.41,1.0,0.0,0.0513290313569398,0.0,0.0,-0.0392156862745097,0.0,-0.0392156862745098,0.0,1,0,2022-03,Low,2022-04,Medium,0.23634920634920636,0.18240620490620488,0.34344973544973545
SUP017,2022-04,27,15,1.6296296296296295,44,3,23,541865.09,0,0.5555555555555556,0.1111111111111111,0.0,0.0,0.0,0.0,541865.09,1.0,0.0,0.0347928288825097,0.0,0.0,0.261437908496732,0.0,0.835511982570806,0.0,1,1,2022-04,Medium,2022-05,Medium,0.23123809523809521,0.18240620490620488,0.34344973544973545
SUP017,2022-05,30,16,1.7333333333333334,52,7,19,675829.3200000001,0,0.5333333333333333,0.2333333333333333,0.0,0.0,0.0,0.0,675829.3200000001,1.0,0.0,0.0392930165074121,0.0,0.0,-0.0222222222222222,0.0,0.1037037037037038,0.0,1,1,2022-05,Medium,2022-06,Medium,0.20012244897959183,0.18240620490620488,0.34344973544973545
SUP017,2022-06,35,17,1.1714285714285717,41,3,10,655244.26,0,0.4857142857142857,0.0857142857142857,0.0,0.0,0.0,0.0,655244.26,1.0,0.0,0.040948673737175,0.0,0.0,-0.0476190476190476,0.0,-0.5619047619047619,0.0,1,0,2022-06,Medium,2022-07,Low,0.1703030303030303,0.18240620490620488,0.34344973544973545
SUP017,2022-07,33,14,0.8484848484848485,28,2,28,581567.75,0,0.4242424242424242,0.0606060606060606,0.0,0.0,0.0,0.0,581567.75,1.0,0.0,0.0346368711989457,0.0,0.0,-0.0614718614718614,0.0,-0.322943722943723,0.0,1,0,2022-07,Low,2022-08,Medium,0.18436813186813183,0.18240620490620488,0.34344973544973545
SUP017,2022-08,52,21,1.0,52,5,20,1003945.94,0,0.4038461538461538,0.0961538461538461,0.0,1.0,1.0,0.0192307692307692,1003945.94,1.0,0.0,0.0601027794671652,0.0,0.0,-0.0203962703962704,0.0192307692307692,0.1515151515151515,0.0,1,1,2022-08,Medium,2022-09,Low,0.16598901098901092,0.18240620490620488,0.34344973544973545
SUP017,2022-09,26,9,0.8461538461538461,22,4,17,560194.67,0,0.3461538461538461,0.1538461538461538,0.0,1.0,1.0,0.0384615384615384,560194.67,1.0,0.0,0.0363843983413157,0.0,0.0,-0.0576923076923077,0.0192307692307692,-0.1538461538461538,0.0,1,1,2022-09,Low,2022-10,Low,0.17594594594594593,0.18240620490620488,0.34344973544973545
SUP017,2022-10,37,15,1.3243243243243243,49,3,16,633778.94,0,0.4054054054054054,0.081081081081081,0.0,0.0,0.0,0.0,633778.94,1.0,0.0,0.0383269951159051,0.0,0.0,0.0592515592515592,-0.0384615384615384,0.4781704781704782,0.0,1,1,2022-10,Low,2022-11,Medium,0.2297069597069597,0.18240620490620488,0.34344973544973545
SUP017,2022-11,39,20,1.205128205128205,47,7,39,959826.04,0,0.5128205128205128,0.1794871794871795,0.0,1.0,1.0,0.0256410256410256,959826.04,1.0,0.0,0.0621753478450341,0.0,0.0,0.1074151074151073,0.0256410256410256,-0.1191961191961192,0.0,1,1,2022-11,Medium,2022-12,Low,0.16431972789115643,0.18240620490620488,0.34344973544973545
SUP017,2022-12,42,17,0.8809523809523809,37,4,19,864637.77,0,0.4047619047619047,0.0952380952380952,0.0,0.0,0.0,0.0,864637.77,1.0,0.0,0.0500940961367997,0.0,0.0,-0.108058608058608,-0.0256410256410256,-0.3241758241758241,0.0,1,0,2022-12,Low,2023-01,Medium,0.2003726708074534,0.18240620490620488,0.34344973544973545
SUP017,2023-01,46,22,1.2826086956521738,59,4,11,872847.23,0,0.4782608695652174,0.0869565217391304,0.0,0.0,0.0,0.0,872847.23,1.0,0.0,0.0496573101937107,0.0,0.0,0.0734989648033126,0.0,0.4016563146997929,0.0,1,1,2023-01,Medium,2023-02,Medium,0.2155259026687598,0.18240620490620488,0.34344973544973545
SUP017,2023-02,42,18,1.0952380952380951,46,3,6,851587.4400000001,0,0.4285714285714285,0.0714285714285714,0.0,2.0,2.0,0.0476190476190476,851587.4400000001,1.0,0.0,0.0584239868564233,0.0,0.0,-0.0496894409937888,0.0476190476190476,-0.1873706004140785,0.0,1,1,2023-02,Medium,2023-03,Low,0.1532818532818533,0.18240620490620488,0.34344973544973545
SUP017,2023-03,37,14,0.8108108108108109,30,3,6,780876.39,0,0.3783783783783784,0.081081081081081,0.0,0.0,0.0,0.0,780876.39,1.0,0.0,0.0535611808753876,0.0,0.0,-0.0501930501930501,-0.0476190476190476,-0.2844272844272845,0.0,1,0,2023-03,Low,2023-04,Low,0.18055555555555552,0.18240620490620488,0.34344973544973545
SUP017,2023-04,36,16,0.9722222222222222,35,4,9,544391.26,0,0.4444444444444444,0.1111111111111111,0.0,0.0,0.0,0.0,544391.26,1.0,0.0,0.0305529933868903,0.0,0.0,0.066066066066066,0.0,0.1614114114114113,0.0,1,1,2023-04,Low,2023-05,Low,0.174147465437788,0.18240620490620488,0.34344973544973545
SUP017,2023-05,31,13,1.064516129032258,33,1,18,529164.34,0,0.4193548387096774,0.032258064516129,0.0,0.0,0.0,0.0,529164.34,1.0,0.0,0.0340594977845432,0.0,0.0,-0.0250896057347669,0.0,0.0922939068100358,0.0,1,1,2023-05,Low,2023-06,Medium,0.19694980694980696,0.18240620490620488,0.34344973544973545
SUP017,2023-06,37,17,1.4054054054054057,52,5,7,557457.6900000001,0,0.4594594594594595,0.1351351351351351,0.0,0.0,0.0,0.0,557457.6900000001,1.0,0.0,0.0323070041864883,0.0,0.0,0.040104620749782,0.0,0.3408892763731475,0.0,1,1,2023-06,Medium,2023-07,Medium,0.1898091382301908,0.18240620490620488,0.34344973544973545
SUP017,2023-07,38,16,0.8947368421052632,34,2,6,742901.13,0,0.4210526315789473,0.0526315789473684,0.0,1.0,1.0,0.0263157894736842,742901.13,1.0,0.0,0.042822737796313,0.0,0.0,-0.0384068278805121,0.0263157894736842,-0.5106685633001423,0.0,1,1,2023-07,Medium,2023-08,Low,0.15506211180124221,0.18240620490620488,0.34344973544973545
SUP017,2023-08,46,17,1.0,46,10,36,706170.85,0,0.3695652173913043,0.217391304347826,0.0,0.0,0.0,0.0,706170.85,1.0,0.0,0.0438511670664792,0.0,0.0,-0.051487414187643,-0.0263157894736842,0.1052631578947368,0.0,1,1,2023-08,Low,2023-09,Low,0.11335907335907336,0.18240620490620488,0.34344973544973545
SUP017,2023-09,37,10,0.7297297297297297,27,3,14,653734.55,0,0.2702702702702703,0.081081081081081,0.0,0.0,0.0,0.0,653734.55,1.0,0.0,0.042227544117348,0.0,0.0,-0.099294947121034,0.0,-0.2702702702702703,0.0,1,0,2023-09,Low,2023-10,Medium,0.20086580086580086,0.18240620490620488,0.34344973544973545
SUP017,2023-10,33,16,1.2121212121212122,40,3,22,664842.55,0,0.4848484848484848,0.0909090909090909,0.0,0.0,0.0,0.0,664842.55,1.0,0.0,0.038837710440346,0.0,0.0,0.2145782145782145,0.0,0.4823914823914824,0.0,1,1,2023-10,Medium,2023-11,Medium,0.2441208791208791,0.18240620490620488,0.34344973544973545
SUP017,2023-11,38,15,1.263157894736842,48,0,0,712905.29,0,0.3947368421052631,0.0,0.0,2.0,5.0,0.0526315789473684,712905.29,1.0,0.0,0.0474925255436926,0.0,0.0,-0.0901116427432217,0.0526315789473684,0.0510366826156298,0.0,1,1,2023-11,Medium,2023-12,Low,0.15298701298701298,0.18240620490620488,0.34344973544973545
SUP017,2023-12,44,16,1.0,44,3,19,937307.56,0,0.3636363636363636,0.0681818181818181,0.0,0.0,0.0,0.0,937307.56,1.0,0.0,0.0558913927216592,0.0,0.0,-0.0311004784688995,-0.0526315789473684,-0.263157894736842,0.0,1,0,2023-12,Low,2024-01,Low,0.14221073044602456,0.18240620490620488,0.34344973544973545
SUP017,2024-01,34,10,0.7352941176470589,25,3,5,511713.92,0,0.2941176470588235,0.088235294117647,0.0,1.0,1.0,0.0294117647058823,511713.92,1.0,0.0,0.0314872891625136,0.0,0.0,-0.0695187165775401,0.0294117647058823,-0.2647058823529411,0.0,1,1,2024-01,Low,2024-02,Low,0.13776556776556775,0.18240620490620488,0.34344973544973545
SUP017,2024-02,39,13,0.8205128205128205,32,6,24,679975.72,0,0.3333333333333333,0.1538461538461538,0.0,0.0,0.0,0.0,679975.72,1.0,0.0,0.0490544865667813,0.0,0.0,0.0392156862745097,-0.0294117647058823,0.0852187028657616,0.0,1,1,2024-02,Low,2024-03,Medium,0.20505494505494504,0.18240620490620488,0.34344973544973545
SUP017,2024-03,39,18,1.6923076923076923,66,5,16,754834.47,0,0.4615384615384615,0.1282051282051282,0.0,0.0,0.0,0.0,754834.47,1.0,0.0,0.0457998891902018,0.0,0.0,0.1282051282051282,0.0,0.8717948717948718,0.0,1,1,2024-03,Medium,2024-04,Low,0.16419642857142855,0.18240620490620488,0.34344973544973545
SUP017,2024-04,32,12,1.28125,41,2,9,579004.39,0,0.375,0.0625,0.0,0.0,0.0,0.0,579004.39,1.0,0.0,0.0369506091232373,0.0,0.0,-0.0865384615384615,0.0,-0.4110576923076923,0.0,1,0,2024-04,Low,2024-05,Low,0.18196317196317197,0.18240620490620488,0.34344973544973545
SUP017,2024-05,37,14,1.162162162162162,43,2,20,955184.98,0,0.3783783783783784,0.054054054054054,0.0,1.0,1.0,0.027027027027027,955184.98,1.0,0.0,0.0597747217017411,0.0,0.0,0.0033783783783783,0.027027027027027,-0.1190878378378379,0.0,1,1,2024-05,Low,2024-06,Medium,0.20698489010989007,0.18240620490620488,0.34344973544973545
SUP017,2024-06,32,14,1.28125,41,2,8,755136.65,0,0.4375,0.0625,0.0,1.0,1.0,0.03125,755136.65,1.0,0.0,0.0484520092791354,0.0,0.0,0.0591216216216216,0.0042229729729729,0.1190878378378379,0.0,1,1,2024-06,Medium,2024-07,Medium,0.18574750830564782,0.18240620490620488,0.34344973544973545
SUP017,2024-07,43,19,1.2093023255813953,52,2,5,822265.7,0,0.4418604651162791,0.0465116279069767,0.0,0.0,0.0,0.0,822265.7,1.0,0.0,0.0518315217556428,0.0,0.0,0.004360465116279,-0.03125,-0.0719476744186047,0.0,1,1,2024-07,Medium,2024-08,Low,0.15576190476190474,0.18240620490620488,0.34344973544973545
SUP017,2024-08,30,11,1.0666666666666669,32,2,7,600954.63,0,0.3666666666666666,0.0666666666666666,0.0,0.0,0.0,0.0,600954.63,1.0,0.0,0.039195550216004,0.0,0.0,-0.0751937984496124,0.0,-0.1426356589147286,0.0,1,0,2024-08,Low,2024-09,Medium,0.21115079365079364,0.18240620490620488,0.34344973544973545
SUP017,2024-09,36,19,1.0277777777777777,37,7,27,798361.76,0,0.5277777777777778,0.1944444444444444,0.0,0.0,0.0,0.0,798361.76,1.0,0.0,0.0519067262475805,0.0,0.0,0.1611111111111111,0.0,-0.0388888888888889,0.0,1,1,2024-09,Medium,2024-10,Medium,0.18928571428571428,0.18240620490620488,0.34344973544973545
SUP017,2024-10,32,14,1.40625,45,3,6,623638.6,0,0.4375,0.09375,0.0,0.0,0.0,0.0,623638.6,1.0,0.0,0.0411723048824286,0.0,0.0,-0.0902777777777777,0.0,0.3784722222222223,0.0,1,1,2024-10,Medium,2024-11,Low,0.180295566502463,0.18240620490620488,0.34344973544973545
SUP017,2024-11,29,12,1.3793103448275863,40,1,5,451346.61,0,0.4137931034482758,0.0344827586206896,0.0,0.0,0.0,0.0,451346.61,1.0,0.0,0.0296071952126615,0.0,0.0,-0.0237068965517241,0.0,-0.0269396551724137,0.0,1,0,2024-11,Low,2024-12,Medium,0.20714285714285713,0.18240620490620488,0.34344973544973545
SUP017,2024-12,32,16,1.25,40,2,7,631637.36,0,0.5,0.0625,0.0,0.0,0.0,0.0,631637.36,1.0,0.0,0.0381698039605141,0.0,0.0,0.0862068965517241,0.0,-0.1293103448275863,0.0,1,1,2024-12,Medium,2025-01,Low,0.13452380952380952,0.18240620490620488,0.34344973544973545
SUP017,2025-01,36,12,0.6944444444444444,25,2,4,625155.54,0,0.3333333333333333,0.0555555555555555,0.0,0.0,0.0,0.0,625155.54,1.0,0.0,0.0380884050556259,0.0,0.0,-0.1666666666666666,0.0,-0.5555555555555556,0.0,1,0,2025-01,Low,2025-02,Low,0.0,0.18240620490620488,0.34344973544973545
SUP018,2022-02,9,5,1.4444444444444444,13,0,0,117602.01,0,0.5555555555555556,0.0,0.0,0.0,0.0,0.0,117602.01,1.0,0.0,0.013417194629861,0.0,0.0,0.0,0.0,0.0,0.0,0,0,2022-02,Medium,2022-03,Low,0.17984962406015034,0.18240620490620488,0.34344973544973545
SUP018,2022-03,19,8,1.263157894736842,24,3,10,217683.11,0,0.4210526315789473,0.1578947368421052,0.0,0.0,0.0,0.0,217683.11,1.0,0.0,0.0143760354553511,0.0,0.0,-0.1345029239766082,0.0,-0.1812865497076023,0.0,1,0,2022-03,Low,2022-04,High,0.38597402597402597,0.18240620490620488,0.34344973544973545
SUP018,2022-04,11,10,2.636363636363636,29,2,7,127648.78,0,0.9090909090909092,0.1818181818181818,0.0,0.0,0.0,0.0,127648.78,1.0,0.0,0.0081962507671441,0.0,0.0,0.4880382775119617,0.0,1.3732057416267942,0.0,1,1,2022-04,High,2022-05,High,0.41431915910176775,0.18240620490620488,0.34344973544973545
SUP018,2022-05,23,19,2.9565217391304346,68,2,4,250273.2,0,0.8260869565217391,0.0869565217391304,0.0,2.0,2.0,0.0869565217391304,250273.2,1.0,0.0,0.0145509948857543,0.0,0.0,-0.0830039525691699,0.0869565217391304,0.3201581027667983,0.0,1,1,2022-05,High,2022-06,Medium,0.3284920634920635,0.18240620490620488,0.34344973544973545
SUP018,2022-06,18,13,2.9444444444444446,53,0,0,269033.82,0,0.7222222222222222,0.0,0.0,0.0,0.0,0.0,269033.82,1.0,0.0,0.0168129334234013,0.0,0.0,-0.1038647342995169,-0.0869565217391304,-0.0120772946859899,0.0,1,0,2022-06,Medium,2022-07,High,0.40274146905725855,0.18240620490620488,0.34344973544973545
SUP018,2022-07,19,17,2.421052631578948,46,4,23,337721.42000000004,0,0.8947368421052632,0.2105263157894736,0.0,1.0,1.0,0.0526315789473684,337721.42000000004,1.0,0.0,0.0201139305363219,0.0,0.0,0.1725146198830409,0.0526315789473684,-0.5233918128654973,0.0,1,1,2022-07,High,2022-08,Medium,0.2549450549450549,0.18240620490620488,0.34344973544973545
SUP018,2022-08,13,8,1.5384615384615383,20,1,6,151531.21000000002,0,0.6153846153846154,0.0769230769230769,0.0,0.0,0.0,0.0,151531.21000000002,1.0,0.0,0.0090716507076294,0.0,0.0,-0.2793522267206477,-0.0526315789473684,-0.8825910931174088,0.0,1,0,2022-08,Medium,2022-09,Medium,0.21417582417582415,0.18240620490620488,0.34344973544973545
SUP018,2022-09,13,7,1.0,13,2,7,89499.74,0,0.5384615384615384,0.1538461538461538,0.0,0.0,0.0,0.0,89499.74,1.0,0.0,0.0058129688945526,0.0,0.0,-0.0769230769230769,0.0,-0.5384615384615385,0.0,1,0,2022-09,Medium,2022-10,Medium,0.3320952380952381,0.18240620490620488,0.34344973544973545
SUP018,2022-10,15,11,2.933333333333333,44,4,17,143270.99,0,0.7333333333333333,0.2666666666666666,0.0,0.0,0.0,0.0,143270.99,1.0,0.0,0.0086641353749951,0.0,0.0,0.1948717948717948,0.0,1.933333333333333,0.0,1,1,2022-10,Medium,2022-11,High,0.3490384615384615,0.18240620490620488,0.34344973544973545
SUP018,2022-11,16,12,2.1875,35,2,6,93869.85,0,0.75,0.125,0.0,1.0,1.0,0.0625,93869.85,1.0,0.0,0.0060806753856263,0.0,0.0,0.0166666666666667,0.0625,-0.7458333333333331,0.0,1,1,2022-11,High,2022-12,Medium,0.1900892857142857,0.18240620490620488,0.34344973544973545
SUP018,2022-12,16,7,1.4375,23,3,19,205403.8,0,0.4375,0.1875,0.0,0.0,0.0,0.0,205403.8,1.0,0.0,0.0119003796284124,0.0,0.0,-0.3125,-0.0625,-0.75,0.0,1,0,2022-12,Medium,2023-01,Medium,0.23197802197802195,0.18240620490620488,0.34344973544973545
SUP018,2023-01,13,7,1.6923076923076923,22,0,0,128585.1,0,0.5384615384615384,0.0,0.0,0.0,0.0,0.0,128585.1,1.0,0.0,0.00731535826377,0.0,0.0,0.1009615384615384,0.0,0.2548076923076923,0.0,1,1,2023-01,Medium,2023-02,High,0.36428571428571427,0.18240620490620488,0.34344973544973545
SUP018,2023-02,14,12,2.5,35,2,3,145154.76,0,0.8571428571428571,0.1428571428571428,0.0,0.0,0.0,0.0,145154.76,1.0,0.0,0.0099584838761681,0.0,0.0,0.3186813186813186,0.0,0.8076923076923077,0.0,1,1,2023-02,High,2023-03,Medium,0.3331578947368421,0.18240620490620488,0.34344973544973545
SUP018,2023-03,19,15,2.210526315789474,42,2,4,120528.73,0,0.7894736842105263,0.1052631578947368,0.0,0.0,0.0,0.0,120528.73,1.0,0.0,0.0082671997653953,0.0,0.0,-0.0676691729323307,0.0,-0.2894736842105261,0.0,1,0,2023-03,Medium,2023-04,High,0.3462585034013605,0.18240620490620488,0.34344973544973545
SUP018,2023-04,21,16,3.095238095238096,65,2,4,154231.5,0,0.7619047619047619,0.0952380952380952,0.0,0.0,0.0,0.0,154231.5,1.0,0.0,0.0086559692371809,0.0,0.0,-0.0275689223057644,0.0,0.8847117794486214,0.0,1,1,2023-04,High,2023-05,Medium,0.2688235294117647,0.18240620490620488,0.34344973544973545
SUP018,2023-05,17,11,1.6470588235294117,28,3,10,158954.67,0,0.6470588235294118,0.1764705882352941,0.0,0.0,0.0,0.0,158954.67,1.0,0.0,0.0102310677826623,0.0,0.0,-0.11484593837535,0.0,-1.4481792717086837,0.0,1,0,2023-05,Medium,2023-06,High,0.38042735042735043,0.18240620490620488,0.34344973544973545
SUP018,2023-06,18,14,3.111111111111111,56,1,2,205645.75,0,0.7777777777777778,0.0555555555555555,0.0,1.0,1.0,0.0555555555555555,205645.75,1.0,0.0,0.011918031135571,0.0,0.0,0.130718954248366,0.0555555555555555,1.4640522875816997,0.0,1,1,2023-06,High,2023-07,Medium,0.2738345864661654,0.18240620490620488,0.34344973544973545
SUP018,2023-07,19,12,2.0526315789473686,39,2,5,217004.55,0,0.631578947368421,0.1052631578947368,0.0,0.0,0.0,0.0,217004.55,1.0,0.0,0.0125087021273704,0.0,0.0,-0.1461988304093567,-0.0555555555555555,-1.0584795321637426,0.0,1,0,2023-07,Medium,2023-08,Medium,0.30861329147043437,0.18240620490620488,0.34344973544973545
SUP018,2023-08,21,13,2.571428571428572,54,8,30,145339.5,0,0.6190476190476191,0.3809523809523809,0.0,1.0,1.0,0.0476190476190476,145339.5,1.0,0.0,0.009025162530935,0.0,0.0,-0.0125313283208019,0.0476190476190476,0.518796992481203,0.0,1,1,2023-08,Medium,2023-09,High,0.3593956043956043,0.18240620490620488,0.34344973544973545
SUP018,2023-09,24,18,2.833333333333333,68,2,7,234510.97,0,0.75,0.0833333333333333,0.0,1.0,1.0,0.0416666666666666,234510.97,1.0,0.0,0.0151480785766594,0.0,0.0,0.1309523809523809,-0.0059523809523809,0.2619047619047618,0.0,1,1,2023-09,High,2023-10,Medium,0.28946428571428573,0.18240620490620488,0.34344973544973545
SUP018,2023-10,16,10,2.75,44,2,6,122898.76,0,0.625,0.125,0.0,0.0,0.0,0.0,122898.76,1.0,0.0,0.0071793035123242,0.0,0.0,-0.125,-0.0416666666666666,-0.0833333333333334,0.0,1,0,2023-10,Medium,2023-11,Medium,0.32352380952380955,0.18240620490620488,0.34344973544973545
SUP018,2023-11,15,11,2.6,39,4,28,104909.77,0,0.7333333333333333,0.2666666666666666,0.0,0.0,0.0,0.0,104909.77,1.0,0.0,0.0069889086269901,0.0,0.0,0.1083333333333332,0.0,-0.1499999999999999,0.0,1,1,2023-11,Medium,2023-12,Medium,0.23730158730158732,0.18240620490620488,0.34344973544973545
SUP018,2023-12,18,10,1.6666666666666667,30,0,0,173976.1,0,0.5555555555555556,0.0,0.0,0.0,0.0,0.0,173976.1,1.0,0.0,0.0103741471254991,0.0,0.0,-0.1777777777777777,0.0,-0.9333333333333332,0.0,1,0,2023-12,Medium,2024-01,Medium,0.31571428571428567,0.18240620490620488,0.34344973544973545
SUP018,2024-01,23,17,2.217391304347826,51,4,25,268853.5,0,0.7391304347826086,0.1739130434782608,0.0,0.0,0.0,0.0,268853.5,1.0,0.0,0.0165433605887717,0.0,0.0,0.183574879227053,0.0,0.5507246376811594,0.0,1,1,2024-01,Medium,2024-02,Medium,0.19491071428571427,0.18240620490620488,0.34344973544973545
SUP018,2024-02,16,7,1.625,26,3,11,124477.05,0,0.4375,0.1875,0.0,0.0,0.0,0.0,124477.05,1.0,0.0,0.0089799644274027,0.0,0.0,-0.3016304347826086,0.0,-0.5923913043478262,0.0,1,0,2024-02,Medium,2024-03,Medium,0.29333333333333333,0.18240620490620488,0.34344973544973545
SUP018,2024-03,15,10,2.333333333333333,35,3,4,190990.76,0,0.6666666666666666,0.2,0.0,0.0,0.0,0.0,190990.76,1.0,0.0,0.0115884422240977,0.0,0.0,0.2291666666666666,0.0,0.7083333333333335,0.0,1,1,2024-03,Medium,2024-04,Medium,0.30087179487179483,0.18240620490620488,0.34344973544973545
SUP018,2024-04,15,10,1.4,21,0,0,288111.23,0,0.6666666666666666,0.0,0.0,1.0,1.0,0.0666666666666666,288111.23,1.0,0.0,0.0183865366612248,0.0,0.0,0.0,0.0666666666666666,-0.9333333333333336,0.0,1,1,2024-04,Medium,2024-05,High,0.40197802197802196,0.18240620490620488,0.34344973544973545
SUP018,2024-05,13,11,2.769230769230769,36,1,3,155630.64,0,0.8461538461538461,0.0769230769230769,0.0,1.0,1.0,0.0769230769230769,155630.64,1.0,0.0,0.009739242543642,0.0,0.0,0.1794871794871795,0.0102564102564102,1.3692307692307693,0.0,1,1,2024-05,High,2024-06,Medium,0.2720940170940171,0.18240620490620488,0.34344973544973545
SUP018,2024-06,18,11,1.1666666666666667,21,4,8,161856.35,0,0.6111111111111112,0.2222222222222222,0.0,1.0,1.0,0.0555555555555555,161856.35,1.0,0.0,0.0103852267958216,0.0,0.0,-0.2350427350427349,-0.0213675213675213,-1.6025641025641024,0.0,1,0,2024-06,Medium,2024-07,High,0.3592517006802721,0.18240620490620488,0.34344973544973545
SUP018,2024-07,21,17,2.952380952380953,62,1,11,274800.77,0,0.8095238095238095,0.0476190476190476,0.0,0.0,0.0,0.0,274800.77,1.0,0.0,0.0173220676585712,0.0,0.0,0.1984126984126983,-0.0555555555555555,1.7857142857142858,0.0,1,1,2024-07,High,2024-08,High,0.3458241758241758,0.18240620490620488,0.34344973544973545
SUP018,2024-08,16,12,2.0625,33,3,8,170956.26,0,0.75,0.1875,0.0,1.0,1.0,0.0625,170956.26,1.0,0.0,0.0111501340351937,0.0,0.0,-0.0595238095238095,0.0625,-0.8898809523809526,0.0,1,1,2024-08,High,2024-09,Medium,0.24323809523809523,0.18240620490620488,0.34344973544973545
SUP018,2024-09,15,8,2.2,33,1,2,165884.18,0,0.5333333333333333,0.0666666666666666,0.0,0.0,0.0,0.0,165884.18,1.0,0.0,0.010785216867181,0.0,0.0,-0.2166666666666666,-0.0625,0.1375000000000001,0.0,1,1,2024-09,Medium,2024-10,Medium,0.3044360902255639,0.18240620490620488,0.34344973544973545
SUP018,2024-10,19,13,2.526315789473684,48,0,0,165827.80000000002,0,0.6842105263157895,0.0,0.0,0.0,0.0,0.0,165827.80000000002,1.0,0.0,0.0109478674661613,0.0,0.0,0.1508771929824561,0.0,0.3263157894736839,0.0,1,1,2024-10,Medium,2024-11,Medium,0.28619047619047616,0.18240620490620488,0.34344973544973545
SUP018,2024-11,18,12,2.055555555555556,37,3,10,212615.42,0,0.6666666666666666,0.1666666666666666,0.0,0.0,0.0,0.0,212615.42,1.0,0.0,0.0139470334011415,0.0,0.0,-0.0175438596491228,0.0,-0.4707602339181287,0.0,1,0,2024-11,Medium,2024-12,Medium,0.24273809523809525,0.18240620490620488,0.34344973544973545
SUP018,2024-12,12,7,1.5,18,2,3,119306.88,0,0.5833333333333334,0.1666666666666666,0.0,0.0,0.0,0.0,119306.88,1.0,0.0,0.0072097068810821,0.0,0.0,-0.0833333333333332,0.0,-0.5555555555555554,0.0,1,0,2024-12,Medium,2025-01,Medium,0.2717142857142857,0.18240620490620488,0.34344973544973545
SUP018,2025-01,15,9,2.4,36,2,10,304402.60000000003,0,0.6,0.1333333333333333,0.0,0.0,0.0,0.0,304402.60000000003,1.0,0.0,0.018546119784503,0.0,0.0,0.0166666666666666,0.0,0.8999999999999999,0.0,1,1,2025-01,Medium,2025-02,Low,0.10035714285714285,0.18240620490620488,0.34344973544973545
SUP019,2022-01,3,2,1.6666666666666667,5,0,0,34819.16,0,0.6666666666666666,0.0,0.0,0.0,0.0,0.0,34819.16,1.0,0.0,0.0329527093174982,0.0,0.0,0.0,0.0,0.0,0.0,0,0,2022-01,Medium,2022-02,Medium,0.2596031746031746,0.18240620490620488,0.34344973544973545
SUP019,2022-02,18,11,1.7777777777777777,32,2,7,349883.97,0,0.6111111111111112,0.1111111111111111,0.0,0.0,0.0,0.0,349883.97,1.0,0.0,0.0399182065285997,0.0,0.0,-0.0555555555555554,0.0,0.1111111111111109,0.0,1,1,2022-02,Medium,2022-03,Low,0.13340659340659342,0.18240620490620488,0.34344973544973545
SUP019,2022-03,26,8,1.0,26,2,3,352565.24,0,0.3076923076923077,0.0769230769230769,0.0,0.0,0.0,0.0,352565.24,1.0,0.0,0.0232838018097241,0.0,0.0,-0.3034188034188034,0.0,-0.7777777777777777,0.0,1,0,2022-03,Low,2022-04,Low,0.11649350649350648,0.18240620490620488,0.34344973544973545
SUP019,2022-04,11,3,0.8181818181818182,9,1,2,270857.24,0,0.2727272727272727,0.0909090909090909,0.0,0.0,0.0,0.0,270857.24,1.0,0.0,0.0173915791528641,0.0,0.0,-0.034965034965035,0.0,-0.1818181818181817,0.0,1,0,2022-04,Low,2022-05,Medium,0.205,0.18240620490620488,0.34344973544973545
SUP019,2022-05,18,9,1.1666666666666667,21,0,0,500918.18000000005,0,0.5,0.0,0.0,0.0,0.0,0.0,500918.18000000005,1.0,0.0,0.0291236052256549,0.0,0.0,0.2272727272727273,0.0,0.3484848484848485,0.0,1,1,2022-05,Medium,2022-06,Low,0.15374999999999997,0.18240620490620488,0.34344973544973545
SUP019,2022-06,16,6,0.875,14,1,7,377110.75,0,0.375,0.0625,0.0,0.0,0.0,0.0,377110.75,1.0,0.0,0.0235670665234539,0.0,0.0,-0.125,0.0,-0.2916666666666667,0.0,1,0,2022-06,Low,2022-07,Medium,0.24382226469182985,0.18240620490620488,0.34344973544973545
SUP019,2022-07,23,10,1.6521739130434785,38,2,2,633532.27,0,0.4347826086956521,0.0869565217391304,0.0,2.0,2.0,0.0869565217391304,633532.27,1.0,0.0,0.0377317614953128,0.0,0.0,0.0597826086956521,0.0869565217391304,0.7771739130434783,0.0,1,1,2022-07,Medium,2022-08,Low,0.16980913823019084,0.18240620490620488,0.34344973544973545
SUP019,2022-08,19,7,0.5263157894736842,10,0,0,505534.32,0,0.3684210526315789,0.0,0.0,1.0,1.0,0.0526315789473684,505534.32,1.0,0.0,0.0302645954701936,0.0,0.0,-0.0663615560640732,-0.034324942791762,-1.125858123569794,0.0,1,0,2022-08,Low,2022-09,Low,0.1338095238095238,0.18240620490620488,0.34344973544973545
SUP019,2022-09,12,4,0.6666666666666666,8,2,2,206280.51,0,0.3333333333333333,0.1666666666666666,0.0,0.0,0.0,0.0,206280.51,1.0,0.0,0.0133978287331612,0.0,0.0,-0.0350877192982456,-0.0526315789473684,0.1403508771929824,0.0,1,1,2022-09,Low,2022-10,Medium,0.2540601503759399,0.18240620490620488,0.34344973544973545
SUP019,2022-10,19,11,2.0,38,2,2,276499.11,0,0.5789473684210527,0.1052631578947368,0.0,0.0,0.0,0.0,276499.11,1.0,0.0,0.0167209406461535,0.0,0.0,0.2456140350877193,0.0,1.3333333333333337,0.0,1,1,2022-10,Medium,2022-11,Low,0.1537714285714286,0.18240620490620488,0.34344973544973545
SUP019,2022-11,25,9,1.08,27,1,1,511901.9,0,0.36,0.04,0.0,0.0,0.0,0.0,511901.9,1.0,0.0,0.033159840813481,0.0,0.0,-0.2189473684210526,0.0,-0.92,0.0,1,0,2022-11,Low,2022-12,Medium,0.18246753246753245,0.18240620490620488,0.34344973544973545
SUP019,2022-12,22,10,0.9090909090909092,20,1,4,291569.99,0,0.4545454545454545,0.0454545454545454,0.0,0.0,0.0,0.0,291569.99,1.0,0.0,0.0168925480894337,0.0,0.0,0.0945454545454545,0.0,-0.170909090909091,0.0,1,1,2022-12,Medium,2023-01,Low,0.14390109890109887,0.18240620490620488,0.34344973544973545
SUP019,2023-01,26,9,0.8846153846153846,23,4,12,503015.48,0,0.3461538461538461,0.1538461538461538,0.0,0.0,0.0,0.0,503015.48,1.0,0.0,0.0286171449757574,0.0,0.0,-0.1083916083916083,0.0,-0.0244755244755244,0.0,1,0,2023-01,Low,2023-02,Low,0.1776098901098901,0.18240620490620488,0.34344973544973545
SUP019,2023-02,16,6,0.625,10,0,0,313672.62,0,0.375,0.0,0.0,1.0,1.0,0.0625,313672.62,1.0,0.0,0.0215198160133736,0.0,0.0,0.0288461538461538,0.0625,-0.2596153846153846,0.0,1,1,2023-02,Low,2023-03,Medium,0.2920535714285714,0.18240620490620488,0.34344973544973545
SUP019,2023-03,16,11,2.0,32,2,5,213737.57,0,0.6875,0.125,0.0,0.0,0.0,0.0,213737.57,1.0,0.0,0.0146604978627101,0.0,0.0,0.3125,-0.0625,1.375,0.0,1,1,2023-03,Medium,2023-04,Low,0.13895238095238094,0.18240620490620488,0.34344973544973545
SUP019,2023-04,15,5,0.8666666666666667,13,4,11,270039.24,0,0.3333333333333333,0.2666666666666666,0.0,0.0,0.0,0.0,270039.24,1.0,0.0,0.0151554731314402,0.0,0.0,-0.3541666666666667,0.0,-1.1333333333333333,0.0,1,0,2023-04,Low,2023-05,Low,0.09522893772893769,0.18240620490620488,0.34344973544973545
SUP019,2023-05,24,4,0.5,12,1,4,435307.29,0,0.1666666666666666,0.0416666666666666,0.0,1.0,1.0,0.0416666666666666,435307.29,1.0,0.0,0.0280184180199114,0.0,0.0,-0.1666666666666666,0.0416666666666666,-0.3666666666666667,0.0,1,1,2023-05,Low,2023-06,Medium,0.2043877551020408,0.18240620490620488,0.34344973544973545
SUP019,2023-06,14,7,1.1428571428571428,16,0,0,476629.86,0,0.5,0.0,0.0,0.0,0.0,0.0,476629.86,1.0,0.0,0.0276226934503771,0.0,0.0,0.3333333333333333,-0.0416666666666666,0.6428571428571428,0.0,1,1,2023-06,Medium,2023-07,Low,0.16753968253968254,0.18240620490620488,0.34344973544973545
SUP019,2023-07,18,7,1.2222222222222223,22,2,4,422986.38,0,0.3888888888888889,0.1111111111111111,0.0,0.0,0.0,0.0,422986.38,1.0,0.0,0.0243820262356467,0.0,0.0,-0.1111111111111111,0.0,0.0793650793650795,0.0,1,1,2023-07,Low,2023-08,Medium,0.2840178571428571,0.18240620490620488,0.34344973544973545
SUP019,2023-08,16,11,1.6875,27,2,8,608758.48,0,0.6875,0.125,0.0,0.0,0.0,0.0,608758.48,1.0,0.0,0.0378021406712213,0.0,0.0,0.2986111111111111,0.0,0.4652777777777777,0.0,1,1,2023-08,Medium,2023-09,Low,0.1271428571428571,0.18240620490620488,0.34344973544973545
SUP019,2023-09,17,5,0.9411764705882352,16,1,2,245933.96,0,0.2941176470588235,0.0588235294117647,0.0,0.0,0.0,0.0,245933.96,1.0,0.0,0.0158859389424256,0.0,0.0,-0.3933823529411764,0.0,-0.7463235294117647,0.0,1,0,2023-09,Low,2023-10,Medium,0.24143406593406594,0.18240620490620488,0.34344973544973545
SUP019,2023-10,20,9,1.2,24,2,2,337472.99,0,0.45,0.1,0.0,2.0,2.0,0.1,337472.99,1.0,0.0,0.0197139582402747,0.0,0.0,0.1558823529411764,0.1,0.2588235294117647,0.0,1,1,2023-10,Medium,2023-11,Low,0.17984962406015034,0.18240620490620488,0.34344973544973545
SUP019,2023-11,19,8,1.263157894736842,24,0,0,309728.0,0,0.4210526315789473,0.0,0.0,0.0,0.0,0.0,309728.0,1.0,0.0,0.0206335472017563,0.0,0.0,-0.0289473684210526,-0.1,0.063157894736842,0.0,1,1,2023-11,Low,2023-12,Medium,0.1975307045895281,0.18240620490620488,0.34344973544973545
SUP019,2023-12,17,6,1.2941176470588236,22,0,0,451710.83,0,0.3529411764705882,0.0,0.0,1.0,2.0,0.0588235294117647,451710.83,1.0,0.0,0.0269353928993772,0.0,0.0,-0.068111455108359,0.0588235294117647,0.0309597523219815,0.0,1,1,2023-12,Medium,2024-01,Low,0.13183673469387752,0.18240620490620488,0.34344973544973545
SUP019,2024-01,21,6,1.238095238095238,26,0,0,602247.49,0,0.2857142857142857,0.0,0.0,0.0,0.0,0.0,602247.49,1.0,0.0,0.0370580907101922,0.0,0.0,-0.0672268907563025,-0.0588235294117647,-0.0560224089635854,0.0,1,0,2024-01,Low,2024-02,Medium,0.21857142857142856,0.18240620490620488,0.34344973544973545
SUP019,2024-02,17,9,1.2941176470588236,22,0,0,313947.69,0,0.5294117647058824,0.0,0.0,0.0,0.0,0.0,313947.69,1.0,0.0,0.0226486656637931,0.0,0.0,0.2436974789915966,0.0,0.0560224089635854,0.0,1,1,2024-02,Medium,2024-03,Medium,0.2105590062111801,0.18240620490620488,0.34344973544973545
SUP019,2024-03,23,12,1.0869565217391304,25,1,4,333975.19,0,0.5217391304347826,0.0434782608695652,0.0,0.0,0.0,0.0,333975.19,1.0,0.0,0.0202640808047314,0.0,0.0,-0.0076726342710997,0.0,-0.2071611253196932,0.0,1,0,2024-03,Medium,2024-04,Medium,0.316134734830387,0.18240620490620488,0.34344973544973545
SUP019,2024-04,23,16,1.8695652173913044,43,0,0,375616.26,0,0.6956521739130435,0.0,0.0,1.0,1.0,0.0434782608695652,375616.26,1.0,0.0,0.0239708883789159,0.0,0.0,0.1739130434782608,0.0434782608695652,0.7826086956521741,0.0,1,1,2024-04,Medium,2024-05,Low,0.17571428571428568,0.18240620490620488,0.34344973544973545
SUP019,2024-05,21,9,1.0,21,0,0,492442.75,0,0.4285714285714285,0.0,0.0,0.0,0.0,0.0,492442.75,1.0,0.0,0.0308166783938437,0.0,0.0,-0.2670807453416149,-0.0434782608695652,-0.8695652173913044,0.0,1,0,2024-05,Low,2024-06,Medium,0.21476190476190476,0.18240620490620488,0.34344973544973545
SUP019,2024-06,15,7,2.0,30,1,7,232199.94,0,0.4666666666666667,0.0666666666666666,0.0,0.0,0.0,0.0,232199.94,1.0,0.0,0.0148986989937446,0.0,0.0,0.0380952380952381,0.0,1.0,0.0,1,1,2024-06,Medium,2024-07,Medium,0.211,0.18240620490620488,0.34344973544973545
SUP019,2024-07,20,10,1.4,28,0,0,579006.15,0,0.5,0.0,0.0,0.0,0.0,0.0,579006.15,1.0,0.0,0.0364976550285096,0.0,0.0,0.0333333333333333,0.0,-0.6000000000000001,0.0,1,1,2024-07,Medium,2024-08,Low,0.1357142857142857,0.18240620490620488,0.34344973544973545
SUP019,2024-08,27,9,0.7407407407407407,20,4,15,645582.27,0,0.3333333333333333,0.1481481481481481,0.0,0.0,0.0,0.0,645582.27,1.0,0.0,0.0421062606379235,0.0,0.0,-0.1666666666666666,0.0,-0.6592592592592592,0.0,1,0,2024-08,Low,2024-09,Medium,0.21462184873949577,0.18240620490620488,0.34344973544973545
SUP019,2024-09,17,8,1.9411764705882355,33,4,15,314177.65,0,0.4705882352941176,0.2352941176470588,0.0,0.0,0.0,0.0,314177.65,1.0,0.0,0.0204267464810165,0.0,0.0,0.1372549019607843,0.0,1.2004357298474946,0.0,1,1,2024-09,Medium,2024-10,Medium,0.19421052631578944,0.18240620490620488,0.34344973544973545
SUP019,2024-10,19,9,1.105263157894737,21,3,21,275142.64,0,0.4736842105263157,0.1578947368421052,0.0,0.0,0.0,0.0,275142.64,1.0,0.0,0.0181647779021957,0.0,0.0,0.0030959752321981,0.0,-0.8359133126934983,0.0,1,1,2024-10,Medium,2024-11,Medium,0.2010084033613445,0.18240620490620488,0.34344973544973545
SUP019,2024-11,17,8,1.411764705882353,24,1,4,422755.61,0,0.4705882352941176,0.0588235294117647,0.0,0.0,0.0,0.0,422755.61,1.0,0.0,0.0277316979793374,0.0,0.0,-0.0030959752321981,0.0,0.3065015479876161,0.0,1,1,2024-11,Medium,2024-12,Medium,0.2275187969924812,0.18240620490620488,0.34344973544973545
SUP019,2024-12,19,10,1.6842105263157894,32,1,7,414549.48,0,0.5263157894736842,0.0526315789473684,0.0,0.0,0.0,0.0,414549.48,1.0,0.0,0.0250511977054889,0.0,0.0,0.0557275541795665,0.0,0.2724458204334363,0.0,1,1,2024-12,Medium,2025-01,Medium,0.20889610389610389,0.18240620490620488,0.34344973544973545
SUP020,2022-01,6,1,0.5,3,1,9,227451.99,0,0.1666666666666666,0.1666666666666666,0.0,0.0,0.0,0.0,227451.99,1.0,0.0,0.2152596245904992,0.0,0.0,0.0,0.0,0.0,0.0,0,0,2022-01,Low,2022-02,Low,0.17555555555555552,0.18240620490620488,0.34344973544973545
SUP020,2022-02,9,4,0.7777777777777778,7,3,5,220054.04,0,0.4444444444444444,0.3333333333333333,0.0,0.0,0.0,0.0,220054.04,1.0,0.0,0.0251059304493793,0.0,0.0,0.2777777777777778,0.0,0.2777777777777778,0.0,1,1,2022-02,Low,2022-03,Low,0.13328571428571429,0.18240620490620488,0.34344973544973545
SUP020,2022-03,10,3,1.1,11,1,2,208875.82,0,0.3,0.1,0.0,0.0,0.0,0.0,208875.82,1.0,0.0,0.0137943921973806,0.0,0.0,-0.1444444444444444,0.0,0.3222222222222223,0.0,1,1,2022-03,Low,2022-04,Medium,0.2824107142857143,0.18240620490620488,0.34344973544973545
SUP020,2022-04,16,11,1.625,26,0,0,398732.93000000005,0,0.6875,0.0,0.0,0.0,0.0,0.0,398732.93000000005,1.0,0.0,0.025602399673527,0.0,0.0,0.3875,0.0,0.5249999999999999,0.0,1,1,2022-04,Medium,2022-05,Low,0.10035714285714285,0.18240620490620488,0.34344973544973545
SUP020,2022-05,12,3,0.5,6,0,0,289581.81,0,0.25,0.0,0.0,0.0,0.0,0.0,289581.81,1.0,0.0,0.0168364149110551,0.0,0.0,-0.4375,0.0,-1.125,0.0,1,0,2022-05,Low,2022-06,Medium,0.18712287712287712,0.18240620490620488,0.34344973544973545
SUP020,2022-06,11,4,0.8181818181818182,9,0,0,322307.56,0,0.3636363636363636,0.0,0.0,1.0,1.0,0.0909090909090909,322307.56,1.0,0.0,0.0201422094372333,0.0,0.0,0.1136363636363636,0.0909090909090909,0.3181818181818182,0.0,1,1,2022-06,Medium,2022-07,Low,0.1475238095238095,0.18240620490620488,0.34344973544973545
SUP020,2022-07,15,5,1.2,18,0,0,202281.23,0,0.3333333333333333,0.0,0.0,0.0,0.0,0.0,202281.23,1.0,0.0,0.0120474165038799,0.0,0.0,-0.0303030303030303,-0.0909090909090909,0.3818181818181817,0.0,1,1,2022-07,Low,2022-08,Low,0.10806722689075629,0.18240620490620488,0.34344973544973545
SUP020,2022-08,17,4,1.0,17,1,3,269860.79,0,0.2352941176470588,0.0588235294117647,0.0,0.0,0.0,0.0,269860.79,1.0,0.0,0.0161556343842627,0.0,0.0,-0.0980392156862745,0.0,-0.1999999999999999,0.0,1,0,2022-08,Low,2022-09,Medium,0.2043877551020408,0.18240620490620488,0.34344973544973545
SUP020,2022-09,14,7,1.1428571428571428,16,1,6,345529.85000000003,0,0.5,0.0714285714285714,0.0,0.0,0.0,0.0,345529.85000000003,1.0,0.0,0.0224420123476274,0.0,0.0,0.2647058823529412,0.0,0.1428571428571428,0.0,1,1,2022-09,Medium,2022-10,Low,0.14923809523809523,0.18240620490620488,0.34344973544973545
SUP020,2022-10,15,5,1.2666666666666666,19,0,0,305140.69,0,0.3333333333333333,0.0,0.0,0.0,0.0,0.0,305140.69,1.0,0.0,0.0184530046632567,0.0,0.0,-0.1666666666666666,0.0,0.1238095238095238,0.0,1,1,2022-10,Low,2022-11,Low,0.1657142857142857,0.18240620490620488,0.34344973544973545
SUP020,2022-11,10,4,1.0,10,4,5,135918.94,0,0.4,0.4,0.0,0.0,0.0,0.0,135918.94,1.0,0.0,0.0088045197994715,0.0,0.0,0.0666666666666667,0.0,-0.2666666666666666,0.0,1,1,2022-11,Low,2022-12,Low,0.1338095238095238,0.18240620490620488,0.34344973544973545
SUP020,2022-12,12,4,0.6666666666666666,8,0,0,239529.61,0,0.3333333333333333,0.0,0.0,0.0,0.0,0.0,239529.61,1.0,0.0,0.0138775100131817,0.0,0.0,-0.0666666666666667,0.0,-0.3333333333333333,0.0,1,0,2022-12,Low,2023-01,Low,0.13595238095238094,0.18240620490620488,0.34344973544973545
SUP020,2023-01,12,4,0.75,9,0,0,157625.46000000002,0,0.3333333333333333,0.0,0.0,0.0,0.0,0.0,157625.46000000002,1.0,0.0,0.0089674986556884,0.0,0.0,0.0,0.0,0.0833333333333333,0.0,1,1,2023-01,Low,2023-02,Medium,0.20392857142857143,0.18240620490620488,0.34344973544973545
SUP020,2023-02,8,4,1.125,9,1,6,212621.29,0,0.5,0.125,0.0,0.0,0.0,0.0,212621.29,1.0,0.0,0.0145870909654982,0.0,0.0,0.1666666666666666,0.0,0.375,0.0,1,1,2023-02,Medium,2023-03,Low,0.18011904761904762,0.18240620490620488,0.34344973544973545
SUP020,2023-03,12,5,1.3333333333333333,16,0,0,280139.66000000003,0,0.4166666666666667,0.0,0.0,0.0,0.0,0.0,280139.66000000003,1.0,0.0,0.0192150911357809,0.0,0.0,-0.0833333333333333,0.0,0.2083333333333332,0.0,1,1,2023-03,Low,2023-04,Medium,0.25142857142857145,0.18240620490620488,0.34344973544973545
SUP020,2023-04,7,4,2.0,14,1,2,136939.30000000002,0,0.5714285714285714,0.1428571428571428,0.0,0.0,0.0,0.0,136939.30000000002,1.0,0.0,0.0076854751990423,0.0,0.0,0.1547619047619047,0.0,0.6666666666666667,0.0,1,1,2023-04,Medium,2023-05,Medium,0.2391915227629513,0.18240620490620488,0.34344973544973545
SUP020,2023-05,14,7,1.2142857142857142,17,0,0,224883.21,0,0.5,0.0,0.0,1.0,1.0,0.0714285714285714,224883.21,1.0,0.0,0.0144745377074652,0.0,0.0,-0.0714285714285714,0.0714285714285714,-0.7857142857142858,0.0,1,1,2023-05,Medium,2023-06,Low,0.09263736263736261,0.18240620490620488,0.34344973544973545
SUP020,2023-06,13,3,0.4615384615384615,6,0,0,369765.92,0,0.2307692307692307,0.0,0.0,0.0,0.0,0.0,369765.92,1.0,0.0,0.0214294812678263,0.0,0.0,-0.2692307692307692,-0.0714285714285714,-0.7527472527472526,0.0,1,0,2023-06,Low,2023-07,Medium,0.20582417582417578,0.18240620490620488,0.34344973544973545
SUP020,2023-07,15,6,1.3333333333333333,20,1,1,287420.12,0,0.4,0.0666666666666666,0.0,1.0,1.0,0.0666666666666666,287420.12,1.0,0.0,0.0165676372522745,0.0,0.0,0.1692307692307692,0.0666666666666666,0.8717948717948717,0.0,1,1,2023-07,Medium,2023-08,Medium,0.1887565066512435,0.18240620490620488,0.34344973544973545
SUP020,2023-08,19,7,1.263157894736842,24,1,1,393892.79,0,0.3684210526315789,0.0526315789473684,0.0,1.0,1.0,0.0526315789473684,393892.79,1.0,0.0,0.0244596028575402,0.0,0.0,-0.031578947368421,-0.0140350877192982,-0.0701754385964912,0.0,1,0,2023-08,Medium,2023-09,Medium,0.20928571428571427,0.18240620490620488,0.34344973544973545
SUP020,2023-09,12,6,1.3333333333333333,16,0,0,280775.45,0,0.5,0.0,0.0,0.0,0.0,0.0,280775.45,1.0,0.0,0.0181365015845395,0.0,0.0,0.131578947368421,-0.0526315789473684,0.0701754385964912,0.0,1,1,2023-09,Medium,2023-10,Low,0.13595238095238094,0.18240620490620488,0.34344973544973545
SUP020,2023-10,12,4,0.75,9,1,5,403958.0,0,0.3333333333333333,0.0833333333333333,0.0,0.0,0.0,0.0,403958.0,1.0,0.0,0.0235977733886937,0.0,0.0,-0.1666666666666666,0.0,-0.5833333333333333,0.0,1,0,2023-10,Low,2023-11,Medium,0.2477551020408163,0.18240620490620488,0.34344973544973545
SUP020,2023-11,7,4,1.8571428571428568,13,1,2,159633.4,0,0.5714285714285714,0.1428571428571428,0.0,0.0,0.0,0.0,159633.4,1.0,0.0,0.0106345028343477,0.0,0.0,0.238095238095238,0.0,1.1071428571428572,0.0,1,1,2023-11,Medium,2023-12,Low,0.10357142857142856,0.18240620490620488,0.34344973544973545
SUP020,2023-12,16,4,0.625,10,1,12,324842.8,0,0.25,0.0625,0.0,0.0,0.0,0.0,324842.8,1.0,0.0,0.0193702870673564,0.0,0.0,-0.3214285714285714,0.0,-1.2321428571428572,0.0,1,0,2023-12,Low,2024-01,Medium,0.22580357142857144,0.18240620490620488,0.34344973544973545
SUP020,2024-01,16,9,1.125,18,2,2,421618.13000000006,0,0.5625,0.125,0.0,0.0,0.0,0.0,421618.13000000006,1.0,0.0,0.0259434255286006,0.0,0.0,0.3125,0.0,0.5,0.0,1,1,2024-01,Medium,2024-02,Low,0.11271428571428571,0.18240620490620488,0.34344973544973545
SUP020,2024-02,10,3,0.3,3,1,2,266250.37,0,0.3,0.1,0.0,0.0,0.0,0.0,266250.37,1.0,0.0,0.0192077081790002,0.0,0.0,-0.2625,0.0,-0.825,0.0,1,0,2024-02,Low,2024-03,Low,0.11047619047619045,0.18240620490620488,0.34344973544973545
SUP020,2024-03,15,4,0.6666666666666666,10,2,4,244299.96,0,0.2666666666666666,0.1333333333333333,0.0,0.0,0.0,0.0,244299.96,1.0,0.0,0.0148229996666298,0.0,0.0,-0.0333333333333333,0.0,0.3666666666666666,0.0,1,1,2024-03,Low,2024-04,Medium,0.2363095238095238,0.18240620490620488,0.34344973544973545
SUP020,2024-04,12,7,1.25,15,1,1,233575.81,0,0.5833333333333334,0.0833333333333333,0.0,0.0,0.0,0.0,233575.81,1.0,0.0,0.0149062228283857,0.0,0.0,0.3166666666666667,0.0,0.5833333333333334,0.0,1,1,2024-04,Medium,2024-05,Medium,0.22208791208791206,0.18240620490620488,0.34344973544973545
SUP020,2024-05,13,7,1.3076923076923077,17,0,0,310738.18,0,0.5384615384615384,0.0,0.0,0.0,0.0,0.0,310738.18,1.0,0.0,0.0194457499023964,0.0,0.0,-0.0448717948717949,0.0,0.0576923076923077,0.0,1,1,2024-05,Medium,2024-06,Low,0.15053571428571427,0.18240620490620488,0.34344973544973545
SUP020,2024-06,8,3,0.75,6,2,8,78366.45000000001,0,0.375,0.25,0.0,0.0,0.0,0.0,78366.45000000001,1.0,0.0,0.005028244838299,0.0,0.0,-0.1634615384615384,0.0,-0.5576923076923077,0.0,1,0,2024-06,Low,2024-07,Low,0.0,0.18240620490620488,0.34344973544973545
SUP020,2024-07,8,0,0.0,0,0,0,201998.6,0,0.0,0.0,0.0,0.0,0.0,0.0,201998.6,1.0,0.0,0.0127329825754733,0.0,0.0,-0.375,0.0,-0.75,0.0,1,0,2024-07,Low,2024-08,Low,0.1553246753246753,0.18240620490620488,0.34344973544973545
SUP020,2024-08,11,4,1.0909090909090908,12,0,0,396306.35,0,0.3636363636363636,0.0,0.0,0.0,0.0,0.0,396306.35,1.0,0.0,0.0258479503558301,0.0,0.0,0.3636363636363636,0.0,1.0909090909090908,0.0,1,1,2024-08,Low,2024-09,Medium,0.2821733821733822,0.18240620490620488,0.34344973544973545
SUP020,2024-09,9,5,1.6666666666666667,15,0,0,184567.58,0,0.5555555555555556,0.0,0.0,1.0,1.0,0.1111111111111111,184567.58,1.0,0.0,0.0119999470531234,0.0,0.0,0.1919191919191919,0.1111111111111111,0.5757575757575759,0.0,1,1,2024-09,Medium,2024-10,Medium,0.2007142857142857,0.18240620490620488,0.34344973544973545
SUP020,2024-10,16,8,1.0,16,1,1,263028.15,0,0.5,0.0625,0.0,0.0,0.0,0.0,263028.15,1.0,0.0,0.0173649854009376,0.0,0.0,-0.0555555555555555,-0.1111111111111111,-0.6666666666666667,0.0,1,0,2024-10,Medium,2024-11,Medium,0.2257142857142857,0.18240620490620488,0.34344973544973545
SUP020,2024-11,7,4,1.0,7,0,0,83635.92000000001,0,0.5714285714285714,0.0,0.0,0.0,0.0,0.0,83635.92000000001,1.0,0.0,0.0054863046611351,0.0,0.0,0.0714285714285714,0.0,0.0,0.0,1,1,2024-11,Medium,2024-12,Low,0.14238095238095239,0.18240620490620488,0.34344973544973545
SUP020,2024-12,9,3,1.0,9,2,4,216941.71,0,0.3333333333333333,0.2222222222222222,0.0,0.0,0.0,0.0,216941.71,1.0,0.0,0.0131097732115762,0.0,0.0,-0.238095238095238,0.0,0.0,0.0,1,0,2024-12,Low,2025-01,Medium,0.18628571428571428,0.18240620490620488,0.34344973544973545
SUP021,2022-03,10,6,2.4,24,3,31,263407.11000000004,0,0.6,0.3,0.0,0.0,0.0,0.0,263407.11000000004,1.0,0.0,0.0173956994300181,0.0,0.0,0.0,0.0,0.0,0.0,0,0,2022-03,Medium,2022-04,Medium,0.2819387755102041,0.18240620490620488,0.34344973544973545
SUP021,2022-04,14,9,2.2142857142857144,31,0,0,523296.86,0,0.6428571428571429,0.0,0.0,0.0,0.0,0.0,523296.86,1.0,0.0,0.0336005740925931,0.0,0.0,0.0428571428571429,0.0,-0.1857142857142855,0.0,1,1,2022-04,Medium,2022-05,Medium,0.3069387755102041,0.18240620490620488,0.34344973544973545
SUP021,2022-05,14,10,2.2142857142857144,31,2,8,375232.36,0,0.7142857142857143,0.1428571428571428,0.0,0.0,0.0,0.0,375232.36,1.0,0.0,0.0218161758883074,0.0,0.0,0.0714285714285714,0.0,0.0,0.0,1,1,2022-05,Medium,2022-06,High,0.3958333333333333,0.18240620490620488,0.34344973544973545
SUP021,2022-06,12,11,2.9166666666666665,35,1,2,477368.44000000006,0,0.9166666666666666,0.0833333333333333,0.0,0.0,0.0,0.0,477368.44000000006,1.0,0.0,0.0298325459607753,0.0,0.0,0.2023809523809523,0.0,0.7023809523809521,0.0,1,1,2022-06,High,2022-07,Medium,0.31058608058608056,0.18240620490620488,0.34344973544973545
SUP021,2022-07,12,8,1.5833333333333333,19,2,5,233476.48,0,0.6666666666666666,0.1666666666666666,0.0,1.0,1.0,0.0833333333333333,233476.48,1.0,0.0,0.0139053356478986,0.0,0.0,-0.25,0.0833333333333333,-1.3333333333333333,0.0,1,1,2022-07,Medium,2022-08,Medium,0.27619047619047615,0.18240620490620488,0.34344973544973545
SUP021,2022-08,12,8,1.6666666666666667,20,2,5,343463.42,0,0.6666666666666666,0.1666666666666666,0.0,0.0,0.0,0.0,343463.42,1.0,0.0,0.0205619698878391,0.0,0.0,0.0,-0.0833333333333333,0.0833333333333334,0.0,1,1,2022-08,Medium,2022-09,High,0.3476785714285714,0.18240620490620488,0.34344973544973545
SUP021,2022-09,16,12,3.3125,53,3,13,409666.41,0,0.75,0.1875,0.0,0.0,0.0,0.0,409666.41,1.0,0.0,0.0266076538152295,0.0,0.0,0.0833333333333333,0.0,1.6458333333333333,0.0,1,1,2022-09,High,2022-10,High,0.39210989010989006,0.18240620490620488,0.34344973544973545
SUP021,2022-10,15,12,3.1333333333333333,47,4,23,524450.98,0,0.8,0.2666666666666666,0.0,1.0,1.0,0.0666666666666666,524450.98,1.0,0.0,0.0317155223696635,0.0,0.0,0.05,0.0666666666666666,-0.1791666666666667,0.0,1,1,2022-10,High,2022-11,High,0.370952380952381,0.18240620490620488,0.34344973544973545
SUP021,2022-11,12,10,3.083333333333333,37,2,10,396559.21,0,0.8333333333333334,0.1666666666666666,0.0,0.0,0.0,0.0,396559.21,1.0,0.0,0.0256882036904332,0.0,0.0,0.0333333333333333,-0.0666666666666666,-0.0499999999999998,0.0,1,1,2022-11,High,2022-12,High,0.34959183673469385,0.18240620490620488,0.34344973544973545
SUP021,2022-12,14,12,1.9285714285714288,27,3,24,251193.32,0,0.8571428571428571,0.2142857142857142,0.0,0.0,0.0,0.0,251193.32,1.0,0.0,0.0145532646821592,0.0,0.0,0.0238095238095237,0.0,-1.1547619047619049,0.0,1,1,2022-12,High,2023-01,Medium,0.32678571428571423,0.18240620490620488,0.34344973544973545
SUP021,2023-01,16,12,2.5,40,1,4,287917.4,0,0.75,0.0625,0.0,0.0,0.0,0.0,287917.4,1.0,0.0,0.0163799610637095,0.0,0.0,-0.1071428571428571,0.0,0.5714285714285714,0.0,1,1,2023-01,Medium,2023-02,Medium,0.28350649350649354,0.18240620490620488,0.34344973544973545
SUP021,2023-02,11,7,2.363636363636364,26,1,4,312224.33,0,0.6363636363636364,0.0909090909090909,0.0,0.0,0.0,0.0,312224.33,1.0,0.0,0.021420454665437,0.0,0.0,-0.1136363636363636,0.0,-0.1363636363636362,0.0,1,0,2023-02,Medium,2023-03,Medium,0.21357142857142858,0.18240620490620488,0.34344973544973545
SUP021,2023-03,12,6,1.5,18,3,4,377056.66,0,0.5,0.25,0.0,0.0,0.0,0.0,377056.66,1.0,0.0,0.0258627360554844,0.0,0.0,-0.1363636363636363,0.0,-0.8636363636363638,0.0,1,0,2023-03,Medium,2023-04,High,0.38679583574320414,0.18240620490620488,0.34344973544973545
SUP021,2023-04,19,14,3.0526315789473686,58,2,17,665601.2300000001,0,0.7368421052631579,0.1052631578947368,0.0,1.0,3.0,0.0526315789473684,665601.2300000001,1.0,0.0,0.0373556878530637,0.0,0.0,0.2368421052631578,0.0526315789473684,1.5526315789473686,0.0,1,1,2023-04,High,2023-05,Medium,0.31979591836734694,0.18240620490620488,0.34344973544973545
SUP021,2023-05,14,10,2.7142857142857144,38,3,7,251305.31000000003,0,0.7142857142857143,0.2142857142857142,0.0,0.0,0.0,0.0,251305.31000000003,1.0,0.0,0.0161751879372464,0.0,0.0,-0.0225563909774435,-0.0526315789473684,-0.3383458646616541,0.0,1,0,2023-05,Medium,2023-06,High,0.367062271062271,0.18240620490620488,0.34344973544973545
SUP021,2023-06,15,11,3.066666666666667,46,6,30,470672.13,0,0.7333333333333333,0.4,0.0,1.0,1.0,0.0666666666666666,470672.13,1.0,0.0,0.0272774180841839,0.0,0.0,0.0190476190476189,0.0666666666666666,0.3523809523809524,0.0,1,1,2023-06,High,2023-07,High,0.3638655462184874,0.18240620490620488,0.34344973544973545
SUP021,2023-07,17,14,2.9411764705882355,50,1,3,508216.54,0,0.8235294117647058,0.0588235294117647,0.0,0.0,0.0,0.0,508216.54,1.0,0.0,0.0292949125493582,0.0,0.0,0.0901960784313725,-0.0666666666666666,-0.1254901960784313,0.0,1,1,2023-07,High,2023-08,Medium,0.23638095238095236,0.18240620490620488,0.34344973544973545
SUP021,2023-08,15,8,1.9333333333333331,29,3,9,305719.08,0,0.5333333333333333,0.2,0.0,0.0,0.0,0.0,305719.08,1.0,0.0,0.018984270523897,0.0,0.0,-0.2901960784313725,0.0,-1.0078431372549022,0.0,1,0,2023-08,Medium,2023-09,Medium,0.31747252747252747,0.18240620490620488,0.34344973544973545
SUP021,2023-09,13,9,2.923076923076923,38,1,3,307971.99,0,0.6923076923076923,0.0769230769230769,0.0,0.0,0.0,0.0,307971.99,1.0,0.0,0.0198932438168251,0.0,0.0,0.1589743589743589,0.0,0.9897435897435896,0.0,1,1,2023-09,Medium,2023-10,High,0.3982417582417583,0.18240620490620488,0.34344973544973545
SUP021,2023-10,13,12,2.923076923076923,38,4,14,243790.2,0,0.9230769230769232,0.3076923076923077,0.0,0.0,0.0,0.0,243790.2,1.0,0.0,0.0142413466102523,0.0,0.0,0.2307692307692308,0.0,0.0,0.0,1,1,2023-10,High,2023-11,Medium,0.3065178571428571,0.18240620490620488,0.34344973544973545
SUP021,2023-11,16,11,2.5625,41,5,14,440300.75,0,0.6875,0.3125,0.0,0.0,0.0,0.0,440300.75,1.0,0.0,0.0293320794635736,0.0,0.0,-0.2355769230769231,0.0,-0.3605769230769229,0.0,1,0,2023-11,Medium,2023-12,Medium,0.3424175824175824,0.18240620490620488,0.34344973544973545
SUP021,2023-12,13,10,2.8461538461538463,37,2,10,417268.33,0,0.7692307692307693,0.1538461538461538,0.0,0.0,0.0,0.0,417268.33,1.0,0.0,0.0248815960711347,0.0,0.0,0.0817307692307692,0.0,0.2836538461538462,0.0,1,1,2023-12,Medium,2024-01,Medium,0.2841614906832298,0.18240620490620488,0.34344973544973545
SUP021,2024-01,23,15,2.1739130434782608,50,5,38,601211.44,0,0.6521739130434783,0.217391304347826,0.0,0.0,0.0,0.0,601211.44,1.0,0.0,0.0369943394525817,0.0,0.0,-0.117056856187291,0.0,-0.6722408026755855,0.0,1,0,2024-01,Medium,2024-02,Medium,0.23766233766233763,0.18240620490620488,0.34344973544973545
SUP021,2024-02,11,6,1.818181818181818,20,1,4,141917.13,0,0.5454545454545454,0.0909090909090909,0.0,0.0,0.0,0.0,141917.13,1.0,0.0,0.0102381184245536,0.0,0.0,-0.1067193675889328,0.0,-0.3557312252964426,0.0,1,0,2024-02,Medium,2024-03,Medium,0.3106098901098901,0.18240620490620488,0.34344973544973545
SUP021,2024-03,20,13,2.2,44,3,11,471568.36,0,0.65,0.15,0.0,1.0,1.0,0.05,471568.36,1.0,0.0,0.0286126024870131,0.0,0.0,0.1045454545454546,0.05,0.381818181818182,0.0,1,1,2024-03,Medium,2024-04,Medium,0.34079365079365076,0.18240620490620488,0.34344973544973545
SUP021,2024-04,9,7,2.6666666666666665,24,1,4,131378.97,0,0.7777777777777778,0.1111111111111111,0.0,0.0,0.0,0.0,131378.97,1.0,0.0,0.0083842766157326,0.0,0.0,0.1277777777777777,-0.05,0.4666666666666663,0.0,1,1,2024-04,Medium,2024-05,Medium,0.3000418628990058,0.18240620490620488,0.34344973544973545
SUP021,2024-05,21,13,2.238095238095238,47,6,31,605003.62,0,0.6190476190476191,0.2857142857142857,0.0,1.0,1.0,0.0476190476190476,605003.62,1.0,0.0,0.0378606487447551,0.0,0.0,-0.1587301587301587,0.0476190476190476,-0.4285714285714284,0.0,1,1,2024-05,Medium,2024-06,Medium,0.27941176470588236,0.18240620490620488,0.34344973544973545
SUP021,2024-06,17,11,2.0588235294117645,35,2,17,618380.9400000001,0,0.6470588235294118,0.1176470588235294,0.0,0.0,0.0,0.0,618380.9400000001,1.0,0.0,0.0396773207113182,0.0,0.0,0.0280112044817927,-0.0476190476190476,-0.1792717086834736,0.0,1,1,2024-06,Medium,2024-07,Medium,0.3392307692307692,0.18240620490620488,0.34344973544973545
SUP021,2024-07,13,9,3.769230769230769,49,3,9,303692.48000000004,0,0.6923076923076923,0.2307692307692307,0.0,0.0,0.0,0.0,303692.48000000004,1.0,0.0,0.019143256716345,0.0,0.0,0.0452488687782804,0.0,1.7104072398190049,0.0,1,1,2024-07,Medium,2024-08,High,0.3494285714285714,0.18240620490620488,0.34344973544973545
SUP021,2024-08,10,8,2.7,27,1,1,245728.7,0,0.8,0.1,0.0,0.0,0.0,0.0,245728.7,1.0,0.0,0.0160269529837275,0.0,0.0,0.1076923076923077,0.0,-1.069230769230769,0.0,1,1,2024-08,High,2024-09,High,0.3658241758241758,0.18240620490620488,0.34344973544973545
SUP021,2024-09,11,8,2.8181818181818183,31,0,0,478481.12000000005,0,0.7272727272727273,0.0,0.0,1.0,1.0,0.0909090909090909,478481.12000000005,1.0,0.0,0.0311091910395053,0.0,0.0,-0.0727272727272727,0.0909090909090909,0.1181818181818181,0.0,1,1,2024-09,High,2024-10,Medium,0.1953246753246753,0.18240620490620488,0.34344973544973545
SUP021,2024-10,22,10,1.4090909090909092,31,2,3,526474.36,0,0.4545454545454545,0.0909090909090909,0.0,0.0,0.0,0.0,526474.36,1.0,0.0,0.0347575709115848,0.0,0.0,-0.2727272727272727,-0.0909090909090909,-1.4090909090909092,0.0,1,0,2024-10,Medium,2024-11,Medium,0.3139285714285714,0.18240620490620488,0.34344973544973545
SUP021,2024-11,12,9,2.0,24,1,1,220090.21,0,0.75,0.0833333333333333,0.0,0.0,0.0,0.0,220090.21,1.0,0.0,0.0144373607057017,0.0,0.0,0.2954545454545454,0.0,0.5909090909090908,0.0,1,1,2024-11,Medium,2024-12,High,0.3716326530612245,0.18240620490620488,0.34344973544973545
SUP021,2024-12,14,12,2.7857142857142856,39,1,8,202957.19,0,0.8571428571428571,0.0714285714285714,0.0,0.0,0.0,0.0,202957.19,1.0,0.0,0.0122646895913136,0.0,0.0,0.1071428571428571,0.0,0.7857142857142856,0.0,1,1,2024-12,High,2025-01,Medium,0.32809690309690304,0.18240620490620488,0.34344973544973545
SUP021,2025-01,22,15,2.5,55,3,37,627863.2300000001,0,0.6818181818181818,0.1363636363636363,0.0,1.0,1.0,0.0454545454545454,627863.2300000001,1.0,0.0,0.0382533745502337,0.0,0.0,-0.1753246753246753,0.0454545454545454,-0.2857142857142856,0.0,1,1,2025-01,Medium,2025-02,Medium,0.33749999999999997,0.18240620490620488,0.34344973544973545
SUP021,2025-02,12,9,2.9166666666666665,35,2,30,385458.61,0,0.75,0.1666666666666666,0.0,0.0,0.0,0.0,385458.61,1.0,0.0,0.0820716284903046,0.0,0.0,0.0681818181818182,-0.0454545454545454,0.4166666666666665,0.0,1,1,2025-02,Medium,2025-03,Low,0.0,0.18240620490620488,0.34344973544973545
SUP022,2022-01,3,1,0.3333333333333333,1,0,0,80330.88,0,0.3333333333333333,0.0,0.0,0.0,0.0,0.0,80330.88,1.0,0.0,0.0760248132883974,0.0,0.0,0.0,0.0,0.0,0.0,0,0,2022-01,Low,2022-02,Low,0.15542857142857142,0.18240620490620488,0.34344973544973545
SUP022,2022-02,20,8,0.6,12,3,6,831990.46,0,0.4,0.15,0.0,0.0,0.0,0.0,831990.46,1.0,0.0,0.0949216593492541,0.0,0.0,0.0666666666666667,0.0,0.2666666666666666,0.0,1,1,2022-02,Low,2022-03,Low,0.1220408163265306,0.18240620490620488,0.34344973544973545
SUP022,2022-03,28,8,0.8571428571428571,24,2,10,1261097.18,0,0.2857142857142857,0.0714285714285714,0.0,0.0,0.0,0.0,1261097.18,1.0,0.0,0.0832842647843617,0.0,0.0,-0.1142857142857143,0.0,0.2571428571428571,0.0,1,1,2022-03,Low,2022-04,Low,0.12326530612244897,0.18240620490620488,0.34344973544973545
SUP022,2022-04,21,6,0.9047619047619048,19,4,21,721985.98,0,0.2857142857142857,0.1904761904761904,0.0,0.0,0.0,0.0,721985.98,1.0,0.0,0.0463582820175979,0.0,0.0,0.0,0.0,0.0476190476190476,0.0,1,1,2022-04,Low,2022-05,Medium,0.19516483516483515,0.18240620490620488,0.34344973544973545
SUP022,2022-05,26,12,1.3076923076923077,34,1,2,1134977.69,0,0.4615384615384615,0.0384615384615384,0.0,0.0,0.0,0.0,1134977.69,1.0,0.0,0.065988106447815,0.0,0.0,0.1758241758241758,0.0,0.4029304029304029,0.0,1,1,2022-05,Medium,2022-06,Low,0.1541614906832298,0.18240620490620488,0.34344973544973545
SUP022,2022-06,23,8,1.2608695652173914,29,2,19,760715.77,0,0.3478260869565217,0.0869565217391304,0.0,0.0,0.0,0.0,760715.77,1.0,0.0,0.047539984360113,0.0,0.0,-0.1137123745819398,0.0,-0.0468227424749163,0.0,1,0,2022-06,Low,2022-07,Low,0.07523809523809522,0.18240620490620488,0.34344973544973545
SUP022,2022-07,21,4,0.3333333333333333,7,2,2,558866.74,0,0.1904761904761904,0.0952380952380952,0.0,0.0,0.0,0.0,558866.74,1.0,0.0,0.0332848499435443,0.0,0.0,-0.1573498964803312,0.0,-0.927536231884058,0.0,1,0,2022-07,Low,2022-08,Low,0.1495238095238095,0.18240620490620488,0.34344973544973545
SUP022,2022-08,18,6,1.2777777777777777,23,2,21,532820.9299999999,0,0.3333333333333333,0.1111111111111111,0.0,0.0,0.0,0.0,532820.9299999999,1.0,0.0,0.031898150662654,0.0,0.0,0.1428571428571428,0.0,0.9444444444444444,0.0,1,1,2022-08,Low,2022-09,Medium,0.21896103896103894,0.18240620490620488,0.34344973544973545
SUP022,2022-09,22,12,1.0909090909090908,24,1,1,899028.72,0,0.5454545454545454,0.0454545454545454,0.0,0.0,0.0,0.0,899028.72,1.0,0.0,0.0583915214130174,0.0,0.0,0.2121212121212121,0.0,-0.1868686868686868,0.0,1,1,2022-09,Medium,2022-10,Medium,0.2129100529100529,0.18240620490620488,0.34344973544973545
SUP022,2022-10,27,14,1.2222222222222223,33,5,9,817908.36,0,0.5185185185185185,0.1851851851851851,0.0,0.0,0.0,0.0,817908.36,1.0,0.0,0.0494619933552509,0.0,0.0,-0.0269360269360269,0.0,0.1313131313131315,0.0,1,1,2022-10,Medium,2022-11,Medium,0.23416666666666666,0.18240620490620488,0.34344973544973545
SUP022,2022-11,12,7,1.1666666666666667,14,1,1,433090.0,0,0.5833333333333334,0.0833333333333333,0.0,0.0,0.0,0.0,433090.0,1.0,0.0,0.0280545851810874,0.0,0.0,0.0648148148148148,0.0,-0.0555555555555555,0.0,1,1,2022-11,Medium,2022-12,Medium,0.23640859140859138,0.18240620490620488,0.34344973544973545
SUP022,2022-12,22,11,1.4090909090909092,31,1,18,867897.05,0,0.5,0.0454545454545454,0.0,1.0,1.0,0.0454545454545454,867897.05,1.0,0.0,0.0502829274501216,0.0,0.0,-0.0833333333333333,0.0454545454545454,0.2424242424242424,0.0,1,1,2022-12,Medium,2023-01,Low,0.18061224489795916,0.18240620490620488,0.34344973544973545
SUP022,2023-01,21,9,1.1904761904761905,25,3,11,623932.51,0,0.4285714285714285,0.1428571428571428,0.0,0.0,0.0,0.0,623932.51,1.0,0.0,0.0354962576773148,0.0,0.0,-0.0714285714285714,-0.0454545454545454,-0.2186147186147187,0.0,1,0,2023-01,Low,2023-02,Medium,0.22444444444444445,0.18240620490620488,0.34344973544973545
SUP022,2023-02,18,10,1.1666666666666667,21,0,0,595812.7899999999,0,0.5555555555555556,0.0,0.0,0.0,0.0,0.0,595812.7899999999,1.0,0.0,0.0408763175415655,0.0,0.0,0.126984126984127,0.0,-0.0238095238095237,0.0,1,1,2023-02,Medium,2023-03,Medium,0.23298701298701296,0.18240620490620488,0.34344973544973545
SUP022,2023-03,11,6,1.6363636363636365,18,1,3,404094.97,0,0.5454545454545454,0.0909090909090909,0.0,0.0,0.0,0.0,404094.97,1.0,0.0,0.0277173238379051,0.0,0.0,-0.0101010101010101,0.0,0.4696969696969697,0.0,1,1,2023-03,Medium,2023-04,Low,0.16655844155844157,0.18240620490620488,0.34344973544973545
SUP022,2023-04,22,9,0.9090909090909092,20,4,15,1020440.45,0,0.4090909090909091,0.1818181818181818,0.0,0.0,0.0,0.0,1020440.45,1.0,0.0,0.0572704093753551,0.0,0.0,-0.1363636363636363,0.0,-0.7272727272727274,0.0,1,0,2023-04,Low,2023-05,Medium,0.2176694139194139,0.18240620490620488,0.34344973544973545
SUP022,2023-05,24,11,1.2916666666666667,31,2,4,1076831.02,0,0.4583333333333333,0.0833333333333333,0.0,1.0,1.0,0.0416666666666666,1076831.02,1.0,0.0,0.0693098929153417,0.0,0.0,0.0492424242424242,0.0416666666666666,0.3825757575757577,0.0,1,1,2023-05,Medium,2023-06,Low,0.1553246753246753,0.18240620490620488,0.34344973544973545
SUP022,2023-06,22,8,1.0909090909090908,24,2,14,1242155.09,0,0.3636363636363636,0.0909090909090909,0.0,0.0,0.0,0.0,1242155.09,1.0,0.0,0.0719880816298324,0.0,0.0,-0.0946969696969696,-0.0416666666666666,-0.2007575757575759,0.0,1,0,2023-06,Low,2023-07,Medium,0.2315873015873016,0.18240620490620488,0.34344973544973545
SUP022,2023-07,18,10,1.4444444444444444,26,0,0,831171.63,0,0.5555555555555556,0.0,0.0,0.0,0.0,0.0,831171.63,1.0,0.0,0.0479108771516124,0.0,0.0,0.1919191919191919,0.0,0.3535353535353536,0.0,1,1,2023-07,Medium,2023-08,Medium,0.20116883116883114,0.18240620490620488,0.34344973544973545
SUP022,2023-08,22,10,1.6363636363636365,36,1,3,838964.15,0,0.4545454545454545,0.0454545454545454,0.0,0.0,0.0,0.0,838964.15,1.0,0.0,0.0520972468694179,0.0,0.0,-0.101010101010101,0.0,0.191919191919192,0.0,1,1,2023-08,Medium,2023-09,Low,0.1822222222222222,0.18240620490620488,0.34344973544973545
SUP022,2023-09,27,12,1.037037037037037,28,1,6,871373.68,0,0.4444444444444444,0.037037037037037,0.0,0.0,0.0,0.0,871373.68,1.0,0.0,0.0562857975227039,0.0,0.0,-0.0101010101010101,0.0,-0.5993265993265995,0.0,1,0,2023-09,Low,2023-10,Medium,0.2674568288854003,0.18240620490620488,0.34344973544973545
SUP022,2023-10,21,12,1.619047619047619,34,3,8,731983.23,0,0.5714285714285714,0.1428571428571428,0.0,1.0,1.0,0.0476190476190476,731983.23,1.0,0.0,0.0427598274718265,0.0,0.0,0.1269841269841269,0.0476190476190476,0.5820105820105821,0.0,1,1,2023-10,Medium,2023-11,Low,0.14621848739495796,0.18240620490620488,0.34344973544973545
SUP022,2023-11,17,6,0.8823529411764706,15,1,2,514212.85,0,0.3529411764705882,0.0588235294117647,0.0,0.0,0.0,0.0,514212.85,1.0,0.0,0.0342559765737184,0.0,0.0,-0.2184873949579831,-0.0476190476190476,-0.7366946778711485,0.0,1,0,2023-11,Low,2023-12,Medium,0.2878021978021978,0.18240620490620488,0.34344973544973545
SUP022,2023-12,26,18,1.7692307692307692,46,5,15,948395.78,0,0.6923076923076923,0.1923076923076923,0.0,0.0,0.0,0.0,948395.78,1.0,0.0,0.0565525802390245,0.0,0.0,0.339366515837104,0.0,0.8868778280542986,0.0,1,1,2023-12,Medium,2024-01,Medium,0.2187527472527473,0.18240620490620488,0.34344973544973545
SUP022,2024-01,20,9,1.35,27,0,0,672233.53,0,0.45,0.0,0.0,1.0,1.0,0.05,672233.53,1.0,0.0,0.0413645412339913,0.0,0.0,-0.2423076923076922,0.05,-0.4192307692307691,0.0,1,1,2024-01,Medium,2024-02,Low,0.14066666666666666,0.18240620490620488,0.34344973544973545
SUP022,2024-02,15,5,0.9333333333333332,14,0,0,695064.37,0,0.3333333333333333,0.0,0.0,0.0,0.0,0.0,695064.37,1.0,0.0,0.0501430048137797,0.0,0.0,-0.1166666666666667,-0.05,-0.4166666666666667,0.0,1,0,2024-02,Low,2024-03,Medium,0.195,0.18240620490620488,0.34344973544973545
SUP022,2024-03,18,9,0.7777777777777778,14,1,4,586315.16,0,0.5,0.0555555555555555,0.0,0.0,0.0,0.0,586315.16,1.0,0.0,0.0355749113557777,0.0,0.0,0.1666666666666666,0.0,-0.1555555555555555,0.0,1,1,2024-03,Medium,2024-04,Medium,0.26403846153846156,0.18240620490620488,0.34344973544973545
SUP022,2024-04,20,11,1.75,35,3,5,626240.77,0,0.55,0.15,0.0,1.0,1.0,0.05,626240.77,1.0,0.0,0.0399651165154468,0.0,0.0,0.05,0.05,0.9722222222222222,0.0,1,1,2024-04,Medium,2024-05,Medium,0.1931868131868132,0.18240620490620488,0.34344973544973545
SUP022,2024-05,13,6,1.2307692307692308,16,0,0,354628.71,0,0.4615384615384615,0.0,0.0,0.0,0.0,0.0,354628.71,1.0,0.0,0.022192384607741,0.0,0.0,-0.0884615384615384,-0.05,-0.5192307692307692,0.0,1,0,2024-05,Medium,2024-06,Low,0.14307692307692305,0.18240620490620488,0.34344973544973545
SUP022,2024-06,23,6,0.6086956521739131,14,2,8,908722.01,0,0.2608695652173913,0.0869565217391304,0.0,1.0,2.0,0.0434782608695652,908722.01,1.0,0.0,0.0583065426114261,0.0,0.0,-0.2006688963210702,0.0434782608695652,-0.6220735785953178,0.0,1,1,2024-06,Low,2024-07,Low,0.1676691729323308,0.18240620490620488,0.34344973544973545
SUP022,2024-07,19,8,0.7894736842105263,15,1,1,907438.62,0,0.4210526315789473,0.0526315789473684,0.0,0.0,0.0,0.0,907438.62,1.0,0.0,0.0572003971154829,0.0,0.0,0.160183066361556,-0.0434782608695652,0.1807780320366132,0.0,1,1,2024-07,Low,2024-08,Medium,0.2870634920634921,0.18240620490620488,0.34344973544973545
SUP022,2024-08,18,13,1.3333333333333333,24,1,11,703724.0700000001,0,0.7222222222222222,0.0555555555555555,0.0,0.0,0.0,0.0,703724.0700000001,1.0,0.0,0.0458983935674074,0.0,0.0,0.3011695906432748,0.0,0.5438596491228069,0.0,1,1,2024-08,Medium,2024-09,Low,0.15601503759398494,0.18240620490620488,0.34344973544973545
SUP022,2024-09,19,7,1.0526315789473684,20,2,5,792971.24,0,0.3684210526315789,0.1052631578947368,0.0,0.0,0.0,0.0,792971.24,1.0,0.0,0.0515562532414934,0.0,0.0,-0.3538011695906433,0.0,-0.2807017543859649,0.0,1,0,2024-09,Low,2024-10,Medium,0.2670676691729323,0.18240620490620488,0.34344973544973545
SUP022,2024-10,19,12,1.7894736842105263,34,0,0,722387.03,0,0.631578947368421,0.0,0.0,0.0,0.0,0.0,722387.03,1.0,0.0,0.047691626275654,0.0,0.0,0.2631578947368421,0.0,0.736842105263158,0.0,1,1,2024-10,Medium,2024-11,Low,0.1704761904761905,0.18240620490620488,0.34344973544973545
SUP022,2024-11,24,10,0.9583333333333334,23,1,5,1356328.56,0,0.4166666666666667,0.0416666666666666,0.0,0.0,0.0,0.0,1356328.56,1.0,0.0,0.0889717205329805,0.0,0.0,-0.2149122807017543,0.0,-0.831140350877193,0.0,1,0,2024-11,Low,2024-12,Low,0.16761904761904758,0.18240620490620488,0.34344973544973545
SUP022,2024-12,21,8,1.3333333333333333,28,2,5,1388862.64,0,0.3809523809523809,0.0952380952380952,0.0,0.0,0.0,0.0,1388862.64,1.0,0.0,0.0839288776346006,0.0,0.0,-0.0357142857142857,0.0,0.3749999999999999,0.0,1,1,2024-12,Low,2025-01,Medium,0.2704761904761904,0.18240620490620488,0.34344973544973545
SUP023,2022-02,1,0,0.0,0,0,0,6489.12,0,0.0,0.0,0.0,0.0,0.0,0.0,6489.12,1.0,0.0,0.0007403426694537,0.0,0.0,0.0,0.0,0.0,0.0,0,0,2022-02,Low,2022-03,Medium,0.22964285714285715,0.18240620490620488,0.34344973544973545
SUP023,2022-03,8,4,2.125,17,1,1,101412.51,0,0.5,0.125,0.0,0.0,0.0,0.0,101412.51,1.0,0.0,0.006697395307225,0.0,0.0,0.5,0.0,2.125,0.0,1,1,2022-03,Medium,2022-04,High,0.40539682539682537,0.18240620490620488,0.34344973544973545
SUP023,2022-04,9,8,3.6666666666666665,33,0,0,109112.91,0,0.8888888888888888,0.0,0.0,0.0,0.0,0.0,109112.91,1.0,0.0,0.0070060737932068,0.0,0.0,0.3888888888888888,0.0,1.5416666666666663,0.0,1,1,2022-04,High,2022-05,Medium,0.28476190476190477,0.18240620490620488,0.34344973544973545
SUP023,2022-05,6,4,2.0,12,1,3,74931.18000000001,0,0.6666666666666666,0.1666666666666666,0.0,0.0,0.0,0.0,74931.18000000001,1.0,0.0,0.0043565320496303,0.0,0.0,-0.2222222222222222,0.0,-1.6666666666666663,0.0,1,0,2022-05,Medium,2022-06,High,0.4560622710622711,0.18240620490620488,0.34344973544973545
SUP023,2022-06,6,5,4.0,24,2,8,81347.36,0,0.8333333333333334,0.3333333333333333,0.0,1.0,1.0,0.1666666666666666,81347.36,1.0,0.0,0.0050837019221206,0.0,0.0,0.1666666666666667,0.1666666666666666,2.0,0.0,1,1,2022-06,High,2022-07,High,0.5015384615384615,0.18240620490620488,0.34344973544973545
SUP023,2022-07,6,6,3.5,21,3,9,272157.62,0,1.0,0.5,0.0,1.0,1.0,0.1666666666666666,272157.62,1.0,0.0,0.0162090976154568,0.0,0.0,0.1666666666666666,0.0,-0.5,0.0,1,1,2022-07,High,2022-08,High,0.4175,0.18240620490620488,0.34344973544973545
SUP023,2022-08,8,8,2.625,21,3,7,116716.72,0,1.0,0.375,0.0,0.0,0.0,0.0,116716.72,1.0,0.0,0.006987427313358,0.0,0.0,0.0,-0.1666666666666666,-0.875,0.0,1,0,2022-08,High,2022-09,Medium,0.24085714285714285,0.18240620490620488,0.34344973544973545
SUP023,2022-09,5,3,1.2,6,1,1,75378.84,0,0.6,0.2,0.0,0.0,0.0,0.0,75378.84,1.0,0.0,0.0048958226272775,0.0,0.0,-0.4,0.0,-1.425,0.0,1,0,2022-09,Medium,2022-10,High,0.39510989010989006,0.18240620490620488,0.34344973544973545
SUP023,2022-10,8,6,3.25,26,3,7,119862.23,0,0.75,0.375,0.0,1.0,1.0,0.125,119862.23,1.0,0.0,0.0072485196554361,0.0,0.0,0.15,0.125,2.05,0.0,1,1,2022-10,High,2022-11,High,0.3493650793650793,0.18240620490620488,0.34344973544973545
SUP023,2022-11,9,7,3.0,27,0,0,104897.57,0,0.7777777777777778,0.0,0.0,0.0,0.0,0.0,104897.57,1.0,0.0,0.0067950260058049,0.0,0.0,0.0277777777777777,-0.125,-0.25,0.0,1,1,2022-11,High,2022-12,High,0.44,0.18240620490620488,0.34344973544973545
SUP023,2022-12,8,8,3.5,28,2,3,121116.64,0,1.0,0.25,0.0,0.0,0.0,0.0,121116.64,1.0,0.0,0.0070170756106643,0.0,0.0,0.2222222222222222,0.0,0.5,0.0,1,1,2022-12,High,2023-01,High,0.3665079365079365,0.18240620490620488,0.34344973544973545
SUP023,2023-01,9,7,3.6666666666666665,33,1,3,153535.58000000002,0,0.7777777777777778,0.1111111111111111,0.0,0.0,0.0,0.0,153535.58000000002,1.0,0.0,0.0087348205502482,0.0,0.0,-0.2222222222222222,0.0,0.1666666666666665,0.0,1,1,2023-01,High,2023-02,High,0.4614285714285714,0.18240620490620488,0.34344973544973545
SUP023,2023-02,6,6,4.333333333333333,26,1,3,94902.87,0,1.0,0.1666666666666666,0.0,0.0,0.0,0.0,94902.87,1.0,0.0,0.0065109039531123,0.0,0.0,0.2222222222222222,0.0,0.6666666666666665,0.0,1,1,2023-02,High,2023-03,Medium,0.2357142857142857,0.18240620490620488,0.34344973544973545
SUP023,2023-03,5,3,1.0,5,0,0,90176.95,0,0.6,0.0,0.0,0.0,0.0,0.0,90176.95,1.0,0.0,0.0061853373870617,0.0,0.0,-0.4,0.0,-3.333333333333333,0.0,1,0,2023-03,Medium,2023-04,Medium,0.2733333333333333,0.18240620490620488,0.34344973544973545
SUP023,2023-04,9,6,1.5555555555555556,14,1,1,181351.67,0,0.6666666666666666,0.1111111111111111,0.0,0.0,0.0,0.0,181351.67,1.0,0.0,0.0101780406507839,0.0,0.0,0.0666666666666666,0.0,0.5555555555555556,0.0,1,1,2023-04,Medium,2023-05,High,0.3984772370486656,0.18240620490620488,0.34344973544973545
SUP023,2023-05,7,6,1.7142857142857142,12,1,1,75329.42,0,0.8571428571428571,0.1428571428571428,0.0,1.0,1.0,0.1428571428571428,75329.42,1.0,0.0,0.0048485546354104,0.0,0.0,0.1904761904761904,0.1428571428571428,0.1587301587301586,0.0,1,1,2023-05,High,2023-06,Medium,0.2830612244897959,0.18240620490620488,0.34344973544973545
SUP023,2023-06,7,5,1.2857142857142858,9,1,1,31980.8,0,0.7142857142857143,0.1428571428571428,0.0,0.0,0.0,0.0,31980.8,1.0,0.0,0.001853421090105,0.0,0.0,-0.1428571428571428,-0.1428571428571428,-0.4285714285714284,0.0,1,0,2023-06,Medium,2023-07,Medium,0.2017142857142857,0.18240620490620488,0.34344973544973545
SUP023,2023-07,5,2,2.4,12,0,0,64289.52,0,0.4,0.0,0.0,0.0,0.0,0.0,64289.52,1.0,0.0,0.0037058137978748,0.0,0.0,-0.3142857142857143,0.0,1.114285714285714,0.0,1,1,2023-07,Medium,2023-08,Low,0.15298701298701298,0.18240620490620488,0.34344973544973545
SUP023,2023-08,11,4,1.0,11,1,4,266015.52,0,0.3636363636363636,0.0909090909090909,0.0,0.0,0.0,0.0,266015.52,1.0,0.0,0.0165187942971539,0.0,0.0,-0.0363636363636363,0.0,-1.4,0.0,1,0,2023-08,Low,2023-09,Medium,0.24142857142857144,0.18240620490620488,0.34344973544973545
SUP023,2023-09,12,6,2.583333333333333,31,1,4,273211.29000000004,0,0.5,0.0833333333333333,0.0,0.0,0.0,0.0,273211.29000000004,1.0,0.0,0.0176478997504913,0.0,0.0,0.1363636363636363,0.0,1.5833333333333337,0.0,1,1,2023-09,Medium,2023-10,High,0.4442857142857143,0.18240620490620488,0.34344973544973545
SUP023,2023-10,6,6,3.6666666666666665,22,0,0,125430.89,0,1.0,0.0,0.0,0.0,0.0,0.0,125430.89,1.0,0.0,0.0073272214392639,0.0,0.0,0.5,0.0,1.083333333333333,0.0,1,1,2023-10,High,2023-11,High,0.37309523809523815,0.18240620490620488,0.34344973544973545
SUP023,2023-11,6,5,3.1666666666666665,19,1,4,77481.14,0,0.8333333333333334,0.1666666666666666,0.0,0.0,0.0,0.0,77481.14,1.0,0.0,0.0051616604228093,0.0,0.0,-0.1666666666666666,0.0,-0.5,0.0,1,0,2023-11,High,2023-12,Medium,0.31699999999999995,0.18240620490620488,0.34344973544973545
SUP023,2023-12,10,7,2.8,28,1,5,203153.07,0,0.7,0.1,0.0,0.0,0.0,0.0,203153.07,1.0,0.0,0.0121139618440512,0.0,0.0,-0.1333333333333334,0.0,-0.3666666666666667,0.0,1,0,2023-12,Medium,2024-01,High,0.4665384615384615,0.18240620490620488,0.34344973544973545
SUP023,2024-01,8,8,2.625,21,1,1,197722.61,0,1.0,0.125,0.0,1.0,1.0,0.125,197722.61,1.0,0.0,0.0121664640177013,0.0,0.0,0.3,0.125,-0.1749999999999998,0.0,1,1,2024-01,High,2024-02,Medium,0.2984772370486656,0.18240620490620488,0.34344973544973545
SUP023,2024-02,7,4,1.7142857142857142,12,3,5,128051.79,0,0.5714285714285714,0.4285714285714285,0.0,1.0,1.0,0.1428571428571428,128051.79,1.0,0.0,0.0092378516285953,0.0,0.0,-0.4285714285714286,0.0178571428571428,-0.9107142857142858,0.0,1,1,2024-02,Medium,2024-03,Medium,0.3019047619047619,0.18240620490620488,0.34344973544973545
SUP023,2024-03,6,4,2.6666666666666665,16,0,0,60074.26,0,0.6666666666666666,0.0,0.0,0.0,0.0,0.0,60074.26,1.0,0.0,0.0036450302159404,0.0,0.0,0.0952380952380952,-0.1428571428571428,0.9523809523809524,0.0,1,1,2024-03,Medium,2024-04,Medium,0.3144285714285714,0.18240620490620488,0.34344973544973545
SUP023,2024-04,10,7,2.7,27,0,0,159458.59,0,0.7,0.0,0.0,0.0,0.0,0.0,159458.59,1.0,0.0,0.0101762475936193,0.0,0.0,0.0333333333333333,0.0,0.0333333333333336,0.0,1,1,2024-04,Medium,2024-05,High,0.5558241758241758,0.18240620490620488,0.34344973544973545
SUP023,2024-05,3,3,3.6666666666666665,11,0,0,53933.14,0,1.0,0.0,0.0,1.0,1.0,0.3333333333333333,53933.14,1.0,0.0,0.0033750933081056,0.0,0.0,0.3,0.3333333333333333,0.9666666666666665,0.0,1,1,2024-05,High,2024-06,High,0.3645238095238095,0.18240620490620488,0.34344973544973545
SUP023,2024-06,12,10,2.833333333333333,34,1,2,202734.11,0,0.8333333333333334,0.0833333333333333,0.0,0.0,0.0,0.0,202734.11,1.0,0.0,0.0130080760600313,0.0,0.0,-0.1666666666666666,-0.3333333333333333,-0.833333333333333,0.0,1,0,2024-06,High,2024-07,High,0.38448979591836735,0.18240620490620488,0.34344973544973545
SUP023,2024-07,7,6,3.2857142857142856,23,1,3,89906.76,0,0.8571428571428571,0.1428571428571428,0.0,0.0,0.0,0.0,89906.76,1.0,0.0,0.0056672729835615,0.0,0.0,0.0238095238095237,0.0,0.4523809523809521,0.0,1,1,2024-07,High,2024-08,Medium,0.33081632653061227,0.18240620490620488,0.34344973544973545
SUP023,2024-08,7,5,3.142857142857143,22,0,0,64327.48,0,0.7142857142857143,0.0,0.0,0.0,0.0,0.0,64327.48,1.0,0.0,0.0041955762494233,0.0,0.0,-0.1428571428571428,0.0,-0.1428571428571428,0.0,1,0,2024-08,Medium,2024-09,Medium,0.22428571428571428,0.18240620490620488,0.34344973544973545
SUP023,2024-09,12,6,1.9166666666666667,23,2,5,134428.96,0,0.5,0.1666666666666666,0.0,0.0,0.0,0.0,134428.96,1.0,0.0,0.0087401070242479,0.0,0.0,-0.2142857142857143,0.0,-1.226190476190476,0.0,1,0,2024-09,Medium,2024-10,High,0.46249999999999997,0.18240620490620488,0.34344973544973545
SUP023,2024-10,8,8,4.375,35,1,3,70191.32,0,1.0,0.125,0.0,0.0,0.0,0.0,70191.32,1.0,0.0,0.0046339954376462,0.0,0.0,0.5,0.0,2.458333333333333,0.0,1,1,2024-10,High,2024-11,Medium,0.26142857142857145,0.18240620490620488,0.34344973544973545
SUP023,2024-11,10,6,2.0,20,0,0,150704.32,0,0.6,0.0,0.0,0.0,0.0,0.0,150704.32,1.0,0.0,0.0098858219443177,0.0,0.0,-0.4,0.0,-2.375,0.0,1,0,2024-11,Medium,2024-12,High,0.37987012987012986,0.18240620490620488,0.34344973544973545
SUP023,2024-12,11,9,3.636363636363636,40,2,11,149229.0,0,0.8181818181818182,0.1818181818181818,0.0,0.0,0.0,0.0,149229.0,1.0,0.0,0.0090178986170538,0.0,0.0,0.2181818181818182,0.0,1.6363636363636362,0.0,1,1,2024-12,High,2025-01,Medium,0.18628571428571428,0.18240620490620488,0.34344973544973545
SUP023,2025-01,5,2,1.8,9,0,0,69237.42,0,0.4,0.0,0.0,0.0,0.0,0.0,69237.42,1.0,0.0,0.0042183788341162,0.0,0.0,-0.4181818181818182,0.0,-1.836363636363636,0.0,1,0,2025-01,Medium,2025-02,High,0.38448979591836735,0.18240620490620488,0.34344973544973545
SUP024,2022-02,5,2,2.2,11,0,0,117934.62,0,0.4,0.0,0.0,1.0,1.0,0.2,117934.62,1.0,0.0,0.0134551420518977,0.0,0.0,0.0,0.0,0.0,0.0,0,0,2022-02,Medium,2022-03,Medium,0.29903061224489796,0.18240620490620488,0.34344973544973545
SUP024,2022-03,28,19,2.392857142857143,67,4,24,977175.81,0,0.6785714285714286,0.1428571428571428,0.0,0.0,0.0,0.0,977175.81,1.0,0.0,0.0645337807360041,0.0,0.0,0.2785714285714286,-0.2,0.1928571428571426,0.0,1,1,2022-03,Medium,2022-04,High,0.3734813186813187,0.18240620490620488,0.34344973544973545
SUP024,2022-04,25,20,2.72,68,4,18,605744.33,0,0.8,0.16,0.0,1.0,1.0,0.04,605744.33,1.0,0.0,0.0388944761513248,0.0,0.0,0.1214285714285714,0.04,0.3271428571428574,0.0,1,1,2022-04,High,2022-05,Medium,0.23596703296703292,0.18240620490620488,0.34344973544973545
SUP024,2022-05,30,15,1.5333333333333334,46,5,14,798141.23,0,0.5,0.1666666666666666,0.0,1.0,1.0,0.0333333333333333,798141.23,1.0,0.0,0.0464042852204698,0.0,0.0,-0.3,-0.0066666666666666,-1.1866666666666668,0.0,1,0,2022-05,Medium,2022-06,Medium,0.3101428571428571,0.18240620490620488,0.34344973544973545
SUP024,2022-06,30,21,2.533333333333333,76,2,6,689188.3,0,0.7,0.0666666666666666,0.0,0.0,0.0,0.0,689188.3,1.0,0.0,0.0430699642300999,0.0,0.0,0.1999999999999999,-0.0333333333333333,0.9999999999999998,0.0,1,1,2022-06,Medium,2022-07,Medium,0.3157714285714286,0.18240620490620488,0.34344973544973545
SUP024,2022-07,25,18,2.48,62,1,3,689719.78,0,0.72,0.04,0.0,0.0,0.0,0.0,689719.78,1.0,0.0,0.0410781636072928,0.0,0.0,0.02,0.0,-0.0533333333333332,0.0,1,1,2022-07,Medium,2022-08,Medium,0.2396,0.18240620490620488,0.34344973544973545
SUP024,2022-08,25,13,2.24,56,4,6,602425.38,0,0.52,0.16,0.0,0.0,0.0,0.0,602425.38,1.0,0.0,0.0360651289247339,0.0,0.0,-0.1999999999999999,0.0,-0.2399999999999997,0.0,1,0,2022-08,Medium,2022-09,Medium,0.2889285714285714,0.18240620490620488,0.34344973544973545
SUP024,2022-09,28,19,2.0,56,6,26,757606.49,0,0.6785714285714286,0.2142857142857142,0.0,0.0,0.0,0.0,757606.49,1.0,0.0,0.0492062095452033,0.0,0.0,0.1585714285714285,0.0,-0.2400000000000002,0.0,1,1,2022-09,Medium,2022-10,Medium,0.28450549450549445,0.18240620490620488,0.34344973544973545
SUP024,2022-10,22,12,1.681818181818182,37,4,12,541593.67,0,0.5454545454545454,0.1818181818181818,0.0,2.0,2.0,0.0909090909090909,541593.67,1.0,0.0,0.0327522052798017,0.0,0.0,-0.1331168831168832,0.0909090909090909,-0.3181818181818181,0.0,1,1,2022-10,Medium,2022-11,Medium,0.28664285714285714,0.18240620490620488,0.34344973544973545
SUP024,2022-11,20,13,2.3,46,3,7,724278.91,0,0.65,0.15,0.0,0.0,0.0,0.0,724278.91,1.0,0.0,0.0469171404914917,0.0,0.0,0.1045454545454546,-0.0909090909090909,0.6181818181818179,0.0,1,1,2022-11,Medium,2022-12,Medium,0.31875,0.18240620490620488,0.34344973544973545
SUP024,2022-12,16,12,2.1875,35,3,9,345063.52,0,0.75,0.1875,0.0,0.0,0.0,0.0,345063.52,1.0,0.0,0.0199917766074254,0.0,0.0,0.0999999999999999,0.0,-0.1124999999999998,0.0,1,1,2022-12,Medium,2023-01,Medium,0.2976923076923077,0.18240620490620488,0.34344973544973545
SUP024,2023-01,26,18,2.1538461538461537,56,8,25,633587.91,0,0.6923076923076923,0.3076923076923077,0.0,0.0,0.0,0.0,633587.91,1.0,0.0,0.0360455647912807,0.0,0.0,-0.0576923076923077,0.0,-0.0336538461538462,0.0,1,0,2023-01,Medium,2023-02,High,0.35991596638655454,0.18240620490620488,0.34344973544973545
SUP024,2023-02,17,13,3.588235294117647,61,0,0,364380.67,0,0.7647058823529411,0.0,0.0,0.0,0.0,0.0,364380.67,1.0,0.0,0.0249986912381125,0.0,0.0,0.0723981900452488,0.0,1.4343891402714934,0.0,1,1,2023-02,High,2023-03,High,0.39620617477760334,0.18240620490620488,0.34344973544973545
SUP024,2023-03,21,17,2.380952380952381,50,3,3,420474.67,0,0.8095238095238095,0.1428571428571428,0.0,2.0,2.0,0.0952380952380952,420474.67,1.0,0.0,0.0288408256950744,0.0,0.0,0.0448179271708684,0.0952380952380952,-1.2072829131652665,0.0,1,1,2023-03,High,2023-04,Medium,0.287687074829932,0.18240620490620488,0.34344973544973545
SUP024,2023-04,21,13,2.761904761904762,58,2,43,736880.5,0,0.6190476190476191,0.0952380952380952,0.0,0.0,0.0,0.0,736880.5,1.0,0.0,0.0413561103891132,0.0,0.0,-0.1904761904761904,-0.0952380952380952,0.3809523809523809,0.0,1,1,2023-04,Medium,2023-05,High,0.3585251590514748,0.18240620490620488,0.34344973544973545
SUP024,2023-05,19,12,2.1578947368421053,41,3,9,513700.37,0,0.631578947368421,0.1578947368421052,0.0,3.0,3.0,0.1578947368421052,513700.37,1.0,0.0,0.0330641641761689,0.0,0.0,0.0125313283208019,0.1578947368421052,-0.6040100250626566,0.0,1,1,2023-05,High,2023-06,High,0.34582417582417585,0.18240620490620488,0.34344973544973545
SUP024,2023-06,17,12,2.7058823529411766,46,3,5,491223.29,0,0.7058823529411765,0.1764705882352941,0.0,1.0,1.0,0.0588235294117647,491223.29,1.0,0.0,0.0284684437423952,0.0,0.0,0.0743034055727555,-0.0990712074303405,0.5479876160990713,0.0,1,1,2023-06,High,2023-07,Medium,0.25335164835164836,0.18240620490620488,0.34344973544973545
SUP024,2023-07,26,15,2.0,52,2,8,663793.15,0,0.5769230769230769,0.0769230769230769,0.0,0.0,0.0,0.0,663793.15,1.0,0.0,0.0382627497328462,0.0,0.0,-0.1289592760180996,-0.0588235294117647,-0.7058823529411766,0.0,1,0,2023-07,Medium,2023-08,Medium,0.2657142857142857,0.18240620490620488,0.34344973544973545
SUP024,2023-08,19,12,1.736842105263158,33,2,7,439398.55,0,0.631578947368421,0.1052631578947368,0.0,0.0,0.0,0.0,439398.55,1.0,0.0,0.0272853789204393,0.0,0.0,0.0546558704453441,0.0,-0.263157894736842,0.0,1,1,2023-08,Medium,2023-09,High,0.35482993197278906,0.18240620490620488,0.34344973544973545
SUP024,2023-09,21,16,3.4285714285714284,72,10,35,371485.85,0,0.7619047619047619,0.4761904761904761,0.0,0.0,0.0,0.0,371485.85,1.0,0.0,0.0239958789387,0.0,0.0,0.1303258145363408,0.0,1.6917293233082704,0.0,1,1,2023-09,High,2023-10,Medium,0.2857142857142857,0.18240620490620488,0.34344973544973545
SUP024,2023-10,25,16,2.4,60,3,8,561203.17,0,0.64,0.12,0.0,0.0,0.0,0.0,561203.17,1.0,0.0,0.0327834706347605,0.0,0.0,-0.1219047619047618,0.0,-1.0285714285714285,0.0,1,0,2023-10,Medium,2023-11,Medium,0.3335714285714286,0.18240620490620488,0.34344973544973545
SUP024,2023-11,28,20,3.25,91,7,29,657490.98,0,0.7142857142857143,0.25,0.0,0.0,0.0,0.0,657490.98,1.0,0.0,0.0438009194214248,0.0,0.0,0.0742857142857142,0.0,0.8500000000000001,0.0,1,1,2023-11,Medium,2023-12,Medium,0.2960989010989011,0.18240620490620488,0.34344973544973545
SUP024,2023-12,26,17,2.6153846153846154,68,4,32,634724.17,0,0.6538461538461539,0.1538461538461538,0.0,0.0,0.0,0.0,634724.17,1.0,0.0,0.0378484281673767,0.0,0.0,-0.0604395604395604,0.0,-0.6346153846153846,0.0,1,0,2023-12,Medium,2024-01,Medium,0.31818681318681313,0.18240620490620488,0.34344973544973545
SUP024,2024-01,26,17,2.576923076923077,67,6,21,652083.65,0,0.6538461538461539,0.2307692307692307,0.0,1.0,1.0,0.0384615384615384,652083.65,1.0,0.0,0.0401246588048599,0.0,0.0,0.0,0.0384615384615384,-0.0384615384615383,0.0,1,1,2024-01,Medium,2024-02,Medium,0.32168131868131866,0.18240620490620488,0.34344973544973545
SUP024,2024-02,20,14,1.95,39,2,29,507798.56,0,0.7,0.1,0.0,1.0,1.0,0.05,507798.56,1.0,0.0,0.0366333633797261,0.0,0.0,0.0461538461538461,0.0115384615384615,-0.6269230769230771,0.0,1,1,2024-02,Medium,2024-03,High,0.3814285714285714,0.18240620490620488,0.34344973544973545
SUP024,2024-03,25,21,3.4,85,3,7,909769.76,0,0.84,0.12,0.0,0.0,0.0,0.0,909769.76,1.0,0.0,0.055200651073336,0.0,0.0,0.14,-0.05,1.45,0.0,1,1,2024-03,High,2024-04,High,0.3478306878306878,0.18240620490620488,0.34344973544973545
SUP024,2024-04,27,20,3.4444444444444446,93,4,25,698513.87,0,0.7407407407407407,0.1481481481481481,0.0,0.0,0.0,0.0,698513.87,1.0,0.0,0.0445774046333739,0.0,0.0,-0.0992592592592592,0.0,0.0444444444444447,0.0,1,1,2024-04,High,2024-05,High,0.37853846153846155,0.18240620490620488,0.34344973544973545
SUP024,2024-05,20,16,2.8,56,2,26,433199.3,0,0.8,0.1,0.0,1.0,1.0,0.05,433199.3,1.0,0.0,0.027109270079696,0.0,0.0,0.0592592592592593,0.05,-0.6444444444444448,0.0,1,1,2024-05,High,2024-06,Medium,0.2957142857142857,0.18240620490620488,0.34344973544973545
SUP024,2024-06,13,9,2.076923076923077,27,1,5,399252.42,0,0.6923076923076923,0.0769230769230769,0.0,0.0,0.0,0.0,399252.42,1.0,0.0,0.0256173262926084,0.0,0.0,-0.1076923076923077,-0.05,-0.7230769230769227,0.0,1,0,2024-06,Medium,2024-07,Medium,0.22952380952380952,0.18240620490620488,0.34344973544973545
SUP024,2024-07,15,8,1.6666666666666667,25,3,13,349582.8,0,0.5333333333333333,0.2,0.0,0.0,0.0,0.0,349582.8,1.0,0.0,0.02203595322485,0.0,0.0,-0.1589743589743589,0.0,-0.4102564102564103,0.0,1,0,2024-07,Medium,2024-08,Medium,0.2886335403726708,0.18240620490620488,0.34344973544973545
SUP024,2024-08,23,15,2.347826086956522,54,3,43,714396.17,0,0.6521739130434783,0.1304347826086956,0.0,0.0,0.0,0.0,714396.17,1.0,0.0,0.0465944508246087,0.0,0.0,0.1188405797101449,0.0,0.6811594202898552,0.0,1,1,2024-08,Medium,2024-09,High,0.3487074829931972,0.18240620490620488,0.34344973544973545
SUP024,2024-09,21,16,3.1904761904761907,67,5,26,644127.0,0,0.7619047619047619,0.238095238095238,0.0,0.0,0.0,0.0,644127.0,1.0,0.0,0.0418789144631317,0.0,0.0,0.1097308488612835,0.0,0.8426501035196687,0.0,1,1,2024-09,High,2024-10,High,0.36936454849498324,0.18240620490620488,0.34344973544973545
SUP024,2024-10,23,17,3.347826086956522,77,2,4,440792.76,0,0.7391304347826086,0.0869565217391304,0.0,1.0,1.0,0.0434782608695652,440792.76,1.0,0.0,0.0291009150246427,0.0,0.0,-0.0227743271221532,0.0434782608695652,0.1573498964803312,0.0,1,1,2024-10,High,2024-11,Medium,0.2993788819875776,0.18240620490620488,0.34344973544973545
SUP024,2024-11,23,16,2.1739130434782608,50,3,18,745490.68,0,0.6956521739130435,0.1304347826086956,0.0,0.0,0.0,0.0,745490.68,1.0,0.0,0.048902301696649,0.0,0.0,-0.0434782608695651,-0.0434782608695652,-1.1739130434782612,0.0,1,0,2024-11,Medium,2024-12,Medium,0.24305194805194805,0.18240620490620488,0.34344973544973545
SUP024,2024-12,22,13,1.4090909090909092,31,3,8,717549.54,0,0.5909090909090909,0.1363636363636363,0.0,0.0,0.0,0.0,717549.54,1.0,0.0,0.0433614713255041,0.0,0.0,-0.1047430830039525,0.0,-0.7648221343873516,0.0,1,0,2024-12,Medium,2025-01,High,0.3848303870043,0.18240620490620488,0.34344973544973545
SUP024,2025-01,23,20,2.1739130434782608,50,1,8,773291.15,0,0.8695652173913043,0.0434782608695652,0.0,1.0,1.0,0.0434782608695652,773291.15,1.0,0.0,0.0471137575572485,0.0,0.0,0.2786561264822134,0.0434782608695652,0.7648221343873516,0.0,1,1,2025-01,High,2025-02,Medium,0.21857142857142853,0.18240620490620488,0.34344973544973545
SUP024,2025-02,19,9,2.0526315789473686,39,1,1,575314.37,0,0.4736842105263157,0.0526315789473684,0.0,0.0,0.0,0.0,575314.37,1.0,0.0,0.1224956091648171,0.0,0.0,-0.3958810068649885,-0.0434782608695652,-0.1212814645308921,0.0,1,0,2025-02,Medium,2025-03,High,0.4014285714285714,0.18240620490620488,0.34344973544973545
SUP025,2022-02,5,3,1.8,9,0,0,25616.61,0,0.6,0.0,0.0,0.0,0.0,0.0,25616.61,1.0,0.0,0.002922594963532,0.0,0.0,0.0,0.0,0.0,0.0,0,0,2022-02,Medium,2022-03,Medium,0.32096703296703294,0.18240620490620488,0.34344973544973545
SUP025,2022-03,10,6,2.7,27,0,0,98529.77,0,0.6,0.0,0.0,1.0,1.0,0.1,98529.77,1.0,0.0,0.0065070159413267,0.0,0.0,0.0,0.1,0.9000000000000001,0.0,1,1,2022-03,Medium,2022-04,High,0.375952380952381,0.18240620490620488,0.34344973544973545
SUP025,2022-04,18,15,3.2777777777777777,59,3,5,163934.24,0,0.8333333333333334,0.1666666666666666,0.0,0.0,0.0,0.0,163934.24,1.0,0.0,0.0105261181529599,0.0,0.0,0.2333333333333334,-0.1,0.5777777777777775,0.0,1,1,2022-04,High,2022-05,Medium,0.24591836734693875,0.18240620490620488,0.34344973544973545
SUP025,2022-05,14,8,1.7857142857142858,25,3,8,121683.73,0,0.5714285714285714,0.2142857142857142,0.0,0.0,0.0,0.0,121683.73,1.0,0.0,0.0070747460491555,0.0,0.0,-0.261904761904762,0.0,-1.492063492063492,0.0,1,0,2022-05,Medium,2022-06,Medium,0.2187142857142857,0.18240620490620488,0.34344973544973545
SUP025,2022-06,20,10,1.7,34,2,2,139633.05,0,0.5,0.1,0.0,0.0,0.0,0.0,139633.05,1.0,0.0,0.0087261935074053,0.0,0.0,-0.0714285714285714,0.0,-0.0857142857142858,0.0,1,0,2022-06,Medium,2022-07,Medium,0.2884873949579832,0.18240620490620488,0.34344973544973545
SUP025,2022-07,17,11,2.411764705882353,41,4,24,98542.88,0,0.6470588235294118,0.2352941176470588,0.0,0.0,0.0,0.0,98542.88,1.0,0.0,0.0058689929799806,0.0,0.0,0.1470588235294118,0.0,0.7117647058823529,0.0,1,1,2022-07,Medium,2022-08,High,0.3924908424908425,0.18240620490620488,0.34344973544973545
SUP025,2022-08,12,10,2.5,30,1,4,58244.95,0,0.8333333333333334,0.0833333333333333,0.0,1.0,1.0,0.0833333333333333,58244.95,1.0,0.0,0.0034869241912827,0.0,0.0,0.1862745098039215,0.0833333333333333,0.0882352941176471,0.0,1,1,2022-08,High,2022-09,Medium,0.3124489795918367,0.18240620490620488,0.34344973544973545
SUP025,2022-09,14,10,2.4285714285714284,34,2,14,101376.32,0,0.7142857142857143,0.1428571428571428,0.0,0.0,0.0,0.0,101376.32,1.0,0.0,0.0065843475612802,0.0,0.0,-0.119047619047619,-0.0833333333333333,-0.0714285714285716,0.0,1,0,2022-09,Medium,2022-10,Medium,0.2742857142857143,0.18240620490620488,0.34344973544973545
SUP025,2022-10,20,12,2.5,50,3,13,158092.21,0,0.6,0.15,0.0,0.0,0.0,0.0,158092.21,1.0,0.0,0.0095604302669518,0.0,0.0,-0.1142857142857143,0.0,0.0714285714285716,0.0,1,1,2022-10,Medium,2022-11,Medium,0.2687912087912088,0.18240620490620488,0.34344973544973545
SUP025,2022-11,13,8,2.076923076923077,27,5,30,144916.88999999998,0,0.6153846153846154,0.3846153846153846,0.0,0.0,0.0,0.0,144916.88999999998,1.0,0.0,0.0093873865355544,0.0,0.0,0.0153846153846154,0.0,-0.4230769230769229,0.0,1,1,2022-11,Medium,2022-12,Medium,0.24935064935064935,0.18240620490620488,0.34344973544973545
SUP025,2022-12,11,6,2.272727272727273,25,3,10,59808.32,0,0.5454545454545454,0.2727272727272727,0.0,0.0,0.0,0.0,59808.32,1.0,0.0,0.0034650854216795,0.0,0.0,-0.06993006993007,0.0,0.1958041958041958,0.0,1,1,2022-12,Medium,2023-01,Medium,0.28531746031746036,0.18240620490620488,0.34344973544973545
SUP025,2023-01,18,11,2.7777777777777777,50,4,11,137429.79,0,0.6111111111111112,0.2222222222222222,0.0,0.0,0.0,0.0,137429.79,1.0,0.0,0.0078185431279727,0.0,0.0,0.0656565656565657,0.0,0.5050505050505047,0.0,1,1,2023-01,Medium,2023-02,High,0.3631632653061224,0.18240620490620488,0.34344973544973545
SUP025,2023-02,14,11,3.4285714285714284,48,2,7,90857.61,0,0.7857142857142857,0.1428571428571428,0.0,0.0,0.0,0.0,90857.61,1.0,0.0,0.0062333749455558,0.0,0.0,0.1746031746031745,0.0,0.6507936507936507,0.0,1,1,2023-02,High,2023-03,High,0.3880672268907563,0.18240620490620488,0.34344973544973545
SUP025,2023-03,17,14,3.882352941176471,66,2,14,120151.53,0,0.8235294117647058,0.1176470588235294,0.0,0.0,0.0,0.0,120151.53,1.0,0.0,0.0082413271974896,0.0,0.0,0.0378151260504201,0.0,0.4537815126050422,0.0,1,1,2023-03,High,2023-04,Medium,0.21540816326530612,0.18240620490620488,0.34344973544973545
SUP025,2023-04,14,7,1.5714285714285714,22,0,0,74590.70999999999,0,0.5,0.0,0.0,0.0,0.0,0.0,74590.70999999999,1.0,0.0,0.0041862712295444,0.0,0.0,-0.3235294117647058,0.0,-2.310924369747899,0.0,1,0,2023-04,Medium,2023-05,High,0.3836538461538461,0.18240620490620488,0.34344973544973545
SUP025,2023-05,16,12,2.1875,35,4,8,79974.08,0,0.75,0.25,0.0,1.0,4.0,0.0625,79974.08,1.0,0.0,0.0051475067284029,0.0,0.0,0.25,0.0625,0.6160714285714286,0.0,1,1,2023-05,High,2023-06,Medium,0.3318285714285714,0.18240620490620488,0.34344973544973545
SUP025,2023-06,25,19,2.56,64,3,18,239723.45,0,0.76,0.12,0.0,0.0,0.0,0.0,239723.45,1.0,0.0,0.0138929763490202,0.0,0.0,0.01,-0.0625,0.3725,0.0,1,1,2023-06,Medium,2023-07,Medium,0.3427289377289377,0.18240620490620488,0.34344973544973545
SUP025,2023-07,12,8,2.833333333333333,34,2,3,102613.51,0,0.6666666666666666,0.1666666666666666,0.0,1.0,1.0,0.0833333333333333,102613.51,1.0,0.0,0.0059149074562443,0.0,0.0,-0.0933333333333333,0.0833333333333333,0.2733333333333334,0.0,1,1,2023-07,Medium,2023-08,High,0.3674285714285714,0.18240620490620488,0.34344973544973545
SUP025,2023-08,10,8,3.4,34,0,0,64481.66,0,0.8,0.0,0.0,0.0,0.0,0.0,64481.66,1.0,0.0,0.0040041245619015,0.0,0.0,0.1333333333333334,-0.0833333333333333,0.5666666666666664,0.0,1,1,2023-08,High,2023-09,High,0.36917293233082704,0.18240620490620488,0.34344973544973545
SUP025,2023-09,19,16,2.8947368421052637,55,3,7,145766.28999999998,0,0.8421052631578947,0.1578947368421052,0.0,0.0,0.0,0.0,145766.28999999998,1.0,0.0,0.0094156755854454,0.0,0.0,0.0421052631578946,0.0,-0.5052631578947366,0.0,1,1,2023-09,High,2023-10,Medium,0.25531746031746033,0.18240620490620488,0.34344973544973545
SUP025,2023-10,18,11,1.6111111111111112,29,3,6,105434.13,0,0.6111111111111112,0.1666666666666666,0.0,0.0,0.0,0.0,105434.13,1.0,0.0,0.0061590826451613,0.0,0.0,-0.2309941520467835,0.0,-1.283625730994152,0.0,1,0,2023-10,Medium,2023-11,Medium,0.28377551020408165,0.18240620490620488,0.34344973544973545
SUP025,2023-11,14,9,2.2857142857142856,32,3,8,85934.32,0,0.6428571428571429,0.2142857142857142,0.0,0.0,0.0,0.0,85934.32,1.0,0.0,0.0057247967506032,0.0,0.0,0.0317460317460317,0.0,0.6746031746031744,0.0,1,1,2023-11,Medium,2023-12,High,0.36571428571428566,0.18240620490620488,0.34344973544973545
SUP025,2023-12,15,12,3.333333333333333,50,1,1,69346.69,0,0.8,0.0666666666666666,0.0,0.0,0.0,0.0,69346.69,1.0,0.0,0.0041351241045544,0.0,0.0,0.1571428571428571,0.0,1.047619047619048,0.0,1,1,2023-12,High,2024-01,Medium,0.3052631578947368,0.18240620490620488,0.34344973544973545
SUP025,2024-01,19,14,1.8421052631578947,35,1,3,137855.38999999998,0,0.7368421052631579,0.0526315789473684,0.0,0.0,0.0,0.0,137855.38999999998,1.0,0.0,0.0084826547762099,0.0,0.0,-0.0631578947368421,0.0,-1.4912280701754388,0.0,1,0,2024-01,Medium,2024-02,Medium,0.24186813186813186,0.18240620490620488,0.34344973544973545
SUP025,2024-02,13,7,2.076923076923077,27,1,2,67411.7,0,0.5384615384615384,0.0769230769230769,0.0,0.0,0.0,0.0,67411.7,1.0,0.0,0.0048631829561412,0.0,0.0,-0.1983805668016194,0.0,0.2348178137651824,0.0,1,1,2024-02,Medium,2024-03,High,0.3705102040816326,0.18240620490620488,0.34344973544973545
SUP025,2024-03,14,11,3.7142857142857135,52,1,5,75747.47,0,0.7857142857142857,0.0714285714285714,0.0,0.0,0.0,0.0,75747.47,1.0,0.0,0.0045960086221792,0.0,0.0,0.2472527472527472,0.0,1.637362637362637,0.0,1,1,2024-03,High,2024-04,Medium,0.26142857142857145,0.18240620490620488,0.34344973544973545
SUP025,2024-04,25,15,2.0,50,4,14,182328.83,0,0.6,0.16,0.0,0.0,0.0,0.0,182328.83,1.0,0.0,0.0116357689951663,0.0,0.0,-0.1857142857142857,0.0,-1.7142857142857144,0.0,1,0,2024-04,Medium,2024-05,Medium,0.31306907378335946,0.18240620490620488,0.34344973544973545
SUP025,2024-05,14,9,2.142857142857143,30,5,17,108306.43,0,0.6428571428571429,0.3571428571428571,0.0,1.0,1.0,0.0714285714285714,108306.43,1.0,0.0,0.0067777308556077,0.0,0.0,0.0428571428571429,0.0714285714285714,0.1428571428571428,0.0,1,1,2024-05,Medium,2024-06,Medium,0.32346938775510203,0.18240620490620488,0.34344973544973545
SUP025,2024-06,14,10,2.857142857142857,40,2,4,60298.25,0,0.7142857142857143,0.1428571428571428,0.0,0.0,0.0,0.0,60298.25,1.0,0.0,0.0038689307008415,0.0,0.0,0.0714285714285714,-0.0714285714285714,0.7142857142857144,0.0,1,1,2024-06,Medium,2024-07,Medium,0.27418803418803417,0.18240620490620488,0.34344973544973545
SUP025,2024-07,18,10,1.5555555555555556,28,2,6,105779.11,0,0.5555555555555556,0.1111111111111111,0.0,1.0,2.0,0.0555555555555555,105779.11,1.0,0.0,0.0066677866305958,0.0,0.0,-0.1587301587301587,0.0555555555555555,-1.3015873015873016,0.0,1,1,2024-07,Medium,2024-08,High,0.4455102040816326,0.18240620490620488,0.34344973544973545
SUP025,2024-08,7,7,3.7142857142857135,26,1,1,20322.2,0,1.0,0.1428571428571428,0.0,0.0,0.0,0.0,20322.2,1.0,0.0,0.0013254574818729,0.0,0.0,0.4444444444444444,-0.0555555555555555,2.158730158730159,0.0,1,1,2024-08,High,2024-09,Medium,0.34106227106227105,0.18240620490620488,0.34344973544973545
SUP025,2024-09,9,6,2.4444444444444446,22,1,10,36768.12,0,0.6666666666666666,0.1111111111111111,0.0,1.0,1.0,0.1111111111111111,36768.12,1.0,0.0,0.0023905362645102,0.0,0.0,-0.3333333333333333,0.1111111111111111,-1.2698412698412698,0.0,1,1,2024-09,Medium,2024-10,Medium,0.2838461538461538,0.18240620490620488,0.34344973544973545
SUP025,2024-10,13,9,1.6153846153846154,21,1,1,67803.37999999999,0,0.6923076923076923,0.0769230769230769,0.0,0.0,0.0,0.0,67803.37999999999,1.0,0.0,0.0044763448468699,0.0,0.0,0.0256410256410256,-0.1111111111111111,-0.8290598290598292,0.0,1,1,2024-10,Medium,2024-11,Medium,0.30907563025210083,0.18240620490620488,0.34344973544973545
SUP025,2024-11,17,12,2.411764705882353,41,1,8,77614.43,0,0.7058823529411765,0.0588235294117647,0.0,0.0,0.0,0.0,77614.43,1.0,0.0,0.0050913101581275,0.0,0.0,0.0135746606334842,0.0,0.7963800904977374,0.0,1,1,2024-11,Medium,2024-12,High,0.3716326530612245,0.18240620490620488,0.34344973544973545
SUP025,2024-12,14,12,2.7857142857142856,39,1,2,68873.17,0,0.8571428571428571,0.0714285714285714,0.0,0.0,0.0,0.0,68873.17,1.0,0.0,0.0041620011157021,0.0,0.0,0.1512605042016805,0.0,0.3739495798319328,0.0,1,1,2024-12,High,2025-01,Medium,0.30164835164835163,0.18240620490620488,0.34344973544973545
SUP025,2025-01,13,9,2.3076923076923075,30,3,11,92261.88,0,0.6923076923076923,0.2307692307692307,0.0,0.0,0.0,0.0,92261.88,1.0,0.0,0.0056211736628512,0.0,0.0,-0.1648351648351648,0.0,-0.4780219780219781,0.0,1,0,2025-01,Medium,2025-02,High,0.42714285714285716,0.18240620490620488,0.34344973544973545
SUP026,2022-02,1,0,0.0,0,0,0,4285.14,0,0.0,0.0,0.0,0.0,0.0,0.0,4285.14,1.0,0.0,0.0004888909415426,0.0,0.0,0.0,0.0,0.0,0.0,0,0,2022-02,Low,2022-03,Medium,0.31464770523594054,0.18240620490620488,0.34344973544973545
SUP026,2022-03,17,11,2.294117647058824,39,0,0,111174.56,0,0.6470588235294118,0.0,0.0,1.0,1.0,0.0588235294117647,111174.56,1.0,0.0,0.0073420919808296,0.0,0.0,0.6470588235294118,0.0588235294117647,2.294117647058824,0.0,1,1,2022-03,Medium,2022-04,Medium,0.32018633540372665,0.18240620490620488,0.34344973544973545
SUP026,2022-04,23,17,2.391304347826087,55,4,8,228787.95,0,0.7391304347826086,0.1739130434782608,0.0,0.0,0.0,0.0,228787.95,1.0,0.0,0.0146903355496294,0.0,0.0,0.0920716112531968,-0.0588235294117647,0.0971867007672635,0.0,1,1,2022-04,Medium,2022-05,Medium,0.3253896103896104,0.18240620490620488,0.34344973544973545
SUP026,2022-05,22,17,2.136363636363636,47,1,4,261694.45,0,0.7727272727272727,0.0454545454545454,0.0,0.0,0.0,0.0,261694.45,1.0,0.0,0.0152150314279767,0.0,0.0,0.033596837944664,0.0,-0.2549407114624507,0.0,1,1,2022-05,Medium,2022-06,High,0.3488198757763975,0.18240620490620488,0.34344973544973545
SUP026,2022-06,23,18,2.9130434782608696,67,2,7,369112.44,0,0.782608695652174,0.0869565217391304,0.0,0.0,0.0,0.0,369112.44,1.0,0.0,0.0230672221041548,0.0,0.0,0.0098814229249012,0.0,0.7766798418972334,0.0,1,1,2022-06,High,2022-07,Medium,0.33646258503401355,0.18240620490620488,0.34344973544973545
SUP026,2022-07,21,16,2.7142857142857144,57,3,4,223291.76,0,0.7619047619047619,0.1428571428571428,0.0,0.0,0.0,0.0,223291.76,1.0,0.0,0.0132987565608751,0.0,0.0,-0.020703933747412,0.0,-0.1987577639751552,0.0,1,0,2022-07,Medium,2022-08,High,0.3888095238095238,0.18240620490620488,0.34344973544973545
SUP026,2022-08,18,15,3.7777777777777777,68,3,25,396460.47,0,0.8333333333333334,0.1666666666666666,0.0,0.0,0.0,0.0,396460.47,1.0,0.0,0.0237347204131914,0.0,0.0,0.0714285714285715,0.0,1.0634920634920633,0.0,1,1,2022-08,High,2022-09,Medium,0.30028571428571427,0.18240620490620488,0.34344973544973545
SUP026,2022-09,20,14,2.15,43,2,19,297156.4,0,0.7,0.1,0.0,0.0,0.0,0.0,297156.4,1.0,0.0,0.0193001779671901,0.0,0.0,-0.1333333333333334,0.0,-1.6277777777777778,0.0,1,0,2022-09,Medium,2022-10,Medium,0.28702417582417583,0.18240620490620488,0.34344973544973545
SUP026,2022-10,25,15,2.08,52,5,21,331805.23,0,0.6,0.2,0.0,1.0,1.0,0.04,331805.23,1.0,0.0,0.0200655096391208,0.0,0.0,-0.0999999999999999,0.04,-0.0699999999999998,0.0,1,1,2022-10,Medium,2022-11,Medium,0.30277777777777776,0.18240620490620488,0.34344973544973545
SUP026,2022-11,18,13,1.9444444444444444,35,3,7,370239.79,0,0.7222222222222222,0.1666666666666666,0.0,0.0,0.0,0.0,370239.79,1.0,0.0,0.0239832915236623,0.0,0.0,0.1222222222222222,-0.04,-0.1355555555555556,0.0,1,1,2022-11,Medium,2022-12,Medium,0.19727891156462582,0.18240620490620488,0.34344973544973545
SUP026,2022-12,21,10,1.1904761904761905,25,5,21,351822.24,0,0.4761904761904761,0.238095238095238,0.0,0.0,0.0,0.0,351822.24,1.0,0.0,0.0203833532666798,0.0,0.0,-0.246031746031746,0.0,-0.753968253968254,0.0,1,0,2022-12,Medium,2023-01,Medium,0.24837519623233906,0.18240620490620488,0.34344973544973545
SUP026,2023-01,14,7,1.5714285714285714,22,2,8,239904.16,0,0.5,0.1428571428571428,0.0,1.0,1.0,0.0714285714285714,239904.16,1.0,0.0,0.0136484311119159,0.0,0.0,0.0238095238095238,0.0714285714285714,0.3809523809523809,0.0,1,1,2023-01,Medium,2023-02,Medium,0.33221073044602456,0.18240620490620488,0.34344973544973545
SUP026,2023-02,17,12,2.176470588235294,37,3,5,235411.95,0,0.7058823529411765,0.1764705882352941,0.0,1.0,1.0,0.0588235294117647,235411.95,1.0,0.0,0.016150666422047,0.0,0.0,0.2058823529411765,-0.0126050420168067,0.6050420168067225,0.0,1,1,2023-02,Medium,2023-03,High,0.3507518796992481,0.18240620490620488,0.34344973544973545
SUP026,2023-03,19,15,2.8947368421052637,55,3,8,368631.39,0,0.7894736842105263,0.1578947368421052,0.0,0.0,0.0,0.0,368631.39,1.0,0.0,0.0252848374070261,0.0,0.0,0.0835913312693498,-0.0588235294117647,0.7182662538699693,0.0,1,1,2023-03,High,2023-04,Medium,0.3242063492063492,0.18240620490620488,0.34344973544973545
SUP026,2023-04,18,13,2.7777777777777777,50,4,9,265750.97,0,0.7222222222222222,0.2222222222222222,0.0,0.0,0.0,0.0,265750.97,1.0,0.0,0.0149148015876847,0.0,0.0,-0.0672514619883041,0.0,-0.1169590643274856,0.0,1,0,2023-04,Medium,2023-05,Medium,0.2608791208791209,0.18240620490620488,0.34344973544973545
SUP026,2023-05,13,8,1.7692307692307692,23,4,12,171301.62,0,0.6153846153846154,0.3076923076923077,0.0,0.0,0.0,0.0,171301.62,1.0,0.0,0.011025775370424,0.0,0.0,-0.1068376068376067,0.0,-1.0085470085470083,0.0,1,0,2023-05,Medium,2023-06,Medium,0.31047619047619046,0.18240620490620488,0.34344973544973545
SUP026,2023-06,15,10,3.0,45,1,2,211314.48,0,0.6666666666666666,0.0666666666666666,0.0,0.0,0.0,0.0,211314.48,1.0,0.0,0.0122465577432892,0.0,0.0,0.0512820512820512,0.0,1.2307692307692308,0.0,1,1,2023-06,Medium,2023-07,Medium,0.2882348901098901,0.18240620490620488,0.34344973544973545
SUP026,2023-07,16,9,2.375,38,0,0,266002.87,0,0.5625,0.0,0.0,1.0,1.0,0.0625,266002.87,1.0,0.0,0.015333091706398,0.0,0.0,-0.1041666666666666,0.0625,-0.625,0.0,1,1,2023-07,Medium,2023-08,High,0.3475238095238095,0.18240620490620488,0.34344973544973545
SUP026,2023-08,15,11,3.533333333333333,53,4,7,222524.42,0,0.7333333333333333,0.2666666666666666,0.0,0.0,0.0,0.0,222524.42,1.0,0.0,0.0138181227925103,0.0,0.0,0.1708333333333332,-0.0625,1.1583333333333332,0.0,1,1,2023-08,High,2023-09,High,0.36850931677018633,0.18240620490620488,0.34344973544973545
SUP026,2023-09,23,19,3.0869565217391304,71,2,3,266296.84,0,0.8260869565217391,0.0869565217391304,0.0,0.0,0.0,0.0,266296.84,1.0,0.0,0.0172012654974566,0.0,0.0,0.0927536231884058,0.0,-0.4463768115942028,0.0,1,1,2023-09,High,2023-10,Medium,0.33325274725274723,0.18240620490620488,0.34344973544973545
SUP026,2023-10,20,14,2.4,48,1,2,332937.41,0,0.7,0.05,0.0,1.0,1.0,0.05,332937.41,1.0,0.0,0.0194490059704192,0.0,0.0,-0.1260869565217391,0.05,-0.6869565217391305,0.0,1,1,2023-10,Medium,2023-11,High,0.36860613071139386,0.18240620490620488,0.34344973544973545
SUP026,2023-11,19,15,2.526315789473684,48,2,15,224642.15,0,0.7894736842105263,0.1052631578947368,0.0,1.0,1.0,0.0526315789473684,224642.15,1.0,0.0,0.0149652740647569,0.0,0.0,0.0894736842105263,0.0026315789473684,0.1263157894736841,0.0,1,1,2023-11,High,2023-12,Medium,0.32926573426573424,0.18240620490620488,0.34344973544973545
SUP026,2023-12,22,15,2.5454545454545454,56,0,0,406605.04,0,0.6818181818181818,0.0,0.0,1.0,1.0,0.0454545454545454,406605.04,1.0,0.0,0.0242457470131212,0.0,0.0,-0.1076555023923445,-0.0071770334928229,0.0191387559808613,0.0,1,1,2023-12,Medium,2024-01,High,0.3616666666666667,0.18240620490620488,0.34344973544973545
SUP026,2024-01,18,15,2.7222222222222223,49,3,19,362387.17,0,0.8333333333333334,0.1666666666666666,0.0,0.0,0.0,0.0,362387.17,1.0,0.0,0.022298767269366,0.0,0.0,0.1515151515151516,-0.0454545454545454,0.1767676767676769,0.0,1,1,2024-01,High,2024-02,Medium,0.246,0.18240620490620488,0.34344973544973545
SUP026,2024-02,15,9,1.4,21,2,9,224113.83,0,0.6,0.1333333333333333,0.0,0.0,0.0,0.0,224113.83,1.0,0.0,0.0161679138531077,0.0,0.0,-0.2333333333333334,0.0,-1.3222222222222224,0.0,1,0,2024-02,Medium,2024-03,High,0.3635112506541078,0.18240620490620488,0.34344973544973545
SUP026,2024-03,21,16,2.761904761904762,58,3,14,377291.84,0,0.7619047619047619,0.1428571428571428,0.0,1.0,1.0,0.0476190476190476,377291.84,1.0,0.0,0.0228923362023562,0.0,0.0,0.1619047619047618,0.0476190476190476,1.361904761904762,0.0,1,1,2024-03,High,2024-04,Medium,0.19169642857142855,0.18240620490620488,0.34344973544973545
SUP026,2024-04,16,7,1.5,24,3,9,417923.43,0,0.4375,0.1875,0.0,0.0,0.0,0.0,417923.43,1.0,0.0,0.0266708259420496,0.0,0.0,-0.3244047619047618,-0.0476190476190476,-1.261904761904762,0.0,1,0,2024-04,Medium,2024-05,Medium,0.28562499999999996,0.18240620490620488,0.34344973544973545
SUP026,2024-05,16,11,1.75,28,1,1,276925.14,0,0.6875,0.0625,0.0,0.0,0.0,0.0,276925.14,1.0,0.0,0.0173297565626667,0.0,0.0,0.25,0.0,0.25,0.0,1,1,2024-05,Medium,2024-06,Medium,0.29047619047619044,0.18240620490620488,0.34344973544973545
SUP026,2024-06,18,12,2.2222222222222223,40,5,18,398923.16,0,0.6666666666666666,0.2777777777777778,0.0,0.0,0.0,0.0,398923.16,1.0,0.0,0.025596199906311,0.0,0.0,-0.0208333333333333,0.0,0.4722222222222223,0.0,1,1,2024-06,Medium,2024-07,Medium,0.31884004884004885,0.18240620490620488,0.34344973544973545
SUP026,2024-07,27,18,2.4444444444444446,66,2,8,302981.51,0,0.6666666666666666,0.074074074074074,0.0,1.0,1.0,0.037037037037037,302981.51,1.0,0.0,0.0190984407194931,0.0,0.0,0.0,0.037037037037037,0.2222222222222223,0.0,1,1,2024-07,Medium,2024-08,High,0.38831168831168833,0.18240620490620488,0.34344973544973545
SUP026,2024-08,11,10,2.727272727272727,30,2,4,197654.59,0,0.9090909090909092,0.1818181818181818,0.0,0.0,0.0,0.0,197654.59,1.0,0.0,0.0128914563945845,0.0,0.0,0.2424242424242424,-0.037037037037037,0.2828282828282824,0.0,1,1,2024-08,High,2024-09,High,0.37745341614906835,0.18240620490620488,0.34344973544973545
SUP026,2024-09,23,19,3.4347826086956523,79,4,19,350548.49,0,0.8260869565217391,0.1739130434782608,0.0,0.0,0.0,0.0,350548.49,1.0,0.0,0.02279145297106,0.0,0.0,-0.0830039525691699,0.0,0.7075098814229253,0.0,1,1,2024-09,High,2024-10,High,0.35440993788819874,0.18240620490620488,0.34344973544973545
SUP026,2024-10,23,18,3.130434782608696,72,6,35,264272.27,0,0.782608695652174,0.2608695652173913,0.0,0.0,0.0,0.0,264272.27,1.0,0.0,0.0174471215739556,0.0,0.0,-0.0434782608695651,0.0,-0.3043478260869565,0.0,1,0,2024-10,High,2024-11,Medium,0.319047619047619,0.18240620490620488,0.34344973544973545
SUP026,2024-11,18,12,3.333333333333333,60,3,7,304568.53,0,0.6666666666666666,0.1666666666666666,0.0,0.0,0.0,0.0,304568.53,1.0,0.0,0.0199789246746383,0.0,0.0,-0.1159420289855073,0.0,0.2028985507246377,0.0,1,1,2024-11,Medium,2024-12,Medium,0.30169642857142853,0.18240620490620488,0.34344973544973545
SUP026,2024-12,16,11,2.375,38,3,4,181419.57,0,0.6875,0.1875,0.0,0.0,0.0,0.0,181419.57,1.0,0.0,0.0109631726367496,0.0,0.0,0.0208333333333333,0.0,-0.9583333333333336,0.0,1,1,2024-12,Medium,2025-01,High,0.3493277310924369,0.18240620490620488,0.34344973544973545
SUP026,2025-01,17,13,3.176470588235294,54,2,2,301050.05,0,0.7647058823529411,0.1176470588235294,0.0,0.0,0.0,0.0,301050.05,1.0,0.0,0.0183418613652794,0.0,0.0,0.0772058823529411,0.0,0.8014705882352939,0.0,1,1,2025-01,High,2025-02,Medium,0.3181512605042017,0.18240620490620488,0.34344973544973545
SUP026,2025-02,17,12,2.764705882352941,47,3,9,220247.98,0,0.7058823529411765,0.1764705882352941,0.0,0.0,0.0,0.0,220247.98,1.0,0.0,0.0468950749090805,0.0,0.0,-0.0588235294117646,0.0,-0.4117647058823528,0.0,1,0,2025-02,Medium,2025-03,High,0.3653571428571428,0.18240620490620488,0.34344973544973545
SUP027,2022-02,14,13,3.357142857142857,47,3,14,273782.56,0,0.9285714285714286,0.2142857142857142,0.0,0.0,0.0,0.0,273782.56,1.0,0.0,0.0312358087568537,0.0,0.0,0.0,0.0,0.0,0.0,0,0,2022-02,High,2022-03,Medium,0.2650965250965251,0.18240620490620488,0.34344973544973545
SUP027,2022-03,37,22,2.216216216216216,82,4,10,786708.34,0,0.5945945945945946,0.1081081081081081,0.0,0.0,0.0,0.0,786708.34,1.0,0.0,0.0519550965109807,0.0,0.0,-0.333976833976834,0.0,-1.140926640926641,0.0,1,0,2022-03,Medium,2022-04,Medium,0.3145787545787546,0.18240620490620488,0.34344973544973545
SUP027,2022-04,39,28,2.4615384615384617,96,6,22,897328.61,0,0.717948717948718,0.1538461538461538,0.0,0.0,0.0,0.0,897328.61,1.0,0.0,0.0576169259752649,0.0,0.0,0.1233541233541233,0.0,0.2453222453222454,0.0,1,1,2022-04,Medium,2022-05,Medium,0.31364661654135334,0.18240620490620488,0.34344973544973545
SUP027,2022-05,38,27,2.526315789473684,96,4,14,1208765.07,0,0.7105263157894737,0.1052631578947368,0.0,0.0,0.0,0.0,1208765.07,1.0,0.0,0.0702781374579799,0.0,0.0,-0.0074224021592442,0.0,0.0647773279352224,0.0,1,1,2022-05,Medium,2022-06,High,0.3756666666666667,0.18240620490620488,0.34344973544973545
SUP027,2022-06,30,25,3.2666666666666666,98,3,7,411607.79,0,0.8333333333333334,0.1,0.0,0.0,0.0,0.0,411607.79,1.0,0.0,0.0257229160624614,0.0,0.0,0.1228070175438597,0.0,0.7403508771929825,0.0,1,1,2022-06,High,2022-07,High,0.3541269841269841,0.18240620490620488,0.34344973544973545
SUP027,2022-07,27,21,3.185185185185185,86,4,23,762235.85,0,0.7777777777777778,0.1481481481481481,0.0,0.0,0.0,0.0,762235.85,1.0,0.0,0.0453970581409799,0.0,0.0,-0.0555555555555555,0.0,-0.0814814814814814,0.0,1,0,2022-07,High,2022-08,Medium,0.3227884615384615,0.18240620490620488,0.34344973544973545
SUP027,2022-08,40,27,2.625,105,3,16,808966.33,0,0.675,0.075,0.0,1.0,1.0,0.025,808966.33,1.0,0.0,0.0484300229635392,0.0,0.0,-0.1027777777777777,0.025,-0.5601851851851851,0.0,1,1,2022-08,Medium,2022-09,Medium,0.315967032967033,0.18240620490620488,0.34344973544973545
SUP027,2022-09,40,26,2.7,108,5,24,993033.71,0,0.65,0.125,0.0,1.0,1.0,0.025,993033.71,1.0,0.0,0.0644971043208865,0.0,0.0,-0.025,0.0,0.0750000000000001,0.0,1,1,2022-09,Medium,2022-10,Medium,0.2615546218487395,0.18240620490620488,0.34344973544973545
SUP027,2022-10,34,21,1.7647058823529411,60,2,3,1017884.97,0,0.6176470588235294,0.0588235294117647,0.0,0.0,0.0,0.0,1017884.97,1.0,0.0,0.0615553307494617,0.0,0.0,-0.0323529411764705,-0.025,-0.935294117647059,0.0,1,0,2022-10,Medium,2022-11,Medium,0.27730612244897956,0.18240620490620488,0.34344973544973545
SUP027,2022-11,35,22,2.2285714285714286,78,4,23,877598.2,0,0.6285714285714286,0.1142857142857142,0.0,0.0,0.0,0.0,877598.2,1.0,0.0,0.0568488153886467,0.0,0.0,0.0109243697478991,0.0,0.4638655462184875,0.0,1,1,2022-11,Medium,2022-12,High,0.38357927786499213,0.18240620490620488,0.34344973544973545
SUP027,2022-12,35,29,2.857142857142857,100,4,21,1070775.6,0,0.8285714285714286,0.1142857142857142,0.0,1.0,1.0,0.0285714285714285,1070775.6,1.0,0.0,0.0620370029027756,0.0,0.0,0.2,0.0285714285714285,0.6285714285714286,0.0,1,1,2022-12,High,2023-01,Medium,0.30182724252491694,0.18240620490620488,0.34344973544973545
SUP027,2023-01,43,29,2.558139534883721,110,7,39,998935.68,0,0.6744186046511628,0.1627906976744186,0.0,0.0,0.0,0.0,998935.68,1.0,0.0,0.0568306310891602,0.0,0.0,-0.1541528239202658,-0.0285714285714285,-0.2990033222591362,0.0,1,0,2023-01,Medium,2023-02,Medium,0.30433497536945814,0.18240620490620488,0.34344973544973545
SUP027,2023-02,29,20,2.4482758620689653,71,3,9,607869.05,0,0.6896551724137931,0.1034482758620689,0.0,0.0,0.0,0.0,607869.05,1.0,0.0,0.041703449017081,0.0,0.0,0.0152365677626303,0.0,-0.1098636728147557,0.0,1,1,2023-02,Medium,2023-03,Medium,0.25392097264437685,0.18240620490620488,0.34344973544973545
SUP027,2023-03,47,28,1.7659574468085106,83,8,22,871266.04,0,0.5957446808510638,0.1702127659574468,0.0,0.0,0.0,0.0,871266.04,1.0,0.0,0.0597611075922307,0.0,0.0,-0.0939104915627293,0.0,-0.6823184152604547,0.0,1,0,2023-03,Medium,2023-04,High,0.3443139717425432,0.18240620490620488,0.34344973544973545
SUP027,2023-04,35,25,2.8857142857142857,101,9,61,1161397.68,0,0.7142857142857143,0.2571428571428571,0.0,1.0,1.0,0.0285714285714285,1161397.68,1.0,0.0,0.0651813837654002,0.0,0.0,0.1185410334346505,0.0285714285714285,1.119756838905775,0.0,1,1,2023-04,High,2023-05,Medium,0.2856582633053221,0.18240620490620488,0.34344973544973545
SUP027,2023-05,51,32,2.5686274509803924,131,6,12,1002347.82,0,0.6274509803921569,0.1176470588235294,0.0,0.0,0.0,0.0,1002347.82,1.0,0.0,0.064515804966434,0.0,0.0,-0.0868347338935574,-0.0285714285714285,-0.3170868347338933,0.0,1,0,2023-05,Medium,2023-06,Medium,0.2902359405300582,0.18240620490620488,0.34344973544973545
SUP027,2023-06,34,21,2.088235294117647,71,4,12,828522.98,0,0.6176470588235294,0.1176470588235294,0.0,1.0,1.0,0.0294117647058823,828522.98,1.0,0.0,0.0480163712217546,0.0,0.0,-0.0098039215686274,0.0294117647058823,-0.4803921568627451,0.0,1,1,2023-06,Medium,2023-07,Medium,0.33829931972789107,0.18240620490620488,0.34344973544973545
SUP027,2023-07,42,32,2.7857142857142856,117,5,35,916701.59,0,0.7619047619047619,0.119047619047619,0.0,0.0,0.0,0.0,916701.59,1.0,0.0,0.0528410447107991,0.0,0.0,0.1442577030812324,-0.0294117647058823,0.6974789915966384,0.0,1,1,2023-07,Medium,2023-08,Medium,0.3087912087912088,0.18240620490620488,0.34344973544973545
SUP027,2023-08,41,26,2.1951219512195124,90,9,45,1556191.51,0,0.6341463414634146,0.2195121951219512,0.0,1.0,2.0,0.024390243902439,1556191.51,1.0,0.0,0.0966349912240735,0.0,0.0,-0.1277584204413472,0.024390243902439,-0.5905923344947732,0.0,1,1,2023-08,Medium,2023-09,Medium,0.31815873015873014,0.18240620490620488,0.34344973544973545
SUP027,2023-09,45,34,2.088888888888889,94,5,20,1311046.8,0,0.7555555555555555,0.1111111111111111,0.0,0.0,0.0,0.0,1311046.8,1.0,0.0,0.0846861873629105,0.0,0.0,0.1214092140921409,-0.024390243902439,-0.1062330623306233,0.0,1,1,2023-09,Medium,2023-10,Medium,0.31398207056101796,0.18240620490620488,0.34344973544973545
SUP027,2023-10,38,25,2.5,95,3,9,1195597.64,0,0.6578947368421053,0.0789473684210526,0.0,1.0,1.0,0.0263157894736842,1195597.64,1.0,0.0,0.0698425137583042,0.0,0.0,-0.0976608187134502,0.0263157894736842,0.411111111111111,0.0,1,1,2023-10,Medium,2023-11,Medium,0.3061904761904762,0.18240620490620488,0.34344973544973545
SUP027,2023-11,36,24,2.833333333333333,102,10,61,828962.18,0,0.6666666666666666,0.2777777777777778,0.0,0.0,0.0,0.0,828962.18,1.0,0.0,0.0552240361526916,0.0,0.0,0.0087719298245613,-0.0263157894736842,0.3333333333333335,0.0,1,1,2023-11,Medium,2023-12,Medium,0.3089010989010989,0.18240620490620488,0.34344973544973545
SUP027,2023-12,39,27,2.58974358974359,101,5,15,709771.72,0,0.6923076923076923,0.1282051282051282,0.0,0.0,0.0,0.0,709771.72,1.0,0.0,0.0423234929901211,0.0,0.0,0.0256410256410256,0.0,-0.2435897435897436,0.0,1,1,2023-12,Medium,2024-01,High,0.40842490842490836,0.18240620490620488,0.34344973544973545
SUP027,2024-01,39,31,2.8205128205128207,110,6,33,772835.96,0,0.7948717948717948,0.1538461538461538,0.0,3.0,3.0,0.0769230769230769,772835.96,1.0,0.0,0.0475549098756368,0.0,0.0,0.1025641025641025,0.0769230769230769,0.2307692307692308,0.0,1,1,2024-01,High,2024-02,Medium,0.3183003663003663,0.18240620490620488,0.34344973544973545
SUP027,2024-02,30,20,2.466666666666667,74,4,12,574012.99,0,0.6666666666666666,0.1333333333333333,0.0,1.0,1.0,0.0333333333333333,574012.99,1.0,0.0,0.0414101734501828,0.0,0.0,-0.1282051282051282,-0.0435897435897435,-0.3538461538461539,0.0,1,0,2024-02,Medium,2024-03,High,0.39650549450549455,0.18240620490620488,0.34344973544973545
SUP027,2024-03,40,32,3.05,122,4,29,1137724.25,0,0.8,0.1,0.0,2.0,2.0,0.05,1137724.25,1.0,0.0,0.0690318826841672,0.0,0.0,0.1333333333333334,0.0166666666666666,0.583333333333333,0.0,1,1,2024-03,High,2024-04,Medium,0.2738610038610038,0.18240620490620488,0.34344973544973545
SUP027,2024-04,37,23,2.189189189189189,81,2,2,960242.26,0,0.6216216216216216,0.054054054054054,0.0,0.0,0.0,0.0,960242.26,1.0,0.0,0.0612802545640009,0.0,0.0,-0.1783783783783784,-0.05,-0.8608108108108108,0.0,1,0,2024-04,Medium,2024-05,Medium,0.26660370879120876,0.18240620490620488,0.34344973544973545
SUP027,2024-05,32,17,1.875,60,6,30,816245.47,0,0.53125,0.1875,0.0,1.0,2.0,0.03125,816245.47,1.0,0.0,0.0510799968918658,0.0,0.0,-0.0903716216216216,0.03125,-0.314189189189189,0.0,1,1,2024-05,Medium,2024-06,Medium,0.31598290598290596,0.18240620490620488,0.34344973544973545
SUP027,2024-06,27,18,2.333333333333333,63,5,17,665990.79,0,0.6666666666666666,0.1851851851851851,0.0,1.0,1.0,0.037037037037037,665990.79,1.0,0.0,0.0427321226388611,0.0,0.0,0.1354166666666666,0.005787037037037,0.4583333333333335,0.0,1,1,2024-06,Medium,2024-07,Medium,0.29486486486486485,0.18240620490620488,0.34344973544973545
SUP027,2024-07,37,25,2.27027027027027,84,10,48,1309533.83,0,0.6756756756756757,0.2702702702702703,0.0,0.0,0.0,0.0,1309533.83,1.0,0.0,0.0825464703190165,0.0,0.0,0.009009009009009,-0.037037037037037,-0.0630630630630633,0.0,1,1,2024-07,Medium,2024-08,Medium,0.32036963036963034,0.18240620490620488,0.34344973544973545
SUP027,2024-08,33,24,1.7575757575757576,58,1,6,785037.34,0,0.7272727272727273,0.0303030303030303,0.0,1.0,1.0,0.0303030303030303,785037.34,1.0,0.0,0.0512018194807954,0.0,0.0,0.0515970515970516,0.0303030303030303,-0.5126945126945126,0.0,1,1,2024-08,Medium,2024-09,High,0.3594402472527473,0.18240620490620488,0.34344973544973545
SUP027,2024-09,32,25,2.53125,81,2,10,948631.76,0,0.78125,0.0625,0.0,1.0,1.0,0.03125,948631.76,1.0,0.0,0.0616767630204138,0.0,0.0,0.0539772727272727,0.0009469696969696,0.7736742424242424,0.0,1,1,2024-09,High,2024-10,Medium,0.26978846153846153,0.18240620490620488,0.34344973544973545
SUP027,2024-10,40,23,1.925,77,10,33,979808.38,0,0.575,0.25,0.0,1.0,1.0,0.025,979808.38,1.0,0.0,0.0646864535769891,0.0,0.0,-0.20625,-0.0062499999999999,-0.60625,0.0,1,0,2024-10,Medium,2024-11,Medium,0.3400384615384615,0.18240620490620488,0.34344973544973545
SUP027,2024-11,40,30,2.275,91,13,48,764638.74,0,0.75,0.325,0.0,1.0,1.0,0.025,764638.74,1.0,0.0,0.0501583659669972,0.0,0.0,0.175,0.0,0.3499999999999998,0.0,1,1,2024-11,Medium,2024-12,Medium,0.30476286871023717,0.18240620490620488,0.34344973544973545
SUP027,2024-12,38,21,1.9210526315789476,73,5,14,812669.6,0,0.5526315789473685,0.131578947368421,0.0,2.0,4.0,0.0526315789473684,812669.6,1.0,0.0,0.0491095702709375,0.0,0.0,-0.1973684210526315,0.0276315789473684,-0.3539473684210525,0.0,1,1,2024-12,Medium,2025-01,High,0.3853056318681318,0.18240620490620488,0.34344973544973545
SUP027,2025-01,32,23,2.3125,74,5,32,836055.33,0,0.71875,0.15625,0.0,3.0,4.0,0.09375,836055.33,1.0,0.0,0.0509377459215269,0.0,0.0,0.1661184210526315,0.0411184210526315,0.3914473684210526,0.0,1,1,2025-01,High,2025-02,Low,0.08542857142857142,0.18240620490620488,0.34344973544973545
SUP028,2022-01,7,2,0.5714285714285714,4,3,10,95462.0,0,0.2857142857142857,0.4285714285714285,0.0,1.0,1.0,0.1428571428571428,95462.0,1.0,0.0,0.0903448428068632,0.0,0.0,0.0,0.0,0.0,0.0,0,0,2022-01,Low,2022-02,Low,0.11703703703703702,0.18240620490620488,0.34344973544973545
SUP028,2022-02,27,8,0.5185185185185185,14,3,9,539145.3200000001,0,0.2962962962962963,0.1111111111111111,0.0,0.0,0.0,0.0,539145.3200000001,1.0,0.0,0.0615110038699057,0.0,0.0,0.0105820105820105,-0.1428571428571428,-0.0529100529100529,0.0,1,1,2022-02,Low,2022-03,Medium,0.22445274725274728,0.18240620490620488,0.34344973544973545
SUP028,2022-03,25,12,1.28,32,5,7,377266.34,0,0.48,0.2,0.0,1.0,1.0,0.04,377266.34,1.0,0.0,0.0249150900129576,0.0,0.0,0.1837037037037037,0.04,0.7614814814814815,0.0,1,1,2022-03,Medium,2022-04,Low,0.1756,0.18240620490620488,0.34344973544973545
SUP028,2022-04,25,11,0.84,21,4,18,683551.82,0,0.44,0.16,0.0,0.0,0.0,0.0,683551.82,1.0,0.0,0.0438904479075927,0.0,0.0,-0.0399999999999999,-0.04,-0.44,0.0,1,0,2022-04,Low,2022-05,Medium,0.19992857142857143,0.18240620490620488,0.34344973544973545
SUP028,2022-05,20,9,1.65,33,2,11,418486.45,0,0.45,0.1,0.0,0.0,0.0,0.0,418486.45,1.0,0.0,0.0243309878712842,0.0,0.0,0.01,0.0,0.8099999999999999,0.0,1,1,2022-05,Medium,2022-06,Low,0.11922619047619047,0.18240620490620488,0.34344973544973545
SUP028,2022-06,24,7,0.6666666666666666,16,2,2,386483.15,0,0.2916666666666667,0.0833333333333333,0.0,0.0,0.0,0.0,386483.15,1.0,0.0,0.0241527829854864,0.0,0.0,-0.1583333333333333,0.0,-0.9833333333333332,0.0,1,0,2022-06,Low,2022-07,Low,0.12772727272727272,0.18240620490620488,0.34344973544973545
SUP028,2022-07,22,7,0.6363636363636364,14,0,0,484103.12,0,0.3181818181818182,0.0,0.0,0.0,0.0,0.0,484103.12,1.0,0.0,0.0288320963713131,0.0,0.0,0.0265151515151514,0.0,-0.0303030303030302,0.0,1,1,2022-07,Low,2022-08,Medium,0.2587706043956044,0.18240620490620488,0.34344973544973545
SUP028,2022-08,32,18,1.59375,51,4,17,870384.19,0,0.5625,0.125,0.0,1.0,1.0,0.03125,870384.19,1.0,0.0,0.0521068983288853,0.0,0.0,0.2443181818181818,0.03125,0.9573863636363636,0.0,1,1,2022-08,Medium,2022-09,Low,0.10248447204968943,0.18240620490620488,0.34344973544973545
SUP028,2022-09,23,6,0.4347826086956521,10,1,4,346802.74,0,0.2608695652173913,0.0434782608695652,0.0,0.0,0.0,0.0,346802.74,1.0,0.0,0.0225246859953518,0.0,0.0,-0.3016304347826087,-0.03125,-1.158967391304348,0.0,1,0,2022-09,Low,2022-10,Low,0.14363636363636362,0.18240620490620488,0.34344973544973545
SUP028,2022-10,22,8,0.6363636363636364,14,0,0,442791.89,0,0.3636363636363636,0.0,0.0,0.0,0.0,0.0,442791.89,1.0,0.0,0.0267772902100414,0.0,0.0,0.1027667984189723,0.0,0.2015810276679842,0.0,1,1,2022-10,Low,2022-11,Low,0.14719063545150501,0.18240620490620488,0.34344973544973545
SUP028,2022-11,23,6,1.2173913043478262,28,2,6,452051.09,0,0.2608695652173913,0.0869565217391304,0.0,1.0,1.0,0.0434782608695652,452051.09,1.0,0.0,0.0292828414662274,0.0,0.0,-0.1027667984189723,0.0434782608695652,0.5810276679841898,0.0,1,1,2022-11,Low,2022-12,Low,0.16057142857142856,0.18240620490620488,0.34344973544973545
SUP028,2022-12,25,10,0.8,20,1,1,579053.88,0,0.4,0.04,0.0,0.0,0.0,0.0,579053.88,1.0,0.0,0.0335483617990767,0.0,0.0,0.1391304347826087,-0.0434782608695652,-0.4173913043478261,0.0,1,1,2022-12,Low,2023-01,Low,0.17588235294117646,0.18240620490620488,0.34344973544973545
SUP028,2023-01,17,7,1.2352941176470589,21,2,5,410586.67,0,0.4117647058823529,0.1176470588235294,0.0,0.0,0.0,0.0,410586.67,1.0,0.0,0.0233587607691586,0.0,0.0,0.0117647058823529,0.0,0.4352941176470588,0.0,1,1,2023-01,Low,2023-02,Medium,0.19691729323308266,0.18240620490620488,0.34344973544973545
SUP028,2023-02,19,9,1.2105263157894737,23,1,6,288026.98,0,0.4736842105263157,0.0526315789473684,0.0,0.0,0.0,0.0,288026.98,1.0,0.0,0.0197603718695232,0.0,0.0,0.0619195046439628,0.0,-0.0247678018575852,0.0,1,1,2023-02,Medium,2023-03,Low,0.09839999999999999,0.18240620490620488,0.34344973544973545
SUP028,2023-03,25,6,0.56,14,4,23,564298.77,0,0.24,0.16,0.0,0.0,0.0,0.0,564298.77,1.0,0.0,0.038705880821584,0.0,0.0,-0.2336842105263157,0.0,-0.6505263157894736,0.0,1,0,2023-03,Low,2023-04,Medium,0.2462443438914027,0.18240620490620488,0.34344973544973545
SUP028,2023-04,17,9,1.2352941176470589,21,2,36,412924.82,0,0.5294117647058824,0.1176470588235294,0.0,1.0,1.0,0.0588235294117647,412924.82,1.0,0.0,0.0231746727431716,0.0,0.0,0.2894117647058823,0.0588235294117647,0.6752941176470588,0.0,1,1,2023-04,Medium,2023-05,Medium,0.215,0.18240620490620488,0.34344973544973545
SUP028,2023-05,18,9,1.5555555555555556,28,1,2,364640.77,0,0.5,0.0555555555555555,0.0,0.0,0.0,0.0,364640.77,1.0,0.0,0.0234699894894073,0.0,0.0,-0.0294117647058823,-0.0588235294117647,0.3202614379084967,0.0,1,1,2023-05,Medium,2023-06,Medium,0.1828983516483516,0.18240620490620488,0.34344973544973545
SUP028,2023-06,24,9,0.625,15,3,25,539882.1900000001,0,0.375,0.125,0.0,1.0,2.0,0.0416666666666666,539882.1900000001,1.0,0.0,0.0312884304682217,0.0,0.0,-0.125,0.0416666666666666,-0.9305555555555556,0.0,1,1,2023-06,Medium,2023-07,Medium,0.18744360902255636,0.18240620490620488,0.34344973544973545
SUP028,2023-07,19,9,0.8421052631578947,16,0,0,426563.66,0,0.4736842105263157,0.0,0.0,0.0,0.0,0.0,426563.66,1.0,0.0,0.0245882298841241,0.0,0.0,0.0986842105263157,-0.0416666666666666,0.2171052631578947,0.0,1,1,2023-07,Medium,2023-08,Medium,0.20276190476190475,0.18240620490620488,0.34344973544973545
SUP028,2023-08,15,7,1.5333333333333334,23,0,0,278262.10000000003,0,0.4666666666666667,0.0,0.0,0.0,0.0,0.0,278262.10000000003,1.0,0.0,0.0172792714898517,0.0,0.0,-0.007017543859649,0.0,0.6912280701754387,0.0,1,1,2023-08,Medium,2023-09,Medium,0.28153846153846157,0.18240620490620488,0.34344973544973545
SUP028,2023-09,20,12,1.75,35,1,1,510706.13,0,0.6,0.05,0.0,1.0,1.0,0.05,510706.13,1.0,0.0,0.0329887194054147,0.0,0.0,0.1333333333333333,0.05,0.2166666666666665,0.0,1,1,2023-09,Medium,2023-10,Medium,0.22417142857142858,0.18240620490620488,0.34344973544973545
SUP028,2023-10,25,13,1.64,41,5,14,399231.69,0,0.52,0.2,0.0,0.0,0.0,0.0,399231.69,1.0,0.0,0.023321679358263,0.0,0.0,-0.0799999999999999,-0.05,-0.1100000000000001,0.0,1,0,2023-10,Medium,2023-11,Medium,0.2115384615384615,0.18240620490620488,0.34344973544973545
SUP028,2023-11,27,12,1.2962962962962965,35,1,4,504597.12,0,0.4444444444444444,0.037037037037037,0.0,1.0,1.0,0.037037037037037,504597.12,1.0,0.0,0.0336153931623564,0.0,0.0,-0.0755555555555556,0.037037037037037,-0.3437037037037036,0.0,1,1,2023-11,Medium,2023-12,Low,0.0615,0.18240620490620488,0.34344973544973545
SUP028,2023-12,20,3,0.35,7,0,0,488835.54,0,0.15,0.0,0.0,0.0,0.0,0.0,488835.54,1.0,0.0,0.0291491291742535,0.0,0.0,-0.2944444444444444,-0.037037037037037,-0.9462962962962964,0.0,1,0,2023-12,Low,2024-01,Medium,0.19992857142857143,0.18240620490620488,0.34344973544973545
SUP028,2024-01,20,9,1.65,33,1,3,514096.52,0,0.45,0.05,0.0,0.0,0.0,0.0,514096.52,1.0,0.0,0.031633897672125,0.0,0.0,0.3,0.0,1.2999999999999998,0.0,1,1,2024-01,Medium,2024-02,Low,0.1569642857142857,0.18240620490620488,0.34344973544973545
SUP028,2024-02,16,6,1.0,16,0,0,425133.19,0,0.375,0.0,0.0,0.0,0.0,0.0,425133.19,1.0,0.0,0.0306697573818487,0.0,0.0,-0.075,0.0,-0.6499999999999999,0.0,1,0,2024-02,Low,2024-03,Medium,0.18970443349753693,0.18240620490620488,0.34344973544973545
SUP028,2024-03,29,13,1.2758620689655171,37,1,1,655578.85,0,0.4482758620689655,0.0344827586206896,0.0,0.0,0.0,0.0,655578.85,1.0,0.0,0.039777513983218,0.0,0.0,0.0732758620689655,0.0,0.2758620689655173,0.0,1,1,2024-03,Medium,2024-04,Low,0.17487179487179488,0.18240620490620488,0.34344973544973545
SUP028,2024-04,18,6,1.1666666666666667,21,0,0,285754.1,0,0.3333333333333333,0.0,0.0,1.0,1.0,0.0555555555555555,285754.1,1.0,0.0,0.0182361105318432,0.0,0.0,-0.1149425287356322,0.0555555555555555,-0.1091954022988506,0.0,1,1,2024-04,Low,2024-05,Medium,0.2733516483516484,0.18240620490620488,0.34344973544973545
SUP028,2024-05,26,17,1.7307692307692308,45,2,10,610320.62,0,0.6538461538461539,0.0769230769230769,0.0,0.0,0.0,0.0,610320.62,1.0,0.0,0.0381933824057138,0.0,0.0,0.3205128205128205,-0.0555555555555555,0.5641025641025641,0.0,1,1,2024-05,Medium,2024-06,Low,0.153781512605042,0.18240620490620488,0.34344973544973545
SUP028,2024-06,17,6,1.1764705882352942,20,1,5,359406.75,0,0.3529411764705882,0.0588235294117647,0.0,0.0,0.0,0.0,359406.75,1.0,0.0,0.0230606992601721,0.0,0.0,-0.3009049773755656,0.0,-0.5542986425339367,0.0,1,0,2024-06,Low,2024-07,Low,0.16339285714285712,0.18240620490620488,0.34344973544973545
SUP028,2024-07,16,6,1.25,20,2,7,330273.32,0,0.375,0.125,0.0,0.0,0.0,0.0,330273.32,1.0,0.0,0.0208187800742368,0.0,0.0,0.0220588235294117,0.0,0.0735294117647058,0.0,1,1,2024-07,Low,2024-08,Low,0.0813142857142857,0.18240620490620488,0.34344973544973545
SUP028,2024-08,25,5,0.44,11,2,8,515689.86,0,0.2,0.08,0.0,0.0,0.0,0.0,515689.86,1.0,0.0,0.0336343989953352,0.0,0.0,-0.175,0.0,-0.81,0.0,1,0,2024-08,Low,2024-09,Low,0.13474025974025974,0.18240620490620488,0.34344973544973545
SUP028,2024-09,22,7,0.9090909090909092,20,1,5,454662.2,0,0.3181818181818182,0.0454545454545454,0.0,0.0,0.0,0.0,454662.2,1.0,0.0,0.0295605670673939,0.0,0.0,0.1181818181818181,0.0,0.469090909090909,0.0,1,1,2024-09,Low,2024-10,Medium,0.19555555555555554,0.18240620490620488,0.34344973544973545
SUP028,2024-10,18,8,1.5555555555555556,28,1,1,517401.85,0,0.4444444444444444,0.0555555555555555,0.0,0.0,0.0,0.0,517401.85,1.0,0.0,0.0341586083910338,0.0,0.0,0.1262626262626262,0.0,0.6464646464646465,0.0,1,1,2024-10,Medium,2024-11,Medium,0.2259113300492611,0.18240620490620488,0.34344973544973545
SUP028,2024-11,29,16,1.2758620689655171,37,5,32,516339.03,0,0.5517241379310345,0.1724137931034483,0.0,0.0,0.0,0.0,516339.03,1.0,0.0,0.0338705334623568,0.0,0.0,0.10727969348659,0.0,-0.2796934865900382,0.0,1,1,2024-11,Medium,2024-12,Medium,0.2212987012987013,0.18240620490620488,0.34344973544973545
SUP028,2024-12,22,12,1.181818181818182,26,0,0,485308.25,0,0.5454545454545454,0.0,0.0,0.0,0.0,0.0,485308.25,1.0,0.0,0.029327145504693,0.0,0.0,-0.006269592476489,0.0,-0.0940438871473354,0.0,1,0,2024-12,Medium,2025-01,Low,0.17204081632653057,0.18240620490620488,0.34344973544973545
SUP029,2022-02,8,0,0.0,0,0,0,62312.76,0,0.0,0.0,0.0,1.0,1.0,0.125,62312.76,1.0,0.0,0.0071092528847408,0.0,0.0,0.0,0.0,0.0,0.0,0,0,2022-02,Low,2022-03,Medium,0.18526785714285712,0.18240620490620488,0.34344973544973545
SUP029,2022-03,16,7,1.25,20,2,4,294696.93,0,0.4375,0.125,0.0,0.0,0.0,0.0,294696.93,1.0,0.0,0.0194621140531441,0.0,0.0,0.4375,-0.125,1.25,0.0,1,1,2022-03,Medium,2022-04,Low,0.16698063840920985,0.18240620490620488,0.34344973544973545
SUP029,2022-04,21,7,0.9523809523809524,20,2,6,551529.49,0,0.3333333333333333,0.0952380952380952,0.0,1.0,1.0,0.0476190476190476,551529.49,1.0,0.0,0.0354133741467416,0.0,0.0,-0.1041666666666666,0.0476190476190476,-0.2976190476190476,0.0,1,1,2022-04,Low,2022-05,Medium,0.23298701298701296,0.18240620490620488,0.34344973544973545
SUP029,2022-05,22,12,1.6363636363636365,36,1,3,507102.37,0,0.5454545454545454,0.0454545454545454,0.0,0.0,0.0,0.0,507102.37,1.0,0.0,0.0294831567759708,0.0,0.0,0.2121212121212121,-0.0476190476190476,0.6839826839826841,0.0,1,1,2022-05,Medium,2022-06,Medium,0.24823529411764705,0.18240620490620488,0.34344973544973545
SUP029,2022-06,17,10,1.6470588235294117,28,3,8,450153.59,0,0.5882352941176471,0.1764705882352941,0.0,0.0,0.0,0.0,450153.59,1.0,0.0,0.0281317878137964,0.0,0.0,0.0427807486631016,0.0,0.0106951871657752,0.0,1,1,2022-06,Medium,2022-07,Medium,0.1979831932773109,0.18240620490620488,0.34344973544973545
SUP029,2022-07,17,8,1.2941176470588236,22,0,0,534999.1900000001,0,0.4705882352941176,0.0,0.0,0.0,0.0,0.0,534999.1900000001,1.0,0.0,0.0318633521813585,0.0,0.0,-0.1176470588235294,0.0,-0.3529411764705881,0.0,1,0,2022-07,Medium,2022-08,Low,0.15999999999999998,0.18240620490620488,0.34344973544973545
SUP029,2022-08,11,4,1.2727272727272727,14,2,4,126718.06,0,0.3636363636363636,0.1818181818181818,0.0,0.0,0.0,0.0,126718.06,1.0,0.0,0.0075861730310767,0.0,0.0,-0.106951871657754,0.0,-0.0213903743315508,0.0,1,0,2022-08,Low,2022-09,Low,0.17900621118012416,0.18240620490620488,0.34344973544973545
SUP029,2022-09,23,10,1.0434782608695652,24,1,6,735942.86,0,0.4347826086956521,0.0434782608695652,0.0,0.0,0.0,0.0,735942.86,1.0,0.0,0.047799166269624,0.0,0.0,0.0711462450592885,0.0,-0.2292490118577075,0.0,1,1,2022-09,Low,2022-10,Low,0.14714285714285713,0.18240620490620488,0.34344973544973545
SUP029,2022-10,22,8,0.7727272727272727,17,2,3,820577.1799999999,0,0.3636363636363636,0.0909090909090909,0.0,0.0,0.0,0.0,820577.1799999999,1.0,0.0,0.049623386933752,0.0,0.0,-0.0711462450592885,0.0,-0.2707509881422925,0.0,1,0,2022-10,Low,2022-11,Low,0.12081632653061224,0.18240620490620488,0.34344973544973545
SUP029,2022-11,21,6,0.8095238095238095,17,2,8,609022.89,0,0.2857142857142857,0.0952380952380952,0.0,0.0,0.0,0.0,609022.89,1.0,0.0,0.0394511176539219,0.0,0.0,-0.0779220779220779,0.0,0.0367965367965368,0.0,1,1,2022-11,Low,2022-12,Low,0.1639455782312925,0.18240620490620488,0.34344973544973545
SUP029,2022-12,21,8,1.1904761904761905,25,0,0,646938.27,0,0.3809523809523809,0.0,0.0,0.0,0.0,0.0,646938.27,1.0,0.0,0.0374813465434836,0.0,0.0,0.0952380952380952,0.0,0.3809523809523809,0.0,1,1,2022-12,Low,2023-01,Medium,0.2293877551020408,0.18240620490620488,0.34344973544973545
SUP029,2023-01,14,8,1.1428571428571428,16,1,1,219866.89,0,0.5714285714285714,0.0714285714285714,0.0,0.0,0.0,0.0,219866.89,1.0,0.0,0.0125084871473516,0.0,0.0,0.1904761904761904,0.0,-0.0476190476190476,0.0,1,1,2023-01,Medium,2023-02,Medium,0.20307692307692307,0.18240620490620488,0.34344973544973545
SUP029,2023-02,13,6,1.6153846153846154,21,0,0,567799.78,0,0.4615384615384615,0.0,0.0,0.0,0.0,0.0,567799.78,1.0,0.0,0.0389544576700192,0.0,0.0,-0.1098901098901098,0.0,0.4725274725274726,0.0,1,1,2023-02,Medium,2023-03,Low,0.10344322344322342,0.18240620490620488,0.34344973544973545
SUP029,2023-03,12,2,0.3333333333333333,4,0,0,334542.7,0,0.1666666666666666,0.0,0.0,1.0,1.0,0.0833333333333333,334542.7,1.0,0.0,0.0229466562117988,0.0,0.0,-0.2948717948717949,0.0833333333333333,-1.2820512820512822,0.0,1,1,2023-03,Low,2023-04,Medium,0.2181318681318681,0.18240620490620488,0.34344973544973545
SUP029,2023-04,26,14,1.1538461538461535,30,1,3,763326.42,0,0.5384615384615384,0.0384615384615384,0.0,0.0,0.0,0.0,763326.42,1.0,0.0,0.0428403407179951,0.0,0.0,0.3717948717948718,-0.0833333333333333,0.8205128205128205,0.0,1,1,2023-04,Medium,2023-05,Medium,0.27954285714285715,0.18240620490620488,0.34344973544973545
SUP029,2023-05,25,16,2.16,54,1,2,923045.09,0,0.64,0.04,0.0,0.0,0.0,0.0,923045.09,1.0,0.0,0.0594115094714972,0.0,0.0,0.1015384615384615,0.0,1.0061538461538464,0.0,1,1,2023-05,Medium,2023-06,Low,0.1564935064935065,0.18240620490620488,0.34344973544973545
SUP029,2023-06,22,8,1.1363636363636365,25,3,10,586734.67,0,0.3636363636363636,0.1363636363636363,0.0,0.0,0.0,0.0,586734.67,1.0,0.0,0.034003727601368,0.0,0.0,-0.2763636363636363,0.0,-1.0236363636363637,0.0,1,0,2023-06,Low,2023-07,Medium,0.24052631578947367,0.18240620490620488,0.34344973544973545
SUP029,2023-07,19,11,1.4736842105263157,28,1,4,316999.07,0,0.5789473684210527,0.0526315789473684,0.0,0.0,0.0,0.0,316999.07,1.0,0.0,0.0182726442430974,0.0,0.0,0.215311004784689,0.0,0.3373205741626792,0.0,1,1,2023-07,Medium,2023-08,Low,0.11744897959183673,0.18240620490620488,0.34344973544973545
SUP029,2023-08,28,8,0.6785714285714286,19,2,8,544756.86,0,0.2857142857142857,0.0714285714285714,0.0,0.0,0.0,0.0,544756.86,1.0,0.0,0.0338278252047229,0.0,0.0,-0.2932330827067669,0.0,-0.7951127819548871,0.0,1,0,2023-08,Low,2023-09,Medium,0.25531746031746033,0.18240620490620488,0.34344973544973545
SUP029,2023-09,18,11,1.6111111111111112,29,2,8,310066.46,0,0.6111111111111112,0.1111111111111111,0.0,0.0,0.0,0.0,310066.46,1.0,0.0,0.020028534699535,0.0,0.0,0.3253968253968254,0.0,0.9325396825396826,0.0,1,1,2023-09,Medium,2023-10,Medium,0.2442197802197802,0.18240620490620488,0.34344973544973545
SUP029,2023-10,15,6,1.6,24,1,3,353775.87,0,0.4,0.0666666666666666,0.0,2.0,2.0,0.1333333333333333,353775.87,1.0,0.0,0.0206663138510637,0.0,0.0,-0.2111111111111111,0.1333333333333333,-0.011111111111111,0.0,1,1,2023-10,Medium,2023-11,Low,0.16660714285714284,0.18240620490620488,0.34344973544973545
SUP029,2023-11,16,6,1.375,22,1,4,569690.53,0,0.375,0.0625,0.0,0.0,0.0,0.0,569690.53,1.0,0.0,0.0379518042965073,0.0,0.0,-0.025,-0.1333333333333333,-0.2250000000000001,0.0,1,0,2023-11,Low,2023-12,Medium,0.19698412698412696,0.18240620490620488,0.34344973544973545
SUP029,2023-12,18,8,1.6111111111111112,29,2,3,491399.39,0,0.4444444444444444,0.1111111111111111,0.0,0.0,0.0,0.0,491399.39,1.0,0.0,0.0293020108465505,0.0,0.0,0.0694444444444444,0.0,0.2361111111111111,0.0,1,1,2023-12,Medium,2024-01,Low,0.16942961800104656,0.18240620490620488,0.34344973544973545
SUP029,2024-01,21,7,1.0476190476190477,22,2,7,453742.67,0,0.3333333333333333,0.0952380952380952,0.0,1.0,1.0,0.0476190476190476,453742.67,1.0,0.0,0.02792014463015,0.0,0.0,-0.1111111111111111,0.0476190476190476,-0.5634920634920635,0.0,1,1,2024-01,Low,2024-02,Medium,0.20928571428571427,0.18240620490620488,0.34344973544973545
SUP029,2024-02,18,9,1.3333333333333333,24,2,3,416146.68,0,0.5,0.1111111111111111,0.0,0.0,0.0,0.0,416146.68,1.0,0.0,0.0300214568306507,0.0,0.0,0.1666666666666666,-0.0476190476190476,0.2857142857142856,0.0,1,1,2024-02,Medium,2024-03,Low,0.16490683229813663,0.18240620490620488,0.34344973544973545
SUP029,2024-03,23,9,1.0869565217391304,25,1,1,601711.6,0,0.391304347826087,0.0434782608695652,0.0,0.0,0.0,0.0,601711.6,1.0,0.0,0.0365090966294359,0.0,0.0,-0.108695652173913,0.0,-0.2463768115942028,0.0,1,0,2024-03,Low,2024-04,Medium,0.20214285714285712,0.18240620490620488,0.34344973544973545
SUP029,2024-04,18,9,1.0555555555555556,19,1,2,327000.77,0,0.5,0.0555555555555555,0.0,0.0,0.0,0.0,327000.77,1.0,0.0,0.0208683696427027,0.0,0.0,0.108695652173913,0.0,-0.0314009661835748,0.0,1,1,2024-04,Medium,2024-05,Medium,0.1936054421768707,0.18240620490620488,0.34344973544973545
SUP029,2024-05,21,10,1.0476190476190477,22,1,1,625812.05,0,0.4761904761904761,0.0476190476190476,0.0,0.0,0.0,0.0,625812.05,1.0,0.0,0.0391628238609302,0.0,0.0,-0.0238095238095238,0.0,-0.0079365079365079,0.0,1,0,2024-05,Medium,2024-06,Medium,0.27670329670329674,0.18240620490620488,0.34344973544973545
SUP029,2024-06,13,8,2.3846153846153846,31,3,5,213942.38,0,0.6153846153846154,0.2307692307692307,0.0,0.0,0.0,0.0,213942.38,1.0,0.0,0.0137272349063713,0.0,0.0,0.1391941391941392,0.0,1.336996336996337,0.0,1,1,2024-06,Medium,2024-07,Low,0.15027795733678084,0.18240620490620488,0.34344973544973545
SUP029,2024-07,17,5,0.7058823529411765,12,3,9,442651.41,0,0.2941176470588235,0.1764705882352941,0.0,1.0,1.0,0.0588235294117647,442651.41,1.0,0.0,0.0279025334360669,0.0,0.0,-0.3212669683257919,0.0588235294117647,-1.678733031674208,0.0,1,1,2024-07,Low,2024-08,Low,0.15414965986394555,0.18240620490620488,0.34344973544973545
SUP029,2024-08,21,8,0.8095238095238095,17,1,6,413080.07,0,0.3809523809523809,0.0476190476190476,0.0,0.0,0.0,0.0,413080.07,1.0,0.0,0.0269419683594341,0.0,0.0,0.0868347338935573,-0.0588235294117647,0.103641456582633,0.0,1,1,2024-08,Low,2024-09,Low,0.07386554621848739,0.18240620490620488,0.34344973544973545
SUP029,2024-09,17,3,0.4705882352941176,8,1,4,974940.45,0,0.1764705882352941,0.0588235294117647,0.0,0.0,0.0,0.0,974940.45,1.0,0.0,0.0633872632449767,0.0,0.0,-0.2044817927170868,0.0,-0.3389355742296919,0.0,1,0,2024-09,Low,2024-10,Medium,0.2486466165413534,0.18240620490620488,0.34344973544973545
SUP029,2024-10,19,11,1.7894736842105263,34,1,2,461091.03,0,0.5789473684210527,0.0526315789473684,0.0,0.0,0.0,0.0,461091.03,1.0,0.0,0.0304409965414473,0.0,0.0,0.4024767801857585,0.0,1.3188854489164088,0.0,1,1,2024-10,Medium,2024-11,Low,0.14238095238095239,0.18240620490620488,0.34344973544973545
SUP029,2024-11,12,4,1.0,12,1,4,279463.02,0,0.3333333333333333,0.0833333333333333,0.0,0.0,0.0,0.0,279463.02,1.0,0.0,0.018332066763191,0.0,0.0,-0.2456140350877193,0.0,-0.7894736842105263,0.0,1,0,2024-11,Low,2024-12,Medium,0.21295566502463054,0.18240620490620488,0.34344973544973545
SUP029,2024-12,29,15,1.2413793103448276,36,3,11,460465.96,0,0.5172413793103449,0.1034482758620689,0.0,0.0,0.0,0.0,460465.96,1.0,0.0,0.0278259275602221,0.0,0.0,0.1839080459770115,0.0,0.2413793103448276,0.0,1,1,2024-12,Medium,2025-01,Low,0.14686813186813186,0.18240620490620488,0.34344973544973545
SUP029,2025-01,26,9,1.0,26,2,5,331297.66000000003,0,0.3461538461538461,0.0769230769230769,0.0,0.0,0.0,0.0,331297.66000000003,1.0,0.0,0.0201847358947839,0.0,0.0,-0.1710875331564987,0.0,-0.2413793103448276,0.0,1,0,2025-01,Low,2025-02,Low,0.09392857142857142,0.18240620490620488,0.34344973544973545
SUP030,2022-01,2,0,0.0,0,0,0,4926.200000000001,0,0.0,0.0,0.0,0.0,0.0,0.0,4926.200000000001,1.0,0.0,0.004662135348465,0.0,0.0,0.0,0.0,0.0,0.0,0,0,2022-01,Low,2022-02,Medium,0.20862637362637362,0.18240620490620488,0.34344973544973545
SUP030,2022-02,26,13,1.3076923076923077,34,3,8,206031.25,0,0.5,0.1153846153846153,0.0,0.0,0.0,0.0,206031.25,1.0,0.0,0.0235060725669871,0.0,0.0,0.5,0.0,1.3076923076923077,0.0,1,1,2022-02,Medium,2022-03,Medium,0.21261224489795919,0.18240620490620488,0.34344973544973545
SUP030,2022-03,35,17,1.6571428571428573,58,1,1,388101.69,0,0.4857142857142857,0.0285714285714285,0.0,0.0,0.0,0.0,388101.69,1.0,0.0,0.0256306686160524,0.0,0.0,-0.0142857142857142,0.0,0.3494505494505495,0.0,1,1,2022-03,Medium,2022-04,Low,0.11254658385093166,0.18240620490620488,0.34344973544973545
SUP030,2022-04,23,6,0.8260869565217391,19,5,14,225705.39,0,0.2608695652173913,0.217391304347826,0.0,0.0,0.0,0.0,225705.39,1.0,0.0,0.0144924062410629,0.0,0.0,-0.2248447204968944,0.0,-0.8310559006211181,0.0,1,0,2022-04,Low,2022-05,Medium,0.2364808362369338,0.18240620490620488,0.34344973544973545
SUP030,2022-05,41,23,1.5609756097560976,64,2,8,320088.56,0,0.5609756097560976,0.048780487804878,0.0,0.0,0.0,0.0,320088.56,1.0,0.0,0.0186100908908683,0.0,0.0,0.3001060445387063,0.0,0.7348886532343585,0.0,1,1,2022-05,Medium,2022-06,Medium,0.18887836301629402,0.18240620490620488,0.34344973544973545
SUP030,2022-06,29,12,0.8620689655172413,25,4,10,256766.37,0,0.4137931034482758,0.1379310344827586,0.0,1.0,1.0,0.0344827586206896,256766.37,1.0,0.0,0.0160462944182201,0.0,0.0,-0.1471825063078217,0.0344827586206896,-0.6989066442388563,0.0,1,1,2022-06,Medium,2022-07,Medium,0.22095238095238093,0.18240620490620488,0.34344973544973545
SUP030,2022-07,30,16,1.3333333333333333,40,3,4,335104.08,0,0.5333333333333333,0.1,0.0,0.0,0.0,0.0,335104.08,1.0,0.0,0.019958047634521,0.0,0.0,0.1195402298850574,-0.0344827586206896,0.4712643678160919,0.0,1,1,2022-07,Medium,2022-08,Medium,0.18798364426271397,0.18240620490620488,0.34344973544973545
SUP030,2022-08,43,17,1.2093023255813953,52,1,2,318445.46,0,0.3953488372093023,0.0232558139534883,0.0,1.0,1.0,0.0232558139534883,318445.46,1.0,0.0,0.0190642309432517,0.0,0.0,-0.137984496124031,0.0232558139534883,-0.1240310077519379,0.0,1,1,2022-08,Medium,2022-09,Medium,0.18490251683800069,0.18240620490620488,0.34344973544973545
SUP030,2022-09,31,12,1.096774193548387,34,2,6,328688.14,0,0.3870967741935484,0.064516129032258,0.0,1.0,1.0,0.032258064516129,328688.14,1.0,0.0,0.021348150663101,0.0,0.0,-0.0082520630157539,0.0090022505626406,-0.1125281320330082,0.0,1,1,2022-09,Medium,2022-10,Low,0.14883458646616538,0.18240620490620488,0.34344973544973545
SUP030,2022-10,38,13,1.131578947368421,43,4,16,407236.99,0,0.3421052631578947,0.1052631578947368,0.0,0.0,0.0,0.0,407236.99,1.0,0.0,0.0246271517427605,0.0,0.0,-0.0449915110356536,-0.032258064516129,0.034804753820034,0.0,1,1,2022-10,Low,2022-11,Medium,0.20903361344537813,0.18240620490620488,0.34344973544973545
SUP030,2022-11,34,17,1.3235294117647058,45,3,13,236810.69,0,0.5,0.088235294117647,0.0,0.0,0.0,0.0,236810.69,1.0,0.0,0.0153400578965044,0.0,0.0,0.1578947368421052,0.0,0.1919504643962848,0.0,1,1,2022-11,Medium,2022-12,Medium,0.18683229813664592,0.18240620490620488,0.34344973544973545
SUP030,2022-12,23,10,1.3478260869565215,31,4,9,257699.61,0,0.4347826086956521,0.1739130434782608,0.0,0.0,0.0,0.0,257699.61,1.0,0.0,0.0149302164278063,0.0,0.0,-0.0652173913043478,0.0,0.0242966751918158,0.0,1,1,2022-12,Medium,2023-01,Low,0.10293040293040293,0.18240620490620488,0.34344973544973545
SUP030,2023-01,39,10,0.5128205128205128,20,3,12,336204.51,0,0.2564102564102564,0.0769230769230769,0.0,0.0,0.0,0.0,336204.51,1.0,0.0,0.0191270718033836,0.0,0.0,-0.1783723522853957,0.0,-0.835005574136009,0.0,1,0,2023-01,Low,2023-02,Low,0.16444805194805193,0.18240620490620488,0.34344973544973545
SUP030,2023-02,44,17,1.1363636363636365,50,2,3,305170.04,0,0.3863636363636363,0.0454545454545454,0.0,0.0,0.0,0.0,305170.04,1.0,0.0,0.0209364882200871,0.0,0.0,0.1299533799533799,0.0,0.6235431235431237,0.0,1,1,2023-02,Low,2023-03,Medium,0.21386243386243386,0.18240620490620488,0.34344973544973545
SUP030,2023-03,27,14,1.2592592592592593,34,1,1,253214.51,0,0.5185185185185185,0.037037037037037,0.0,0.0,0.0,0.0,253214.51,1.0,0.0,0.0173682651237318,0.0,0.0,0.1321548821548821,0.0,0.1228956228956228,0.0,1,1,2023-03,Medium,2023-04,Low,0.14238095238095239,0.18240620490620488,0.34344973544973545
SUP030,2023-04,24,8,1.0,24,2,2,222899.07,0,0.3333333333333333,0.0833333333333333,0.0,0.0,0.0,0.0,222899.07,1.0,0.0,0.0125098147454718,0.0,0.0,-0.1851851851851851,0.0,-0.2592592592592593,0.0,1,0,2023-04,Low,2023-05,Low,0.1375,0.18240620490620488,0.34344973544973545
SUP030,2023-05,32,10,1.09375,35,5,7,217541.44,0,0.3125,0.15625,0.0,0.0,0.0,0.0,217541.44,1.0,0.0,0.014001986970109,0.0,0.0,-0.0208333333333333,0.0,0.09375,0.0,1,1,2023-05,Low,2023-06,Medium,0.21556443556443555,0.18240620490620488,0.34344973544973545
SUP030,2023-06,33,15,1.393939393939394,46,2,3,315116.17,0,0.4545454545454545,0.0606060606060606,0.0,1.0,1.0,0.0303030303030303,315116.17,1.0,0.0,0.0182622997333128,0.0,0.0,0.1420454545454545,0.0303030303030303,0.300189393939394,0.0,1,1,2023-06,Medium,2023-07,Medium,0.18606227106227102,0.18240620490620488,0.34344973544973545
SUP030,2023-07,42,17,1.0,42,2,6,398534.76,0,0.4047619047619047,0.0476190476190476,0.0,1.0,1.0,0.0238095238095238,398534.76,1.0,0.0,0.0229725717743847,0.0,0.0,-0.0497835497835497,-0.0064935064935064,-0.393939393939394,0.0,1,0,2023-07,Medium,2023-08,Low,0.16036866359447002,0.18240620490620488,0.34344973544973545
SUP030,2023-08,31,12,0.967741935483871,30,3,9,252853.96,0,0.3870967741935484,0.0967741935483871,0.0,0.0,0.0,0.0,252853.96,1.0,0.0,0.0157014994931904,0.0,0.0,-0.0176651305683563,-0.0238095238095238,-0.032258064516129,0.0,1,0,2023-08,Low,2023-09,Medium,0.2192063492063492,0.18240620490620488,0.34344973544973545
SUP030,2023-09,27,15,0.9629629629629628,26,2,9,275529.62,0,0.5555555555555556,0.074074074074074,0.0,0.0,0.0,0.0,275529.62,1.0,0.0,0.0177976507195254,0.0,0.0,0.1684587813620072,0.0,-0.004778972520908,0.0,1,1,2023-09,Medium,2023-10,Medium,0.23841816078658185,0.18240620490620488,0.34344973544973545
SUP030,2023-10,38,19,1.7105263157894737,65,3,6,398993.98,0,0.5,0.0789473684210526,0.0,1.0,1.0,0.0263157894736842,398993.98,1.0,0.0,0.0233077931950673,0.0,0.0,-0.0555555555555555,0.0263157894736842,0.7475633528265108,0.0,1,1,2023-10,Medium,2023-11,Low,0.15847290640394088,0.18240620490620488,0.34344973544973545
SUP030,2023-11,29,11,1.0,29,2,10,238289.59,0,0.3793103448275862,0.0689655172413793,0.0,0.0,0.0,0.0,238289.59,1.0,0.0,0.0158744430692484,0.0,0.0,-0.1206896551724138,-0.0263157894736842,-0.7105263157894737,0.0,1,0,2023-11,Low,2023-12,Medium,0.19549084249084248,0.18240620490620488,0.34344973544973545
SUP030,2023-12,30,13,0.8666666666666667,26,3,12,355045.37,0,0.4333333333333333,0.1,0.0,1.0,1.0,0.0333333333333333,355045.37,1.0,0.0,0.0211712580326107,0.0,0.0,0.0540229885057471,0.0333333333333333,-0.1333333333333333,0.0,1,1,2023-12,Medium,2024-01,Medium,0.2004081632653061,0.18240620490620488,0.34344973544973545
SUP030,2024-01,35,16,1.5714285714285714,55,2,6,259774.17,0,0.4571428571428571,0.0571428571428571,0.0,0.0,0.0,0.0,259774.17,1.0,0.0,0.0159846822375713,0.0,0.0,0.0238095238095237,-0.0333333333333333,0.7047619047619047,0.0,1,1,2024-01,Medium,2024-02,Medium,0.21078215901745312,0.18240620490620488,0.34344973544973545
SUP030,2024-02,34,16,1.0,34,4,13,402876.81,0,0.4705882352941176,0.1176470588235294,0.0,1.0,1.0,0.0294117647058823,402876.81,1.0,0.0,0.0290641481496026,0.0,0.0,0.0134453781512605,0.0294117647058823,-0.5714285714285714,0.0,1,1,2024-02,Medium,2024-03,Medium,0.18845507433742725,0.18240620490620488,0.34344973544973545
SUP030,2024-03,34,12,0.9411764705882352,32,2,11,284745.25,0,0.3529411764705882,0.0588235294117647,0.0,2.0,2.0,0.0588235294117647,284745.25,1.0,0.0,0.0172770341256889,0.0,0.0,-0.1176470588235293,0.0294117647058823,-0.0588235294117647,0.0,1,1,2024-03,Medium,2024-04,Medium,0.2175274725274725,0.18240620490620488,0.34344973544973545
SUP030,2024-04,26,13,1.6538461538461535,43,4,8,192787.93,0,0.5,0.1538461538461538,0.0,0.0,0.0,0.0,192787.93,1.0,0.0,0.0123032425455496,0.0,0.0,0.1470588235294117,-0.0588235294117647,0.7126696832579185,0.0,1,1,2024-04,Medium,2024-05,Low,0.18039560439560443,0.18240620490620488,0.34344973544973545
SUP030,2024-05,25,9,1.2,30,3,19,237251.56,0,0.36,0.12,0.0,1.0,1.0,0.04,237251.56,1.0,0.0,0.014847015258033,0.0,0.0,-0.14,0.04,-0.4538461538461538,0.0,1,1,2024-05,Low,2024-06,Medium,0.25087284144427,0.18240620490620488,0.34344973544973545
SUP030,2024-06,35,17,1.9142857142857144,67,4,10,278618.45,0,0.4857142857142857,0.1142857142857142,0.0,1.0,2.0,0.0285714285714285,278618.45,1.0,0.0,0.0178770606945621,0.0,0.0,0.1257142857142857,-0.0114285714285714,0.7142857142857144,0.0,1,1,2024-06,Medium,2024-07,Low,0.12370370370370369,0.18240620490620488,0.34344973544973545
SUP030,2024-07,27,8,0.7777777777777778,21,1,1,256062.27,0,0.2962962962962963,0.037037037037037,0.0,0.0,0.0,0.0,256062.27,1.0,0.0,0.0161408862345885,0.0,0.0,-0.1894179894179894,-0.0285714285714285,-1.1365079365079365,0.0,1,0,2024-07,Low,2024-08,Low,0.1698299319727891,0.18240620490620488,0.34344973544973545
SUP030,2024-08,42,17,1.0952380952380951,46,2,7,372903.69,0,0.4047619047619047,0.0476190476190476,0.0,0.0,0.0,0.0,372903.69,1.0,0.0,0.0243215786641467,0.0,0.0,0.1084656084656084,0.0,0.3174603174603175,0.0,1,1,2024-08,Low,2024-09,Medium,0.1830612244897959,0.18240620490620488,0.34344973544973545
SUP030,2024-09,35,15,1.2857142857142858,45,3,11,346201.25,0,0.4285714285714285,0.0857142857142857,0.0,0.0,0.0,0.0,346201.25,1.0,0.0,0.0225088104298985,0.0,0.0,0.0238095238095237,0.0,0.1904761904761904,0.0,1,1,2024-09,Medium,2024-10,Medium,0.19464285714285715,0.18240620490620488,0.34344973544973545
SUP030,2024-10,28,13,1.25,35,3,24,250105.96,0,0.4642857142857143,0.1071428571428571,0.0,0.0,0.0,0.0,250105.96,1.0,0.0,0.0165118689542829,0.0,0.0,0.0357142857142857,0.0,-0.0357142857142858,0.0,1,1,2024-10,Medium,2024-11,Medium,0.23566502463054187,0.18240620490620488,0.34344973544973545
SUP030,2024-11,29,16,1.6551724137931034,48,1,1,265793.18,0,0.5517241379310345,0.0344827586206896,0.0,0.0,0.0,0.0,265793.18,1.0,0.0,0.017435359858921,0.0,0.0,0.0874384236453201,0.0,0.4051724137931034,0.0,1,1,2024-11,Medium,2024-12,Low,0.13366795366795364,0.18240620490620488,0.34344973544973545
SUP030,2024-12,37,12,0.7837837837837838,29,4,18,311229.09,0,0.3243243243243243,0.1081081081081081,0.0,0.0,0.0,0.0,311229.09,1.0,0.0,0.0188075533595878,0.0,0.0,-0.2273998136067101,0.0,-0.8713886300093197,0.0,1,0,2024-12,Low,2025-01,Low,0.17305631868131865,0.18240620490620488,0.34344973544973545
SUP030,2025-01,32,12,0.8125,26,2,6,446507.41,0,0.375,0.0625,0.0,1.0,1.0,0.03125,446507.41,1.0,0.0,0.0272040380421461,0.0,0.0,0.0506756756756756,0.03125,0.0287162162162162,0.0,1,1,2025-01,Low,2025-02,Low,0.0,0.18240620490620488,0.34344973544973545
SUP031,2022-01,2,0,0.0,0,1,4,8238.44,0,0.0,0.5,0.0,0.0,0.0,0.0,8238.44,1.0,0.0,0.0077968256141058,0.0,0.0,0.0,0.0,0.0,0.0,0,0,2022-01,Low,2022-02,Low,0.14523809523809522,0.18240620490620488,0.34344973544973545
SUP031,2022-02,9,3,1.1111111111111112,10,1,2,71998.5,0,0.3333333333333333,0.1111111111111111,0.0,0.0,0.0,0.0,71998.5,1.0,0.0,0.0082142974219407,0.0,0.0,0.3333333333333333,0.0,1.1111111111111112,0.0,1,1,2022-02,Low,2022-03,Low,0.1345408163265306,0.18240620490620488,0.34344973544973545
SUP031,2022-03,28,9,0.8571428571428571,24,2,9,525012.54,0,0.3214285714285714,0.0714285714285714,0.0,0.0,0.0,0.0,525012.54,1.0,0.0,0.0346724139026861,0.0,0.0,-0.0119047619047618,0.0,-0.253968253968254,0.0,1,0,2022-03,Low,2022-04,Medium,0.31201465201465195,0.18240620490620488,0.34344973544973545
SUP031,2022-04,24,16,2.125,51,3,5,477285.72,0,0.6666666666666666,0.125,0.0,1.0,1.0,0.0416666666666666,477285.72,1.0,0.0,0.0306462266909009,0.0,0.0,0.3452380952380952,0.0416666666666666,1.2678571428571428,0.0,1,1,2022-04,Medium,2022-05,Low,0.11142857142857142,0.18240620490620488,0.34344973544973545
SUP031,2022-05,23,6,0.782608695652174,18,4,6,613727.4,0,0.2608695652173913,0.1739130434782608,0.0,0.0,0.0,0.0,613727.4,1.0,0.0,0.0356823833260905,0.0,0.0,-0.4057971014492753,-0.0416666666666666,-1.3423913043478262,0.0,1,0,2022-05,Low,2022-06,Medium,0.19615384615384615,0.18240620490620488,0.34344973544973545
SUP031,2022-06,26,12,1.3461538461538465,35,0,0,577843.14,0,0.4615384615384615,0.0,0.0,0.0,0.0,0.0,577843.14,1.0,0.0,0.0361115871676994,0.0,0.0,0.2006688963210702,0.0,0.5635451505016723,0.0,1,1,2022-06,Medium,2022-07,Low,0.07415584415584416,0.18240620490620488,0.34344973544973545
SUP031,2022-07,22,4,0.4090909090909091,9,0,0,511922.99,0,0.1818181818181818,0.0,0.0,0.0,0.0,0.0,511922.99,1.0,0.0,0.030488985450808,0.0,0.0,-0.2797202797202797,0.0,-0.9370629370629372,0.0,1,0,2022-07,Low,2022-08,Low,0.167012987012987,0.18240620490620488,0.34344973544973545
SUP031,2022-08,22,8,1.5454545454545454,34,0,0,466316.63,0,0.3636363636363636,0.0,0.0,0.0,0.0,0.0,466316.63,1.0,0.0,0.0279167676844847,0.0,0.0,0.1818181818181818,0.0,1.1363636363636362,0.0,1,1,2022-08,Low,2022-09,Medium,0.20992481203007518,0.18240620490620488,0.34344973544973545
SUP031,2022-09,19,10,1.0,19,2,3,304096.88,0,0.5263157894736842,0.1052631578947368,0.0,0.0,0.0,0.0,304096.88,1.0,0.0,0.019750959101898,0.0,0.0,0.1626794258373205,0.0,-0.5454545454545454,0.0,1,1,2022-09,Medium,2022-10,Low,0.15068571428571428,0.18240620490620488,0.34344973544973545
SUP031,2022-10,25,9,0.96,24,2,3,358959.99,0,0.36,0.08,0.0,0.0,0.0,0.0,358959.99,1.0,0.0,0.0217076600613068,0.0,0.0,-0.1663157894736842,0.0,-0.04,0.0,1,0,2022-10,Low,2022-11,Low,0.17257142857142854,0.18240620490620488,0.34344973544973545
SUP031,2022-11,15,6,1.2666666666666666,19,1,2,367674.63,0,0.4,0.0666666666666666,0.0,0.0,0.0,0.0,367674.63,1.0,0.0,0.0238171262930564,0.0,0.0,0.04,0.0,0.3066666666666666,0.0,1,1,2022-11,Low,2022-12,Low,0.16182539682539682,0.18240620490620488,0.34344973544973545
SUP031,2022-12,18,7,1.0,18,2,5,185336.12,0,0.3888888888888889,0.1111111111111111,0.0,0.0,0.0,0.0,185336.12,1.0,0.0,0.0107377282545747,0.0,0.0,-0.0111111111111111,0.0,-0.2666666666666666,0.0,1,0,2022-12,Low,2023-01,Medium,0.24773399014778322,0.18240620490620488,0.34344973544973545
SUP031,2023-01,29,17,1.6551724137931034,48,1,1,630804.34,0,0.5862068965517241,0.0344827586206896,0.0,0.0,0.0,0.0,630804.34,1.0,0.0,0.0358872042051608,0.0,0.0,0.1973180076628352,0.0,0.6551724137931034,0.0,1,1,2023-01,Medium,2023-02,Low,0.1286607142857143,0.18240620490620488,0.34344973544973545
SUP031,2023-02,16,5,0.75,12,4,9,399844.18,0,0.3125,0.25,0.0,0.0,0.0,0.0,399844.18,1.0,0.0,0.027431699928474,0.0,0.0,-0.2737068965517241,0.0,-0.9051724137931034,0.0,1,0,2023-02,Low,2023-03,Medium,0.1836607142857143,0.18240620490620488,0.34344973544973545
SUP031,2023-03,16,7,1.1875,19,0,0,237935.15,0,0.4375,0.0,0.0,0.0,0.0,0.0,237935.15,1.0,0.0,0.0163202368120804,0.0,0.0,0.125,0.0,0.4375,0.0,1,1,2023-03,Medium,2023-04,Low,0.15999999999999998,0.18240620490620488,0.34344973544973545
SUP031,2023-04,22,8,1.2727272727272727,28,0,0,398101.1,0,0.3636363636363636,0.0,0.0,0.0,0.0,0.0,398101.1,1.0,0.0,0.0223427177644508,0.0,0.0,-0.0738636363636363,0.0,0.0852272727272727,0.0,1,1,2023-04,Low,2023-05,Low,0.15438095238095237,0.18240620490620488,0.34344973544973545
SUP031,2023-05,15,5,1.4666666666666666,22,1,2,264833.96,0,0.3333333333333333,0.0666666666666666,0.0,0.0,0.0,0.0,264833.96,1.0,0.0,0.0170459552771296,0.0,0.0,-0.0303030303030303,0.0,0.1939393939393938,0.0,1,1,2023-05,Low,2023-06,Medium,0.19298701298701296,0.18240620490620488,0.34344973544973545
SUP031,2023-06,22,10,1.318181818181818,29,2,5,325937.31,0,0.4545454545454545,0.0909090909090909,0.0,0.0,0.0,0.0,325937.31,1.0,0.0,0.0188894300457183,0.0,0.0,0.1212121212121212,0.0,-0.1484848484848484,0.0,1,1,2023-06,Medium,2023-07,Medium,0.22344322344322343,0.18240620490620488,0.34344973544973545
SUP031,2023-07,30,14,1.5,45,1,1,738520.55,0,0.4666666666666667,0.0333333333333333,0.0,1.0,1.0,0.0333333333333333,738520.55,1.0,0.0,0.0425702298633451,0.0,0.0,0.0121212121212121,0.0333333333333333,0.1818181818181818,0.0,1,1,2023-07,Medium,2023-08,Medium,0.20297142857142855,0.18240620490620488,0.34344973544973545
SUP031,2023-08,25,12,1.36,34,2,3,326417.06,0,0.48,0.08,0.0,0.0,0.0,0.0,326417.06,1.0,0.0,0.0202695552094921,0.0,0.0,0.0133333333333333,-0.0333333333333333,-0.1399999999999999,0.0,1,1,2023-08,Medium,2023-09,Low,0.1657142857142857,0.18240620490620488,0.34344973544973545
SUP031,2023-09,25,10,1.0,25,4,7,375893.71,0,0.4,0.16,0.0,0.0,0.0,0.0,375893.71,1.0,0.0,0.0242806016944624,0.0,0.0,-0.0799999999999999,0.0,-0.3600000000000001,0.0,1,0,2023-09,Low,2023-10,Medium,0.3210415671285236,0.18240620490620488,0.34344973544973545
SUP031,2023-10,23,15,2.652173913043478,61,3,15,343199.9,0,0.6521739130434783,0.1304347826086956,0.0,1.0,1.0,0.0434782608695652,343199.9,1.0,0.0,0.0200485037237098,0.0,0.0,0.2521739130434782,0.0434782608695652,1.652173913043478,0.0,1,1,2023-10,Medium,2023-11,Low,0.11415584415584415,0.18240620490620488,0.34344973544973545
SUP031,2023-11,22,6,0.7272727272727273,16,2,3,355919.38,0,0.2727272727272727,0.0909090909090909,0.0,0.0,0.0,0.0,355919.38,1.0,0.0,0.0237107375737739,0.0,0.0,-0.3794466403162055,-0.0434782608695652,-1.9249011857707508,0.0,1,0,2023-11,Low,2023-12,Medium,0.2640372670807453,0.18240620490620488,0.34344973544973545
SUP031,2023-12,23,15,1.391304347826087,32,3,17,324458.11,0,0.6521739130434783,0.1304347826086956,0.0,0.0,0.0,0.0,324458.11,1.0,0.0,0.0193473481081677,0.0,0.0,0.3794466403162055,0.0,0.6640316205533596,0.0,1,1,2023-12,Medium,2024-01,Low,0.1736904761904762,0.18240620490620488,0.34344973544973545
SUP031,2024-01,24,10,1.0833333333333333,26,3,11,267284.81,0,0.4166666666666667,0.125,0.0,0.0,0.0,0.0,267284.81,1.0,0.0,0.0164468343976601,0.0,0.0,-0.2355072463768115,0.0,-0.3079710144927536,0.0,1,0,2024-01,Low,2024-02,Medium,0.1925595238095238,0.18240620490620488,0.34344973544973545
SUP031,2024-02,24,11,1.25,30,2,3,453727.1,0,0.4583333333333333,0.0833333333333333,0.0,0.0,0.0,0.0,453727.1,1.0,0.0,0.0327325657038675,0.0,0.0,0.0416666666666666,0.0,0.1666666666666667,0.0,1,1,2024-02,Medium,2024-03,Medium,0.18553846153846149,0.18240620490620488,0.34344973544973545
SUP031,2024-03,30,12,0.9333333333333332,28,3,12,425253.63,0,0.4,0.1,0.0,1.0,1.0,0.0333333333333333,425253.63,1.0,0.0,0.0258024373631627,0.0,0.0,-0.0583333333333332,0.0333333333333333,-0.3166666666666666,0.0,1,1,2024-03,Medium,2024-04,Medium,0.22107142857142856,0.18240620490620488,0.34344973544973545
SUP031,2024-04,24,12,1.7916666666666667,43,1,2,552502.81,0,0.5,0.0416666666666666,0.0,0.0,0.0,0.0,552502.81,1.0,0.0,0.0352593447034145,0.0,0.0,0.0999999999999999,-0.0333333333333333,0.8583333333333334,0.0,1,1,2024-04,Medium,2024-05,Medium,0.22129251700680272,0.18240620490620488,0.34344973544973545
SUP031,2024-05,21,11,1.4761904761904765,31,1,2,608015.18,0,0.5238095238095238,0.0476190476190476,0.0,0.0,0.0,0.0,608015.18,1.0,0.0,0.0380491097912093,0.0,0.0,0.0238095238095238,0.0,-0.3154761904761904,0.0,1,1,2024-05,Medium,2024-06,Medium,0.1883116883116883,0.18240620490620488,0.34344973544973545
SUP031,2024-06,22,10,1.1363636363636365,25,1,1,469562.56,0,0.4545454545454545,0.0454545454545454,0.0,0.0,0.0,0.0,469562.56,1.0,0.0,0.0301286522303672,0.0,0.0,-0.0692640692640693,0.0,-0.3398268398268398,0.0,1,0,2024-06,Medium,2024-07,Medium,0.21594285714285716,0.18240620490620488,0.34344973544973545
SUP031,2024-07,25,13,1.32,33,3,8,335313.3,0,0.52,0.12,0.0,0.0,0.0,0.0,335313.3,1.0,0.0,0.0211364752341079,0.0,0.0,0.0654545454545454,0.0,0.1836363636363636,0.0,1,1,2024-07,Medium,2024-08,Low,0.1784962406015037,0.18240620490620488,0.34344973544973545
SUP031,2024-08,19,8,1.2105263157894737,23,1,2,256318.9,0,0.4210526315789473,0.0526315789473684,0.0,0.0,0.0,0.0,256318.9,1.0,0.0,0.0167176685472261,0.0,0.0,-0.0989473684210526,0.0,-0.1094736842105263,0.0,1,0,2024-08,Low,2024-09,Low,0.17308270676691725,0.18240620490620488,0.34344973544973545
SUP031,2024-09,19,8,1.0,19,0,0,240960.39,0,0.4210526315789473,0.0,0.0,0.0,0.0,0.0,240960.39,1.0,0.0,0.0156664129306997,0.0,0.0,0.0,0.0,-0.2105263157894736,0.0,1,0,2024-09,Low,2024-10,Medium,0.20109890109890108,0.18240620490620488,0.34344973544973545
SUP031,2024-10,26,12,1.5384615384615383,40,1,3,624283.74,0,0.4615384615384615,0.0384615384615384,0.0,0.0,0.0,0.0,624283.74,1.0,0.0,0.0412148966988618,0.0,0.0,0.0404858299595142,0.0,0.5384615384615385,0.0,1,1,2024-10,Medium,2024-11,Medium,0.23611428571428572,0.18240620490620488,0.34344973544973545
SUP031,2024-11,25,14,1.56,39,3,12,548101.92,0,0.56,0.12,0.0,0.0,0.0,0.0,548101.92,1.0,0.0,0.0359540986513105,0.0,0.0,0.0984615384615384,0.0,0.0215384615384615,0.0,1,1,2024-11,Medium,2024-12,Medium,0.20585034013605438,0.18240620490620488,0.34344973544973545
SUP031,2024-12,21,10,1.5238095238095235,32,1,1,292833.14,0,0.4761904761904761,0.0476190476190476,0.0,0.0,0.0,0.0,292833.14,1.0,0.0,0.0176958873156929,0.0,0.0,-0.0838095238095238,0.0,-0.0361904761904763,0.0,1,0,2024-12,Medium,2025-01,Medium,0.2277142857142857,0.18240620490620488,0.34344973544973545
SUP031,2025-01,20,10,2.05,41,2,2,493692.48,0,0.5,0.1,0.0,0.0,0.0,0.0,493692.48,1.0,0.0,0.0300788490991481,0.0,0.0,0.0238095238095238,0.0,0.5261904761904761,0.0,1,1,2025-01,Medium,2025-02,Medium,0.2007142857142857,0.18240620490620488,0.34344973544973545
SUP032,2022-01,1,1,2.0,2,0,0,1378.2,0,1.0,0.0,0.0,0.0,0.0,0.0,1378.2,1.0,0.0,0.0013043227918587,0.0,0.0,0.0,0.0,0.0,0.0,0,0,2022-01,High,2022-02,Medium,0.21194805194805194,0.18240620490620488,0.34344973544973545
SUP032,2022-02,11,6,0.8181818181818182,9,1,1,246360.29,0,0.5454545454545454,0.0909090909090909,0.0,0.0,0.0,0.0,246360.29,1.0,0.0,0.0281072063309036,0.0,0.0,-0.4545454545454546,0.0,-1.1818181818181817,0.0,1,0,2022-02,Medium,2022-03,Medium,0.2648051948051948,0.18240620490620488,0.34344973544973545
SUP032,2022-03,11,7,1.6363636363636365,18,1,3,145660.1,0,0.6363636363636364,0.0909090909090909,0.0,0.0,0.0,0.0,145660.1,1.0,0.0,0.0096195555182484,0.0,0.0,0.0909090909090909,0.0,0.8181818181818182,0.0,1,1,2022-03,Medium,2022-04,Low,0.13318681318681314,0.18240620490620488,0.34344973544973545
SUP032,2022-04,13,3,0.6923076923076923,9,2,7,121041.97,0,0.2307692307692307,0.1538461538461538,0.0,1.0,1.0,0.0769230769230769,121041.97,1.0,0.0,0.0077720315029186,0.0,0.0,-0.4055944055944055,0.0769230769230769,-0.9440559440559442,0.0,1,1,2022-04,Low,2022-05,Low,0.14564285714285713,0.18240620490620488,0.34344973544973545
SUP032,2022-05,20,7,0.9,18,0,0,279082.52,0,0.35,0.0,0.0,0.0,0.0,0.0,279082.52,1.0,0.0,0.0162259815322752,0.0,0.0,0.1192307692307692,-0.0769230769230769,0.2076923076923077,0.0,1,1,2022-05,Low,2022-06,Low,0.16983193277310923,0.18240620490620488,0.34344973544973545
SUP032,2022-06,17,7,1.0,17,0,0,277338.96,0,0.4117647058823529,0.0,0.0,0.0,0.0,0.0,277338.96,1.0,0.0,0.0173319528013071,0.0,0.0,0.0617647058823529,0.0,0.0999999999999999,0.0,1,1,2022-06,Low,2022-07,Low,0.1338095238095238,0.18240620490620488,0.34344973544973545
SUP032,2022-07,9,3,0.6666666666666666,6,0,0,114798.58,0,0.3333333333333333,0.0,0.0,0.0,0.0,0.0,114798.58,1.0,0.0,0.0068371460234544,0.0,0.0,-0.0784313725490196,0.0,-0.3333333333333333,0.0,1,0,2022-07,Low,2022-08,Medium,0.20714285714285713,0.18240620490620488,0.34344973544973545
SUP032,2022-08,8,4,1.25,10,0,0,91987.37,0,0.5,0.0,0.0,0.0,0.0,0.0,91987.37,1.0,0.0,0.0055069664536663,0.0,0.0,0.1666666666666666,0.0,0.5833333333333334,0.0,1,1,2022-08,Medium,2022-09,Medium,0.19214285714285714,0.18240620490620488,0.34344973544973545
SUP032,2022-09,12,6,0.6666666666666666,8,1,6,298428.73,0,0.5,0.0833333333333333,0.0,0.0,0.0,0.0,298428.73,1.0,0.0,0.0193828152431599,0.0,0.0,0.0,0.0,-0.5833333333333334,0.0,1,0,2022-09,Medium,2022-10,Low,0.09659340659340657,0.18240620490620488,0.34344973544973545
SUP032,2022-10,13,3,0.6153846153846154,8,0,0,226703.09,0,0.2307692307692307,0.0,0.0,0.0,0.0,0.0,226703.09,1.0,0.0,0.0137095881147306,0.0,0.0,-0.2692307692307692,0.0,-0.0512820512820512,0.0,1,0,2022-10,Low,2022-11,Medium,0.1826785714285714,0.18240620490620488,0.34344973544973545
SUP032,2022-11,8,3,2.0,16,0,0,150139.88,0,0.375,0.0,0.0,0.0,0.0,0.0,150139.88,1.0,0.0,0.0097257199485978,0.0,0.0,0.1442307692307692,0.0,1.3846153846153846,0.0,1,1,2022-11,Medium,2022-12,Medium,0.21357142857142858,0.18240620490620488,0.34344973544973545
SUP032,2022-12,12,6,1.5,18,0,0,115271.17,0,0.5,0.0,0.0,0.0,0.0,0.0,115271.17,1.0,0.0,0.006678409470571,0.0,0.0,0.125,0.0,-0.5,0.0,1,1,2022-12,Medium,2023-01,Medium,0.1887912087912088,0.18240620490620488,0.34344973544973545
SUP032,2023-01,13,4,0.4615384615384615,6,1,1,176573.55000000002,0,0.3076923076923077,0.0769230769230769,0.0,1.0,4.0,0.0769230769230769,176573.55000000002,1.0,0.0,0.010045477883174,0.0,0.0,-0.1923076923076923,0.0769230769230769,-1.0384615384615383,0.0,1,1,2023-01,Medium,2023-02,Low,0.12247619047619046,0.18240620490620488,0.34344973544973545
SUP032,2023-02,15,4,1.1333333333333333,17,0,0,213896.22,0,0.2666666666666666,0.0,0.0,0.0,0.0,0.0,213896.22,1.0,0.0,0.0146745587815605,0.0,0.0,-0.041025641025641,-0.0769230769230769,0.6717948717948717,0.0,1,1,2023-02,Low,2023-03,Low,0.02890109890109889,0.18240620490620488,0.34344973544973545
SUP032,2023-03,13,1,0.0769230769230769,1,0,0,159218.52,0,0.0769230769230769,0.0,0.0,0.0,0.0,0.0,159218.52,1.0,0.0,0.0109209755316478,0.0,0.0,-0.1897435897435897,0.0,-1.0564102564102564,0.0,1,0,2023-03,Low,2023-04,Low,0.10035714285714285,0.18240620490620488,0.34344973544973545
SUP032,2023-04,16,4,0.5,8,2,6,201355.59,0,0.25,0.125,0.0,0.0,0.0,0.0,201355.59,1.0,0.0,0.011300725161685,0.0,0.0,0.173076923076923,0.0,0.4230769230769231,0.0,1,1,2023-04,Low,2023-05,Low,0.1092063492063492,0.18240620490620488,0.34344973544973545
SUP032,2023-05,9,2,1.2222222222222223,11,1,2,180457.98,0,0.2222222222222222,0.1111111111111111,0.0,0.0,0.0,0.0,180457.98,1.0,0.0,0.0116151216274572,0.0,0.0,-0.0277777777777777,0.0,0.7222222222222223,0.0,1,1,2023-05,Low,2023-06,Low,0.06175824175824174,0.18240620490620488,0.34344973544973545
SUP032,2023-06,13,2,0.3076923076923077,4,0,0,321277.5,0,0.1538461538461538,0.0,0.0,0.0,0.0,0.0,321277.5,1.0,0.0,0.0186193745708746,0.0,0.0,-0.0683760683760683,0.0,-0.9145299145299146,0.0,1,0,2023-06,Low,2023-07,Low,0.15317111459968602,0.18240620490620488,0.34344973544973545
SUP032,2023-07,14,4,0.7857142857142857,11,1,8,242773.38,0,0.2857142857142857,0.0714285714285714,0.0,1.0,1.0,0.0714285714285714,242773.38,1.0,0.0,0.0139940839713955,0.0,0.0,0.1318681318681318,0.0714285714285714,0.478021978021978,0.0,1,1,2023-07,Low,2023-08,Low,0.05042857142857143,0.18240620490620488,0.34344973544973545
SUP032,2023-08,10,1,0.6,6,0,0,166046.68,0,0.1,0.0,0.0,0.0,0.0,0.0,166046.68,1.0,0.0,0.0103110185099175,0.0,0.0,-0.1857142857142857,-0.0714285714285714,-0.1857142857142857,0.0,1,0,2023-08,Low,2023-09,Medium,0.19520408163265304,0.18240620490620488,0.34344973544973545
SUP032,2023-09,14,7,0.7857142857142857,11,2,3,152562.1,0,0.5,0.1428571428571428,0.0,0.0,0.0,0.0,152562.1,1.0,0.0,0.0098546463673753,0.0,0.0,0.4,0.0,0.1857142857142857,0.0,1,1,2023-09,Medium,2023-10,Medium,0.2339560439560439,0.18240620490620488,0.34344973544973545
SUP032,2023-10,13,7,1.7692307692307692,23,0,0,316277.66000000003,0,0.5384615384615384,0.0,0.0,0.0,0.0,0.0,316277.66000000003,1.0,0.0,0.0184758032978337,0.0,0.0,0.0384615384615384,0.0,0.9835164835164836,0.0,1,1,2023-10,Medium,2023-11,Medium,0.30999999999999994,0.18240620490620488,0.34344973544973545
SUP032,2023-11,17,13,1.6470588235294117,28,0,0,252054.7,0,0.7647058823529411,0.0,0.0,0.0,0.0,0.0,252054.7,1.0,0.0,0.0167914510469655,0.0,0.0,0.2262443438914027,0.0,-0.1221719457013574,0.0,1,1,2023-11,Medium,2023-12,Medium,0.19083333333333335,0.18240620490620488,0.34344973544973545
SUP032,2023-12,12,5,1.75,21,0,0,145997.38,0,0.4166666666666667,0.0,0.0,0.0,0.0,0.0,145997.38,1.0,0.0,0.0087057837257957,0.0,0.0,-0.3480392156862744,0.0,0.1029411764705883,0.0,1,1,2023-12,Medium,2024-01,Low,0.11415584415584415,0.18240620490620488,0.34344973544973545
SUP032,2024-01,11,3,0.7272727272727273,8,1,2,387554.78,0,0.2727272727272727,0.0909090909090909,0.0,0.0,0.0,0.0,387554.78,1.0,0.0,0.0238474056444944,0.0,0.0,-0.1439393939393939,0.0,-1.0227272727272727,0.0,1,0,2024-01,Low,2024-02,Medium,0.21753846153846151,0.18240620490620488,0.34344973544973545
SUP032,2024-02,10,4,1.4,14,1,1,137135.38,0,0.4,0.1,0.0,1.0,1.0,0.1,137135.38,1.0,0.0,0.0098931556792063,0.0,0.0,0.1272727272727273,0.1,0.6727272727272726,0.0,1,1,2024-02,Medium,2024-03,Medium,0.24702380952380953,0.18240620490620488,0.34344973544973545
SUP032,2024-03,12,7,1.6666666666666667,20,2,3,128329.95,0,0.5833333333333334,0.1666666666666666,0.0,0.0,0.0,0.0,128329.95,1.0,0.0,0.0077864720324499,0.0,0.0,0.1833333333333333,-0.1,0.2666666666666668,0.0,1,1,2024-03,Medium,2024-04,Low,0.07119047619047617,0.18240620490620488,0.34344973544973545
SUP032,2024-04,6,1,0.5,3,0,0,143052.85,0,0.1666666666666666,0.0,0.0,0.0,0.0,0.0,143052.85,1.0,0.0,0.0091292743813481,0.0,0.0,-0.4166666666666667,0.0,-1.1666666666666667,0.0,1,0,2024-04,Low,2024-05,Low,0.06781512605042016,0.18240620490620488,0.34344973544973545
SUP032,2024-05,17,3,0.2352941176470588,4,2,5,226150.82,0,0.1764705882352941,0.1176470588235294,0.0,0.0,0.0,0.0,226150.82,1.0,0.0,0.0141523397155183,0.0,0.0,0.0098039215686274,0.0,-0.2647058823529412,0.0,1,1,2024-05,Low,2024-06,Medium,0.2557142857142857,0.18240620490620488,0.34344973544973545
SUP032,2024-06,16,10,1.4375,23,0,0,266533.65,0,0.625,0.0,0.0,0.0,0.0,0.0,266533.65,1.0,0.0,0.0171016608490686,0.0,0.0,0.4485294117647058,0.0,1.2022058823529411,0.0,1,1,2024-06,Medium,2024-07,Low,0.06261904761904759,0.18240620490620488,0.34344973544973545
SUP032,2024-07,12,2,0.1666666666666666,2,0,0,158290.32,0,0.1666666666666666,0.0,0.0,0.0,0.0,0.0,158290.32,1.0,0.0,0.0099778309672745,0.0,0.0,-0.4583333333333333,0.0,-1.2708333333333333,0.0,1,0,2024-07,Low,2024-08,Medium,0.29010989010989013,0.18240620490620488,0.34344973544973545
SUP032,2024-08,10,6,1.5,15,1,3,125151.3,0,0.6,0.1,0.0,1.0,1.0,0.1,125151.3,1.0,0.0,0.0081626362771315,0.0,0.0,0.4333333333333333,0.1,1.3333333333333333,0.0,1,1,2024-08,Medium,2024-09,Medium,0.2232142857142857,0.18240620490620488,0.34344973544973545
SUP032,2024-09,8,4,1.875,15,0,0,65452.3,0,0.5,0.0,0.0,0.0,0.0,0.0,65452.3,1.0,0.0,0.0042554826503395,0.0,0.0,-0.0999999999999999,-0.1,0.375,0.0,1,1,2024-09,Medium,2024-10,Low,0.08920634920634919,0.18240620490620488,0.34344973544973545
SUP032,2024-10,9,2,0.4444444444444444,4,0,0,163357.49,0,0.2222222222222222,0.0,0.0,0.0,0.0,0.0,163357.49,1.0,0.0,0.0107847788496547,0.0,0.0,-0.2777777777777778,0.0,-1.4305555555555556,0.0,1,0,2024-10,Low,2024-11,Medium,0.1841269841269841,0.18240620490620488,0.34344973544973545
SUP032,2024-11,9,4,1.1111111111111112,10,1,4,118396.36,0,0.4444444444444444,0.1111111111111111,0.0,0.0,0.0,0.0,118396.36,1.0,0.0,0.0077665015429905,0.0,0.0,0.2222222222222222,0.0,0.6666666666666667,0.0,1,1,2024-11,Medium,2024-12,Medium,0.2840178571428571,0.18240620490620488,0.34344973544973545
SUP032,2024-12,16,11,1.6875,27,2,4,187303.82,0,0.6875,0.125,0.0,0.0,0.0,0.0,187303.82,1.0,0.0,0.011318757475738,0.0,0.0,0.2430555555555555,0.0,0.5763888888888888,0.0,1,1,2024-12,Medium,2025-01,Low,0.1483116883116883,0.18240620490620488,0.34344973544973545
SUP033,2022-04,9,9,7.777777777777778,70,4,8,128394.22,0,1.0,0.4444444444444444,0.0,0.0,0.0,0.0,128394.22,1.0,0.0,0.0082441150175651,0.0,0.0,0.0,0.0,0.0,0.0,0,0,2022-04,High,2022-05,High,0.6266923076923077,0.18240620490620488,0.34344973544973545
SUP033,2022-05,20,20,7.35,147,5,21,769721.83,0,1.0,0.25,0.0,2.0,5.0,0.1,769721.83,1.0,0.0,0.0447519686957432,0.0,0.0,0.0,0.1,-0.427777777777778,0.0,1,1,2022-05,High,2022-06,High,0.48857142857142855,0.18240620490620488,0.34344973544973545
SUP033,2022-06,18,18,5.388888888888889,97,5,12,414771.15,0,1.0,0.2777777777777778,0.0,0.0,0.0,0.0,414771.15,1.0,0.0,0.0259206063048043,0.0,0.0,0.0,-0.1,-1.9611111111111104,0.0,1,0,2022-06,High,2022-07,High,0.4609183673469388,0.18240620490620488,0.34344973544973545
SUP033,2022-07,14,13,5.285714285714286,74,6,10,219622.05,0,0.9285714285714286,0.4285714285714285,0.0,0.0,0.0,0.0,219622.05,1.0,0.0,0.0130801968614979,0.0,0.0,-0.0714285714285714,0.0,-0.1031746031746037,0.0,1,0,2022-07,High,2022-08,High,0.49114285714285716,0.18240620490620488,0.34344973544973545
SUP033,2022-08,20,18,6.85,137,8,13,415097.71,0,0.9,0.4,0.0,0.0,0.0,0.0,415097.71,1.0,0.0,0.0248504676670691,0.0,0.0,-0.0285714285714285,0.0,1.564285714285714,0.0,1,1,2022-08,High,2022-09,High,0.5107142857142857,0.18240620490620488,0.34344973544973545
SUP033,2022-09,16,16,6.25,100,4,10,449315.67,0,1.0,0.25,0.0,0.0,0.0,0.0,449315.67,1.0,0.0,0.0291828558780739,0.0,0.0,0.0999999999999999,0.0,-0.5999999999999996,0.0,1,1,2022-09,High,2022-10,High,0.4901939237233355,0.18240620490620488,0.34344973544973545
SUP033,2022-10,17,16,5.117647058823529,87,6,39,351583.84,0,0.9411764705882352,0.3529411764705882,0.0,1.0,1.0,0.0588235294117647,351583.84,1.0,0.0,0.0212615965410765,0.0,0.0,-0.0588235294117647,0.0588235294117647,-1.132352941176471,0.0,1,1,2022-10,High,2022-11,High,0.5024489795918368,0.18240620490620488,0.34344973544973545
SUP033,2022-11,14,14,5.928571428571429,83,4,17,271681.45,0,1.0,0.2857142857142857,0.0,0.0,0.0,0.0,271681.45,1.0,0.0,0.017598906419327,0.0,0.0,0.0588235294117647,-0.0588235294117647,0.8109243697478998,0.0,1,1,2022-11,High,2022-12,High,0.4739682539682539,0.18240620490620488,0.34344973544973545
SUP033,2022-12,18,16,6.333333333333333,114,4,11,462430.1,0,0.8888888888888888,0.2222222222222222,0.0,0.0,0.0,0.0,462430.1,1.0,0.0,0.0267915868236359,0.0,0.0,-0.1111111111111111,0.0,0.4047619047619042,0.0,1,1,2022-12,High,2023-01,High,0.5037037037037037,0.18240620490620488,0.34344973544973545
SUP033,2023-01,27,26,6.481481481481482,175,2,3,494071.39,0,0.9629629629629628,0.074074074074074,0.0,0.0,0.0,0.0,494071.39,1.0,0.0,0.0281083051281125,0.0,0.0,0.074074074074074,0.0,0.1481481481481488,0.0,1,1,2023-01,High,2023-02,High,0.524983839689722,0.18240620490620488,0.34344973544973545
SUP033,2023-02,17,16,6.470588235294118,110,3,12,432923.75,0,0.9411764705882352,0.1764705882352941,0.0,1.0,1.0,0.0588235294117647,432923.75,1.0,0.0,0.0297011560901291,0.0,0.0,-0.0217864923747276,0.0588235294117647,-0.010893246187364,0.0,1,1,2023-02,High,2023-03,High,0.48302197802197794,0.18240620490620488,0.34344973544973545
SUP033,2023-03,26,23,5.846153846153846,152,5,16,590856.94,0,0.8846153846153846,0.1923076923076923,0.0,1.0,1.0,0.0384615384615384,590856.94,1.0,0.0,0.0405275352669045,0.0,0.0,-0.0565610859728507,-0.0203619909502262,-0.6244343891402719,0.0,1,0,2023-03,High,2023-04,High,0.485625,0.18240620490620488,0.34344973544973545
SUP033,2023-04,16,15,6.125,98,5,7,404389.86,0,0.9375,0.3125,0.0,0.0,0.0,0.0,404389.86,1.0,0.0,0.0226956632593725,0.0,0.0,0.0528846153846154,-0.0384615384615384,0.2788461538461542,0.0,1,1,2023-04,High,2023-05,High,0.5053142857142857,0.18240620490620488,0.34344973544973545
SUP033,2023-05,25,25,6.04,151,10,24,551731.66,0,1.0,0.4,0.0,0.0,0.0,0.0,551731.66,1.0,0.0,0.035512036301298,0.0,0.0,0.0625,0.0,-0.0849999999999999,0.0,1,1,2023-05,High,2023-06,High,0.509795918367347,0.18240620490620488,0.34344973544973545
SUP033,2023-06,14,14,6.214285714285714,87,3,6,326727.03,0,1.0,0.2142857142857142,0.0,0.0,0.0,0.0,326727.03,1.0,0.0,0.0189351976219915,0.0,0.0,0.0,0.0,0.1742857142857143,0.0,1,1,2023-06,High,2023-07,High,0.4882142857142857,0.18240620490620488,0.34344973544973545
SUP033,2023-07,16,16,5.375,86,6,20,448581.8,0,1.0,0.375,0.0,0.0,0.0,0.0,448581.8,1.0,0.0,0.0258574122798791,0.0,0.0,0.0,0.0,-0.8392857142857144,0.0,1,0,2023-07,High,2023-08,High,0.4987755102040816,0.18240620490620488,0.34344973544973545
SUP033,2023-08,14,14,5.785714285714286,81,3,14,527740.57,0,1.0,0.2142857142857142,0.0,0.0,0.0,0.0,527740.57,1.0,0.0,0.0327711628182173,0.0,0.0,0.0,0.0,0.4107142857142856,0.0,1,1,2023-08,High,2023-09,High,0.5364285714285715,0.18240620490620488,0.34344973544973545
SUP033,2023-09,16,16,7.25,116,2,6,307069.58,0,1.0,0.125,0.0,0.0,0.0,0.0,307069.58,1.0,0.0,0.0198349532490604,0.0,0.0,0.0,0.0,1.4642857142857144,0.0,1,1,2023-09,High,2023-10,High,0.554005994005994,0.18240620490620488,0.34344973544973545
SUP033,2023-10,22,22,6.954545454545454,153,4,20,855500.84,0,1.0,0.1818181818181818,0.0,1.0,1.0,0.0454545454545454,855500.84,1.0,0.0,0.0499752819752478,0.0,0.0,0.0,0.0454545454545454,-0.2954545454545458,0.0,1,1,2023-10,High,2023-11,High,0.5645254745254745,0.18240620490620488,0.34344973544973545
SUP033,2023-11,22,22,7.363636363636363,162,4,13,497134.78,0,1.0,0.1818181818181818,0.0,1.0,1.0,0.0454545454545454,497134.78,1.0,0.0,0.0331182648929537,0.0,0.0,0.0,0.0,0.4090909090909091,0.0,1,1,2023-11,High,2023-12,High,0.5124908424908424,0.18240620490620488,0.34344973544973545
SUP033,2023-12,15,14,6.0,90,3,13,403930.06,0,0.9333333333333332,0.2,0.0,1.0,1.0,0.0666666666666666,403930.06,1.0,0.0,0.0240862386894045,0.0,0.0,-0.0666666666666666,0.0212121212121212,-1.363636363636363,0.0,1,1,2023-12,High,2024-01,High,0.4934126984126984,0.18240620490620488,0.34344973544973545
SUP033,2024-01,18,17,6.333333333333333,114,1,13,416116.57,0,0.9444444444444444,0.0555555555555555,0.0,0.0,0.0,0.0,416116.57,1.0,0.0,0.025604898074501,0.0,0.0,0.011111111111111,-0.0666666666666666,0.333333333333333,0.0,1,1,2024-01,High,2024-02,High,0.48846938775510207,0.18240620490620488,0.34344973544973545
SUP033,2024-02,14,13,6.357142857142857,89,3,8,275280.24,0,0.9285714285714286,0.2142857142857142,0.0,0.0,0.0,0.0,275280.24,1.0,0.0,0.0198591367867963,0.0,0.0,-0.0158730158730158,0.0,0.0238095238095237,0.0,1,1,2024-02,High,2024-03,High,0.4932142857142857,0.18240620490620488,0.34344973544973545
SUP033,2024-03,20,19,6.25,125,7,17,524505.31,0,0.95,0.35,0.0,0.0,0.0,0.0,524505.31,1.0,0.0,0.0318245735090403,0.0,0.0,0.0214285714285713,0.0,-0.1071428571428567,0.0,1,1,2024-03,High,2024-04,High,0.5012605042016807,0.18240620490620488,0.34344973544973545
SUP033,2024-04,17,17,5.882352941176471,100,2,3,391932.96,0,1.0,0.1176470588235294,0.0,0.0,0.0,0.0,391932.96,1.0,0.0,0.0250121792815308,0.0,0.0,0.05,0.0,-0.367647058823529,0.0,1,1,2024-04,High,2024-05,High,0.4753571428571428,0.18240620490620488,0.34344973544973545
SUP033,2024-05,16,16,4.875,78,3,7,316349.51,0,1.0,0.1875,0.0,0.0,0.0,0.0,316349.51,1.0,0.0,0.0197969025023113,0.0,0.0,0.0,0.0,-1.007352941176471,0.0,1,0,2024-05,High,2024-06,High,0.509795918367347,0.18240620490620488,0.34344973544973545
SUP033,2024-06,14,14,6.214285714285714,87,5,18,324363.42,0,1.0,0.3571428571428571,0.0,0.0,0.0,0.0,324363.42,1.0,0.0,0.020812205891016,0.0,0.0,0.0,0.0,1.3392857142857144,0.0,1,1,2024-06,High,2024-07,High,0.4898214285714285,0.18240620490620488,0.34344973544973545
SUP033,2024-07,16,16,5.4375,87,3,11,348123.6,0,1.0,0.1875,0.0,0.0,0.0,0.0,348123.6,1.0,0.0,0.0219439725468941,0.0,0.0,0.0,0.0,-0.7767857142857144,0.0,1,0,2024-07,High,2024-08,High,0.5107142857142857,0.18240620490620488,0.34344973544973545
SUP033,2024-08,16,16,6.25,100,3,3,914699.4,0,1.0,0.1875,0.0,0.0,0.0,0.0,914699.4,1.0,0.0,0.0596586572022063,0.0,0.0,0.0,0.0,0.8125,0.0,1,1,2024-08,High,2024-09,High,0.529059065934066,0.18240620490620488,0.34344973544973545
SUP033,2024-09,16,15,6.1875,99,0,0,258530.7,0,0.9375,0.0,0.0,1.0,2.0,0.0625,258530.7,1.0,0.0,0.0168087738464519,0.0,0.0,-0.0625,0.0625,-0.0625,0.0,1,1,2024-09,High,2024-10,High,0.4476984126984127,0.18240620490620488,0.34344973544973545
SUP033,2024-10,18,17,4.555555555555555,82,1,2,428941.06,0,0.9444444444444444,0.0555555555555555,0.0,0.0,0.0,0.0,428941.06,1.0,0.0,0.028318471786243,0.0,0.0,0.0069444444444444,-0.0625,-1.6319444444444446,0.0,1,1,2024-10,High,2024-11,High,0.4000892857142857,0.18240620490620488,0.34344973544973545
SUP033,2024-11,16,13,4.5,72,5,18,353796.2,0,0.8125,0.3125,0.0,0.0,0.0,0.0,353796.2,1.0,0.0,0.02320813522649,0.0,0.0,-0.1319444444444444,0.0,-0.0555555555555553,0.0,1,0,2024-11,High,2024-12,High,0.5235314685314686,0.18240620490620488,0.34344973544973545
SUP033,2024-12,22,21,5.409090909090909,119,6,20,491246.36,0,0.9545454545454546,0.2727272727272727,0.0,2.0,2.0,0.0909090909090909,491246.36,1.0,0.0,0.0296859850999253,0.0,0.0,0.1420454545454545,0.0909090909090909,0.9090909090909092,0.0,1,1,2024-12,High,2025-01,High,0.5214285714285715,0.18240620490620488,0.34344973544973545
SUP033,2025-01,18,18,6.666666666666667,120,5,15,405053.47,0,1.0,0.2777777777777778,0.0,0.0,0.0,0.0,405053.47,1.0,0.0,0.0246784034490789,0.0,0.0,0.0454545454545454,-0.0909090909090909,1.2575757575757578,0.0,1,1,2025-01,High,2025-02,High,0.485,0.18240620490620488,0.34344973544973545
SUP033,2025-02,12,12,5.25,63,3,3,308953.94,0,1.0,0.25,0.0,0.0,0.0,0.0,308953.94,1.0,0.0,0.0657822975709269,0.0,0.0,0.0,0.0,-1.416666666666667,0.0,1,0,2025-02,High,2025-03,High,0.5284873949579832,0.18240620490620488,0.34344973544973545
SUP033,2025-03,17,17,6.941176470588236,118,5,11,364607.83,0,1.0,0.2941176470588235,0.0,0.0,0.0,0.0,364607.83,1.0,0.0,0.5916582617622332,0.0,0.0,0.0,0.0,1.6911764705882355,0.0,1,1,2025-03,High,2025-04,High,0.46514285714285714,0.18240620490620488,0.34344973544973545
SUP034,2022-01,1,0,0.0,0,0,0,58870.74,0,0.0,0.0,0.0,0.0,0.0,0.0,58870.74,1.0,0.0,0.0557150253632201,0.0,0.0,0.0,0.0,0.0,0.0,0,0,2022-01,Low,2022-02,Low,0.1483116883116883,0.18240620490620488,0.34344973544973545
SUP034,2022-02,11,4,0.8181818181818182,9,2,8,205932.27,0,0.3636363636363636,0.1818181818181818,0.0,0.0,0.0,0.0,205932.27,1.0,0.0,0.0234947799545185,0.0,0.0,0.3636363636363636,0.0,0.8181818181818182,0.0,1,1,2022-02,Low,2022-03,Medium,0.2283053788316946,0.18240620490620488,0.34344973544973545
SUP034,2022-03,19,9,1.368421052631579,26,3,6,462316.99,0,0.4736842105263157,0.1578947368421052,0.0,1.0,1.0,0.0526315789473684,462316.99,1.0,0.0,0.0305319298307122,0.0,0.0,0.1100478468899521,0.0526315789473684,0.5502392344497608,0.0,1,1,2022-03,Medium,2022-04,Medium,0.24348214285714287,0.18240620490620488,0.34344973544973545
SUP034,2022-04,16,9,1.8125,29,2,3,343759.23000000004,0,0.5625,0.125,0.0,0.0,0.0,0.0,343759.23000000004,1.0,0.0,0.0220725717284597,0.0,0.0,0.0888157894736842,-0.0526315789473684,0.444078947368421,0.0,1,1,2022-04,Medium,2022-05,Low,0.13071428571428573,0.18240620490620488,0.34344973544973545
SUP034,2022-05,20,6,1.0,20,2,2,476218.17,0,0.3,0.1,0.0,0.0,0.0,0.0,476218.17,1.0,0.0,0.0276875356856958,0.0,0.0,-0.2625,0.0,-0.8125,0.0,1,0,2022-05,Low,2022-06,Medium,0.2737706043956044,0.18240620490620488,0.34344973544973545
SUP034,2022-06,16,9,1.8125,29,2,4,329429.78,0,0.5625,0.125,0.0,1.0,1.0,0.0625,329429.78,1.0,0.0,0.0205873037033996,0.0,0.0,0.2625,0.0625,0.8125,0.0,1,1,2022-06,Medium,2022-07,Medium,0.1931868131868132,0.18240620490620488,0.34344973544973545
SUP034,2022-07,13,6,1.2307692307692308,16,0,0,117857.67,0,0.4615384615384615,0.0,0.0,0.0,0.0,0.0,117857.67,1.0,0.0,0.0070193385647636,0.0,0.0,-0.1009615384615384,-0.0625,-0.5817307692307692,0.0,1,0,2022-07,Medium,2022-08,Medium,0.22438095238095235,0.18240620490620488,0.34344973544973545
SUP034,2022-08,15,8,1.4666666666666666,22,0,0,411088.14,0,0.5333333333333333,0.0,0.0,0.0,0.0,0.0,411088.14,1.0,0.0,0.024610428545572,0.0,0.0,0.0717948717948717,0.0,0.2358974358974357,0.0,1,1,2022-08,Medium,2022-09,Medium,0.23122448979591836,0.18240620490620488,0.34344973544973545
SUP034,2022-09,14,8,1.2142857142857142,17,2,2,270370.04000000004,0,0.5714285714285714,0.1428571428571428,0.0,0.0,0.0,0.0,270370.04000000004,1.0,0.0,0.0175604156228717,0.0,0.0,0.038095238095238,0.0,-0.2523809523809524,0.0,1,1,2022-09,Medium,2022-10,Low,0.17588235294117646,0.18240620490620488,0.34344973544973545
SUP034,2022-10,17,7,1.2352941176470589,21,0,0,206503.29,0,0.4117647058823529,0.0,0.0,0.0,0.0,0.0,206503.29,1.0,0.0,0.0124880302700628,0.0,0.0,-0.1596638655462184,0.0,0.0210084033613446,0.0,1,1,2022-10,Low,2022-11,Medium,0.25287774725274725,0.18240620490620488,0.34344973544973545
SUP034,2022-11,16,9,1.0,16,1,1,267810.41000000003,0,0.5625,0.0625,0.0,1.0,1.0,0.0625,267810.41000000003,1.0,0.0,0.0173481492524116,0.0,0.0,0.150735294117647,0.0625,-0.2352941176470588,0.0,1,1,2022-11,Medium,2022-12,Medium,0.20695512820512818,0.18240620490620488,0.34344973544973545
SUP034,2022-12,24,11,0.875,21,1,2,512793.48,0,0.4583333333333333,0.0416666666666666,0.0,1.0,1.0,0.0416666666666666,512793.48,1.0,0.0,0.0297094653700405,0.0,0.0,-0.1041666666666666,-0.0208333333333333,-0.125,0.0,1,0,2022-12,Medium,2023-01,Low,0.08013605442176869,0.18240620490620488,0.34344973544973545
SUP034,2023-01,21,4,0.5238095238095238,11,0,0,539975.48,0,0.1904761904761904,0.0,0.0,0.0,0.0,0.0,539975.48,1.0,0.0,0.0307198430444212,0.0,0.0,-0.2678571428571428,-0.0416666666666666,-0.3511904761904761,0.0,1,0,2023-01,Low,2023-02,Medium,0.2577828054298642,0.18240620490620488,0.34344973544973545
SUP034,2023-02,17,9,1.2352941176470589,21,1,4,306867.0,0,0.5294117647058824,0.0588235294117647,0.0,1.0,2.0,0.0588235294117647,306867.0,1.0,0.0,0.0210529098158963,0.0,0.0,0.3389355742296919,0.0588235294117647,0.711484593837535,0.0,1,1,2023-02,Medium,2023-03,Medium,0.3092857142857143,0.18240620490620488,0.34344973544973545
SUP034,2023-03,10,7,2.5,25,1,1,151213.11,0,0.7,0.1,0.0,0.0,0.0,0.0,151213.11,1.0,0.0,0.0103718755479851,0.0,0.0,0.1705882352941176,-0.0588235294117647,1.2647058823529411,0.0,1,1,2023-03,Medium,2023-04,Low,0.14435714285714285,0.18240620490620488,0.34344973544973545
SUP034,2023-04,20,7,0.85,17,3,10,355581.79000000004,0,0.35,0.15,0.0,0.0,0.0,0.0,355581.79000000004,1.0,0.0,0.0199563969457713,0.0,0.0,-0.35,0.0,-1.65,0.0,1,0,2023-04,Low,2023-05,Medium,0.18848214285714285,0.18240620490620488,0.34344973544973545
SUP034,2023-05,16,7,1.375,22,1,5,325605.92,0,0.4375,0.0625,0.0,0.0,0.0,0.0,325605.92,1.0,0.0,0.0209575235377239,0.0,0.0,0.0875,0.0,0.525,0.0,1,1,2023-05,Medium,2023-06,Low,0.16914285714285712,0.18240620490620488,0.34344973544973545
SUP034,2023-06,15,6,1.1333333333333333,17,0,0,397168.99,0,0.4,0.0,0.0,0.0,0.0,0.0,397168.99,1.0,0.0,0.0230176037623112,0.0,0.0,-0.0374999999999999,0.0,-0.2416666666666667,0.0,1,0,2023-06,Low,2023-07,Medium,0.1941904761904762,0.18240620490620488,0.34344973544973545
SUP034,2023-07,15,7,1.2,18,0,0,284889.5,0,0.4666666666666667,0.0,0.0,0.0,0.0,0.0,284889.5,1.0,0.0,0.0164217657865491,0.0,0.0,0.0666666666666666,0.0,0.0666666666666666,0.0,1,1,2023-07,Medium,2023-08,Medium,0.19076190476190477,0.18240620490620488,0.34344973544973545
SUP034,2023-08,15,7,1.0666666666666669,16,1,1,408156.71,0,0.4666666666666667,0.0666666666666666,0.0,0.0,0.0,0.0,408156.71,1.0,0.0,0.0253453510287411,0.0,0.0,0.0,0.0,-0.1333333333333333,0.0,1,0,2023-08,Medium,2023-09,Low,0.1569642857142857,0.18240620490620488,0.34344973544973545
SUP034,2023-09,16,6,1.0,16,0,0,246828.92,0,0.375,0.0,0.0,0.0,0.0,0.0,246828.92,1.0,0.0,0.0159437482824448,0.0,0.0,-0.0916666666666666,0.0,-0.0666666666666666,0.0,1,0,2023-09,Low,2023-10,Medium,0.18725274725274724,0.18240620490620488,0.34344973544973545
SUP034,2023-10,13,6,1.0,13,2,5,248329.6,0,0.4615384615384615,0.1538461538461538,0.0,0.0,0.0,0.0,248329.6,1.0,0.0,0.0145065220307679,0.0,0.0,0.0865384615384615,0.0,0.0,0.0,1,1,2023-10,Medium,2023-11,Medium,0.21804511278195488,0.18240620490620488,0.34344973544973545
SUP034,2023-11,19,10,1.3157894736842106,25,1,1,563309.8,0,0.5263157894736842,0.0526315789473684,0.0,0.0,0.0,0.0,563309.8,1.0,0.0,0.0375267310269396,0.0,0.0,0.0647773279352226,0.0,0.3157894736842106,0.0,1,1,2023-11,Medium,2023-12,Medium,0.22642857142857142,0.18240620490620488,0.34344973544973545
SUP034,2023-12,14,7,2.0,28,1,3,308679.91000000003,0,0.5,0.0714285714285714,0.0,0.0,0.0,0.0,308679.91000000003,1.0,0.0,0.0184064983697522,0.0,0.0,-0.0263157894736841,0.0,0.6842105263157894,0.0,1,1,2023-12,Medium,2024-01,Medium,0.24301587301587302,0.18240620490620488,0.34344973544973545
SUP034,2024-01,9,5,1.8888888888888888,17,1,1,85868.48000000001,0,0.5555555555555556,0.1111111111111111,0.0,0.0,0.0,0.0,85868.48000000001,1.0,0.0,0.0052837445964055,0.0,0.0,0.0555555555555555,0.0,-0.1111111111111111,0.0,1,1,2024-01,Medium,2024-02,Low,0.10678571428571429,0.18240620490620488,0.34344973544973545
SUP034,2024-02,12,3,0.75,9,1,2,248661.5,0,0.25,0.0833333333333333,0.0,0.0,0.0,0.0,248661.5,1.0,0.0,0.01793882024409,0.0,0.0,-0.3055555555555556,0.0,-1.1388888888888888,0.0,1,0,2024-02,Low,2024-03,Medium,0.2440816326530612,0.18240620490620488,0.34344973544973545
SUP034,2024-03,14,8,1.7142857142857142,24,0,0,236867.07,0,0.5714285714285714,0.0,0.0,0.0,0.0,0.0,236867.07,1.0,0.0,0.0143720060357177,0.0,0.0,0.3214285714285714,0.0,0.9642857142857142,0.0,1,1,2024-03,Medium,2024-04,Low,0.13595238095238094,0.18240620490620488,0.34344973544973545
SUP034,2024-04,12,4,0.75,9,0,0,482850.49,0,0.3333333333333333,0.0,0.0,0.0,0.0,0.0,482850.49,1.0,0.0,0.0308143081971341,0.0,0.0,-0.238095238095238,0.0,-0.9642857142857142,0.0,1,0,2024-04,Low,2024-05,Medium,0.21310924369747897,0.18240620490620488,0.34344973544973545
SUP034,2024-05,17,8,1.8823529411764703,32,2,6,204313.72,0,0.4705882352941176,0.1176470588235294,0.0,0.0,0.0,0.0,204313.72,1.0,0.0,0.0127857912431238,0.0,0.0,0.1372549019607843,0.0,1.1323529411764706,0.0,1,1,2024-05,Medium,2024-06,Medium,0.2972422815279958,0.18240620490620488,0.34344973544973545
SUP034,2024-06,21,11,1.5238095238095235,32,5,13,587259.92,0,0.5238095238095238,0.238095238095238,0.0,2.0,4.0,0.0952380952380952,587259.92,1.0,0.0,0.037680495434971,0.0,0.0,0.0532212885154061,0.0952380952380952,-0.3585434173669468,0.0,1,1,2024-06,Medium,2024-07,Medium,0.2123321123321123,0.18240620490620488,0.34344973544973545
SUP034,2024-07,18,8,1.1111111111111112,20,0,0,283523.51,0,0.4444444444444444,0.0,0.0,1.0,1.0,0.0555555555555555,283523.51,1.0,0.0,0.0178719056100737,0.0,0.0,-0.0793650793650794,-0.0396825396825396,-0.4126984126984125,0.0,1,0,2024-07,Medium,2024-08,Medium,0.19181818181818178,0.18240620490620488,0.34344973544973545
SUP034,2024-08,11,5,1.2727272727272727,14,1,14,273923.7,0,0.4545454545454545,0.0909090909090909,0.0,0.0,0.0,0.0,273923.7,1.0,0.0,0.0178658913713729,0.0,0.0,0.0101010101010101,-0.0555555555555555,0.1616161616161615,0.0,1,1,2024-08,Medium,2024-09,Low,0.15241758241758238,0.18240620490620488,0.34344973544973545
SUP034,2024-09,13,5,0.6923076923076923,9,2,10,174561.48,0,0.3846153846153846,0.1538461538461538,0.0,0.0,0.0,0.0,174561.48,1.0,0.0,0.0113493849651973,0.0,0.0,-0.0699300699300699,0.0,-0.5804195804195804,0.0,1,0,2024-09,Low,2024-10,Low,0.13809523809523808,0.18240620490620488,0.34344973544973545
SUP034,2024-10,18,6,0.8333333333333334,15,3,8,396081.22,0,0.3333333333333333,0.1666666666666666,0.0,0.0,0.0,0.0,396081.22,1.0,0.0,0.0261490817727515,0.0,0.0,-0.0512820512820513,0.0,0.141025641025641,0.0,1,1,2024-10,Low,2024-11,Medium,0.2839495798319328,0.18240620490620488,0.34344973544973545
SUP034,2024-11,17,11,2.235294117647059,38,2,13,215186.5,0,0.6470588235294118,0.1176470588235294,0.0,0.0,0.0,0.0,215186.5,1.0,0.0,0.0141156897414813,0.0,0.0,0.3137254901960785,0.0,1.4019607843137254,0.0,1,1,2024-11,Medium,2024-12,Low,0.15301994301994298,0.18240620490620488,0.34344973544973545
SUP034,2024-12,27,8,1.037037037037037,28,1,6,513695.51,0,0.2962962962962963,0.037037037037037,0.0,1.0,1.0,0.037037037037037,513695.51,1.0,0.0,0.0310425857522049,0.0,0.0,-0.3507625272331155,0.037037037037037,-1.198257080610022,0.0,1,1,2024-12,Low,2025-01,Low,0.1568445839874411,0.18240620490620488,0.34344973544973545
SUP034,2025-01,14,4,0.9285714285714286,13,0,0,205056.17,0,0.2857142857142857,0.0,0.0,1.0,1.0,0.0714285714285714,205056.17,1.0,0.0,0.0124933108040845,0.0,0.0,-0.0105820105820105,0.0343915343915343,-0.1084656084656083,0.0,1,1,2025-01,Low,2025-02,High,0.38857142857142857,0.18240620490620488,0.34344973544973545
SUP035,2022-01,2,0,0.0,0,0,0,15410.2,0,0.0,0.0,0.0,0.0,0.0,0.0,15410.2,1.0,0.0,0.0145841496786399,0.0,0.0,0.0,0.0,0.0,0.0,0,0,2022-01,Low,2022-02,Medium,0.18673469387755098,0.18240620490620488,0.34344973544973545
SUP035,2022-02,14,6,1.4285714285714286,20,0,0,301212.79000000004,0,0.4285714285714285,0.0,0.0,0.0,0.0,0.0,301212.79000000004,1.0,0.0,0.0343653193379386,0.0,0.0,0.4285714285714285,0.0,1.4285714285714286,0.0,1,1,2022-02,Medium,2022-03,Low,0.1794285714285714,0.18240620490620488,0.34344973544973545
SUP035,2022-03,15,6,1.5333333333333334,23,2,3,326406.21,0,0.4,0.1333333333333333,0.0,0.0,0.0,0.0,326406.21,1.0,0.0,0.0215562302826654,0.0,0.0,-0.0285714285714285,0.0,0.1047619047619048,0.0,1,1,2022-03,Low,2022-04,Low,0.1561111111111111,0.18240620490620488,0.34344973544973545
SUP035,2022-04,18,7,0.7777777777777778,14,2,7,678192.37,0,0.3888888888888889,0.1111111111111111,0.0,0.0,0.0,0.0,678192.37,1.0,0.0,0.0435463208726617,0.0,0.0,-0.0111111111111111,0.0,-0.7555555555555556,0.0,1,0,2022-04,Low,2022-05,Low,0.17890756302521008,0.18240620490620488,0.34344973544973545
SUP035,2022-05,17,7,1.3529411764705883,23,3,8,310131.21,0,0.4117647058823529,0.1764705882352941,0.0,0.0,0.0,0.0,310131.21,1.0,0.0,0.0180311661441289,0.0,0.0,0.022875816993464,0.0,0.5751633986928105,0.0,1,1,2022-05,Low,2022-06,Medium,0.20585034013605438,0.18240620490620488,0.34344973544973545
SUP035,2022-06,21,10,1.5238095238095235,32,1,2,592198.04,0,0.4761904761904761,0.0476190476190476,0.0,0.0,0.0,0.0,592198.04,1.0,0.0,0.037008678760123,0.0,0.0,0.0644257703081232,0.0,0.1708683473389354,0.0,1,1,2022-06,Medium,2022-07,Medium,0.272987012987013,0.18240620490620488,0.34344973544973545
SUP035,2022-07,22,14,1.9545454545454544,43,1,7,523094.89,0,0.6363636363636364,0.0454545454545454,0.0,0.0,0.0,0.0,523094.89,1.0,0.0,0.0311543587651768,0.0,0.0,0.1601731601731602,0.0,0.4307359307359308,0.0,1,1,2022-07,Medium,2022-08,Medium,0.1826923076923077,0.18240620490620488,0.34344973544973545
SUP035,2022-08,26,11,1.3461538461538465,35,1,3,717874.92,0,0.4230769230769231,0.0384615384615384,0.0,0.0,0.0,0.0,717874.92,1.0,0.0,0.0429766945437011,0.0,0.0,-0.2132867132867132,0.0,-0.6083916083916083,0.0,1,0,2022-08,Medium,2022-09,Low,0.17428571428571427,0.18240620490620488,0.34344973544973545
SUP035,2022-09,15,6,1.3333333333333333,20,2,13,283686.79,0,0.4,0.1333333333333333,0.0,0.0,0.0,0.0,283686.79,1.0,0.0,0.0184253327000222,0.0,0.0,-0.023076923076923,0.0,-0.0128205128205129,0.0,1,0,2022-09,Low,2022-10,Medium,0.18848214285714285,0.18240620490620488,0.34344973544973545
SUP035,2022-10,16,7,1.375,22,1,13,257068.44,0,0.4375,0.0625,0.0,0.0,0.0,0.0,257068.44,1.0,0.0,0.0155458949840355,0.0,0.0,0.0374999999999999,0.0,0.0416666666666667,0.0,1,1,2022-10,Medium,2022-11,Medium,0.27924812030075186,0.18240620490620488,0.34344973544973545
SUP035,2022-11,19,12,2.263157894736842,43,4,16,297320.5,0,0.631578947368421,0.2105263157894736,0.0,0.0,0.0,0.0,297320.5,1.0,0.0,0.0192597457649299,0.0,0.0,0.194078947368421,0.0,0.888157894736842,0.0,1,1,2022-11,Medium,2022-12,Medium,0.20116883116883114,0.18240620490620488,0.34344973544973545
SUP035,2022-12,22,10,1.6363636363636365,36,0,0,531390.13,0,0.4545454545454545,0.0,0.0,0.0,0.0,0.0,531390.13,1.0,0.0,0.0307868903973123,0.0,0.0,-0.1770334928229665,0.0,-0.6267942583732056,0.0,1,0,2022-12,Medium,2023-01,Medium,0.19649350649350647,0.18240620490620488,0.34344973544973545
SUP035,2023-01,22,10,1.4545454545454546,32,1,1,400541.23,0,0.4545454545454545,0.0454545454545454,0.0,0.0,0.0,0.0,400541.23,1.0,0.0,0.022787263818756,0.0,0.0,0.0,0.0,-0.1818181818181818,0.0,1,0,2023-01,Medium,2023-02,Low,0.07857142857142857,0.18240620490620488,0.34344973544973545
SUP035,2023-02,15,3,0.3333333333333333,5,2,9,418338.46,0,0.2,0.1333333333333333,0.0,0.0,0.0,0.0,418338.46,1.0,0.0,0.0287005180449542,0.0,0.0,-0.2545454545454545,0.0,-1.121212121212121,0.0,1,0,2023-02,Low,2023-03,High,0.3670285714285714,0.18240620490620488,0.34344973544973545
SUP035,2023-03,25,12,1.44,36,4,34,483193.81,0,0.48,0.16,0.0,1.0,13.0,0.04,483193.81,1.0,0.0,0.0331428013277206,0.0,0.0,0.2799999999999999,0.04,1.106666666666667,0.0,1,1,2023-03,High,2023-04,Medium,0.18321428571428572,0.18240620490620488,0.34344973544973545
SUP035,2023-04,20,9,1.0,20,1,2,857103.45,0,0.45,0.05,0.0,0.0,0.0,0.0,857103.45,1.0,0.0,0.0481034101093594,0.0,0.0,-0.0299999999999999,-0.04,-0.4399999999999999,0.0,1,0,2023-04,Medium,2023-05,Low,0.14066666666666666,0.18240620490620488,0.34344973544973545
SUP035,2023-05,15,5,0.9333333333333332,14,1,2,443927.92,0,0.3333333333333333,0.0666666666666666,0.0,0.0,0.0,0.0,443927.92,1.0,0.0,0.028573282182501,0.0,0.0,-0.1166666666666667,0.0,-0.0666666666666666,0.0,1,0,2023-05,Low,2023-06,Medium,0.2045112781954887,0.18240620490620488,0.34344973544973545
SUP035,2023-06,19,10,0.7894736842105263,15,0,0,500456.64,0,0.5263157894736842,0.0,0.0,0.0,0.0,0.0,500456.64,1.0,0.0,0.0290035549848382,0.0,0.0,0.1929824561403508,0.0,-0.143859649122807,0.0,1,1,2023-06,Medium,2023-07,Medium,0.21263157894736842,0.18240620490620488,0.34344973544973545
SUP035,2023-07,19,10,1.105263157894737,21,4,9,346237.13,0,0.5263157894736842,0.2105263157894736,0.0,0.0,0.0,0.0,346237.13,1.0,0.0,0.0199580014548341,0.0,0.0,0.0,0.0,0.3157894736842106,0.0,1,1,2023-07,Medium,2023-08,Low,0.13489795918367348,0.18240620490620488,0.34344973544973545
SUP035,2023-08,14,4,1.3571428571428572,19,3,6,327738.69,0,0.2857142857142857,0.2142857142857142,0.0,0.0,0.0,0.0,327738.69,1.0,0.0,0.0203516246094539,0.0,0.0,-0.2406015037593984,0.0,0.2518796992481202,0.0,1,1,2023-08,Low,2023-09,Low,0.08157142857142857,0.18240620490620488,0.34344973544973545
SUP035,2023-09,20,4,0.45,9,1,6,555633.3,0,0.2,0.05,0.0,0.0,0.0,0.0,555633.3,1.0,0.0,0.03589075977217,0.0,0.0,-0.0857142857142856,0.0,-0.9071428571428573,0.0,1,0,2023-09,Low,2023-10,Low,0.1723787976729153,0.18240620490620488,0.34344973544973545
SUP035,2023-10,17,6,0.7647058823529411,13,1,2,296580.63,0,0.3529411764705882,0.0588235294117647,0.0,1.0,1.0,0.0588235294117647,296580.63,1.0,0.0,0.017325173652251,0.0,0.0,0.1529411764705882,0.0588235294117647,0.3147058823529411,0.0,1,1,2023-10,Low,2023-11,Medium,0.20104761904761903,0.18240620490620488,0.34344973544973545
SUP035,2023-11,15,7,1.4666666666666666,22,0,0,426557.45,0,0.4666666666666667,0.0,0.0,0.0,0.0,0.0,426557.45,1.0,0.0,0.0284165244305837,0.0,0.0,0.1137254901960784,-0.0588235294117647,0.7019607843137254,0.0,1,1,2023-11,Medium,2023-12,Medium,0.23845238095238094,0.18240620490620488,0.34344973544973545
SUP035,2023-12,24,14,1.3333333333333333,32,1,1,496845.12,0,0.5833333333333334,0.0416666666666666,0.0,0.0,0.0,0.0,496845.12,1.0,0.0,0.0296267382328164,0.0,0.0,0.1166666666666667,0.0,-0.1333333333333333,0.0,1,1,2023-12,Medium,2024-01,Medium,0.2315873015873016,0.18240620490620488,0.34344973544973545
SUP035,2024-01,18,10,1.4444444444444444,26,0,0,357023.26,0,0.5555555555555556,0.0,0.0,0.0,0.0,0.0,357023.26,1.0,0.0,0.0219687098317812,0.0,0.0,-0.0277777777777777,0.0,0.1111111111111111,0.0,1,1,2024-01,Medium,2024-02,Medium,0.21884353741496598,0.18240620490620488,0.34344973544973545
SUP035,2024-02,21,11,1.380952380952381,29,2,3,497653.68,0,0.5238095238095238,0.0952380952380952,0.0,0.0,0.0,0.0,497653.68,1.0,0.0,0.0359014962482326,0.0,0.0,-0.0317460317460317,0.0,-0.0634920634920634,0.0,1,0,2024-02,Medium,2024-03,Low,0.17172932330827065,0.18240620490620488,0.34344973544973545
SUP035,2024-03,19,8,0.9473684210526316,18,1,2,349259.44,0,0.4210526315789473,0.0526315789473684,0.0,0.0,0.0,0.0,349259.44,1.0,0.0,0.0211914589044031,0.0,0.0,-0.1027568922305764,0.0,-0.4335839598997494,0.0,1,0,2024-03,Low,2024-04,Medium,0.18897142857142857,0.18240620490620488,0.34344973544973545
SUP035,2024-04,25,11,1.36,34,3,6,738743.03,0,0.44,0.12,0.0,0.0,0.0,0.0,738743.03,1.0,0.0,0.0471447288060217,0.0,0.0,0.0189473684210526,0.0,0.4126315789473685,0.0,1,1,2024-04,Medium,2024-05,Low,0.1294857142857143,0.18240620490620488,0.34344973544973545
SUP035,2024-05,25,8,0.68,17,3,7,521459.98,0,0.32,0.12,0.0,0.0,0.0,0.0,521459.98,1.0,0.0,0.0326325537312108,0.0,0.0,-0.12,0.0,-0.68,0.0,1,0,2024-05,Low,2024-06,Low,0.15815500289184498,0.18240620490620488,0.34344973544973545
SUP035,2024-06,19,6,0.7894736842105263,15,0,0,431848.79,0,0.3157894736842105,0.0,0.0,1.0,1.0,0.0526315789473684,431848.79,1.0,0.0,0.0277088147956577,0.0,0.0,-0.0042105263157894,0.0526315789473684,0.1094736842105262,0.0,1,1,2024-06,Low,2024-07,Medium,0.2293877551020408,0.18240620490620488,0.34344973544973545
SUP035,2024-07,14,8,1.1428571428571428,16,0,0,311869.2,0,0.5714285714285714,0.0,0.0,0.0,0.0,0.0,311869.2,1.0,0.0,0.0196586762949189,0.0,0.0,0.2556390977443609,-0.0526315789473684,0.3533834586466164,0.0,1,1,2024-07,Medium,2024-08,Low,0.1593167701863354,0.18240620490620488,0.34344973544973545
SUP035,2024-08,23,9,0.8695652173913043,20,3,12,596164.48,0,0.391304347826087,0.1304347826086956,0.0,0.0,0.0,0.0,596164.48,1.0,0.0,0.0388831263565403,0.0,0.0,-0.1801242236024844,0.0,-0.2732919254658384,0.0,1,0,2024-08,Low,2024-09,Medium,0.1921978021978022,0.18240620490620488,0.34344973544973545
SUP035,2024-09,26,12,1.1923076923076923,31,3,16,586784.43,0,0.4615384615384615,0.1153846153846153,0.0,0.0,0.0,0.0,586784.43,1.0,0.0,0.038150698468264,0.0,0.0,0.0702341137123745,0.0,0.3227424749163879,0.0,1,1,2024-09,Medium,2024-10,Medium,0.23766233766233763,0.18240620490620488,0.34344973544973545
SUP035,2024-10,22,12,1.818181818181818,40,3,15,390965.3,0,0.5454545454545454,0.1363636363636363,0.0,0.0,0.0,0.0,390965.3,1.0,0.0,0.02581133132242,0.0,0.0,0.0839160839160838,0.0,0.6258741258741258,0.0,1,1,2024-10,Medium,2024-11,Low,0.13006493506493505,0.18240620490620488,0.34344973544973545
SUP035,2024-11,22,7,0.7272727272727273,16,1,1,475302.26,0,0.3181818181818182,0.0454545454545454,0.0,0.0,0.0,0.0,475302.26,1.0,0.0,0.0311786252185193,0.0,0.0,-0.2272727272727272,0.0,-1.0909090909090908,0.0,1,0,2024-11,Low,2024-12,Low,0.1519548872180451,0.18240620490620488,0.34344973544973545
SUP035,2024-12,19,7,0.8947368421052632,17,0,0,440841.99,0,0.3684210526315789,0.0,0.0,0.0,0.0,0.0,440841.99,1.0,0.0,0.0266400523488081,0.0,0.0,0.0502392344497607,0.0,0.1674641148325358,0.0,1,1,2024-12,Low,2025-01,Medium,0.1892307692307692,0.18240620490620488,0.34344973544973545
SUP035,2025-01,13,6,1.0769230769230769,14,0,0,236075.28,0,0.4615384615384615,0.0,0.0,0.0,0.0,0.0,236075.28,1.0,0.0,0.0143831899630295,0.0,0.0,0.0931174089068826,0.0,0.1821862348178137,0.0,1,1,2025-01,Medium,2025-02,High,0.42714285714285716,0.18240620490620488,0.34344973544973545
SUP036,2022-02,9,5,1.3333333333333333,12,1,2,195322.91,0,0.5555555555555556,0.1111111111111111,0.0,0.0,0.0,0.0,195322.91,1.0,0.0,0.0222843597583138,0.0,0.0,0.0,0.0,0.0,0.0,0,0,2022-02,Medium,2022-03,Low,0.16325396825396826,0.18240620490620488,0.34344973544973545
SUP036,2022-03,18,7,1.0555555555555556,19,1,1,543362.5900000001,0,0.3888888888888889,0.0555555555555555,0.0,0.0,0.0,0.0,543362.5900000001,1.0,0.0,0.0358842716779975,0.0,0.0,-0.1666666666666666,0.0,-0.2777777777777777,0.0,1,0,2022-03,Low,2022-04,Low,0.1506015037593985,0.18240620490620488,0.34344973544973545
SUP036,2022-04,19,7,0.8421052631578947,16,2,5,393222.95,0,0.3684210526315789,0.1052631578947368,0.0,0.0,0.0,0.0,393222.95,1.0,0.0,0.0252486071985661,0.0,0.0,-0.0204678362573099,0.0,-0.2134502923976609,0.0,1,0,2022-04,Low,2022-05,Medium,0.2293772893772894,0.18240620490620488,0.34344973544973545
SUP036,2022-05,24,10,1.4166666666666667,34,2,6,550719.63,0,0.4166666666666667,0.0833333333333333,0.0,1.0,3.0,0.0416666666666666,550719.63,1.0,0.0,0.0320190836238739,0.0,0.0,0.0482456140350877,0.0416666666666666,0.574561403508772,0.0,1,1,2022-05,Medium,2022-06,Low,0.1621336996336996,0.18240620490620488,0.34344973544973545
SUP036,2022-06,24,8,0.8333333333333334,20,3,12,476061.11,0,0.3333333333333333,0.125,0.0,1.0,1.0,0.0416666666666666,476061.11,1.0,0.0,0.0297508460010735,0.0,0.0,-0.0833333333333333,0.0,-0.5833333333333334,0.0,1,0,2022-06,Low,2022-07,Medium,0.18868131868131865,0.18240620490620488,0.34344973544973545
SUP036,2022-07,34,14,0.9411764705882352,32,2,9,786952.1799999999,0,0.4117647058823529,0.0588235294117647,0.0,1.0,1.0,0.0294117647058823,786952.1799999999,1.0,0.0,0.0468691073368314,0.0,0.0,0.0784313725490196,-0.0122549019607843,0.1078431372549019,0.0,1,1,2022-07,Medium,2022-08,Low,0.1659307359307359,0.18240620490620488,0.34344973544973545
SUP036,2022-08,33,13,1.0909090909090908,36,4,20,515925.35,0,0.3939393939393939,0.1212121212121212,0.0,0.0,0.0,0.0,515925.35,1.0,0.0,0.0308866705836472,0.0,0.0,-0.017825311942959,-0.0294117647058823,0.1497326203208555,0.0,1,1,2022-08,Low,2022-09,Medium,0.19766233766233765,0.18240620490620488,0.34344973544973545
SUP036,2022-09,22,10,1.5,33,3,9,481393.65,0,0.4545454545454545,0.1363636363636363,0.0,0.0,0.0,0.0,481393.65,1.0,0.0,0.0312663066226244,0.0,0.0,0.0606060606060606,0.0,0.4090909090909091,0.0,1,1,2022-09,Medium,2022-10,Medium,0.26876807403123193,0.18240620490620488,0.34344973544973545
SUP036,2022-10,19,6,1.0526315789473684,20,0,0,224264.24,0,0.3157894736842105,0.0,0.0,1.0,10.0,0.0526315789473684,224264.24,1.0,0.0,0.0135621016866735,0.0,0.0,-0.138755980861244,0.0526315789473684,-0.4473684210526316,0.0,1,1,2022-10,Medium,2022-11,Low,0.1747142857142857,0.18240620490620488,0.34344973544973545
SUP036,2022-11,20,8,1.35,27,2,12,444600.71,0,0.4,0.1,0.0,0.0,0.0,0.0,444600.71,1.0,0.0,0.0288002227949547,0.0,0.0,0.0842105263157895,-0.0526315789473684,0.2973684210526317,0.0,1,1,2022-11,Low,2022-12,Medium,0.20582417582417578,0.18240620490620488,0.34344973544973545
SUP036,2022-12,23,10,1.1304347826086956,26,0,0,595096.13,0,0.4347826086956521,0.0,0.0,1.0,1.0,0.0434782608695652,595096.13,1.0,0.0,0.0344777938012787,0.0,0.0,0.0347826086956521,0.0434782608695652,-0.2195652173913045,0.0,1,1,2022-12,Medium,2023-01,Medium,0.23544642857142856,0.18240620490620488,0.34344973544973545
SUP036,2023-01,32,18,1.5,48,4,42,515332.87,0,0.5625,0.125,0.0,0.0,0.0,0.0,515332.87,1.0,0.0,0.0293178958459949,0.0,0.0,0.1277173913043478,-0.0434782608695652,0.3695652173913044,0.0,1,1,2023-01,Medium,2023-02,Medium,0.1858857142857143,0.18240620490620488,0.34344973544973545
SUP036,2023-02,25,11,1.24,31,4,6,622151.86,0,0.44,0.16,0.0,0.0,0.0,0.0,622151.86,1.0,0.0,0.0426833351268536,0.0,0.0,-0.1225,0.0,-0.26,0.0,1,0,2023-02,Medium,2023-03,Medium,0.2009523809523809,0.18240620490620488,0.34344973544973545
SUP036,2023-03,21,10,1.3333333333333333,28,2,11,274667.1,0,0.4761904761904761,0.0952380952380952,0.0,0.0,0.0,0.0,274667.1,1.0,0.0,0.0188397221532311,0.0,0.0,0.0361904761904761,0.0,0.0933333333333332,0.0,1,1,2023-03,Medium,2023-04,Low,0.16826086956521738,0.18240620490620488,0.34344973544973545
SUP036,2023-04,23,9,1.2173913043478262,28,1,3,498107.58,0,0.391304347826087,0.0434782608695652,0.0,0.0,0.0,0.0,498107.58,1.0,0.0,0.0279554039822387,0.0,0.0,-0.0848861283643891,0.0,-0.1159420289855071,0.0,1,0,2023-04,Low,2023-05,Medium,0.22982417582417586,0.18240620490620488,0.34344973544973545
SUP036,2023-05,20,10,1.1,22,3,4,409277.87,0,0.5,0.15,0.0,1.0,1.0,0.05,409277.87,1.0,0.0,0.0263430425159178,0.0,0.0,0.108695652173913,0.05,-0.117391304347826,0.0,1,1,2023-05,Medium,2023-06,Low,0.15872180451127818,0.18240620490620488,0.34344973544973545
SUP036,2023-06,19,7,1.1578947368421053,22,2,5,419646.46,0,0.3684210526315789,0.1052631578947368,0.0,0.0,0.0,0.0,419646.46,1.0,0.0,0.0243202671400317,0.0,0.0,-0.131578947368421,-0.05,0.0578947368421052,0.0,1,1,2023-06,Low,2023-07,Low,0.1299404761904762,0.18240620490620488,0.34344973544973545
SUP036,2023-07,24,7,1.0833333333333333,26,2,5,533746.7000000001,0,0.2916666666666667,0.0833333333333333,0.0,0.0,0.0,0.0,533746.7000000001,1.0,0.0,0.0307665368388218,0.0,0.0,-0.0767543859649122,0.0,-0.074561403508772,0.0,1,0,2023-07,Low,2023-08,Low,0.15078571428571427,0.18240620490620488,0.34344973544973545
SUP036,2023-08,20,7,1.1,22,0,0,372668.84,0,0.35,0.0,0.0,0.0,0.0,0.0,372668.84,1.0,0.0,0.0231416569564022,0.0,0.0,0.0583333333333332,0.0,0.0166666666666668,0.0,1,1,2023-08,Low,2023-09,Low,0.12244047619047618,0.18240620490620488,0.34344973544973545
SUP036,2023-09,24,7,0.7916666666666666,19,2,6,506662.17,0,0.2916666666666667,0.0833333333333333,0.0,0.0,0.0,0.0,506662.17,1.0,0.0,0.032727502525706,0.0,0.0,-0.0583333333333332,0.0,-0.3083333333333334,0.0,1,0,2023-09,Low,2023-10,Low,0.16828571428571426,0.18240620490620488,0.34344973544973545
SUP036,2023-10,20,8,1.1,22,2,2,330321.01,0,0.4,0.1,0.0,0.0,0.0,0.0,330321.01,1.0,0.0,0.019296165293185,0.0,0.0,0.1083333333333333,0.0,0.3083333333333334,0.0,1,1,2023-10,Low,2023-11,Low,0.12557142857142856,0.18240620490620488,0.34344973544973545
SUP036,2023-11,20,6,0.8,16,0,0,333191.1,0,0.3,0.0,0.0,0.0,0.0,0.0,333191.1,1.0,0.0,0.0221966186107007,0.0,0.0,-0.1,0.0,-0.3,0.0,1,0,2023-11,Low,2023-12,Medium,0.24010989010989015,0.18240620490620488,0.34344973544973545
SUP036,2023-12,20,10,1.5,30,1,2,493681.46,0,0.5,0.05,0.0,1.0,1.0,0.05,493681.46,1.0,0.0,0.029438090054733,0.0,0.0,0.2,0.05,0.7,0.0,1,1,2023-12,Medium,2024-01,Medium,0.22875576036866357,0.18240620490620488,0.34344973544973545
SUP036,2024-01,31,16,1.870967741935484,58,1,17,701000.47,0,0.5161290322580645,0.032258064516129,0.0,0.0,0.0,0.0,701000.47,1.0,0.0,0.0431346571575539,0.0,0.0,0.0161290322580645,-0.05,0.3709677419354837,0.0,1,1,2024-01,Medium,2024-02,Medium,0.21614285714285714,0.18240620490620488,0.34344973544973545
SUP036,2024-02,20,10,1.6,32,3,7,519348.06,0,0.5,0.15,0.0,0.0,0.0,0.0,519348.06,1.0,0.0,0.0374665619424675,0.0,0.0,-0.0161290322580645,0.0,-0.2709677419354837,0.0,1,0,2024-02,Medium,2024-03,Low,0.13736263736263737,0.18240620490620488,0.34344973544973545
SUP036,2024-03,26,8,1.1538461538461535,30,2,10,505758.72,0,0.3076923076923077,0.0769230769230769,0.0,0.0,0.0,0.0,505758.72,1.0,0.0,0.0306871165183783,0.0,0.0,-0.1923076923076923,0.0,-0.4461538461538463,0.0,1,0,2024-03,Low,2024-04,Low,0.18061224489795916,0.18240620490620488,0.34344973544973545
SUP036,2024-04,21,9,1.1904761904761905,25,1,6,545364.9299999999,0,0.4285714285714285,0.0476190476190476,0.0,0.0,0.0,0.0,545364.9299999999,1.0,0.0,0.0348038230901007,0.0,0.0,0.1208791208791208,0.0,0.0366300366300367,0.0,1,1,2024-04,Low,2024-05,Low,0.16714285714285715,0.18240620490620488,0.34344973544973545
SUP036,2024-05,23,9,1.173913043478261,27,3,52,457077.0,0,0.391304347826087,0.1304347826086956,0.0,0.0,0.0,0.0,457077.0,1.0,0.0,0.0286035176885494,0.0,0.0,-0.0372670807453415,0.0,-0.0165631469979294,0.0,1,0,2024-05,Low,2024-06,Medium,0.2181318681318681,0.18240620490620488,0.34344973544973545
SUP036,2024-06,26,14,1.1538461538461535,30,1,8,368864.33,0,0.5384615384615384,0.0384615384615384,0.0,0.0,0.0,0.0,368864.33,1.0,0.0,0.0236675281750688,0.0,0.0,0.1471571906354514,0.0,-0.0200668896321072,0.0,1,1,2024-06,Medium,2024-07,Medium,0.18897142857142857,0.18240620490620488,0.34344973544973545
SUP036,2024-07,25,11,1.36,34,1,2,584549.24,0,0.44,0.04,0.0,0.0,0.0,0.0,584549.24,1.0,0.0,0.0368470637292842,0.0,0.0,-0.0984615384615384,0.0,0.2061538461538463,0.0,1,1,2024-07,Medium,2024-08,Low,0.17904761904761907,0.18240620490620488,0.34344973544973545
SUP036,2024-08,24,10,1.2916666666666667,31,3,16,355919.26,0,0.4166666666666667,0.125,0.0,0.0,0.0,0.0,355919.26,1.0,0.0,0.0232138177022997,0.0,0.0,-0.0233333333333333,0.0,-0.0683333333333333,0.0,1,0,2024-08,Low,2024-09,Medium,0.22251700680272107,0.18240620490620488,0.34344973544973545
SUP036,2024-09,21,11,1.5238095238095235,32,1,9,259029.69,0,0.5238095238095238,0.0476190476190476,0.0,0.0,0.0,0.0,259029.69,1.0,0.0,0.0168412164540867,0.0,0.0,0.1071428571428571,0.0,0.2321428571428569,0.0,1,1,2024-09,Medium,2024-10,Low,0.17707792207792208,0.18240620490620488,0.34344973544973545
SUP036,2024-10,22,9,1.318181818181818,29,3,34,305271.6,0,0.4090909090909091,0.1363636363636363,0.0,0.0,0.0,0.0,305271.6,1.0,0.0,0.0201538765995991,0.0,0.0,-0.1147186147186147,0.0,-0.2056277056277056,0.0,1,0,2024-10,Low,2024-11,Low,0.14587912087912086,0.18240620490620488,0.34344973544973545
SUP036,2024-11,26,9,0.9615384615384616,25,3,7,298689.05,0,0.3461538461538461,0.1153846153846153,0.0,0.0,0.0,0.0,298689.05,1.0,0.0,0.0195932456681893,0.0,0.0,-0.0629370629370629,0.0,-0.3566433566433565,0.0,1,0,2024-11,Low,2024-12,Medium,0.1894047619047619,0.18240620490620488,0.34344973544973545
SUP036,2024-12,36,15,1.6944444444444444,61,3,30,698014.03,0,0.4166666666666667,0.0833333333333333,0.0,0.0,0.0,0.0,698014.03,1.0,0.0,0.0421809417460494,0.0,0.0,0.0705128205128205,0.0,0.7329059829059829,0.0,1,1,2024-12,Medium,2025-01,Medium,0.20199999999999999,0.18240620490620488,0.34344973544973545
SUP036,2025-01,20,10,1.05,21,1,2,794238.61,0,0.5,0.05,0.0,0.0,0.0,0.0,794238.61,1.0,0.0,0.0483900084905226,0.0,0.0,0.0833333333333333,0.0,-0.6444444444444444,0.0,1,1,2025-01,Medium,2025-02,High,0.3773809523809524,0.18240620490620488,0.34344973544973545
SUP037,2022-01,2,0,0.0,0,0,0,78816.29000000001,0,0.0,0.0,0.0,0.0,0.0,0.0,78816.29000000001,1.0,0.0,0.0745914115634509,0.0,0.0,0.0,0.0,0.0,0.0,0,0,2022-01,Low,2022-02,Low,0.09127819548872176,0.18240620490620488,0.34344973544973545
SUP037,2022-02,19,4,0.6842105263157895,13,2,5,412062.26,0,0.2105263157894736,0.1052631578947368,0.0,0.0,0.0,0.0,412062.26,1.0,0.0,0.0470121177524124,0.0,0.0,0.2105263157894736,0.0,0.6842105263157895,0.0,1,1,2022-02,Low,2022-03,Low,0.17824675324675326,0.18240620490620488,0.34344973544973545
SUP037,2022-03,22,9,1.3636363636363635,30,1,1,565853.92,0,0.4090909090909091,0.0454545454545454,0.0,0.0,0.0,0.0,565853.92,1.0,0.0,0.0373696242049712,0.0,0.0,0.1985645933014354,0.0,0.679425837320574,0.0,1,1,2022-03,Low,2022-04,Medium,0.22006802721088434,0.18240620490620488,0.34344973544973545
SUP037,2022-04,21,11,1.4285714285714286,30,1,3,396415.36,0,0.5238095238095238,0.0476190476190476,0.0,0.0,0.0,0.0,396415.36,1.0,0.0,0.0254535899090278,0.0,0.0,0.1147186147186147,0.0,0.064935064935065,0.0,1,1,2022-04,Medium,2022-05,Medium,0.18597402597402596,0.18240620490620488,0.34344973544973545
SUP037,2022-05,22,10,1.0454545454545454,23,2,9,380303.76,0,0.4545454545454545,0.0909090909090909,0.0,0.0,0.0,0.0,380303.76,1.0,0.0,0.022111029334316,0.0,0.0,-0.0692640692640693,0.0,-0.3831168831168832,0.0,1,0,2022-05,Medium,2022-06,Medium,0.19005102040816327,0.18240620490620488,0.34344973544973545
SUP037,2022-06,28,13,1.0714285714285714,30,5,6,432897.62,0,0.4642857142857143,0.1785714285714285,0.0,0.0,0.0,0.0,432897.62,1.0,0.0,0.0270533974658237,0.0,0.0,0.0097402597402597,0.0,0.0259740259740259,0.0,1,1,2022-06,Medium,2022-07,Medium,0.2021768707482993,0.18240620490620488,0.34344973544973545
SUP037,2022-07,21,10,1.380952380952381,29,1,1,524894.24,0,0.4761904761904761,0.0476190476190476,0.0,0.0,0.0,0.0,524894.24,1.0,0.0,0.0312615240166747,0.0,0.0,0.0119047619047618,0.0,0.3095238095238095,0.0,1,1,2022-07,Medium,2022-08,Medium,0.29707326007326007,0.18240620490620488,0.34344973544973545
SUP037,2022-08,30,13,1.4666666666666666,44,3,6,948890.15,0,0.4333333333333333,0.1,0.0,5.0,5.0,0.1666666666666666,948890.15,1.0,0.0,0.0568067792813777,0.0,0.0,-0.0428571428571428,0.1666666666666666,0.0857142857142856,0.0,1,1,2022-08,Medium,2022-09,Medium,0.20714285714285713,0.18240620490620488,0.34344973544973545
SUP037,2022-09,20,10,1.25,25,2,8,336633.23,0,0.5,0.1,0.0,0.0,0.0,0.0,336633.23,1.0,0.0,0.0218641807770926,0.0,0.0,0.0666666666666666,-0.1666666666666666,-0.2166666666666665,0.0,1,1,2022-09,Medium,2022-10,Medium,0.34249084249084244,0.18240620490620488,0.34344973544973545
SUP037,2022-10,27,21,1.851851851851852,50,0,0,563210.26,0,0.7777777777777778,0.0,0.0,1.0,1.0,0.037037037037037,563210.26,1.0,0.0,0.0340594417420176,0.0,0.0,0.2777777777777778,0.037037037037037,0.6018518518518519,0.0,1,1,2022-10,Medium,2022-11,Low,0.16999999999999998,0.18240620490620488,0.34344973544973545
SUP037,2022-11,30,12,1.1666666666666667,35,7,29,702714.9400000001,0,0.4,0.2333333333333333,0.0,0.0,0.0,0.0,702714.9400000001,1.0,0.0,0.0455202755599361,0.0,0.0,-0.3777777777777777,-0.037037037037037,-0.6851851851851851,0.0,1,0,2022-11,Low,2022-12,Medium,0.20116883116883114,0.18240620490620488,0.34344973544973545
SUP037,2022-12,22,10,1.6363636363636365,36,2,2,515460.53,0,0.4545454545454545,0.0909090909090909,0.0,0.0,0.0,0.0,515460.53,1.0,0.0,0.0298639849431349,0.0,0.0,0.0545454545454545,0.0,0.4696969696969697,0.0,1,1,2022-12,Medium,2023-01,Medium,0.20375661375661372,0.18240620490620488,0.34344973544973545
SUP037,2023-01,27,13,1.3703703703703705,37,2,16,540244.42,0,0.4814814814814814,0.074074074074074,0.0,0.0,0.0,0.0,540244.42,1.0,0.0,0.0307351433587769,0.0,0.0,0.0269360269360269,0.0,-0.265993265993266,0.0,1,1,2023-01,Medium,2023-02,Low,0.12742857142857142,0.18240620490620488,0.34344973544973545
SUP037,2023-02,25,8,0.6,15,2,2,441841.63,0,0.32,0.08,0.0,0.0,0.0,0.0,441841.63,1.0,0.0,0.0303129759449489,0.0,0.0,-0.1614814814814814,0.0,-0.7703703703703705,0.0,1,0,2023-02,Low,2023-03,Low,0.15374999999999997,0.18240620490620488,0.34344973544973545
SUP037,2023-03,24,9,0.875,21,2,8,739047.8300000001,0,0.375,0.0833333333333333,0.0,0.0,0.0,0.0,739047.8300000001,1.0,0.0,0.0506921133807013,0.0,0.0,0.0549999999999999,0.0,0.275,0.0,1,1,2023-03,Low,2023-04,Low,0.15724867724867722,0.18240620490620488,0.34344973544973545
SUP037,2023-04,27,10,1.0740740740740742,29,7,21,392148.96,0,0.3703703703703703,0.2592592592592592,0.0,0.0,0.0,0.0,392148.96,1.0,0.0,0.0220086644696609,0.0,0.0,-0.0046296296296296,0.0,0.1990740740740741,0.0,1,1,2023-04,Low,2023-05,Medium,0.21114885114885112,0.18240620490620488,0.34344973544973545
SUP037,2023-05,22,10,1.0454545454545454,23,3,3,471544.67,0,0.4545454545454545,0.1363636363636363,0.0,1.0,1.0,0.0454545454545454,471544.67,1.0,0.0,0.0303508256871167,0.0,0.0,0.0841750841750841,0.0454545454545454,-0.0286195286195287,0.0,1,1,2023-05,Medium,2023-06,Low,0.11074074074074071,0.18240620490620488,0.34344973544973545
SUP037,2023-06,27,7,0.7777777777777778,21,6,19,475600.39,0,0.2592592592592592,0.2222222222222222,0.0,0.0,0.0,0.0,475600.39,1.0,0.0,0.0275630313590714,0.0,0.0,-0.1952861952861952,-0.0454545454545454,-0.2676767676767676,0.0,1,0,2023-06,Low,2023-07,Low,0.15629629629629627,0.18240620490620488,0.34344973544973545
SUP037,2023-07,27,10,1.037037037037037,28,2,2,464515.65,0,0.3703703703703703,0.074074074074074,0.0,0.0,0.0,0.0,464515.65,1.0,0.0,0.0267758805027445,0.0,0.0,0.1111111111111111,0.0,0.2592592592592592,0.0,1,1,2023-07,Low,2023-08,Low,0.12999999999999998,0.18240620490620488,0.34344973544973545
SUP037,2023-08,23,7,0.9130434782608696,21,0,0,423934.42,0,0.3043478260869565,0.0,0.0,0.0,0.0,0.0,423934.42,1.0,0.0,0.0263251011800486,0.0,0.0,-0.0660225442834138,0.0,-0.1239935587761674,0.0,1,0,2023-08,Low,2023-09,Medium,0.22159663865546217,0.18240620490620488,0.34344973544973545
SUP037,2023-09,17,9,1.411764705882353,24,3,11,208489.69,0,0.5294117647058824,0.1764705882352941,0.0,0.0,0.0,0.0,208489.69,1.0,0.0,0.0134672514746042,0.0,0.0,0.2250639386189258,0.0,0.4987212276214835,0.0,1,1,2023-09,Medium,2023-10,Medium,0.20585034013605438,0.18240620490620488,0.34344973544973545
SUP037,2023-10,21,10,1.5238095238095235,32,2,8,470050.4900000001,0,0.4761904761904761,0.0952380952380952,0.0,0.0,0.0,0.0,470050.4900000001,1.0,0.0,0.0274586589305434,0.0,0.0,-0.0532212885154061,0.0,0.1120448179271706,0.0,1,1,2023-10,Medium,2023-11,Medium,0.26175324675324674,0.18240620490620488,0.34344973544973545
SUP037,2023-11,22,13,2.136363636363636,47,4,21,517618.29,0,0.5909090909090909,0.1818181818181818,0.0,0.0,0.0,0.0,517618.29,1.0,0.0,0.0344828411354718,0.0,0.0,0.1147186147186147,0.0,0.6125541125541125,0.0,1,1,2023-11,Medium,2023-12,Low,0.1220408163265306,0.18240620490620488,0.34344973544973545
SUP037,2023-12,14,4,0.8571428571428571,12,1,2,287297.55,0,0.2857142857142857,0.0714285714285714,0.0,0.0,0.0,0.0,287297.55,1.0,0.0,0.0171314741076243,0.0,0.0,-0.3051948051948052,0.0,-1.279220779220779,0.0,1,0,2023-12,Low,2024-01,Medium,0.22419642857142857,0.18240620490620488,0.34344973544973545
SUP037,2024-01,32,18,1.0625,34,3,5,729299.14,0,0.5625,0.09375,0.0,0.0,0.0,0.0,729299.14,1.0,0.0,0.0448759590263883,0.0,0.0,0.2767857142857143,0.0,0.2053571428571429,0.0,1,1,2024-01,Medium,2024-02,Medium,0.2270833333333333,0.18240620490620488,0.34344973544973545
SUP037,2024-02,24,13,1.4583333333333333,35,3,3,417137.54,0,0.5416666666666666,0.125,0.0,0.0,0.0,0.0,417137.54,1.0,0.0,0.0300929389838069,0.0,0.0,-0.0208333333333333,0.0,0.3958333333333332,0.0,1,1,2024-02,Medium,2024-03,Low,0.17240259740259742,0.18240620490620488,0.34344973544973545
SUP037,2024-03,22,9,1.1363636363636365,25,5,18,546917.1900000001,0,0.4090909090909091,0.2272727272727272,0.0,0.0,0.0,0.0,546917.1900000001,1.0,0.0,0.033184423464679,0.0,0.0,-0.1325757575757575,0.0,-0.3219696969696968,0.0,1,0,2024-03,Low,2024-04,Medium,0.2662380952380952,0.18240620490620488,0.34344973544973545
SUP037,2024-04,30,19,1.7333333333333334,52,3,10,592532.51,0,0.6333333333333333,0.1,0.0,0.0,0.0,0.0,592532.51,1.0,0.0,0.0378139398387303,0.0,0.0,0.2242424242424242,0.0,0.5969696969696969,0.0,1,1,2024-04,Medium,2024-05,Low,0.16598290598290594,0.18240620490620488,0.34344973544973545
SUP037,2024-05,27,9,1.037037037037037,28,2,4,678318.65,0,0.3333333333333333,0.074074074074074,0.0,1.0,1.0,0.037037037037037,678318.65,1.0,0.0,0.0424486454224299,0.0,0.0,-0.3,0.037037037037037,-0.6962962962962964,0.0,1,1,2024-05,Low,2024-06,Low,0.09151848151848152,0.18240620490620488,0.34344973544973545
SUP037,2024-06,22,2,0.3636363636363636,8,4,10,422624.68000000005,0,0.0909090909090909,0.1818181818181818,0.0,2.0,2.0,0.0909090909090909,422624.68000000005,1.0,0.0,0.0271169660709113,0.0,0.0,-0.2424242424242424,0.0538720538720538,-0.6734006734006733,0.0,1,1,2024-06,Low,2024-07,Low,0.1687684729064039,0.18240620490620488,0.34344973544973545
SUP037,2024-07,29,12,0.9310344827586208,27,4,15,653284.97,0,0.4137931034482758,0.1379310344827586,0.0,0.0,0.0,0.0,653284.97,1.0,0.0,0.0411798207503845,0.0,0.0,0.322884012539185,-0.0909090909090909,0.567398119122257,0.0,1,1,2024-07,Low,2024-08,Medium,0.23383928571428572,0.18240620490620488,0.34344973544973545
SUP037,2024-08,16,9,1.4375,23,2,3,184316.51,0,0.5625,0.125,0.0,0.0,0.0,0.0,184316.51,1.0,0.0,0.0120215182023701,0.0,0.0,0.1487068965517241,0.0,0.5064655172413793,0.0,1,1,2024-08,Medium,2024-09,Medium,0.2365120065120065,0.18240620490620488,0.34344973544973545
SUP037,2024-09,27,14,1.2592592592592593,34,3,14,596021.74,0,0.5185185185185185,0.1111111111111111,0.0,1.0,1.0,0.037037037037037,596021.74,1.0,0.0,0.0387512764837166,0.0,0.0,-0.0439814814814815,0.037037037037037,-0.1782407407407407,0.0,1,1,2024-09,Medium,2024-10,Medium,0.2466813186813187,0.18240620490620488,0.34344973544973545
SUP037,2024-10,25,13,1.6,40,2,12,354090.4,0,0.52,0.08,0.0,1.0,1.0,0.04,354090.4,1.0,0.0,0.0233768690788881,0.0,0.0,0.0014814814814815,0.0029629629629629,0.3407407407407408,0.0,1,1,2024-10,Medium,2024-11,Low,0.153781512605042,0.18240620490620488,0.34344973544973545
SUP037,2024-11,17,6,1.1764705882352942,20,1,2,388930.85,0,0.3529411764705882,0.0588235294117647,0.0,0.0,0.0,0.0,388930.85,1.0,0.0,0.0255128793371825,0.0,0.0,-0.1670588235294117,-0.04,-0.4235294117647059,0.0,1,0,2024-11,Low,2024-12,Medium,0.23369747899159662,0.18240620490620488,0.34344973544973545
SUP037,2024-12,17,9,1.8823529411764703,32,0,0,396198.96,0,0.5294117647058824,0.0,0.0,0.0,0.0,0.0,396198.96,1.0,0.0,0.0239422769934944,0.0,0.0,0.1764705882352941,0.0,0.7058823529411764,0.0,1,1,2024-12,Medium,2025-01,Low,0.17204081632653057,0.18240620490620488,0.34344973544973545
SUP038,2022-02,10,6,1.6,16,0,0,332971.71,0,0.6,0.0,0.0,0.0,0.0,0.0,332971.71,1.0,0.0,0.0379886894731445,0.0,0.0,0.0,0.0,0.0,0.0,0,0,2022-02,Medium,2022-03,Medium,0.2758571428571428,0.18240620490620488,0.34344973544973545
SUP038,2022-03,20,14,1.2,24,0,0,728774.5,0,0.7,0.0,0.0,0.0,0.0,0.0,728774.5,1.0,0.0,0.0481290810800883,0.0,0.0,0.0999999999999999,0.0,-0.4000000000000001,0.0,1,1,2022-03,Medium,2022-04,Medium,0.2883928571428571,0.18240620490620488,0.34344973544973545
SUP038,2022-04,24,15,2.708333333333333,65,3,7,545619.19,0,0.625,0.125,0.0,0.0,0.0,0.0,545619.19,1.0,0.0,0.0350338773673047,0.0,0.0,-0.0749999999999999,0.0,1.5083333333333335,0.0,1,1,2022-04,Medium,2022-05,Medium,0.3341326530612244,0.18240620490620488,0.34344973544973545
SUP038,2022-05,28,21,2.7857142857142856,78,3,11,812799.6499999999,0,0.75,0.1071428571428571,0.0,0.0,0.0,0.0,812799.6499999999,1.0,0.0,0.047256532262715,0.0,0.0,0.125,0.0,0.0773809523809521,0.0,1,1,2022-05,Medium,2022-06,Medium,0.2421028971028971,0.18240620490620488,0.34344973544973545
SUP038,2022-06,22,11,1.181818181818182,26,2,5,623418.23,0,0.5,0.0909090909090909,0.0,1.0,2.0,0.0454545454545454,623418.23,1.0,0.0,0.0389597456406213,0.0,0.0,-0.25,0.0454545454545454,-1.6038961038961037,0.0,1,1,2022-06,Medium,2022-07,Medium,0.3170879120879121,0.18240620490620488,0.34344973544973545
SUP038,2022-07,26,19,2.3846153846153846,62,6,21,933623.8,0,0.7307692307692307,0.2307692307692307,0.0,0.0,0.0,0.0,933623.8,1.0,0.0,0.0556045401569641,0.0,0.0,0.2307692307692307,-0.0454545454545454,1.2027972027972027,0.0,1,1,2022-07,Medium,2022-08,Medium,0.3131834831834832,0.18240620490620488,0.34344973544973545
SUP038,2022-08,33,22,2.303030303030303,76,7,34,831962.27,0,0.6666666666666666,0.2121212121212121,0.0,1.0,1.0,0.0303030303030303,831962.27,1.0,0.0,0.0498067105473948,0.0,0.0,-0.0641025641025641,0.0303030303030303,-0.0815850815850813,0.0,1,1,2022-08,Medium,2022-09,Medium,0.31906249999999997,0.18240620490620488,0.34344973544973545
SUP038,2022-09,32,23,2.625,84,3,11,1041785.69,0,0.71875,0.09375,0.0,0.0,0.0,0.0,1041785.69,1.0,0.0,0.0676635240589534,0.0,0.0,0.0520833333333333,-0.0303030303030303,0.3219696969696968,0.0,1,1,2022-09,Medium,2022-10,Medium,0.3297650625236832,0.18240620490620488,0.34344973544973545
SUP038,2022-10,29,20,2.586206896551724,75,8,35,841872.21,0,0.6896551724137931,0.2758620689655172,0.0,1.0,1.0,0.0344827586206896,841872.21,1.0,0.0,0.0509111774539025,0.0,0.0,-0.0290948275862068,0.0344827586206896,-0.0387931034482758,0.0,1,1,2022-10,Medium,2022-11,Low,0.1811904761904762,0.18240620490620488,0.34344973544973545
SUP038,2022-11,24,10,1.375,33,1,5,660287.07,0,0.4166666666666667,0.0416666666666666,0.0,0.0,0.0,0.0,660287.07,1.0,0.0,0.0427718946391873,0.0,0.0,-0.2729885057471264,-0.0344827586206896,-1.2112068965517242,0.0,1,0,2022-11,Low,2022-12,Medium,0.3208823529411765,0.18240620490620488,0.34344973544973545
SUP038,2022-12,34,25,2.4705882352941178,84,6,37,1384102.7,0,0.7352941176470589,0.1764705882352941,0.0,0.0,0.0,0.0,1384102.7,1.0,0.0,0.0801900820467328,0.0,0.0,0.3186274509803922,0.0,1.0955882352941178,0.0,1,1,2022-12,Medium,2023-01,Medium,0.2892857142857143,0.18240620490620488,0.34344973544973545
SUP038,2023-01,28,18,2.5,70,4,21,1013297.84,0,0.6428571428571429,0.1428571428571428,0.0,0.0,0.0,0.0,1013297.84,1.0,0.0,0.0576477113406169,0.0,0.0,-0.0924369747899159,0.0,0.0294117647058822,0.0,1,1,2023-01,Medium,2023-02,Medium,0.31290209790209783,0.18240620490620488,0.34344973544973545
SUP038,2023-02,22,15,1.9090909090909087,42,6,36,811541.7799999999,0,0.6818181818181818,0.2727272727272727,0.0,1.0,1.0,0.0454545454545454,811541.7799999999,1.0,0.0,0.0556766152964379,0.0,0.0,0.0389610389610388,0.0454545454545454,-0.5909090909090908,0.0,1,1,2023-02,Medium,2023-03,Medium,0.34334147334147336,0.18240620490620488,0.34344973544973545
SUP038,2023-03,27,19,2.4444444444444446,66,6,33,784252.7999999999,0,0.7037037037037037,0.2222222222222222,0.0,1.0,2.0,0.037037037037037,784252.7999999999,1.0,0.0,0.0537927725959664,0.0,0.0,0.0218855218855219,-0.0084175084175084,0.5353535353535355,0.0,1,1,2023-03,Medium,2023-04,Medium,0.3070741758241758,0.18240620490620488,0.34344973544973545
SUP038,2023-04,24,15,2.5,60,0,0,971392.12,0,0.625,0.0,0.0,1.0,1.0,0.0416666666666666,971392.12,1.0,0.0,0.0545176588956211,0.0,0.0,-0.0787037037037037,0.0046296296296296,0.0555555555555553,0.0,1,1,2023-04,Medium,2023-05,Medium,0.2940394088669951,0.18240620490620488,0.34344973544973545
SUP038,2023-05,29,19,2.5172413793103448,73,5,41,765004.4199999999,0,0.6551724137931034,0.1724137931034483,0.0,0.0,0.0,0.0,765004.4199999999,1.0,0.0,0.0492392710139081,0.0,0.0,0.0301724137931034,-0.0416666666666666,0.0172413793103447,0.0,1,1,2023-05,Medium,2023-06,Medium,0.3041428571428571,0.18240620490620488,0.34344973544973545
SUP038,2023-06,30,21,2.3,69,4,58,934050.04,0,0.7,0.1333333333333333,0.0,0.0,0.0,0.0,934050.04,1.0,0.0,0.0541321056180418,0.0,0.0,0.0448275862068965,0.0,-0.2172413793103449,0.0,1,1,2023-06,Medium,2023-07,Medium,0.31818681318681313,0.18240620490620488,0.34344973544973545
SUP038,2023-07,26,17,2.576923076923077,67,5,24,597913.74,0,0.6538461538461539,0.1923076923076923,0.0,1.0,1.0,0.0384615384615384,597913.74,1.0,0.0,0.0344652905735018,0.0,0.0,-0.0461538461538461,0.0384615384615384,0.2769230769230772,0.0,1,1,2023-07,Medium,2023-08,High,0.36110367892976586,0.18240620490620488,0.34344973544973545
SUP038,2023-08,23,18,2.4347826086956523,56,3,35,681637.25,0,0.782608695652174,0.1304347826086956,0.0,1.0,1.0,0.0434782608695652,681637.25,1.0,0.0,0.0423277014740631,0.0,0.0,0.1287625418060201,0.0050167224080267,-0.1421404682274247,0.0,1,1,2023-08,High,2023-09,Medium,0.3314535464535464,0.18240620490620488,0.34344973544973545
SUP038,2023-09,22,15,2.1818181818181817,48,3,14,978838.93,0,0.6818181818181818,0.1363636363636363,0.0,1.0,2.0,0.0454545454545454,978838.93,1.0,0.0,0.0632274431577048,0.0,0.0,-0.1007905138339921,0.0019762845849802,-0.2529644268774706,0.0,1,1,2023-09,Medium,2023-10,Medium,0.3107957559681698,0.18240620490620488,0.34344973544973545
SUP038,2023-10,29,16,1.9310344827586208,56,7,37,859313.2599999999,0,0.5517241379310345,0.2413793103448276,0.0,1.0,5.0,0.0344827586206896,859313.2599999999,1.0,0.0,0.0501979898389924,0.0,0.0,-0.1300940438871473,-0.0109717868338558,-0.2507836990595609,0.0,1,0,2023-10,Medium,2023-11,Medium,0.22211981566820277,0.18240620490620488,0.34344973544973545
SUP038,2023-11,31,16,1.6129032258064515,50,5,8,635336.33,0,0.5161290322580645,0.1612903225806451,0.0,0.0,0.0,0.0,635336.33,1.0,0.0,0.0423250147033709,0.0,0.0,-0.0355951056729699,-0.0344827586206896,-0.3181312569521692,0.0,1,0,2023-11,Medium,2023-12,Medium,0.26554285714285714,0.18240620490620488,0.34344973544973545
SUP038,2023-12,25,15,2.16,54,6,20,807104.5499999999,0,0.6,0.24,0.0,0.0,0.0,0.0,807104.5499999999,1.0,0.0,0.0481274229469439,0.0,0.0,0.0838709677419354,0.0,0.5470967741935486,0.0,1,1,2023-12,Medium,2024-01,High,0.34809523809523807,0.18240620490620488,0.34344973544973545
SUP038,2024-01,39,31,2.717948717948718,106,6,9,1190178.98,0,0.7948717948717948,0.1538461538461538,0.0,0.0,0.0,0.0,1190178.98,1.0,0.0,0.0732352750896547,0.0,0.0,0.1948717948717948,0.0,0.5579487179487179,0.0,1,1,2024-01,High,2024-02,Medium,0.27274725274725276,0.18240620490620488,0.34344973544973545
SUP038,2024-02,26,16,2.230769230769231,58,3,8,674366.49,0,0.6153846153846154,0.1153846153846153,0.0,0.0,0.0,0.0,674366.49,1.0,0.0,0.0486498281509117,0.0,0.0,-0.1794871794871794,0.0,-0.4871794871794872,0.0,1,0,2024-02,Medium,2024-03,High,0.34366071428571426,0.18240620490620488,0.34344973544973545
SUP038,2024-03,32,24,3.15625,101,7,37,1170691.14,0,0.75,0.21875,0.0,0.0,0.0,0.0,1170691.14,1.0,0.0,0.071032162174511,0.0,0.0,0.1346153846153845,0.0,0.9254807692307692,0.0,1,1,2024-03,High,2024-04,Medium,0.3399248120300752,0.18240620490620488,0.34344973544973545
SUP038,2024-04,19,15,2.473684210526316,47,3,10,661362.2799999999,0,0.7894736842105263,0.1578947368421052,0.0,0.0,0.0,0.0,661362.2799999999,1.0,0.0,0.0422064832654085,0.0,0.0,0.0394736842105263,0.0,-0.6825657894736841,0.0,1,1,2024-04,Medium,2024-05,Medium,0.29238095238095235,0.18240620490620488,0.34344973544973545
SUP038,2024-05,27,18,2.2962962962962963,62,4,15,686592.24,0,0.6666666666666666,0.1481481481481481,0.0,0.0,0.0,0.0,686592.24,1.0,0.0,0.0429664001506546,0.0,0.0,-0.1228070175438597,0.0,-0.1773879142300196,0.0,1,0,2024-05,Medium,2024-06,Medium,0.24907142857142858,0.18240620490620488,0.34344973544973545
SUP038,2024-06,20,11,2.2,44,4,13,532174.08,0,0.55,0.2,0.0,0.0,0.0,0.0,532174.08,1.0,0.0,0.0341460098146148,0.0,0.0,-0.1166666666666665,0.0,-0.0962962962962961,0.0,1,0,2024-06,Medium,2024-07,High,0.3632844932844933,0.18240620490620488,0.34344973544973545
SUP038,2024-07,18,14,2.4444444444444446,44,4,16,508095.9,0,0.7777777777777778,0.2222222222222222,0.0,1.0,1.0,0.0555555555555555,508095.9,1.0,0.0,0.0320278271303338,0.0,0.0,0.2277777777777777,0.0555555555555555,0.2444444444444444,0.0,1,1,2024-07,High,2024-08,High,0.36835164835164835,0.18240620490620488,0.34344973544973545
SUP038,2024-08,26,22,2.8076923076923075,73,2,4,975031.96,0,0.8461538461538461,0.0769230769230769,0.0,0.0,0.0,0.0,975031.96,1.0,0.0,0.0635936761987986,0.0,0.0,0.0683760683760683,-0.0555555555555555,0.3632478632478628,0.0,1,1,2024-08,High,2024-09,High,0.3606023606023606,0.18240620490620488,0.34344973544973545
SUP038,2024-09,27,17,2.7777777777777777,75,3,5,821842.96,0,0.6296296296296297,0.1111111111111111,0.0,1.0,5.0,0.037037037037037,821842.96,1.0,0.0,0.0534333928308656,0.0,0.0,-0.2165242165242165,0.037037037037037,-0.0299145299145298,0.0,1,1,2024-09,High,2024-10,Medium,0.2629220779220779,0.18240620490620488,0.34344973544973545
SUP038,2024-10,22,13,2.1818181818181817,48,1,13,571436.49,0,0.5909090909090909,0.0454545454545454,0.0,0.0,0.0,0.0,571436.49,1.0,0.0,0.0377259479885063,0.0,0.0,-0.0387205387205387,-0.037037037037037,-0.595959595959596,0.0,1,0,2024-10,Medium,2024-11,Medium,0.29848979591836733,0.18240620490620488,0.34344973544973545
SUP038,2024-11,35,25,1.8857142857142857,66,1,3,1197315.25,0,0.7142857142857143,0.0285714285714285,0.0,0.0,0.0,0.0,1197315.25,1.0,0.0,0.0785408498755461,0.0,0.0,0.1233766233766233,0.0,-0.296103896103896,0.0,1,1,2024-11,Medium,2024-12,Medium,0.3121008403361345,0.18240620490620488,0.34344973544973545
SUP038,2024-12,34,24,2.5294117647058822,86,5,21,929450.72,0,0.7058823529411765,0.1470588235294117,0.0,0.0,0.0,0.0,929450.72,1.0,0.0,0.0561666456419847,0.0,0.0,-0.0084033613445377,0.0,0.6436974789915966,0.0,1,1,2024-12,Medium,2025-01,Medium,0.3210027472527473,0.18240620490620488,0.34344973544973545
SUP038,2025-01,32,22,2.3125,74,3,10,1228563.53,0,0.6875,0.09375,0.0,1.0,1.0,0.03125,1228563.53,1.0,0.0,0.074851812666028,0.0,0.0,-0.0183823529411765,0.03125,-0.2169117647058822,0.0,1,1,2025-01,Medium,2025-02,High,0.45688644688644686,0.18240620490620488,0.34344973544973545
SUP039,2022-02,4,2,2.5,10,0,0,154187.19,0,0.5,0.0,0.0,0.0,0.0,0.0,154187.19,1.0,0.0,0.0175911920014067,0.0,0.0,0.0,0.0,0.0,0.0,0,0,2022-02,Medium,2022-03,Medium,0.30749999999999994,0.18240620490620488,0.34344973544973545
SUP039,2022-03,4,3,1.75,7,2,4,148317.54,0,0.75,0.5,0.0,0.0,0.0,0.0,148317.54,1.0,0.0,0.0097950558207775,0.0,0.0,0.25,0.0,-0.75,0.0,1,1,2022-03,Medium,2022-04,Medium,0.22,0.18240620490620488,0.34344973544973545
SUP039,2022-04,8,4,1.75,14,1,2,195692.04,0,0.5,0.125,0.0,0.0,0.0,0.0,195692.04,1.0,0.0,0.0125652672354095,0.0,0.0,-0.25,0.0,0.0,0.0,1,0,2022-04,Medium,2022-05,High,0.34365079365079365,0.18240620490620488,0.34344973544973545
SUP039,2022-05,9,7,2.7777777777777777,25,1,1,250040.15,0,0.7777777777777778,0.1111111111111111,0.0,0.0,0.0,0.0,250040.15,1.0,0.0,0.0145374452553579,0.0,0.0,0.2777777777777778,0.0,1.0277777777777777,0.0,1,1,2022-05,High,2022-06,Medium,0.31979591836734694,0.18240620490620488,0.34344973544973545
SUP039,2022-06,14,10,2.7142857142857144,38,0,0,435217.44,0,0.7142857142857143,0.0,0.0,0.0,0.0,0.0,435217.44,1.0,0.0,0.0271983717267337,0.0,0.0,-0.0634920634920634,0.0,-0.0634920634920632,0.0,1,0,2022-06,Medium,2022-07,Medium,0.2905194805194805,0.18240620490620488,0.34344973544973545
SUP039,2022-07,11,7,2.636363636363636,29,0,0,447196.44,0,0.6363636363636364,0.0,0.0,0.0,0.0,0.0,447196.44,1.0,0.0,0.0266340172626612,0.0,0.0,-0.0779220779220779,0.0,-0.0779220779220781,0.0,1,0,2022-07,Medium,2022-08,Medium,0.21357142857142858,0.18240620490620488,0.34344973544973545
SUP039,2022-08,2,1,1.5,3,1,3,85571.59,0,0.5,0.5,0.0,0.0,0.0,0.0,85571.59,1.0,0.0,0.0051228758417257,0.0,0.0,-0.1363636363636363,0.0,-1.1363636363636362,0.0,1,0,2022-08,Medium,2022-09,High,0.4322857142857143,0.18240620490620488,0.34344973544973545
SUP039,2022-09,5,5,3.2,16,0,0,152960.61,0,1.0,0.0,0.0,0.0,0.0,0.0,152960.61,1.0,0.0,0.0099347245927396,0.0,0.0,0.5,0.0,1.7000000000000002,0.0,1,1,2022-09,High,2022-10,Medium,0.2515873015873016,0.18240620490620488,0.34344973544973545
SUP039,2022-10,9,5,2.2222222222222223,20,3,4,149351.87,0,0.5555555555555556,0.3333333333333333,0.0,0.0,0.0,0.0,149351.87,1.0,0.0,0.0090318690489168,0.0,0.0,-0.4444444444444444,0.0,-0.977777777777778,0.0,1,0,2022-10,Medium,2022-11,High,0.3802857142857143,0.18240620490620488,0.34344973544973545
SUP039,2022-11,10,8,3.9,39,1,4,450381.09,0,0.8,0.1,0.0,0.0,0.0,0.0,450381.09,1.0,0.0,0.0291746626644716,0.0,0.0,0.2444444444444444,0.0,1.6777777777777776,0.0,1,1,2022-11,High,2022-12,Medium,0.2671428571428571,0.18240620490620488,0.34344973544973545
SUP039,2022-12,11,7,1.7272727272727273,19,1,1,339054.55000000005,0,0.6363636363636364,0.0909090909090909,0.0,0.0,0.0,0.0,339054.55000000005,1.0,0.0,0.0196436378476959,0.0,0.0,-0.1636363636363637,0.0,-2.172727272727273,0.0,1,0,2022-12,Medium,2023-01,High,0.3802857142857143,0.18240620490620488,0.34344973544973545
SUP039,2023-01,10,8,3.9,39,5,14,563676.79,0,0.8,0.5,0.0,0.0,0.0,0.0,563676.79,1.0,0.0,0.0320682385736907,0.0,0.0,0.1636363636363637,0.0,2.172727272727273,0.0,1,1,2023-01,High,2023-02,Medium,0.32346938775510203,0.18240620490620488,0.34344973544973545
SUP039,2023-02,7,5,2.857142857142857,20,0,0,343670.52,0,0.7142857142857143,0.0,0.0,0.0,0.0,0.0,343670.52,1.0,0.0,0.0235778511991912,0.0,0.0,-0.0857142857142857,0.0,-1.0428571428571427,0.0,1,0,2023-02,Medium,2023-03,Medium,0.30597402597402595,0.18240620490620488,0.34344973544973545
SUP039,2023-03,11,8,2.0,22,4,13,137133.2,0,0.7272727272727273,0.3636363636363636,0.0,0.0,0.0,0.0,137133.2,1.0,0.0,0.0094061188470824,0.0,0.0,0.0129870129870129,0.0,-0.8571428571428572,0.0,1,1,2023-03,Medium,2023-04,Medium,0.32936507936507936,0.18240620490620488,0.34344973544973545
SUP039,2023-04,9,7,2.2222222222222223,20,0,0,280399.66,0,0.7777777777777778,0.0,0.0,0.0,0.0,0.0,280399.66,1.0,0.0,0.015736933318265,0.0,0.0,0.0505050505050505,0.0,0.2222222222222223,0.0,1,1,2023-04,Medium,2023-05,High,0.4734285714285714,0.18240620490620488,0.34344973544973545
SUP039,2023-05,5,5,4.8,24,1,1,162522.44,0,1.0,0.2,0.0,0.0,0.0,0.0,162522.44,1.0,0.0,0.0104607061865101,0.0,0.0,0.2222222222222222,0.0,2.577777777777777,0.0,1,1,2023-05,High,2023-06,High,0.3828083028083028,0.18240620490620488,0.34344973544973545
SUP039,2023-06,9,7,2.555555555555556,23,1,3,220062.68,0,0.7777777777777778,0.1111111111111111,0.0,1.0,1.0,0.1111111111111111,220062.68,1.0,0.0,0.0127535525145412,0.0,0.0,-0.2222222222222222,0.1111111111111111,-2.2444444444444445,0.0,1,1,2023-06,High,2023-07,Medium,0.2661224489795918,0.18240620490620488,0.34344973544973545
SUP039,2023-07,7,4,2.571428571428572,18,1,5,206219.45,0,0.5714285714285714,0.1428571428571428,0.0,0.0,0.0,0.0,206219.45,1.0,0.0,0.0118870211381289,0.0,0.0,-0.2063492063492064,-0.1111111111111111,0.0158730158730162,0.0,1,1,2023-07,Medium,2023-08,Medium,0.2357142857142857,0.18240620490620488,0.34344973544973545
SUP039,2023-08,5,3,1.0,5,0,0,218660.65,0,0.6,0.0,0.0,0.0,0.0,0.0,218660.65,1.0,0.0,0.0135781938521179,0.0,0.0,0.0285714285714285,0.0,-1.5714285714285716,0.0,1,1,2023-08,Medium,2023-09,Medium,0.3058241758241758,0.18240620490620488,0.34344973544973545
SUP039,2023-09,7,4,2.0,14,1,1,119283.68,0,0.5714285714285714,0.1428571428571428,0.0,1.0,1.0,0.1428571428571428,119283.68,1.0,0.0,0.0077050491819342,0.0,0.0,-0.0285714285714285,0.1428571428571428,1.0,0.0,1,1,2023-09,Medium,2023-10,High,0.4174908424908425,0.18240620490620488,0.34344973544973545
SUP039,2023-10,6,5,2.5,15,2,5,171619.24,0,0.8333333333333334,0.3333333333333333,0.0,1.0,1.0,0.1666666666666666,171619.24,1.0,0.0,0.0100253787142719,0.0,0.0,0.261904761904762,0.0238095238095238,0.5,0.0,1,1,2023-10,High,2023-11,Medium,0.21614285714285714,0.18240620490620488,0.34344973544973545
SUP039,2023-11,10,5,1.6,16,0,0,380432.57,0,0.5,0.0,0.0,0.0,0.0,0.0,380432.57,1.0,0.0,0.0253437641743093,0.0,0.0,-0.3333333333333333,-0.1666666666666666,-0.8999999999999999,0.0,1,0,2023-11,Medium,2023-12,Medium,0.22214285714285714,0.18240620490620488,0.34344973544973545
SUP039,2023-12,12,6,1.8333333333333333,22,3,3,353172.44,0,0.5,0.25,0.0,0.0,0.0,0.0,353172.44,1.0,0.0,0.0210595757304108,0.0,0.0,0.0,0.0,0.2333333333333331,0.0,1,1,2023-12,Medium,2024-01,Medium,0.23532467532467533,0.18240620490620488,0.34344973544973545
SUP039,2024-01,11,6,1.7272727272727273,19,4,4,149509.0,0,0.5454545454545454,0.3636363636363636,0.0,0.0,0.0,0.0,149509.0,1.0,0.0,0.0091997362811593,0.0,0.0,0.0454545454545454,0.0,-0.1060606060606059,0.0,1,1,2024-01,Medium,2024-02,High,0.363171114599686,0.18240620490620488,0.34344973544973545
SUP039,2024-02,7,5,2.2857142857142856,16,1,5,164940.62,0,0.7142857142857143,0.1428571428571428,0.0,1.0,1.0,0.1428571428571428,164940.62,1.0,0.0,0.0118990681433545,0.0,0.0,0.1688311688311689,0.1428571428571428,0.5584415584415583,0.0,1,1,2024-02,High,2024-03,Medium,0.27619047619047615,0.18240620490620488,0.34344973544973545
SUP039,2024-03,6,4,1.6666666666666667,10,1,1,229208.19,0,0.6666666666666666,0.1666666666666666,0.0,0.0,0.0,0.0,229208.19,1.0,0.0,0.0139073003694263,0.0,0.0,-0.0476190476190476,-0.1428571428571428,-0.6190476190476188,0.0,1,0,2024-03,Medium,2024-04,Medium,0.3379365079365079,0.18240620490620488,0.34344973544973545
SUP039,2024-04,9,7,2.555555555555556,23,1,2,328211.92,0,0.7777777777777778,0.1111111111111111,0.0,0.0,0.0,0.0,328211.92,1.0,0.0,0.0209456622004321,0.0,0.0,0.1111111111111111,0.0,0.8888888888888886,0.0,1,1,2024-04,Medium,2024-05,Medium,0.24059523809523808,0.18240620490620488,0.34344973544973545
SUP039,2024-05,12,7,1.4166666666666667,17,3,13,352018.18,0,0.5833333333333334,0.25,0.0,0.0,0.0,0.0,352018.18,1.0,0.0,0.0220290197019779,0.0,0.0,-0.1944444444444444,0.0,-1.1388888888888886,0.0,1,0,2024-05,Medium,2024-06,Medium,0.29047619047619044,0.18240620490620488,0.34344973544973545
SUP039,2024-06,9,6,2.2222222222222223,20,1,3,217464.37,0,0.6666666666666666,0.1111111111111111,0.0,0.0,0.0,0.0,217464.37,1.0,0.0,0.0139532171735027,0.0,0.0,0.0833333333333332,0.0,0.8055555555555556,0.0,1,1,2024-06,Medium,2024-07,High,0.392967032967033,0.18240620490620488,0.34344973544973545
SUP039,2024-07,11,9,2.636363636363636,29,0,0,205887.2,0,0.8181818181818182,0.0,0.0,1.0,1.0,0.0909090909090909,205887.2,1.0,0.0,0.0129781004923449,0.0,0.0,0.1515151515151516,0.0909090909090909,0.4141414141414139,0.0,1,1,2024-07,High,2024-08,High,0.3525,0.18240620490620488,0.34344973544973545
SUP039,2024-08,4,3,3.5,14,0,0,156366.41,0,0.75,0.0,0.0,0.0,0.0,0.0,156366.41,1.0,0.0,0.0101985527181166,0.0,0.0,-0.0681818181818182,-0.0909090909090909,0.8636363636363638,0.0,1,1,2024-08,High,2024-09,High,0.44,0.18240620490620488,0.34344973544973545
SUP039,2024-09,10,10,3.5,35,1,1,375914.65,0,1.0,0.1,0.0,0.0,0.0,0.0,375914.65,1.0,0.0,0.0244406731479787,0.0,0.0,0.25,0.0,0.0,0.0,1,1,2024-09,High,2024-10,High,0.3447959183673469,0.18240620490620488,0.34344973544973545
SUP039,2024-10,14,11,2.7142857142857144,38,2,3,569230.64,0,0.7857142857142857,0.1428571428571428,0.0,0.0,0.0,0.0,569230.64,1.0,0.0,0.0375803188874132,0.0,0.0,-0.2142857142857143,0.0,-0.7857142857142856,0.0,1,0,2024-10,High,2024-11,High,0.4253968253968254,0.18240620490620488,0.34344973544973545
SUP039,2024-11,9,8,4.444444444444445,40,1,1,121138.59,0,0.8888888888888888,0.1111111111111111,0.0,0.0,0.0,0.0,121138.59,1.0,0.0,0.0079463848901325,0.0,0.0,0.1031746031746031,0.0,1.7301587301587302,0.0,1,1,2024-11,High,2024-12,Low,0.16469387755102038,0.18240620490620488,0.34344973544973545
SUP039,2024-12,7,3,0.5714285714285714,4,1,3,193417.67,0,0.4285714285714285,0.1428571428571428,0.0,0.0,0.0,0.0,193417.67,1.0,0.0,0.0116882170275669,0.0,0.0,-0.4603174603174603,0.0,-3.8730158730158735,0.0,1,0,2024-12,Low,2025-01,High,0.34551020408163263,0.18240620490620488,0.34344973544973545
SUP039,2025-01,7,5,3.7142857142857135,26,1,1,307604.03,0,0.7142857142857143,0.1428571428571428,0.0,0.0,0.0,0.0,307604.03,1.0,0.0,0.018741171023427,0.0,0.0,0.2857142857142857,0.0,3.1428571428571432,0.0,1,1,2025-01,High,2025-02,High,0.46828571428571425,0.18240620490620488,0.34344973544973545
SUP040,2022-02,17,11,2.4705882352941178,42,3,10,245188.71,0,0.6470588235294118,0.1764705882352941,0.0,1.0,2.0,0.0588235294117647,245188.71,1.0,0.0,0.0279735409549083,0.0,0.0,0.0,0.0,0.0,0.0,0,0,2022-02,Medium,2022-03,Medium,0.31649877899877893,0.18240620490620488,0.34344973544973545
SUP040,2022-03,36,25,2.083333333333333,75,4,12,584193.01,0,0.6944444444444444,0.1111111111111111,0.0,1.0,1.0,0.0277777777777777,584193.01,1.0,0.0,0.0385807581696545,0.0,0.0,0.0473856209150326,-0.0310457516339869,-0.3872549019607842,0.0,1,1,2022-03,Medium,2022-04,Medium,0.28495309568480304,0.18240620490620488,0.34344973544973545
SUP040,2022-04,41,25,2.048780487804878,84,8,29,452996.75,0,0.6097560975609756,0.1951219512195122,0.0,1.0,1.0,0.024390243902439,452996.75,1.0,0.0,0.0290866466542124,0.0,0.0,-0.0846883468834688,-0.0033875338753387,-0.0345528455284553,0.0,1,0,2022-04,Medium,2022-05,Medium,0.27472527472527475,0.18240620490620488,0.34344973544973545
SUP040,2022-05,26,16,2.3076923076923075,60,7,22,395740.58,0,0.6153846153846154,0.2692307692307692,0.0,0.0,0.0,0.0,395740.58,1.0,0.0,0.023008532897911,0.0,0.0,0.0056285178236398,-0.024390243902439,0.2589118198874294,0.0,1,1,2022-05,Medium,2022-06,Medium,0.2601428571428571,0.18240620490620488,0.34344973544973545
SUP040,2022-06,40,24,1.95,78,6,11,522964.92,0,0.6,0.15,0.0,0.0,0.0,0.0,522964.92,1.0,0.0,0.0326820411750998,0.0,0.0,-0.0153846153846154,0.0,-0.3576923076923075,0.0,1,0,2022-06,Medium,2022-07,Medium,0.30682085356503963,0.18240620490620488,0.34344973544973545
SUP040,2022-07,43,28,2.3488372093023258,101,8,16,714273.74,0,0.6511627906976745,0.1860465116279069,0.0,1.0,1.0,0.0232558139534883,714273.74,1.0,0.0,0.0425405424100102,0.0,0.0,0.0511627906976744,0.0232558139534883,0.3988372093023258,0.0,1,1,2022-07,Medium,2022-08,High,0.34974122651542,0.18240620490620488,0.34344973544973545
SUP040,2022-08,31,23,2.677419354838709,83,8,18,388291.3,0,0.7419354838709677,0.2580645161290322,0.0,1.0,1.0,0.032258064516129,388291.3,1.0,0.0,0.0232456603917526,0.0,0.0,0.0907726931732932,0.0090022505626406,0.3285821455363837,0.0,1,1,2022-08,High,2022-09,Medium,0.2916190476190476,0.18240620490620488,0.34344973544973545
SUP040,2022-09,30,20,2.2666666666666666,68,3,17,397080.18,0,0.6666666666666666,0.1,0.0,0.0,0.0,0.0,397080.18,1.0,0.0,0.0257901836919679,0.0,0.0,-0.0752688172043011,-0.032258064516129,-0.4107526881720429,0.0,1,0,2022-09,Medium,2022-10,High,0.3512301587301587,0.18240620490620488,0.34344973544973545
SUP040,2022-10,36,29,2.6944444444444446,97,5,17,472367.81,0,0.8055555555555556,0.1388888888888889,0.0,0.0,0.0,0.0,472367.81,1.0,0.0,0.0285658572794811,0.0,0.0,0.1388888888888889,0.0,0.427777777777778,0.0,1,1,2022-10,High,2022-11,Medium,0.22393939393939394,0.18240620490620488,0.34344973544973545
SUP040,2022-11,33,17,1.696969696969697,56,7,15,354212.41,0,0.5151515151515151,0.2121212121212121,0.0,0.0,0.0,0.0,354212.41,1.0,0.0,0.022945074299899,0.0,0.0,-0.2904040404040404,0.0,-0.9974747474747476,0.0,1,0,2022-11,Medium,2022-12,High,0.40248076923076914,0.18240620490620488,0.34344973544973545
SUP040,2022-12,40,29,1.925,77,2,9,292029.79,0,0.725,0.05,0.0,4.0,6.0,0.1,292029.79,1.0,0.0,0.0169191872974383,0.0,0.0,0.2098484848484848,0.1,0.228030303030303,0.0,1,1,2022-12,High,2023-01,Medium,0.3303730480046269,0.18240620490620488,0.34344973544973545
SUP040,2023-01,38,27,2.421052631578948,92,7,25,613168.94,0,0.7105263157894737,0.1842105263157894,0.0,1.0,1.0,0.0263157894736842,613168.94,1.0,0.0,0.0348839054627335,0.0,0.0,-0.0144736842105263,-0.0736842105263158,0.4960526315789473,0.0,1,1,2023-01,Medium,2023-02,Medium,0.26967698967698966,0.18240620490620488,0.34344973544973545
SUP040,2023-02,33,19,1.8484848484848484,61,6,26,520619.18,0,0.5757575757575758,0.1818181818181818,0.0,1.0,1.0,0.0303030303030303,520619.18,1.0,0.0,0.0357175865927777,0.0,0.0,-0.1347687400318978,0.003987240829346,-0.572567783094099,0.0,1,1,2023-02,Medium,2023-03,Medium,0.3075510204081633,0.18240620490620488,0.34344973544973545
SUP040,2023-03,21,15,2.238095238095238,47,4,10,217493.42,0,0.7142857142857143,0.1904761904761904,0.0,0.0,0.0,0.0,217493.42,1.0,0.0,0.0149181157952882,0.0,0.0,0.1385281385281385,-0.0303030303030303,0.3896103896103897,0.0,1,1,2023-03,Medium,2023-04,Medium,0.25142857142857145,0.18240620490620488,0.34344973544973545
SUP040,2023-04,28,16,2.0,56,0,0,260020.68,0,0.5714285714285714,0.0,0.0,0.0,0.0,0.0,260020.68,1.0,0.0,0.0145931992304482,0.0,0.0,-0.1428571428571429,0.0,-0.2380952380952381,0.0,1,0,2023-04,Medium,2023-05,Medium,0.24474789915966388,0.18240620490620488,0.34344973544973545
SUP040,2023-05,34,19,1.911764705882353,65,8,14,486204.37,0,0.5588235294117647,0.2352941176470588,0.0,0.0,0.0,0.0,486204.37,1.0,0.0,0.031294392707661,0.0,0.0,-0.0126050420168066,0.0,-0.0882352941176469,0.0,1,0,2023-05,Medium,2023-06,Medium,0.3173992673992674,0.18240620490620488,0.34344973544973545
SUP040,2023-06,39,23,2.8205128205128207,110,7,18,394621.9,0,0.5897435897435898,0.1794871794871795,0.0,2.0,2.0,0.0512820512820512,394621.9,1.0,0.0,0.0228699892459641,0.0,0.0,0.030920060331825,0.0512820512820512,0.9087481146304676,0.0,1,1,2023-06,Medium,2023-07,High,0.36924107142857143,0.18240620490620488,0.34344973544973545
SUP040,2023-07,32,27,2.875,92,4,9,392145.58,0,0.84375,0.125,0.0,0.0,0.0,0.0,392145.58,1.0,0.0,0.0226042829552878,0.0,0.0,0.2540064102564102,-0.0512820512820512,0.0544871794871792,0.0,1,1,2023-07,High,2023-08,Medium,0.342626728110599,0.18240620490620488,0.34344973544973545
SUP040,2023-08,31,23,3.225806451612903,100,4,11,614434.37,0,0.7419354838709677,0.1290322580645161,0.0,0.0,0.0,0.0,614434.37,1.0,0.0,0.0381545970217503,0.0,0.0,-0.1018145161290322,0.0,0.350806451612903,0.0,1,1,2023-08,Medium,2023-09,Medium,0.27566666666666667,0.18240620490620488,0.34344973544973545
SUP040,2023-09,30,19,2.1,63,3,4,353594.19,0,0.6333333333333333,0.1,0.0,0.0,0.0,0.0,353594.19,1.0,0.0,0.0228401791795507,0.0,0.0,-0.1086021505376344,0.0,-1.125806451612903,0.0,1,0,2023-09,Medium,2023-10,Medium,0.3395793861311103,0.18240620490620488,0.34344973544973545
SUP040,2023-10,29,19,2.586206896551724,75,1,3,307796.87,0,0.6551724137931034,0.0344827586206896,0.0,2.0,2.0,0.0689655172413793,307796.87,1.0,0.0,0.0179803860500577,0.0,0.0,0.0218390804597701,0.0689655172413793,0.4862068965517241,0.0,1,1,2023-10,Medium,2023-11,Medium,0.23098901098901095,0.18240620490620488,0.34344973544973545
SUP040,2023-11,26,14,1.6538461538461535,43,3,10,375147.31,0,0.5384615384615384,0.1153846153846153,0.0,0.0,0.0,0.0,375147.31,1.0,0.0,0.0249916692339631,0.0,0.0,-0.1167108753315649,-0.0689655172413793,-0.9323607427055703,0.0,1,0,2023-11,Medium,2023-12,High,0.35104670329670334,0.18240620490620488,0.34344973544973545
SUP040,2023-12,40,25,2.475,99,6,16,611932.89,0,0.625,0.15,0.0,3.0,4.0,0.075,611932.89,1.0,0.0,0.036489390392082,0.0,0.0,0.0865384615384615,0.075,0.8211538461538463,0.0,1,1,2023-12,High,2024-01,Medium,0.31658608058608056,0.18240620490620488,0.34344973544973545
SUP040,2024-01,30,20,2.4,72,5,50,413429.62,0,0.6666666666666666,0.1666666666666666,0.0,1.0,1.0,0.0333333333333333,413429.62,1.0,0.0,0.0254395619984075,0.0,0.0,0.0416666666666666,-0.0416666666666666,-0.0750000000000001,0.0,1,1,2024-01,Medium,2024-02,Medium,0.25216326530612243,0.18240620490620488,0.34344973544973545
SUP040,2024-02,35,20,2.0285714285714285,71,4,13,392219.37,0,0.5714285714285714,0.1142857142857142,0.0,0.0,0.0,0.0,392219.37,1.0,0.0,0.0282953041571784,0.0,0.0,-0.0952380952380952,-0.0333333333333333,-0.3714285714285714,0.0,1,0,2024-02,Medium,2024-03,Medium,0.2471861471861472,0.18240620490620488,0.34344973544973545
SUP040,2024-03,33,20,1.3636363636363635,45,6,17,365007.2,0,0.6060606060606061,0.1818181818181818,0.0,0.0,0.0,0.0,365007.2,1.0,0.0,0.0221469606622838,0.0,0.0,0.0346320346320346,0.0,-0.6649350649350649,0.0,1,1,2024-03,Medium,2024-04,High,0.3489047619047619,0.18240620490620488,0.34344973544973545
SUP040,2024-04,30,23,3.1333333333333333,94,3,7,437385.16,0,0.7666666666666667,0.1,0.0,0.0,0.0,0.0,437385.16,1.0,0.0,0.027912824777485,0.0,0.0,0.1606060606060606,0.0,1.7696969696969698,0.0,1,1,2024-04,High,2024-05,Medium,0.27204545454545453,0.18240620490620488,0.34344973544973545
SUP040,2024-05,44,27,2.227272727272727,98,10,36,512651.95,0,0.6136363636363636,0.2272727272727272,0.0,0.0,0.0,0.0,512651.95,1.0,0.0,0.032081354169854,0.0,0.0,-0.153030303030303,0.0,-0.9060606060606062,0.0,1,0,2024-05,Medium,2024-06,Medium,0.30878306878306877,0.18240620490620488,0.34344973544973545
SUP040,2024-06,27,20,1.9259259259259256,52,2,5,314045.89,0,0.7407407407407407,0.074074074074074,0.0,0.0,0.0,0.0,314045.89,1.0,0.0,0.020150199803379,0.0,0.0,0.127104377104377,0.0,-0.3013468013468012,0.0,1,1,2024-06,Medium,2024-07,Medium,0.2894372294372294,0.18240620490620488,0.34344973544973545
SUP040,2024-07,33,22,2.1818181818181817,72,5,11,224117.14,0,0.6666666666666666,0.1515151515151515,0.0,0.0,0.0,0.0,224117.14,1.0,0.0,0.0141272248346519,0.0,0.0,-0.074074074074074,0.0,0.2558922558922558,0.0,1,1,2024-07,Medium,2024-08,Medium,0.32750915750915754,0.18240620490620488,0.34344973544973545
SUP040,2024-08,39,29,2.6153846153846154,102,7,33,429871.23,0,0.7435897435897436,0.1794871794871795,0.0,0.0,0.0,0.0,429871.23,1.0,0.0,0.0280371238372527,0.0,0.0,0.0769230769230769,0.0,0.4335664335664337,0.0,1,1,2024-08,Medium,2024-09,Medium,0.30345622119815663,0.18240620490620488,0.34344973544973545
SUP040,2024-09,31,21,2.5806451612903225,80,2,10,306790.61,0,0.6774193548387096,0.064516129032258,0.0,0.0,0.0,0.0,306790.61,1.0,0.0,0.0199464666351231,0.0,0.0,-0.0661703887510339,0.0,-0.0347394540942929,0.0,1,0,2024-09,Medium,2024-10,Medium,0.27183150183150184,0.18240620490620488,0.34344973544973545
SUP040,2024-10,39,25,1.8461538461538465,72,6,19,413187.86,0,0.6410256410256411,0.1538461538461538,0.0,0.0,0.0,0.0,413187.86,1.0,0.0,0.0272784534915546,0.0,0.0,-0.0363937138130685,0.0,-0.7344913151364763,0.0,1,0,2024-10,Medium,2024-11,Medium,0.3019047619047619,0.18240620490620488,0.34344973544973545
SUP040,2024-11,27,18,2.6666666666666665,72,4,4,204496.88,0,0.6666666666666666,0.1481481481481481,0.0,0.0,0.0,0.0,204496.88,1.0,0.0,0.0134144777259769,0.0,0.0,0.0256410256410255,0.0,0.8205128205128203,0.0,1,1,2024-11,Medium,2024-12,Medium,0.2761813186813187,0.18240620490620488,0.34344973544973545
SUP040,2024-12,36,21,2.0277777777777777,73,8,49,498839.55,0,0.5833333333333334,0.2222222222222222,0.0,1.0,1.0,0.0277777777777777,498839.55,1.0,0.0,0.0301448410702798,0.0,0.0,-0.0833333333333332,0.0277777777777777,-0.6388888888888888,0.0,1,1,2024-12,Medium,2025-01,High,0.372051282051282,0.18240620490620488,0.34344973544973545
SUP040,2025-01,39,31,2.1538461538461537,84,10,21,467180.54,0,0.7948717948717948,0.2564102564102564,0.0,2.0,2.0,0.0512820512820512,467180.54,1.0,0.0,0.028463575067456,0.0,0.0,0.2115384615384614,0.0235042735042735,0.126068376068376,0.0,1,1,2025-01,High,2025-02,High,0.4030952380952381,0.18240620490620488,0.34344973544973545
