supplier_id,period,predicted_risk_N1,probability_high,probability_low,probability_medium,base_argmax_risk,threshold_applied,top_positive_features,top_negative_features,feature_1,contribution_1,scaled_value_1,feature_2,contribution_2,scaled_value_2,feature_3,contribution_3,scaled_value_3,feature_4,contribution_4,scaled_value_4,feature_5,contribution_5,scaled_value_5,feature_6,contribution_6,scaled_value_6,feature_7,contribution_7,scaled_value_7,feature_8,contribution_8,scaled_value_8,feature_9,contribution_9,scaled_value_9,feature_10,contribution_10,scaled_value_10
SUP001,2024-07,Medium,0.022117570817344404,0.4848857030866748,0.49299672609598083,Medium,False,previous_risk_severity | late_rate_trend | roll3_mean_late_delivery_rate | quality_event_rate | roll3_std_quality_event_rate,risk_change | current_medium_risk_flag | lag1_late_delivery_rate | current_high_risk_flag | avg_days_late_trend,risk_change,-0.5467056628655669,1.4852506846147433,previous_risk_severity,0.3890764576236437,-1.5239025696136401,current_medium_risk_flag,-0.27220064260621296,0.8431778608985705,late_rate_trend,0.2665151401825651,1.2182856863517777,lag1_late_delivery_rate,-0.23794223755797975,-0.8754552745112405,roll3_mean_late_delivery_rate,0.2022970371170885,-0.8892537231298382,current_high_risk_flag,-0.16778891006344743,-0.41614080930998976,avg_days_late_trend,-0.0807685422360741,0.35691015805920523,roll3_mean_avg_days_late,-0.08026852815635875,-0.8739963950800848,quality_event_rate,0.0786789594078634,-0.4399363446806882
SUP001,2024-08,Medium,0.058547855876516765,0.3062119274313926,0.6352402166920906,Medium,False,quality_event_rate | lag1_late_delivery_rate | roll3_std_quality_event_rate | is_worsening | roll3_std_avg_days_late,current_medium_risk_flag | current_high_risk_flag | risk_worsening_streak | roll3_mean_quality_event_rate | lag1_quality_event_rate,current_medium_risk_flag,-0.27220064260621296,0.8431778608985705,current_high_risk_flag,-0.16778891006344743,-0.41614080930998976,quality_event_rate,0.0786789594078634,-0.4399363446806882,risk_worsening_streak,-0.07477233812191818,0.7305457196894953,lag1_late_delivery_rate,0.06618074389838616,0.24349725341555573,roll3_mean_quality_event_rate,-0.060411142162845675,-0.6962550475939943,roll3_std_quality_event_rate,0.05829490817009169,-0.7896647676998135,lag1_quality_event_rate,-0.05489940246284215,-0.42900802741037075,roll3_mean_total_scrap_qty,-0.05377981948240102,-0.626651568363702,is_worsening,0.0506269296080789,0.7116366595521264
SUP001,2024-09,Medium,0.010998840350909093,0.2361301025455346,0.7528710571035564,Medium,False,risk_change | current_medium_risk_flag | avg_days_late_trend | risk_worsening_streak | quality_event_rate,current_risk_severity | late_rate_trend | current_high_risk_flag | avg_days_late | is_worsening,risk_change,0.5532755163248956,-1.5030991906959505,current_medium_risk_flag,0.3828694870333796,-1.185989393666367,current_risk_severity,-0.2958450961440389,-1.494314030573364,avg_days_late_trend,0.24532460238416362,-1.0840711022965153,late_rate_trend,-0.20559704234937637,-0.9398187798221421,current_high_risk_flag,-0.16778891006344743,-0.41614080930998976,avg_days_late,-0.16242524739254677,-1.0406545094377049,is_worsening,-0.0999689117641761,-1.4052114749531837,risk_worsening_streak,0.08872240120436561,-0.8668415629151476,quality_event_rate,0.0786789594078634,-0.4399363446806882
SUP001,2024-10,Medium,0.0068454916757532715,0.4697240324911161,0.5234304758331306,Medium,False,previous_risk_severity | current_medium_risk_flag | roll3_mean_late_delivery_rate | quality_event_rate | delay_acceleration,late_rate_trend | current_risk_severity | lag1_late_delivery_rate | current_high_risk_flag | avg_days_late,previous_risk_severity,0.3890764576236437,-1.5239025696136401,current_medium_risk_flag,0.3828694870333796,-1.185989393666367,late_rate_trend,-0.300162621600525,-1.3720940027018653,current_risk_severity,-0.2958450961440389,-1.494314030573364,roll3_mean_late_delivery_rate,0.17974971966099726,-0.7901406254782175,lag1_late_delivery_rate,-0.16791391945947443,-0.6178017318965177,current_high_risk_flag,-0.16778891006344743,-0.41614080930998976,avg_days_late,-0.13618014000279668,-0.8725027608994199,quality_event_rate,0.0786789594078634,-0.4399363446806882,delay_acceleration,0.07209534010142521,0.7661536814715976
SUP001,2024-11,Medium,0.029857503702753554,0.41822652653515996,0.5519159697620863,Medium,False,late_rate_trend | previous_risk_severity | roll3_mean_late_delivery_rate | quality_event_rate | lag1_short_delivery_rate,risk_change | lag1_late_delivery_rate | current_medium_risk_flag | current_high_risk_flag | avg_days_late_trend,risk_change,-0.5467056628655669,1.4852506846147433,late_rate_trend,0.541770055329167,2.476522359102782,lag1_late_delivery_rate,-0.4894725229730194,-1.800904733698817,previous_risk_severity,0.3890764576236437,-1.5239025696136401,current_medium_risk_flag,-0.27220064260621296,0.8431778608985705,current_high_risk_flag,-0.16778891006344743,-0.41614080930998976,roll3_mean_late_delivery_rate,0.15852695358832175,-0.6968499672748695,avg_days_late_trend,-0.1253880099910579,0.5540802548327995,quality_event_rate,0.0786789594078634,-0.4399363446806882,roll3_mean_avg_days_late,-0.07621275643551022,-0.8298355023278914
SUP001,2024-12,Medium,0.007582034260019694,0.35534698972061185,0.6370709760193685,Medium,False,risk_change | current_medium_risk_flag | avg_days_late_trend | roll3_mean_late_delivery_rate | lag1_late_delivery_rate,late_rate_trend | current_risk_severity | avg_days_late | current_high_risk_flag | is_worsening,risk_change,0.5532755163248956,-1.5030991906959505,late_rate_trend,-0.44779207463700177,-2.046933148406982,current_medium_risk_flag,0.3828694870333796,-1.185989393666367,current_risk_severity,-0.2958450961440389,-1.494314030573364,avg_days_late_trend,0.22524700784067778,-0.9953497109778587,roll3_mean_late_delivery_rate,0.21915921721539602,-0.9633761949474899,avg_days_late,-0.1771225075308068,-1.1348194886191445,current_high_risk_flag,-0.16778891006344743,-0.41614080930998976,lag1_late_delivery_rate,0.11856556367077456,0.4362354878909848,is_worsening,-0.0999689117641761,-1.4052114749531837
SUP001,2025-01,Medium,0.033368054464477215,0.48230214488685774,0.48432980064866515,Medium,False,previous_risk_severity | late_rate_trend | delay_acceleration | roll3_mean_late_delivery_rate | quality_event_rate,risk_change | lag1_late_delivery_rate | current_medium_risk_flag | avg_days_late_trend | current_high_risk_flag,risk_change,-0.5467056628655669,1.4852506846147433,previous_risk_severity,0.3890764576236437,-1.5239025696136401,lag1_late_delivery_rate,-0.365994019223818,-1.3465931810067338,late_rate_trend,0.2863531537229028,1.3089685943670246,current_medium_risk_flag,-0.27220064260621296,0.8431778608985705,avg_days_late_trend,-0.26007750792999285,1.1492630904693895,current_high_risk_flag,-0.16778891006344743,-0.41614080930998976,delay_acceleration,0.11985464576728627,1.2736895056864477,roll3_mean_late_delivery_rate,0.08156583700904843,-0.3585456577820084,quality_event_rate,0.0786789594078634,-0.4399363446806882
SUP002,2024-07,Medium,0.39097943196874685,0.010648591125242319,0.5983719769060108,Medium,False,risk_change | lag1_late_delivery_rate | avg_days_late_trend | risk_worsening_streak | roll3_mean_avg_days_late,previous_risk_severity | roll3_mean_late_delivery_rate | current_medium_risk_flag | current_high_risk_flag | late_rate_trend,risk_change,0.5532755163248956,-1.5030991906959505,previous_risk_severity,-0.46008109979704603,1.802007694049649,lag1_late_delivery_rate,0.3542972526465224,1.3035575430304158,roll3_mean_late_delivery_rate,-0.29133533140232437,1.280646675901799,current_medium_risk_flag,-0.27220064260621296,0.8431778608985705,current_high_risk_flag,-0.16778891006344743,-0.41614080930998976,late_rate_trend,-0.12852837945242584,-0.5875249146056722,avg_days_late_trend,0.10407409985058852,-0.45989567719290503,is_worsening,-0.0999689117641761,-1.4052114749531837,risk_worsening_streak,0.08872240120436561,-0.8668415629151476
SUP002,2024-08,Medium,0.30684334824013626,0.02797284335985261,0.6651838084000111,Medium,False,lag1_late_delivery_rate | avg_days_late | quality_event_rate | roll3_mean_avg_days_late | roll3_std_quality_event_rate,current_medium_risk_flag | roll3_mean_late_delivery_rate | current_high_risk_flag | roll3_mean_quality_event_rate | lag1_quality_event_rate,current_medium_risk_flag,-0.27220064260621296,0.8431778608985705,roll3_mean_late_delivery_rate,-0.2592653737813923,1.13967412572785,lag1_late_delivery_rate,0.22224385280362666,0.8176965769569384,current_high_risk_flag,-0.16778891006344743,-0.41614080930998976,avg_days_late,0.0880962322368857,0.5644303629731965,quality_event_rate,0.0786789594078634,-0.4399363446806882,roll3_mean_quality_event_rate,-0.060411142162845675,-0.6962550475939943,roll3_mean_avg_days_late,0.059777247043287844,0.6508789886102634,roll3_std_quality_event_rate,0.05829490817009169,-0.7896647676998135,lag1_quality_event_rate,-0.05489940246284215,-0.42900802741037075
SUP002,2024-09,Medium,0.3280470685302362,0.03970204907667342,0.6322508823930905,Medium,False,lag1_late_delivery_rate | avg_days_late_trend | risk_worsening_streak | quality_event_rate | roll3_std_quality_event_rate,current_medium_risk_flag | late_rate_trend | roll3_mean_late_delivery_rate | current_high_risk_flag | is_worsening,current_medium_risk_flag,-0.27220064260621296,0.8431778608985705,lag1_late_delivery_rate,0.2495276131017456,0.9180810740795576,late_rate_trend,-0.17498470661550666,-0.7998846266448726,roll3_mean_late_delivery_rate,-0.17107299032382986,0.7519996127494937,current_high_risk_flag,-0.16778891006344743,-0.41614080930998976,avg_days_late_trend,0.12581122456636792,-0.5559504084444045,is_worsening,-0.0999689117641761,-1.4052114749531837,risk_worsening_streak,0.08872240120436561,-0.8668415629151476,quality_event_rate,0.0786789594078634,-0.4399363446806882,roll3_mean_quality_event_rate,-0.060411142162845675,-0.6962550475939943
SUP002,2024-10,Medium,0.23644409747164352,0.00040889234012957815,0.763147010188227,Medium,False,current_high_risk_flag | current_medium_risk_flag | current_risk_severity | late_rate_trend | quality_rate_trend,risk_change | avg_days_late_trend | roll3_mean_late_delivery_rate | quality_event_rate | lag1_short_delivery_rate,current_high_risk_flag,0.9689082147594448,2.4030327658998827,risk_change,-0.5467056628655669,1.4852506846147433,current_medium_risk_flag,0.3828694870333796,-1.185989393666367,current_risk_severity,0.3516440778630827,1.77615477210074,late_rate_trend,0.27574051011565937,1.2604564093099175,avg_days_late_trend,-0.263607052256743,1.1648598833377737,roll3_mean_late_delivery_rate,-0.21951198881377906,0.9649269020747279,quality_event_rate,-0.1935680417042442,1.0823429460081713,quality_rate_trend,0.1712514304490731,1.1111525432742875,avg_days_late,0.1615825329281859,1.0352552588803943
SUP002,2024-11,Medium,0.21364753854882246,0.0002081265302301649,0.7861443349209475,Medium,False,current_high_risk_flag | current_medium_risk_flag | lag1_late_delivery_rate | current_risk_severity | lag1_quality_event_rate,previous_risk_severity | roll3_mean_late_delivery_rate | quality_rate_trend | is_worsening | delay_acceleration,current_high_risk_flag,0.9689082147594448,2.4030327658998827,previous_risk_severity,-0.46008109979704603,1.802007694049649,current_medium_risk_flag,0.3828694870333796,-1.185989393666367,lag1_late_delivery_rate,0.3804896625327166,1.3999266602681304,current_risk_severity,0.3516440778630827,1.77615477210074,roll3_mean_late_delivery_rate,-0.2581147155797154,1.1346160828396645,quality_rate_trend,-0.17040949262375898,-1.105689690476951,lag1_quality_event_rate,0.14161898187738742,1.1066728841029663,avg_days_late,0.13015909795244474,0.8339260946372492,is_worsening,-0.0999689117641761,-1.4052114749531837
SUP002,2024-12,High,0.41933857468425345,0.007638307969072013,0.5730231173466745,Medium,True,previous_risk_severity | roll3_mean_avg_days_late | lag1_avg_days_late | roll3_mean_late_delivery_rate | lag1_late_delivery_rate,risk_change | late_delivery_rate | lag1_quality_event_rate | quality_event_rate | is_worsening,previous_risk_severity,0.9921619094049008,1.802007694049649,risk_change,-0.9818873073677796,-1.5030991906959505,roll3_mean_avg_days_late,0.8512730345711426,1.0576031602725486,lag1_avg_days_late,0.4770762395627288,0.8563840276197354,roll3_mean_late_delivery_rate,0.2589151605787505,1.4253719675734324,lag1_late_delivery_rate,0.2511517680571535,1.3820805274463308,late_delivery_rate,-0.1682499765292812,1.0155186649135368,avg_days_late,0.14090927150857824,1.0309750325539653,lag1_quality_event_rate,-0.1317360184234078,-0.42900802741037075,total_scrap_qty,0.12626113270181089,-0.3763120088548149
SUP002,2025-01,High,0.4828720501041051,7.696559271489158e-05,0.51705098430318,Medium,True,roll3_mean_avg_days_late | risk_change | lag1_avg_days_late | quality_event_rate | roll3_mean_late_delivery_rate,total_scrap_qty | late_delivery_rate | lag1_quality_event_rate | is_worsening | short_delivery_rate,roll3_mean_avg_days_late,1.1100877099075956,1.3791489011154308,risk_change,0.970227916101326,1.4852506846147433,lag1_avg_days_late,0.5885675904100612,1.0565185222047446,quality_event_rate,0.2778088108438926,1.0823429460081713,roll3_mean_late_delivery_rate,0.27491972434168427,1.51347981143215,total_scrap_qty,-0.27046285530495145,0.806094624865944,late_delivery_rate,-0.2662910358417942,1.6072722432115094,avg_days_late,0.26434492222805284,1.934102787430499,delay_acceleration,0.19356204239952016,0.5989866655595382,lag1_late_delivery_rate,0.18872400885517066,1.0385424706267006
SUP002,2025-02,Medium,0.21568562369365052,0.011324673364488034,0.7729897029418614,Medium,False,risk_change | lag1_late_delivery_rate | avg_days_late_trend | lag1_quality_event_rate | spend_share,previous_risk_severity | roll3_mean_late_delivery_rate | current_medium_risk_flag | late_rate_trend | quality_rate_trend,risk_change,0.5532755163248956,-1.5030991906959505,previous_risk_severity,-0.46008109979704603,1.802007694049649,lag1_late_delivery_rate,0.44597068724820205,1.6408494533624165,avg_days_late_trend,0.38665672115572036,-1.7086071834623966,roll3_mean_late_delivery_rate,-0.2953069580984351,1.2981050819997297,current_medium_risk_flag,-0.27220064260621296,0.8431778608985705,late_rate_trend,-0.2175971296397981,-0.9946732041181809,quality_rate_trend,-0.17040949262375898,-1.105689690476951,current_high_risk_flag,-0.16778891006344743,-0.41614080930998976,delay_acceleration,-0.16667500589731307,-1.7712472012459823
SUP003,2024-07,Medium,0.23579100624107271,0.0006758045298235848,0.7635331892291037,Medium,False,current_high_risk_flag | current_medium_risk_flag | current_risk_severity | late_rate_trend | avg_days_late,risk_change | avg_days_late_trend | quality_rate_trend | roll3_mean_late_delivery_rate | lag1_short_delivery_rate,current_high_risk_flag,0.9689082147594448,2.4030327658998827,risk_change,-0.5467056628655669,1.4852506846147433,avg_days_late_trend,-0.40574626493722954,1.792962452230557,current_medium_risk_flag,0.3828694870333796,-1.185989393666367,current_risk_severity,0.3516440778630827,1.77615477210074,late_rate_trend,0.17557935084206688,0.8026028457644085,quality_rate_trend,-0.17040949262375898,-1.105689690476951,roll3_mean_late_delivery_rate,-0.1665074755236277,0.7319306038705634,avg_days_late,0.16009796119704853,1.025743644821663,delay_acceleration,0.14549938607050972,1.5462149167054782
SUP003,2024-08,Medium,0.12360502063777419,0.08952510276992041,0.7868698765923055,Medium,False,risk_change | avg_days_late_trend | lag1_late_delivery_rate | risk_worsening_streak | quality_event_rate,previous_risk_severity | late_rate_trend | current_medium_risk_flag | delay_acceleration | current_high_risk_flag,risk_change,0.5532755163248956,-1.5030991906959505,avg_days_late_trend,0.5161544854199378,-2.280848135598988,previous_risk_severity,-0.46008109979704603,1.802007694049649,lag1_late_delivery_rate,0.3222843072300628,1.1857730664065425,late_rate_trend,-0.29886824571705517,-1.3661771920827388,current_medium_risk_flag,-0.27220064260621296,0.8431778608985705,delay_acceleration,-0.22854500093091626,-2.4287366367759144,current_high_risk_flag,-0.16778891006344743,-0.41614080930998976,roll3_mean_late_delivery_rate,-0.14200959122986037,0.6242432391543533,is_worsening,-0.0999689117641761,-1.4052114749531837
SUP003,2024-09,Medium,0.055586086338642794,0.0013352749224920851,0.9430786387388651,Medium,False,current_high_risk_flag | current_medium_risk_flag | current_risk_severity | late_rate_trend | roll3_mean_total_scrap_qty,risk_change | avg_days_late_trend | quality_event_rate | roll3_mean_late_delivery_rate | roll3_std_quality_event_rate,current_high_risk_flag,0.9689082147594448,2.4030327658998827,risk_change,-0.5467056628655669,1.4852506846147433,current_medium_risk_flag,0.3828694870333796,-1.185989393666367,avg_days_late_trend,-0.35548879928230703,1.5708784636632607,current_risk_severity,0.3516440778630827,1.77615477210074,quality_event_rate,-0.3206166422232278,1.7927399483296391,late_rate_trend,0.3100061698671514,1.4170905231544333,roll3_mean_total_scrap_qty,0.2911172991680723,3.392148093044006,quality_rate_trend,0.2509723124994006,1.6284157311495768,delay_acceleration,0.21549912135220523,2.290098707428425
SUP003,2024-10,Medium,0.1949648502519643,0.08424542140495936,0.7207897283430763,Medium,False,risk_change | lag1_late_delivery_rate | roll3_mean_total_scrap_qty | lag1_quality_event_rate | roll3_mean_quality_event_rate,late_rate_trend | quality_event_rate | previous_risk_severity | current_medium_risk_flag | current_high_risk_flag,risk_change,0.5532755163248956,-1.5030991906959505,late_rate_trend,-0.5308204040348482,-2.426469655030233,quality_event_rate,-0.5202644430387741,2.9090780948348067,previous_risk_severity,-0.46008109979704603,1.802007694049649,lag1_late_delivery_rate,0.3542972526465224,1.3035575430304158,roll3_mean_total_scrap_qty,0.3486001522764845,4.061948036611957,current_medium_risk_flag,-0.27220064260621296,0.8431778608985705,lag1_quality_event_rate,0.23332756123616125,1.8233239761425237,roll3_mean_quality_event_rate,0.19561807488124366,2.2545521763111473,current_high_risk_flag,-0.16778891006344743,-0.41614080930998976
SUP003,2024-11,Medium,0.2519603163945471,2.6558114056543902e-05,0.7480131254913963,Medium,False,current_high_risk_flag | late_rate_trend | roll3_mean_total_scrap_qty | current_medium_risk_flag | lag1_quality_event_rate,risk_change | quality_event_rate | lag1_late_delivery_rate | quality_rate_trend | roll3_mean_late_delivery_rate,current_high_risk_flag,0.9689082147594448,2.4030327658998827,risk_change,-0.5467056628655669,1.4852506846147433,late_rate_trend,0.4839702886054962,2.212309870365054,roll3_mean_total_scrap_qty,0.4060830053848967,4.731747980179909,current_medium_risk_flag,0.3828694870333796,-1.185989393666367,lag1_quality_event_rate,0.37744104308566345,2.949489977918975,current_risk_severity,0.3516440778630827,1.77615477210074,roll3_mean_quality_event_rate,0.28096114722927346,3.238154584279528,quality_event_rate,-0.25406737528471257,1.420627232827918,lag1_late_delivery_rate,-0.22193576484974994,-0.8165630361993038
SUP003,2024-12,Medium,0.37718040979252604,4.72474003300583e-05,0.6227723428071439,Medium,False,current_high_risk_flag | current_medium_risk_flag | current_risk_severity | lag1_late_delivery_rate | avg_days_late,previous_risk_severity | avg_days_late_trend | quality_event_rate | roll3_mean_late_delivery_rate | risk_worsening_streak,current_high_risk_flag,0.9689082147594448,2.4030327658998827,previous_risk_severity,-0.46008109979704603,1.802007694049649,current_medium_risk_flag,0.3828694870333796,-1.185989393666367,current_risk_severity,0.3516440778630827,1.77615477210074,avg_days_late_trend,-0.3317475425005338,1.4659676224382188,lag1_late_delivery_rate,0.3222843072300628,1.1857730664065425,avg_days_late,0.27440998449462656,1.7581379273439706,roll3_mean_quality_event_rate,0.2638925327596675,3.041434102685852,quality_event_rate,-0.25406737528471257,1.420627232827918,lag1_quality_event_rate,0.185289733952994,1.447935308883708
SUP003,2025-01,Medium,0.331494145560305,5.954251515166543e-05,0.6684463119245434,Medium,False,current_high_risk_flag | lag1_late_delivery_rate | avg_days_late_trend | current_medium_risk_flag | current_risk_severity,previous_risk_severity | roll3_mean_late_delivery_rate | quality_rate_trend | delay_acceleration | is_worsening,current_high_risk_flag,0.9689082147594448,2.4030327658998827,previous_risk_severity,-0.46008109979704603,1.802007694049649,lag1_late_delivery_rate,0.40231667077121175,1.4802342579662258,avg_days_late_trend,0.3894679471306437,-1.72102978116284,current_medium_risk_flag,0.3828694870333796,-1.185989393666367,current_risk_severity,0.3516440778630827,1.77615477210074,roll3_mean_late_delivery_rate,-0.34703199187021316,1.5254770668595359,quality_rate_trend,-0.20837181740962926,-1.352005494227089,lag1_quality_event_rate,0.185289733952994,1.447935308883708,delay_acceleration,-0.17885951302970646,-1.9007313673969037
SUP004,2024-07,Medium,0.007235640172430188,0.29542957501463935,0.6973347848129303,Medium,False,previous_risk_severity | current_medium_risk_flag | roll3_mean_late_delivery_rate | late_rate_trend | quality_event_rate,lag1_late_delivery_rate | current_risk_severity | current_high_risk_flag | avg_days_late | roll3_mean_avg_days_late,previous_risk_severity,0.3890764576236437,-1.5239025696136401,lag1_late_delivery_rate,-0.3865737698486849,-1.422311773122081,current_medium_risk_flag,0.3828694870333796,-1.185989393666367,current_risk_severity,-0.2958450961440389,-1.494314030573364,roll3_mean_late_delivery_rate,0.2645916571783829,-1.1630873076939166,late_rate_trend,0.1774620793998411,0.8112091157558651,current_high_risk_flag,-0.16778891006344743,-0.41614080930998976,avg_days_late,-0.09768731583116327,-0.6258801963766022,quality_event_rate,0.0786789594078634,-0.4399363446806882,roll3_mean_avg_days_late,-0.06849518311419274,-0.7458034237969564
SUP004,2024-08,Medium,0.04787628277760629,0.44707293277574445,0.5050507844466492,Medium,False,previous_risk_severity | roll3_mean_late_delivery_rate | quality_event_rate | roll3_std_quality_event_rate | is_worsening,risk_change | current_medium_risk_flag | lag1_late_delivery_rate | current_high_risk_flag | lag1_short_delivery_rate,risk_change,-0.5467056628655669,1.4852506846147433,previous_risk_severity,0.3890764576236437,-1.5239025696136401,current_medium_risk_flag,-0.27220064260621296,0.8431778608985705,roll3_mean_late_delivery_rate,0.2111417278101631,-0.9281330574040031,lag1_late_delivery_rate,-0.18077626360001633,-0.6651258519686101,current_high_risk_flag,-0.16778891006344743,-0.41614080930998976,lag1_short_delivery_rate,-0.07901232737006772,-1.2314426162689207,avg_days_late,-0.07891808751606932,-0.5056262186340714,quality_event_rate,0.0786789594078634,-0.4399363446806882,risk_worsening_streak,-0.07477233812191818,0.7305457196894953
SUP004,2024-09,Medium,0.007104013716967946,0.4606177612716654,0.5322782250113667,Medium,False,risk_change | current_medium_risk_flag | roll3_mean_late_delivery_rate | quality_rate_trend | avg_days_late_trend,current_risk_severity | late_rate_trend | quality_event_rate | current_high_risk_flag | avg_days_late,risk_change,0.5532755163248956,-1.5030991906959505,current_medium_risk_flag,0.3828694870333796,-1.185989393666367,current_risk_severity,-0.2958450961440389,-1.494314030573364,late_rate_trend,-0.29499203986281397,-1.3484584009238567,quality_event_rate,-0.27364068909015854,1.5300721491519553,roll3_mean_late_delivery_rate,0.23337510179106122,-1.0258661279027486,quality_rate_trend,0.22149568384213683,1.4371587541200592,avg_days_late_trend,0.17635888128966967,-0.7793167296775533,current_high_risk_flag,-0.16778891006344743,-0.41614080930998976,avg_days_late,-0.16026388560750854,-1.026806718381611
SUP004,2024-10,Low,0.0033964327094162796,0.555053994174361,0.4415495731162227,Low,False,roll3_mean_avg_days_late | lag1_late_delivery_rate | lag1_avg_days_late | previous_risk_severity | avg_days_late,lag1_quality_event_rate | current_medium_risk_flag | late_delivery_rate | avg_days_late_trend | total_scrap_qty,roll3_mean_avg_days_late,0.928871758675688,-1.035821809036755,lag1_late_delivery_rate,0.7662340274499644,-1.6895538629409534,lag1_quality_event_rate,-0.6779410204426679,1.5583437404304203,lag1_avg_days_late,0.5804459815467903,-1.0334856921991429,previous_risk_severity,0.44996440119593584,-1.5239025696136401,avg_days_late,0.41552607021155813,-1.419361490928277,current_medium_risk_flag,-0.37904637879555014,-1.185989393666367,current_risk_severity,0.342896652680044,-1.494314030573364,late_delivery_rate,-0.27568492537001843,-1.9844146928927062,quality_rate_acceleration,0.2128779559576137,-1.6902389136882645
SUP004,2024-11,Medium,0.03600389561075081,0.4709194319166669,0.4930766724725823,Medium,False,late_rate_trend | previous_risk_severity | roll3_mean_late_delivery_rate | delay_acceleration | quality_event_rate,lag1_late_delivery_rate | risk_change | avg_days_late_trend | current_medium_risk_flag | current_high_risk_flag,lag1_late_delivery_rate,-0.5476326877824257,-2.014892059242189,risk_change,-0.5467056628655669,1.4852506846147433,avg_days_late_trend,-0.5172537600873083,2.2857057482835765,late_rate_trend,0.46001870704007186,2.1028231486476496,previous_risk_severity,0.3890764576236437,-1.5239025696136401,roll3_mean_late_delivery_rate,0.3109272974458198,-1.3667686922985482,current_medium_risk_flag,-0.27220064260621296,0.8431778608985705,current_high_risk_flag,-0.16778891006344743,-0.41614080930998976,delay_acceleration,0.16109956916343524,1.7119973055736262,quality_event_rate,0.0786789594078634,-0.4399363446806882
SUP004,2024-12,Medium,0.03749170954706398,0.2126688333632404,0.7498394570896956,Medium,False,late_rate_trend | avg_days_late_trend | roll3_std_late_delivery_rate | quality_event_rate | roll3_mean_late_delivery_rate,current_medium_risk_flag | current_high_risk_flag | delay_acceleration | roll3_mean_quality_event_rate | roll3_std_avg_days_late,late_rate_trend,0.2929508641084902,1.339127842055353,current_medium_risk_flag,-0.27220064260621296,0.8431778608985705,current_high_risk_flag,-0.16778891006344743,-0.41614080930998976,delay_acceleration,-0.16190891236546257,-1.7205981565153778,avg_days_late_trend,0.13549635147352382,-0.5987482611672258,roll3_std_late_delivery_rate,0.1159953529204321,3.0762212095189194,quality_event_rate,0.0786789594078634,-0.4399363446806882,roll3_mean_late_delivery_rate,0.07747687064638932,-0.3405714520617204,roll3_mean_quality_event_rate,-0.060411142162845675,-0.6962550475939943,roll3_std_avg_days_late,-0.058301633229931475,1.5530903688371425
SUP004,2025-01,Medium,0.023054194167706515,0.16402825094168239,0.8129175548906111,Medium,False,risk_change | current_medium_risk_flag | lag1_late_delivery_rate | avg_days_late_trend | risk_worsening_streak,late_rate_trend | current_risk_severity | avg_days_late | current_high_risk_flag | is_worsening,risk_change,0.5532755163248956,-1.5030991906959505,late_rate_trend,-0.5048438614178101,-2.3077264945870177,current_medium_risk_flag,0.3828694870333796,-1.185989393666367,lag1_late_delivery_rate,0.3034531628674394,1.1164880801572048,avg_days_late_trend,0.2988460199836685,-1.3205782508242032,current_risk_severity,-0.2958450961440389,-1.494314030573364,avg_days_late,-0.17090443593385066,-1.0949804589654586,current_high_risk_flag,-0.16778891006344743,-0.41614080930998976,is_worsening,-0.0999689117641761,-1.4052114749531837,risk_worsening_streak,0.08872240120436561,-0.8668415629151476
SUP005,2024-07,Medium,0.27141930739712217,0.02000688450995079,0.708573808092927,Medium,False,risk_change | lag1_late_delivery_rate | avg_days_late | avg_days_late_trend | risk_worsening_streak,previous_risk_severity | roll3_mean_late_delivery_rate | current_medium_risk_flag | late_rate_trend | current_high_risk_flag,risk_change,0.5532755163248956,-1.5030991906959505,lag1_late_delivery_rate,0.5463749251452795,2.0102644027736547,previous_risk_severity,-0.46008109979704603,1.802007694049649,roll3_mean_late_delivery_rate,-0.28871055808513485,1.2691087439679185,current_medium_risk_flag,-0.27220064260621296,0.8431778608985705,late_rate_trend,-0.20153117928012415,-0.9212330335244152,current_high_risk_flag,-0.16778891006344743,-0.41614080930998976,avg_days_late,0.11577289093880393,0.7417540250681149,delay_acceleration,-0.11168066643235118,-1.1868250238638633,is_worsening,-0.0999689117641761,-1.4052114749531837
SUP005,2024-08,Medium,0.3736046241687321,0.029352800075569545,0.5970425757556984,Medium,False,lag1_late_delivery_rate | avg_days_late_trend | risk_worsening_streak | quality_event_rate | roll3_mean_avg_days_late,roll3_mean_late_delivery_rate | late_rate_trend | current_medium_risk_flag | current_high_risk_flag | is_worsening,lag1_late_delivery_rate,0.33371750202165545,1.2278389509150684,roll3_mean_late_delivery_rate,-0.28871055808513485,1.2691087439679185,late_rate_trend,-0.27298072804765855,-1.2478409797002055,current_medium_risk_flag,-0.27220064260621296,0.8431778608985705,avg_days_late_trend,0.25451614537590656,-1.1246878445475068,current_high_risk_flag,-0.16778891006344743,-0.41614080930998976,is_worsening,-0.0999689117641761,-1.4052114749531837,risk_worsening_streak,0.08872240120436561,-0.8668415629151476,quality_event_rate,0.0786789594078634,-0.4399363446806882,roll3_mean_quality_event_rate,-0.060411142162845675,-0.6962550475939943
SUP005,2024-09,Medium,0.1517783575348969,0.14516382035954695,0.7030578221055562,Medium,False,avg_days_late_trend | risk_worsening_streak | quality_event_rate | roll3_std_quality_event_rate | lag1_late_delivery_rate,current_medium_risk_flag | current_high_risk_flag | late_rate_trend | avg_days_late | is_worsening,current_medium_risk_flag,-0.27220064260621296,0.8431778608985705,avg_days_late_trend,0.22362828578737506,-0.9881966990761514,current_high_risk_flag,-0.16778891006344743,-0.41614080930998976,late_rate_trend,-0.11765562203127934,-0.5378237054050087,avg_days_late,-0.10731052187407163,-0.6875358375073066,is_worsening,-0.0999689117641761,-1.4052114749531837,roll3_mean_late_delivery_rate,-0.09762706059374948,0.42914729918147954,risk_worsening_streak,0.08872240120436561,-0.8668415629151476,quality_event_rate,0.0786789594078634,-0.4399363446806882,roll3_mean_quality_event_rate,-0.060411142162845675,-0.6962550475939943
SUP005,2024-10,Medium,0.16649050228453205,0.13838569036709283,0.6951238073483752,Medium,False,delay_acceleration | late_rate_trend | avg_days_late | quality_event_rate | roll3_std_quality_event_rate,avg_days_late_trend | current_medium_risk_flag | current_high_risk_flag | lag1_late_delivery_rate | roll3_mean_quality_event_rate,avg_days_late_trend,-0.4428227081581156,1.9568004867410929,current_medium_risk_flag,-0.27220064260621296,0.8431778608985705,current_high_risk_flag,-0.16778891006344743,-0.41614080930998976,delay_acceleration,0.16469778675027683,1.7502353892974316,late_rate_trend,0.12154504123394452,0.555602897009594,avg_days_late,0.10947406516526392,0.7013976054189267,quality_event_rate,0.0786789594078634,-0.4399363446806882,lag1_late_delivery_rate,-0.07787751047568188,-0.286532891391874,roll3_mean_quality_event_rate,-0.060411142162845675,-0.6962550475939943,roll3_std_quality_event_rate,0.05829490817009169,-0.7896647676998135
SUP005,2024-11,Medium,0.1159671979100133,0.13909036717818254,0.7449424349118042,Medium,False,avg_days_late_trend | quality_event_rate | lag1_late_delivery_rate | short_delivery_rate | roll3_std_quality_event_rate,current_medium_risk_flag | current_high_risk_flag | delay_acceleration | roll3_mean_quality_event_rate | lag1_quality_event_rate,current_medium_risk_flag,-0.27220064260621296,0.8431778608985705,current_high_risk_flag,-0.16778891006344743,-0.41614080930998976,avg_days_late_trend,0.16707974284837132,-0.7383129096747469,delay_acceleration,-0.15130072463724262,-1.6078654601957045,quality_event_rate,0.0786789594078634,-0.4399363446806882,lag1_late_delivery_rate,0.06618074389838616,0.24349725341555573,roll3_mean_quality_event_rate,-0.060411142162845675,-0.6962550475939943,short_delivery_rate,0.059051542677721884,1.987432615371066,roll3_std_quality_event_rate,0.05829490817009169,-0.7896647676998135,lag1_quality_event_rate,-0.05489940246284215,-0.42900802741037075
SUP005,2024-12,Medium,0.3514120700461585,0.021604831204841315,0.6269830987490002,Medium,False,late_rate_trend | avg_days_late | lag1_short_delivery_rate | delay_acceleration | lag1_late_delivery_rate,current_medium_risk_flag | avg_days_late_trend | current_high_risk_flag | roll3_mean_late_delivery_rate | risk_worsening_streak,current_medium_risk_flag,-0.27220064260621296,0.8431778608985705,avg_days_late_trend,-0.198039915020767,0.875123599055428,current_high_risk_flag,-0.16778891006344743,-0.41614080930998976,late_rate_trend,0.1667088028294763,0.7620540736892742,roll3_mean_late_delivery_rate,-0.14010800720426025,0.615884289865193,avg_days_late,0.13151995537265398,0.842645074191086,lag1_short_delivery_rate,0.13027571534342283,2.030405546560124,delay_acceleration,0.09009442824394841,0.9574291179162523,lag1_late_delivery_rate,0.08834355226362749,0.3250403526166991,quality_event_rate,0.0786789594078634,-0.4399363446806882
SUP005,2025-01,High,0.482132196738227,0.021231038784576575,0.4966367644771964,Medium,True,roll3_mean_avg_days_late | lag1_avg_days_late | lag1_late_delivery_rate | avg_days_late | roll3_std_short_delivery_rate,late_delivery_rate | lag1_quality_event_rate | roll3_mean_total_scrap_qty | quality_event_rate | is_worsening,roll3_mean_avg_days_late,0.6786807600970136,0.8431782607285104,lag1_avg_days_late,0.4820094851754425,0.8652395362296914,lag1_late_delivery_rate,0.18872400885517066,1.0385424706267006,avg_days_late,0.17074442879148438,1.2492665752018475,roll3_std_short_delivery_rate,0.17060341558811268,2.2298136331295804,roll3_mean_late_delivery_rate,0.15668657950610837,0.8625862526696022,late_delivery_rate,-0.14864176466677864,0.8971679492539425,lag1_quality_event_rate,-0.1317360184234078,-0.42900802741037075,roll3_mean_total_scrap_qty,-0.1300673314557719,-0.626651568363702,total_scrap_qty,0.12626113270181089,-0.3763120088548149
SUP005,2025-02,Medium,0.38796308045147226,0.022259079999466698,0.5897778395490612,Medium,False,avg_days_late_trend | lag1_late_delivery_rate | risk_worsening_streak | quality_event_rate | roll3_mean_avg_days_late,current_medium_risk_flag | roll3_mean_late_delivery_rate | late_rate_trend | current_high_risk_flag | delay_acceleration,avg_days_late_trend,0.36815704054654624,-1.6268584760143112,current_medium_risk_flag,-0.27220064260621296,0.8431778608985705,lag1_late_delivery_rate,0.2495276131017456,0.9180810740795576,roll3_mean_late_delivery_rate,-0.18944640354415535,0.8327651362866512,late_rate_trend,-0.17498470661550666,-0.7998846266448726,current_high_risk_flag,-0.16778891006344743,-0.41614080930998976,delay_acceleration,-0.12224769299224567,-1.2991203024447222,is_worsening,-0.0999689117641761,-1.4052114749531837,risk_worsening_streak,0.08872240120436561,-0.8668415629151476,lag1_short_delivery_rate,-0.07901232737006772,-1.2314426162689207
SUP006,2024-07,Medium,0.17298576161578838,0.0003378917599855657,0.826676346624226,Medium,False,current_high_risk_flag | current_medium_risk_flag | current_risk_severity | lag1_late_delivery_rate | quality_rate_trend,risk_change | roll3_mean_late_delivery_rate | quality_event_rate | avg_days_late_trend | lag1_quality_event_rate,current_high_risk_flag,0.9689082147594448,2.4030327658998827,risk_change,-0.5467056628655669,1.4852506846147433,current_medium_risk_flag,0.3828694870333796,-1.185989393666367,current_risk_severity,0.3516440778630827,1.77615477210074,roll3_mean_late_delivery_rate,-0.290625098622379,1.2775246472608668,quality_event_rate,-0.27364068909015854,1.5300721491519553,lag1_late_delivery_rate,0.23081874889732115,0.8492459903383329,quality_rate_trend,0.22149568384213683,1.4371587541200592,avg_days_late,0.1812312764285335,1.1611442684812492,roll3_mean_total_scrap_qty,0.11866873984283562,1.382748262340152
SUP006,2024-08,Medium,0.13392559905595686,0.00022043485067184108,0.8658539660933714,Medium,False,current_high_risk_flag | current_medium_risk_flag | current_risk_severity | lag1_late_delivery_rate | lag1_quality_event_rate,previous_risk_severity | roll3_mean_late_delivery_rate | quality_event_rate | quality_rate_trend | lag1_total_scrap_qty,current_high_risk_flag,0.9689082147594448,2.4030327658998827,previous_risk_severity,-0.46008109979704603,1.802007694049649,current_medium_risk_flag,0.3828694870333796,-1.185989393666367,current_risk_severity,0.3516440778630827,1.77615477210074,lag1_late_delivery_rate,0.2610830880515372,0.9605968610961966,roll3_mean_late_delivery_rate,-0.25562812105985405,1.1236855548091373,lag1_quality_event_rate,0.19941850668333755,1.5583437404304203,avg_days_late_trend,0.18131631204114765,-0.8012232460525301,roll3_mean_total_scrap_qty,0.17615159295124783,2.0525482059081033,quality_event_rate,-0.14315193038718727,0.8004393736583827
SUP006,2024-09,Medium,0.24721737342204098,0.013072174587760027,0.7397104519901991,Medium,False,risk_change | lag1_late_delivery_rate | avg_days_late_trend | roll3_mean_total_scrap_qty | lag1_quality_event_rate,previous_risk_severity | current_medium_risk_flag | roll3_mean_late_delivery_rate | current_high_risk_flag | quality_rate_trend,risk_change,0.5532755163248956,-1.5030991906959505,previous_risk_severity,-0.46008109979704603,1.802007694049649,lag1_late_delivery_rate,0.3222843072300628,1.1857730664065425,current_medium_risk_flag,-0.27220064260621296,0.8431778608985705,roll3_mean_late_delivery_rate,-0.2535960384917076,1.1147529623441987,avg_days_late_trend,0.24446114744112005,-1.080255559367711,roll3_mean_total_scrap_qty,0.17615159295124783,2.0525482059081033,current_high_risk_flag,-0.16778891006344743,-0.41614080930998976,quality_rate_trend,-0.13877422196886718,-0.90042652068517,lag1_quality_event_rate,0.10522668848104863,0.8222875301190151
SUP006,2024-10,Medium,0.14856867756861417,0.0007506255203055251,0.8506806969110804,Medium,False,current_high_risk_flag | current_medium_risk_flag | current_risk_severity | lag1_late_delivery_rate | late_rate_trend,risk_change | roll3_mean_late_delivery_rate | avg_days_late_trend | lag1_quality_event_rate | previous_risk_severity,current_high_risk_flag,0.9689082147594448,2.4030327658998827,risk_change,-0.5467056628655669,1.4852506846147433,current_medium_risk_flag,0.3828694870333796,-1.185989393666367,current_risk_severity,0.3516440778630827,1.77615477210074,roll3_mean_late_delivery_rate,-0.28866163757886465,1.268893700075244,avg_days_late_trend,-0.2409399704780832,1.0646957412548788,lag1_late_delivery_rate,0.22418011966349313,0.8248206380430597,late_rate_trend,0.1282479597874829,0.5862430689899315,delay_acceleration,0.11987361086273153,1.2738910468356315,avg_days_late,0.1029419495482595,0.6595465035605094
SUP006,2024-11,Medium,0.12157067933288826,0.0009307042640514817,0.8774986164030601,Medium,False,current_high_risk_flag | current_medium_risk_flag | lag1_late_delivery_rate | current_risk_severity | quality_rate_trend,previous_risk_severity | quality_event_rate | roll3_mean_late_delivery_rate | roll3_std_quality_event_rate | late_rate_trend,current_high_risk_flag,0.9689082147594448,2.4030327658998827,previous_risk_severity,-0.46008109979704603,1.802007694049649,current_medium_risk_flag,0.3828694870333796,-1.185989393666367,lag1_late_delivery_rate,0.3756392162574953,1.3820805274463308,current_risk_severity,0.3516440778630827,1.77615477210074,quality_event_rate,-0.30773613894480545,1.72071813242608,roll3_mean_late_delivery_rate,-0.2870811289147507,1.2619461281580695,quality_rate_trend,0.24289001109337663,1.5759743019640635,avg_days_late,0.12085258914327161,0.7742995247852019,lag1_short_delivery_rate,0.07214014792300878,1.1243366124409446
SUP006,2024-12,Medium,0.30557080852556934,0.018739326030344824,0.6756898654440858,Medium,False,risk_change | lag1_late_delivery_rate | lag1_quality_event_rate | roll3_mean_total_scrap_qty | risk_worsening_streak,previous_risk_severity | roll3_mean_late_delivery_rate | current_medium_risk_flag | current_high_risk_flag | late_rate_trend,risk_change,0.5532755163248956,-1.5030991906959505,previous_risk_severity,-0.46008109979704603,1.802007694049649,lag1_late_delivery_rate,0.3171209289370854,1.1667755701768852,roll3_mean_late_delivery_rate,-0.2728565509377243,1.1994179809034953,current_medium_risk_flag,-0.27220064260621296,0.8431778608985705,lag1_quality_event_rate,0.2240299172458708,1.7506681050601722,current_high_risk_flag,-0.16778891006344743,-0.41614080930998976,late_rate_trend,-0.13519232754925767,-0.6179869460512407,quality_rate_trend,-0.12081355217770276,-0.7838900113840296,roll3_mean_total_scrap_qty,0.11866873984283562,1.382748262340152
SUP006,2025-01,Medium,0.29056385998533163,0.014323742938185316,0.695112397076483,Medium,False,lag1_late_delivery_rate | avg_days_late | roll3_mean_total_scrap_qty | roll3_mean_quality_event_rate | lag1_quality_event_rate,current_medium_risk_flag | roll3_mean_late_delivery_rate | current_high_risk_flag | quality_rate_trend | avg_days_late_trend,current_medium_risk_flag,-0.27220064260621296,0.8431778608985705,roll3_mean_late_delivery_rate,-0.21150148937315383,0.9297144908935274,lag1_late_delivery_rate,0.17770971502669689,0.6538431719761465,current_high_risk_flag,-0.16778891006344743,-0.41614080930998976,avg_days_late,0.144429710899504,0.9253575559045125,quality_rate_trend,-0.12081355217770276,-0.7838900113840296,avg_days_late_trend,-0.12032646143230799,0.531713649640798,roll3_mean_total_scrap_qty,0.11866873984283562,1.382748262340152,roll3_mean_quality_event_rate,0.08825098386275455,1.0171168888670554,lag1_quality_event_rate,0.08456525739151433,0.6608300388249008
SUP007,2024-07,Medium,0.06848702218297188,0.29207167633706993,0.6394413014799583,Medium,False,quality_event_rate | roll3_mean_late_delivery_rate | roll3_std_quality_event_rate | late_rate_trend | is_worsening,current_medium_risk_flag | current_high_risk_flag | lag1_late_delivery_rate | roll3_mean_quality_event_rate | avg_days_late_trend,current_medium_risk_flag,-0.27220064260621296,0.8431778608985705,current_high_risk_flag,-0.16778891006344743,-0.41614080930998976,lag1_late_delivery_rate,-0.12289571496757815,-0.4521673116441958,quality_event_rate,0.0786789594078634,-0.4399363446806882,roll3_mean_late_delivery_rate,0.07177665599872224,-0.3155145497446424,roll3_mean_quality_event_rate,-0.060411142162845675,-0.6962550475939943,roll3_std_quality_event_rate,0.05829490817009169,-0.7896647676998135,avg_days_late_trend,-0.055974245838980405,0.24734601339273052,lag1_quality_event_rate,-0.05489940246284215,-0.42900802741037075,roll3_mean_total_scrap_qty,-0.05377981948240102,-0.626651568363702
SUP007,2024-08,Medium,0.008091849654128843,0.29542413061302986,0.6964840197328412,Medium,False,risk_change | current_medium_risk_flag | avg_days_late_trend | roll3_mean_late_delivery_rate | risk_worsening_streak,current_risk_severity | late_rate_trend | current_high_risk_flag | avg_days_late | is_worsening,risk_change,0.5532755163248956,-1.5030991906959505,current_medium_risk_flag,0.3828694870333796,-1.185989393666367,current_risk_severity,-0.2958450961440389,-1.494314030573364,avg_days_late_trend,0.2615787394563962,-1.1558969205044298,late_rate_trend,-0.23383629608788564,-1.0689051746862954,current_high_risk_flag,-0.16778891006344743,-0.41614080930998976,avg_days_late,-0.15323945980613424,-0.9818013974493052,roll3_mean_late_delivery_rate,0.14067695557494297,-0.6183852630089837,is_worsening,-0.0999689117641761,-1.4052114749531837,risk_worsening_streak,0.08872240120436561,-0.8668415629151476
SUP007,2024-09,Medium,0.007355124230980869,0.4346506816478303,0.5579941941211889,Medium,False,previous_risk_severity | current_medium_risk_flag | roll3_mean_late_delivery_rate | delay_acceleration | quality_event_rate,lag1_late_delivery_rate | current_risk_severity | current_high_risk_flag | late_rate_trend | avg_days_late,previous_risk_severity,0.3890764576236437,-1.5239025696136401,current_medium_risk_flag,0.3828694870333796,-1.185989393666367,lag1_late_delivery_rate,-0.30296853293516324,-1.114704992653483,current_risk_severity,-0.2958450961440389,-1.494314030573364,roll3_mean_late_delivery_rate,0.231335244491023,-1.016899359409433,current_high_risk_flag,-0.16778891006344743,-0.41614080930998976,late_rate_trend,-0.11407905709011275,-0.5214746234311063,avg_days_late,-0.11021129690135976,-0.7061210307668011,delay_acceleration,0.08474924968247756,0.9006261646708318,avg_days_late_trend,-0.08195114243291063,0.3621359800375206
SUP007,2024-10,Low,0.024631843935303682,0.5561086338712847,0.41925952219341156,Low,False,roll3_mean_avg_days_late | lag1_late_delivery_rate | previous_risk_severity | lag1_avg_days_late | current_medium_risk_flag,risk_change | late_rate_trend | roll3_std_quality_event_rate | spend_share | total_scrap_qty,roll3_mean_avg_days_late,0.7160768269407353,-0.7985257247443381,lag1_late_delivery_rate,0.699256370572481,-1.5418674448831553,previous_risk_severity,0.44996440119593584,-1.5239025696136401,risk_change,-0.4235222532357544,1.4852506846147433,lag1_avg_days_late,0.39751605149174973,-0.7077784405388358,late_rate_trend,-0.32300674217070824,0.9827830840981369,current_medium_risk_flag,0.26948260799041307,0.8431778608985705,lag1_quality_event_rate,0.18663542088624882,-0.42900802741037075,roll3_mean_total_scrap_qty,0.18384715093817178,-0.626651568363702,current_high_risk_flag,0.1824010490879777,-0.41614080930998976
SUP007,2024-11,Medium,0.061504690163842746,0.24610315065876842,0.6923921591773888,Medium,False,late_rate_trend | roll3_mean_late_delivery_rate | quality_event_rate | delay_acceleration | roll3_std_quality_event_rate,avg_days_late_trend | current_medium_risk_flag | lag1_late_delivery_rate | current_high_risk_flag | risk_worsening_streak,avg_days_late_trend,-0.27508030137988604,1.2155593146339927,current_medium_risk_flag,-0.27220064260621296,0.8431778608985705,late_rate_trend,0.23148820323162533,1.0581716459454995,lag1_late_delivery_rate,-0.17182854593703073,-0.6322047249619374,current_high_risk_flag,-0.16778891006344743,-0.41614080930998976,roll3_mean_late_delivery_rate,0.14581015346960283,-0.640949683152945,quality_event_rate,0.0786789594078634,-0.4399363446806882,risk_worsening_streak,-0.07477233812191818,0.7305457196894953,delay_acceleration,0.061164156538489174,0.6499885240869013,roll3_mean_quality_event_rate,-0.060411142162845675,-0.6962550475939943
SUP007,2024-12,Medium,0.09403001268290355,0.20100316940482438,0.7049668179122721,Medium,False,avg_days_late_trend | lag1_late_delivery_rate | risk_worsening_streak | quality_event_rate | roll3_std_quality_event_rate,current_medium_risk_flag | current_high_risk_flag | delay_acceleration | late_rate_trend | is_worsening,current_medium_risk_flag,-0.27220064260621296,0.8431778608985705,avg_days_late_trend,0.19092349328187114,-0.8436766626947162,current_high_risk_flag,-0.16778891006344743,-0.41614080930998976,delay_acceleration,-0.11567441644225075,-1.2292664114578071,late_rate_trend,-0.10988936673046044,-0.5023228416902491,is_worsening,-0.0999689117641761,-1.4052114749531837,lag1_late_delivery_rate,0.0936204113982087,0.3444553762360188,risk_worsening_streak,0.08872240120436561,-0.8668415629151476,quality_event_rate,0.0786789594078634,-0.4399363446806882,roll3_mean_quality_event_rate,-0.060411142162845675,-0.6962550475939943
SUP008,2024-07,Low,0.013038590578206301,0.6558174953551221,0.3311439140666715,Low,False,roll3_mean_avg_days_late | previous_risk_severity | spend_share | lag1_avg_days_late | lag1_late_delivery_rate,risk_change | late_rate_trend | roll3_std_quality_event_rate | total_scrap_qty | lag1_total_scrap_qty,roll3_mean_avg_days_late,0.6700462522275437,-0.7471952017468501,previous_risk_severity,0.44996440119593584,-1.5239025696136401,spend_share,0.4248818379239541,2.020588045363672,risk_change,-0.4235222532357544,1.4852506846147433,lag1_avg_days_late,0.351743973755034,-0.6262811282186379,lag1_late_delivery_rate,0.30164297895059644,-0.6651258519686101,current_medium_risk_flag,0.26948260799041307,0.8431778608985705,late_rate_trend,-0.22461187140206956,0.6834060063827305,lag1_quality_event_rate,0.18663542088624882,-0.42900802741037075,roll3_mean_total_scrap_qty,0.18384715093817178,-0.626651568363702
SUP008,2024-08,Medium,0.051534791949634604,0.39857709521114754,0.5498881128392179,Medium,False,risk_worsening_streak | avg_days_late_trend | quality_event_rate | roll3_mean_late_delivery_rate | roll3_std_quality_event_rate,current_medium_risk_flag | current_high_risk_flag | is_worsening | avg_days_late | lag1_short_delivery_rate,current_medium_risk_flag,-0.27220064260621296,0.8431778608985705,current_high_risk_flag,-0.16778891006344743,-0.41614080930998976,is_worsening,-0.0999689117641761,-1.4052114749531837,avg_days_late,-0.09474049675582291,-0.6070000000494965,risk_worsening_streak,0.08872240120436561,-0.8668415629151476,avg_days_late_trend,0.08051134875890388,-0.355773639285345,lag1_short_delivery_rate,-0.07901232737006772,-1.2314426162689207,quality_event_rate,0.0786789594078634,-0.4399363446806882,roll3_mean_late_delivery_rate,0.0629538080326147,-0.27673123134177047,roll3_mean_quality_event_rate,-0.060411142162845675,-0.6962550475939943
SUP008,2024-09,Medium,0.035945006623139396,0.4284828880904874,0.5355721052863732,Medium,False,risk_worsening_streak | quality_event_rate | avg_days_late_trend | roll3_std_quality_event_rate | spend_share,current_medium_risk_flag | current_high_risk_flag | avg_days_late | is_worsening | roll3_mean_quality_event_rate,current_medium_risk_flag,-0.27220064260621296,0.8431778608985705,current_high_risk_flag,-0.16778891006344743,-0.41614080930998976,avg_days_late,-0.12568209704689667,-0.805242061484106,is_worsening,-0.0999689117641761,-1.4052114749531837,risk_worsening_streak,0.08872240120436561,-0.8668415629151476,quality_event_rate,0.0786789594078634,-0.4399363446806882,avg_days_late_trend,0.07167531709952214,-0.31672787507000993,roll3_mean_quality_event_rate,-0.060411142162845675,-0.6962550475939943,roll3_std_quality_event_rate,0.05829490817009169,-0.7896647676998135,roll3_mean_avg_days_late,-0.05708367733571225,-0.6215503056458493
SUP008,2024-10,Low,0.010521752440807667,0.6975937226926392,0.2918845248665531,Low,False,roll3_mean_avg_days_late | lag1_avg_days_late | avg_days_late | current_medium_risk_flag | spend_share,quality_rate_trend | late_delivery_rate | quality_event_rate | quality_rate_acceleration | avg_days_late_trend,roll3_mean_avg_days_late,0.7772188881152478,-0.8667076667858462,lag1_avg_days_late,0.4540580298723987,-0.8084515910520217,avg_days_late,0.3123150596367482,-1.0668114480992157,current_medium_risk_flag,0.26948260799041307,0.8431778608985705,spend_share,0.2690819050425965,1.2796585592111518,total_scrap_qty,0.2605402596845632,0.806094624865944,late_rate_trend,0.23121423113736064,-0.7034944027405547,lag1_quality_event_rate,0.18663542088624882,-0.42900802741037075,current_high_risk_flag,0.1824010490879777,-0.41614080930998976,quality_rate_trend,-0.1546564694698507,1.357468347024425
SUP008,2024-11,Medium,0.00438058208145783,0.44453246966924975,0.5510869482492924,Medium,False,risk_change | current_medium_risk_flag | lag1_quality_event_rate | roll3_mean_late_delivery_rate | quality_event_rate,current_risk_severity | lag1_late_delivery_rate | avg_days_late_trend | quality_rate_trend | current_high_risk_flag,risk_change,0.5532755163248956,-1.5030991906959505,current_medium_risk_flag,0.3828694870333796,-1.185989393666367,current_risk_severity,-0.2958450961440389,-1.494314030573364,lag1_late_delivery_rate,-0.23794223755797975,-0.8754552745112405,avg_days_late_trend,-0.21982447481503148,0.9713879423773072,quality_rate_trend,-0.20837181740962926,-1.352005494227089,lag1_quality_event_rate,0.185289733952994,1.447935308883708,current_high_risk_flag,-0.16778891006344743,-0.41614080930998976,roll3_mean_late_delivery_rate,0.15820084538830725,-0.69541646664066,quality_event_rate,0.0786789594078634,-0.4399363446806882
SUP008,2024-12,Low,0.01910110583378137,0.534689113844872,0.4462097803213465,Low,False,roll3_mean_avg_days_late | previous_risk_severity | lag1_late_delivery_rate | spend_share | current_medium_risk_flag,risk_change | late_rate_trend | total_scrap_qty | quality_rate_acceleration | lag1_total_scrap_qty,roll3_mean_avg_days_late,0.5123492007617145,-0.5713409531883803,previous_risk_severity,0.44996440119593584,-1.5239025696136401,risk_change,-0.4235222532357544,1.4852506846147433,lag1_late_delivery_rate,0.3703216556852854,-0.8165630361993038,late_rate_trend,-0.3515908504194672,1.0697533370164607,spend_share,0.3167408117367739,1.5063074966943144,current_medium_risk_flag,0.26948260799041307,0.8431778608985705,lag1_avg_days_late,0.20338859238485543,-0.3621339571102316,delay_acceleration,0.19918403452462696,-0.47737389631631916,lag1_quality_event_rate,0.18663542088624882,-0.42900802741037075
SUP008,2025-01,Low,0.02811820000568156,0.5443042339435965,0.427577566050722,Low,False,roll3_mean_avg_days_late | late_rate_trend | delay_acceleration | current_medium_risk_flag | avg_days_late,avg_days_late_trend | quality_rate_trend | quality_event_rate | quality_rate_acceleration | late_delivery_rate,roll3_mean_avg_days_late,0.4639774831283324,-0.5173997286896831,late_rate_trend,0.3553563080911724,-1.0812101508240304,delay_acceleration,0.3003617666703895,-0.7198612439099328,current_medium_risk_flag,0.26948260799041307,0.8431778608985705,avg_days_late,0.26817129913663035,-0.9160243899328585,total_scrap_qty,0.2605402596845632,0.806094624865944,avg_days_late_trend,-0.22019469830966926,-1.0286668692821315,lag1_quality_event_rate,0.18663542088624882,-0.42900802741037075,current_high_risk_flag,0.1824010490879777,-0.41614080930998976,quality_rate_trend,-0.16373560346147678,1.4371587541200592
SUP009,2024-07,Medium,0.2880042413080618,0.00031267061122032297,0.7116830880807179,Medium,False,current_high_risk_flag | current_medium_risk_flag | current_risk_severity | lag1_late_delivery_rate | avg_days_late,previous_risk_severity | roll3_mean_late_delivery_rate | risk_worsening_streak | avg_days_late_trend | delay_acceleration,current_high_risk_flag,0.9689082147594448,2.4030327658998827,previous_risk_severity,-0.46008109979704603,1.802007694049649,current_medium_risk_flag,0.3828694870333796,-1.185989393666367,current_risk_severity,0.3516440778630827,1.77615477210074,lag1_late_delivery_rate,0.33371750202165545,1.2278389509150684,roll3_mean_late_delivery_rate,-0.27467995162597714,1.2074332532668162,avg_days_late,0.21502711524913148,1.37767336499472,risk_worsening_streak,-0.12927058456401277,1.2630081472243764,avg_days_late_trend,-0.11151324953417759,0.4927687242467368,quality_event_rate,0.0786789594078634,-0.4399363446806882
SUP009,2024-08,Medium,0.36673514711642874,0.00010880063307597028,0.6331560522504953,Medium,False,current_high_risk_flag | current_medium_risk_flag | lag1_late_delivery_rate | current_risk_severity | quality_rate_trend,previous_risk_severity | roll3_mean_late_delivery_rate | quality_event_rate | risk_worsening_streak | delay_acceleration,current_high_risk_flag,0.9689082147594448,2.4030327658998827,previous_risk_severity,-0.46008109979704603,1.802007694049649,roll3_mean_late_delivery_rate,-0.39410713755809335,1.7324091562583421,current_medium_risk_flag,0.3828694870333796,-1.185989393666367,lag1_late_delivery_rate,0.3804896625327166,1.3999266602681304,current_risk_severity,0.3516440778630827,1.77615477210074,quality_event_rate,-0.29566066712128497,1.653197680016496,quality_rate_trend,0.2353128535252294,1.5268104621026466,avg_days_late_trend,0.19992557000687106,-0.8834561676582935,risk_worsening_streak,-0.18376883100610739,1.7954705747592574
SUP009,2024-09,High,0.4103810474258157,9.517532662621334e-05,0.5895237772475581,Medium,True,previous_risk_severity | roll3_mean_avg_days_late | lag1_quality_event_rate | lag1_avg_days_late | lag1_late_delivery_rate,late_delivery_rate | quality_rate_acceleration | lag1_total_scrap_qty | quality_event_rate | roll3_std_quality_event_rate,previous_risk_severity,0.9921619094049008,1.802007694049649,roll3_mean_avg_days_late,0.9011423183283275,1.1195596771128804,lag1_quality_event_rate,0.5166636720207559,1.68255322592047,lag1_avg_days_late,0.44871007728962425,0.8054648531124874,lag1_late_delivery_rate,0.3693185979751926,2.0323489921406317,roll3_mean_late_delivery_rate,0.34871418759610456,1.9197308747142707,late_delivery_rate,-0.2824389750226786,1.704737538460587,quality_rate_acceleration,-0.21823557902490148,-1.7961421599013843,delay_acceleration,0.19794266294034782,0.61254269781826,lag1_total_scrap_qty,-0.1682168225640169,0.8342833070887854
SUP009,2024-10,High,0.53539956414184,0.0001213349510433222,0.4644791009071166,High,True,previous_risk_severity | roll3_mean_avg_days_late | lag1_avg_days_late | roll3_mean_late_delivery_rate | lag1_late_delivery_rate,late_delivery_rate | lag1_quality_event_rate | quality_event_rate | lag1_short_delivery_rate | roll3_std_quality_event_rate,previous_risk_severity,0.9921619094049008,1.802007694049649,roll3_mean_avg_days_late,0.9743643973450835,1.2105292004325758,lag1_avg_days_late,0.5211852591587582,0.935562692838167,roll3_mean_late_delivery_rate,0.32988528905147657,1.8160745878216613,lag1_late_delivery_rate,0.31620254235165673,1.7400529564012401,avg_days_late,0.2230505868883903,1.631969164388447,late_delivery_rate,-0.18093764302854753,1.0920985397520977,delay_acceleration,0.16211962124867255,0.5016866434643404,spend_share,0.15564185685748144,-0.631530037748117,lag1_quality_event_rate,-0.1317360184234078,-0.42900802741037075
SUP009,2024-11,High,0.46783617438222036,0.010839443138568905,0.5213243824792106,Medium,True,previous_risk_severity | lag1_avg_days_late | roll3_mean_avg_days_late | roll3_mean_late_delivery_rate | lag1_late_delivery_rate,risk_change | delay_acceleration | lag1_quality_event_rate | roll3_mean_total_scrap_qty | quality_event_rate,previous_risk_severity,0.9921619094049008,1.802007694049649,risk_change,-0.9818873073677796,-1.5030991906959505,lag1_avg_days_late,0.9286133085852407,1.6669235215663105,roll3_mean_avg_days_late,0.8022266919129747,0.9966690476100694,delay_acceleration,-0.5980163801474978,-1.8505892635457277,roll3_mean_late_delivery_rate,0.22217036319962646,1.223085612377793,lag1_late_delivery_rate,0.20288829035478018,1.1164880801572048,spend_share,0.19497023236385896,-0.791108257705089,is_worsening,0.16199009382142265,-1.4052114749531837,lag1_quality_event_rate,-0.1317360184234078,-0.42900802741037075
SUP009,2024-12,High,0.4510415488014304,0.013785700451387418,0.5351727507471822,Medium,True,roll3_mean_avg_days_late | delay_acceleration | quality_event_rate | roll3_mean_late_delivery_rate | spend_share,total_scrap_qty | lag1_quality_event_rate | late_delivery_rate | is_worsening | roll3_std_quality_event_rate,roll3_mean_avg_days_late,0.7224798731818545,0.8975933291430745,delay_acceleration,0.5212219893522608,1.612945480157807,quality_event_rate,0.392729056745804,1.5300721491519553,total_scrap_qty,-0.27046285530495145,0.806094624865944,roll3_mean_late_delivery_rate,0.1600349980023543,0.8810198656321837,lag1_quality_event_rate,-0.1317360184234078,-0.42900802741037075,late_delivery_rate,-0.1301869770314821,0.7857790403978537,spend_share,0.12469231946968838,-0.5059496642583735,lag1_avg_days_late,0.11045819718631238,0.198279914079836,quality_rate_acceleration,0.10345187943336676,0.8514389954266021
SUP009,2025-01,Medium,0.18398076456863685,0.00035137484193917745,0.8156678605894239,Medium,False,current_high_risk_flag | current_medium_risk_flag | current_risk_severity | late_rate_trend | lag1_late_delivery_rate,risk_change | roll3_mean_late_delivery_rate | quality_rate_trend | lag1_short_delivery_rate | roll3_std_quality_event_rate,current_high_risk_flag,0.9689082147594448,2.4030327658998827,risk_change,-0.5467056628655669,1.4852506846147433,current_medium_risk_flag,0.3828694870333796,-1.185989393666367,current_risk_severity,0.3516440778630827,1.77615477210074,roll3_mean_late_delivery_rate,-0.25518388697933897,1.121732798527242,late_rate_trend,0.2298462328014434,1.0506659219887546,quality_rate_trend,-0.22065374601682278,-1.431695901322723,lag1_late_delivery_rate,0.2187130132356348,0.8047056420351877,lag1_quality_event_rate,0.19941850668333755,1.5583437404304203,avg_days_late,0.11110709406951504,0.7118603808835311
SUP010,2024-07,Low,0.03030841594116884,0.5939877794209952,0.375703804637836,Low,False,lag1_avg_days_late | roll3_mean_avg_days_late | lag1_late_delivery_rate | previous_risk_severity | current_medium_risk_flag,delay_acceleration | risk_change | late_delivery_rate | quality_rate_trend | lag1_total_scrap_qty,lag1_avg_days_late,0.5651922632412603,-1.0063264041296627,roll3_mean_avg_days_late,0.5516528073221582,-0.6151699666865954,lag1_late_delivery_rate,0.5029425486902024,-1.1089934609206444,previous_risk_severity,0.44996440119593584,-1.5239025696136401,delay_acceleration,-0.4343376092806626,1.0409540973194287,risk_change,-0.4235222532357544,1.4852506846147433,current_medium_risk_flag,0.26948260799041307,0.8431778608985705,total_scrap_qty,0.2605402596845632,0.806094624865944,lag1_quality_event_rate,0.18663542088624882,-0.42900802741037075,current_high_risk_flag,0.1824010490879777,-0.41614080930998976
SUP010,2024-08,Low,0.015352124968408565,0.5369652378240716,0.4476826372075199,Low,False,roll3_mean_avg_days_late | lag1_late_delivery_rate | lag1_avg_days_late | current_medium_risk_flag | avg_days_late,lag1_quality_event_rate | late_rate_trend | total_scrap_qty | roll3_mean_short_delivery_rate | previous_risk_severity,roll3_mean_avg_days_late,0.6935371961503158,-0.7733908867838869,lag1_late_delivery_rate,0.4304154978281384,-0.9490705724011613,lag1_avg_days_late,0.3197708312183576,-0.5693528585832055,lag1_quality_event_rate,-0.27267081356973827,0.6267725992550497,current_medium_risk_flag,0.26948260799041307,0.8431778608985705,late_rate_trend,-0.23161261359124155,0.704706524611586,avg_days_late,0.18979360192213526,-0.6483004295150401,lag1_total_scrap_qty,0.1873191142587115,0.8342833070887854,current_high_risk_flag,0.1824010490879777,-0.41614080930998976,delay_acceleration,0.18236513406268676,-0.43706492243478023
SUP010,2024-09,Medium,0.007735568688942734,0.3120990714022653,0.680165359908792,Medium,False,risk_change | current_medium_risk_flag | roll3_mean_late_delivery_rate | risk_worsening_streak | avg_days_late_trend,current_risk_severity | late_rate_trend | current_high_risk_flag | avg_days_late | is_worsening,risk_change,0.5532755163248956,-1.5030991906959505,current_medium_risk_flag,0.3828694870333796,-1.185989393666367,current_risk_severity,-0.2958450961440389,-1.494314030573364,late_rate_trend,-0.21138628945495647,-0.966282405410731,roll3_mean_late_delivery_rate,0.1886542498293526,-0.8292830010551215,current_high_risk_flag,-0.16778891006344743,-0.41614080930998976,avg_days_late,-0.13581813852155875,-0.8701834264368229,is_worsening,-0.0999689117641761,-1.4052114749531837,risk_worsening_streak,0.08872240120436561,-0.8668415629151476,avg_days_late_trend,0.07933875103608105,-0.35059201749292346
SUP010,2024-10,Medium,0.04064429435201716,0.45751400634449435,0.5018416993034885,Medium,False,previous_risk_severity | late_rate_trend | roll3_mean_late_delivery_rate | quality_event_rate | delay_acceleration,risk_change | lag1_late_delivery_rate | current_medium_risk_flag | avg_days_late_trend | current_high_risk_flag,risk_change,-0.5467056628655669,1.4852506846147433,previous_risk_severity,0.3890764576236437,-1.5239025696136401,lag1_late_delivery_rate,-0.3014161810561323,-1.1089934609206444,current_medium_risk_flag,-0.27220064260621296,0.8431778608985705,avg_days_late_trend,-0.2316700420622357,1.0237326196669305,late_rate_trend,0.19353019381532863,0.884659178613989,current_high_risk_flag,-0.16778891006344743,-0.41614080930998976,roll3_mean_late_delivery_rate,0.13353401016837607,-0.5869864304436487,quality_event_rate,0.0786789594078634,-0.4399363446806882,delay_acceleration,0.07669770589787889,0.8150627995015746
SUP010,2024-11,Medium,0.004428629223215396,0.4335277011220319,0.5620436696547526,Medium,False,risk_change | current_medium_risk_flag | avg_days_late_trend | roll3_mean_late_delivery_rate | quality_rate_trend,late_rate_trend | current_risk_severity | current_high_risk_flag | quality_event_rate | avg_days_late,risk_change,0.5532755163248956,-1.5030991906959505,current_medium_risk_flag,0.3828694870333796,-1.185989393666367,late_rate_trend,-0.29596884373808263,-1.3529235362958945,current_risk_severity,-0.2958450961440389,-1.494314030573364,avg_days_late_trend,0.2620745863105119,-1.1580880307334385,roll3_mean_late_delivery_rate,0.23054563197169473,-1.0134283947198406,current_high_risk_flag,-0.16778891006344743,-0.41614080930998976,quality_event_rate,-0.16089840157079155,0.8996694311255097,quality_rate_trend,0.15075177506470333,0.9781420092492142,avg_days_late,-0.1433188092128087,-0.9182400365018335
SUP010,2024-12,Medium,0.005836035473876739,0.40479583086951726,0.589368133656606,Medium,False,previous_risk_severity | current_medium_risk_flag | roll3_mean_late_delivery_rate | lag1_quality_event_rate | quality_event_rate,lag1_late_delivery_rate | current_risk_severity | current_high_risk_flag | quality_rate_trend | avg_days_late,lag1_late_delivery_rate,-0.39480567009863166,-1.4525992099682197,previous_risk_severity,0.3890764576236437,-1.5239025696136401,current_medium_risk_flag,0.3828694870333796,-1.185989393666367,current_risk_severity,-0.2958450961440389,-1.494314030573364,roll3_mean_late_delivery_rate,0.2299608018426659,-1.0108576088247592,current_high_risk_flag,-0.16778891006344743,-0.41614080930998976,quality_rate_trend,-0.14990983723938928,-0.9726791564518781,avg_days_late,-0.13698768176863513,-0.877676660854444,lag1_quality_event_rate,0.11803677575656008,0.9223911747213674,quality_event_rate,0.0786789594078634,-0.4399363446806882
SUP011,2024-07,Low,0.004272942733316495,0.5018891819193416,0.49383787534734197,Low,False,late_rate_trend | delay_acceleration | roll3_mean_avg_days_late | risk_change | avg_days_late,lag1_late_delivery_rate | avg_days_late_trend | current_medium_risk_flag | late_delivery_rate | roll3_std_quality_event_rate,late_rate_trend,1.1664767824228404,-3.549132262856991,delay_acceleration,0.7154282275907643,-1.714629193824545,roll3_mean_avg_days_late,0.7076346537460468,-0.7891115219450291,lag1_late_delivery_rate,-0.5063414532222176,1.1164880801572048,risk_change,0.42861179104287933,-1.5030991906959505,avg_days_late_trend,-0.4146358160109872,-1.9370226895673377,avg_days_late,0.4141159767084487,-1.414544867952244,current_medium_risk_flag,-0.37904637879555014,-1.185989393666367,current_risk_severity,0.342896652680044,-1.494314030573364,late_delivery_rate,-0.2738346882365483,-1.9710964537903475
SUP011,2024-08,Medium,0.03864503738005625,0.46943142282748174,0.49192353979246206,Medium,False,late_rate_trend | previous_risk_severity | delay_acceleration | roll3_std_late_delivery_rate | quality_event_rate,risk_change | lag1_late_delivery_rate | avg_days_late_trend | current_medium_risk_flag | current_high_risk_flag,risk_change,-0.5467056628655669,1.4852506846147433,lag1_late_delivery_rate,-0.543948333450608,-2.001336301062971,late_rate_trend,0.4633727270354207,2.1181549401146262,previous_risk_severity,0.3890764576236437,-1.5239025696136401,avg_days_late_trend,-0.3074998464984642,1.358818864108829,current_medium_risk_flag,-0.27220064260621296,0.8431778608985705,delay_acceleration,0.18435454637505344,1.9591268201602032,current_high_risk_flag,-0.16778891006344743,-0.41614080930998976,roll3_std_late_delivery_rate,0.1154039266654569,3.0605364605732523,quality_event_rate,0.0786789594078634,-0.4399363446806882
SUP011,2024-09,Low,0.028284466485877225,0.5014028752346898,0.47031265827943286,Low,False,roll3_mean_avg_days_late | delay_acceleration | current_medium_risk_flag | lag1_avg_days_late | avg_days_late,spend_share | roll3_std_quality_event_rate | total_scrap_qty | avg_days_late_trend | lag1_total_scrap_qty,roll3_mean_avg_days_late,0.836181785764201,-0.9324595369857367,delay_acceleration,0.4759275941306511,-1.1406306259275534,current_medium_risk_flag,0.26948260799041307,0.8431778608985705,lag1_avg_days_late,0.24746233963541245,-0.44060738725384296,avg_days_late,0.23573914856511516,-0.805242061484106,lag1_quality_event_rate,0.18663542088624882,-0.42900802741037075,roll3_mean_total_scrap_qty,0.18384715093817178,-0.626651568363702,current_high_risk_flag,0.1824010490879777,-0.41614080930998976,spend_share,-0.18154373224012083,-0.8633579087952128,late_rate_trend,0.1779063263557857,-0.5412993144400202
SUP011,2024-10,Medium,0.049111913085935356,0.3801374613134772,0.5707506256005875,Medium,False,roll3_mean_late_delivery_rate | quality_event_rate | roll3_std_quality_event_rate | is_worsening | delay_acceleration,current_medium_risk_flag | current_high_risk_flag | lag1_late_delivery_rate | avg_days_late | avg_days_late_trend,current_medium_risk_flag,-0.27220064260621296,0.8431778608985705,current_high_risk_flag,-0.16778891006344743,-0.41614080930998976,lag1_late_delivery_rate,-0.14335853519116745,-0.5274556844861606,roll3_mean_late_delivery_rate,0.09968981464950719,-0.438214716826959,avg_days_late,-0.08368992522329655,-0.5361992638228501,avg_days_late_trend,-0.07979951134702222,0.3526280829071631,quality_event_rate,0.0786789594078634,-0.4399363446806882,roll3_mean_quality_event_rate,-0.060411142162845675,-0.6962550475939943,roll3_std_quality_event_rate,0.05829490817009169,-0.7896647676998135,roll3_mean_avg_days_late,-0.056780388436397836,-0.6182479727046964
SUP011,2024-11,Medium,0.055349157292037626,0.4504779929836295,0.494172849724333,Medium,False,quality_rate_trend | roll3_mean_late_delivery_rate | late_rate_trend | is_worsening | roll3_mean_quality_event_rate,quality_event_rate | current_medium_risk_flag | lag1_late_delivery_rate | current_high_risk_flag | avg_days_late_trend,quality_event_rate,-0.3491377566254488,1.952216826401807,current_medium_risk_flag,-0.27220064260621296,0.8431778608985705,quality_rate_trend,0.26886883704131104,1.7445360386317856,lag1_late_delivery_rate,-0.18077626360001633,-0.6651258519686101,current_high_risk_flag,-0.16778891006344743,-0.41614080930998976,avg_days_late_trend,-0.16701229136169926,0.7380148465909898,roll3_mean_late_delivery_rate,0.11664988839134609,-0.5127675077843351,late_rate_trend,0.0842670157900136,0.38519875117874713,lag1_short_delivery_rate,-0.07901232737006772,-1.2314426162689207,roll3_std_quality_event_rate,-0.07670615215968933,1.0390640920059684
SUP011,2024-12,Medium,0.004047650567027019,0.455100573554871,0.540851775878102,Medium,False,risk_change | avg_days_late_trend | current_medium_risk_flag | lag1_quality_event_rate | roll3_mean_late_delivery_rate,late_rate_trend | current_risk_severity | quality_rate_trend | avg_days_late | current_high_risk_flag,risk_change,0.5532755163248956,-1.5030991906959505,avg_days_late_trend,0.49798515625021333,-2.20055922649819,late_rate_trend,-0.4166564511128094,-1.904606958423263,current_medium_risk_flag,0.3828694870333796,-1.185989393666367,current_risk_severity,-0.2958450961440389,-1.494314030573364,quality_rate_trend,-0.2680268992159969,-1.739073185834449,lag1_quality_event_rate,0.253915201500376,1.9842048335391607,avg_days_late,-0.23591154808384696,-1.5114794053449025,roll3_mean_late_delivery_rate,0.23440676403070512,-1.0304010904543,current_high_risk_flag,-0.16778891006344743,-0.41614080930998976
SUP011,2025-01,Low,0.0022113322389303585,0.5864021271554704,0.4113865406055992,Low,False,lag1_late_delivery_rate | lag1_avg_days_late | roll3_mean_avg_days_late | previous_risk_severity | current_risk_severity,delay_acceleration | current_medium_risk_flag | late_rate_trend | late_delivery_rate | quality_rate_acceleration,lag1_late_delivery_rate,0.8811193138995361,-1.9428770939150923,lag1_avg_days_late,0.8569196258345217,-1.52574778845847,roll3_mean_avg_days_late,0.7942484207693955,-0.8856979753576333,delay_acceleration,-0.7111980328752824,1.7044909087038236,previous_risk_severity,0.44996440119593584,-1.5239025696136401,current_medium_risk_flag,-0.37904637879555014,-1.185989393666367,current_risk_severity,0.342896652680044,-1.494314030573364,avg_days_late,0.29935605930154885,-1.0225458595951205,spend_share,0.26103416364283993,1.2413863418248279,late_rate_trend,-0.222188537567356,0.6760327500727416
SUP012,2024-07,Medium,0.07814653843440673,0.24441303222279281,0.6774404293428005,Medium,False,avg_days_late_trend | risk_worsening_streak | quality_event_rate | roll3_mean_late_delivery_rate | roll3_mean_short_delivery_rate,current_medium_risk_flag | current_high_risk_flag | late_rate_trend | is_worsening | avg_days_late,current_medium_risk_flag,-0.27220064260621296,0.8431778608985705,current_high_risk_flag,-0.16778891006344743,-0.41614080930998976,late_rate_trend,-0.11978753525111202,-0.5475690405423939,avg_days_late_trend,0.1011812576376834,-0.44711242343019,is_worsening,-0.0999689117641761,-1.4052114749531837,risk_worsening_streak,0.08872240120436561,-0.8668415629151476,quality_event_rate,0.0786789594078634,-0.4399363446806882,avg_days_late,-0.05651851992567295,-0.3621127476890963,lag1_quality_event_rate,-0.05489940246284215,-0.42900802741037075,roll3_mean_late_delivery_rate,0.053580468933747676,-0.23552807379378535
SUP012,2024-08,Medium,0.0601122686747975,0.2746007105932409,0.6652870207319616,Medium,False,quality_event_rate | roll3_std_quality_event_rate | roll3_mean_late_delivery_rate | is_worsening | roll3_std_avg_days_late,current_medium_risk_flag | current_high_risk_flag | lag1_late_delivery_rate | roll3_mean_quality_event_rate | lag1_quality_event_rate,current_medium_risk_flag,-0.27220064260621296,0.8431778608985705,current_high_risk_flag,-0.16778891006344743,-0.41614080930998976,lag1_late_delivery_rate,-0.12024758529158434,-0.4424241104528831,quality_event_rate,0.0786789594078634,-0.4399363446806882,roll3_mean_quality_event_rate,-0.060411142162845675,-0.6962550475939943,roll3_std_quality_event_rate,0.05829490817009169,-0.7896647676998135,lag1_quality_event_rate,-0.05489940246284215,-0.42900802741037075,roll3_mean_total_scrap_qty,-0.05377981948240102,-0.626651568363702,roll3_mean_late_delivery_rate,0.053580468933747676,-0.23552807379378535,avg_days_late,-0.052195796355596485,-0.3344171655769083
SUP012,2024-09,Medium,0.008541731953100715,0.25578652361510223,0.735671744431797,Medium,False,risk_change | current_medium_risk_flag | roll3_mean_late_delivery_rate | risk_worsening_streak | avg_days_late_trend,current_risk_severity | current_high_risk_flag | late_rate_trend | is_worsening | avg_days_late,risk_change,0.5532755163248956,-1.5030991906959505,current_medium_risk_flag,0.3828694870333796,-1.185989393666367,current_risk_severity,-0.2958450961440389,-1.494314030573364,current_high_risk_flag,-0.16778891006344743,-0.41614080930998976,late_rate_trend,-0.12405136169077727,-0.5670597108171637,roll3_mean_late_delivery_rate,0.1169867576940869,-0.5142483118828006,is_worsening,-0.0999689117641761,-1.4052114749531837,risk_worsening_streak,0.08872240120436561,-0.8668415629151476,avg_days_late,-0.08677758491620835,-0.5559818224744132,avg_days_late_trend,0.07923555809150654,-0.35013601557510954
SUP012,2024-10,Medium,0.07199014099050155,0.26615221179413745,0.6618576472153611,Medium,False,previous_risk_severity | late_rate_trend | quality_event_rate | roll3_std_quality_event_rate | roll3_mean_late_delivery_rate,risk_change | current_medium_risk_flag | lag1_late_delivery_rate | current_high_risk_flag | avg_days_late_trend,risk_change,-0.5467056628655669,1.4852506846147433,previous_risk_severity,0.3890764576236437,-1.5239025696136401,current_medium_risk_flag,-0.27220064260621296,0.8431778608985705,late_rate_trend,0.26152037206752876,1.195453758315619,lag1_late_delivery_rate,-0.20498773492338904,-0.7542065485749004,current_high_risk_flag,-0.16778891006344743,-0.41614080930998976,avg_days_late_trend,-0.11528314243142516,0.5094275995040143,quality_event_rate,0.0786789594078634,-0.4399363446806882,roll3_mean_quality_event_rate,-0.060411142162845675,-0.6962550475939943,roll3_std_quality_event_rate,0.05829490817009169,-0.7896647676998135
SUP012,2024-11,Medium,0.04695179867771995,0.36253366582519286,0.5905145354970872,Medium,False,avg_days_late_trend | lag1_late_delivery_rate | risk_worsening_streak | quality_event_rate | roll3_mean_late_delivery_rate,current_medium_risk_flag | late_rate_trend | current_high_risk_flag | avg_days_late | is_worsening,current_medium_risk_flag,-0.27220064260621296,0.8431778608985705,late_rate_trend,-0.22017019200208968,-1.006435106439839,avg_days_late_trend,0.20218847736710036,-0.8934557863372109,current_high_risk_flag,-0.16778891006344743,-0.41614080930998976,avg_days_late,-0.12148287986453667,-0.7783377817179805,is_worsening,-0.0999689117641761,-1.4052114749531837,lag1_late_delivery_rate,0.0936204113982087,0.3444553762360188,risk_worsening_streak,0.08872240120436561,-0.8668415629151476,delay_acceleration,-0.0789009456332321,-0.8384765212765275,quality_event_rate,0.0786789594078634,-0.4399363446806882
SUP012,2024-12,Medium,0.006736587910508792,0.39092912011803244,0.6023342919714587,Medium,False,risk_change | current_medium_risk_flag | roll3_mean_late_delivery_rate | risk_worsening_streak | avg_days_late_trend,current_risk_severity | late_rate_trend | current_high_risk_flag | avg_days_late | lag1_late_delivery_rate,risk_change,0.5532755163248956,-1.5030991906959505,current_medium_risk_flag,0.3828694870333796,-1.185989393666367,current_risk_severity,-0.2958450961440389,-1.494314030573364,late_rate_trend,-0.1704661580768483,-0.7792295786653758,current_high_risk_flag,-0.16778891006344743,-0.41614080930998976,avg_days_late,-0.1568581034007816,-1.0049859567174626,lag1_late_delivery_rate,-0.13961676235028259,-0.5136886677379158,roll3_mean_late_delivery_rate,0.1050054394932694,-0.4615810461140315,is_worsening,-0.0999689117641761,-1.4052114749531837,risk_worsening_streak,0.08872240120436561,-0.8668415629151476
SUP013,2024-07,Medium,0.19756501538978802,0.0007945699782919046,0.80164041463192,Medium,False,current_high_risk_flag | current_medium_risk_flag | current_risk_severity | lag1_late_delivery_rate | quality_rate_trend,risk_change | quality_event_rate | roll3_mean_late_delivery_rate | avg_days_late_trend | risk_worsening_streak,current_high_risk_flag,0.9689082147594448,2.4030327658998827,risk_change,-0.5467056628655669,1.4852506846147433,current_medium_risk_flag,0.3828694870333796,-1.185989393666367,current_risk_severity,0.3516440778630827,1.77615477210074,lag1_late_delivery_rate,0.3391332258703047,1.247764896208581,quality_event_rate,-0.28431704207494707,1.5897693762377931,roll3_mean_late_delivery_rate,-0.24961273851061852,1.0972432430274681,quality_rate_trend,0.2281949176278787,1.4806262488994955,avg_days_late,0.14599452975124344,0.935383311263716,avg_days_late_trend,-0.1069926508890786,0.47279253633649015
SUP013,2024-08,Medium,0.2680692455210634,0.018939212063172287,0.7129915424157642,Medium,False,risk_change | lag1_late_delivery_rate | avg_days_late_trend | lag1_quality_event_rate | roll3_mean_total_scrap_qty,previous_risk_severity | current_medium_risk_flag | roll3_mean_late_delivery_rate | current_high_risk_flag | quality_event_rate,risk_change,0.5532755163248956,-1.5030991906959505,previous_risk_severity,-0.46008109979704603,1.802007694049649,lag1_late_delivery_rate,0.29318162957873584,1.0786962694757483,current_medium_risk_flag,-0.27220064260621296,0.8431778608985705,roll3_mean_late_delivery_rate,-0.26091945433851127,1.1469451036657194,avg_days_late_trend,0.23118825142093175,-1.0216036227929168,lag1_quality_event_rate,0.20712510999079756,1.6185665212740807,current_high_risk_flag,-0.16778891006344743,-0.41614080930998976,quality_event_rate,-0.15168388768699678,0.8481461320560385,roll3_mean_total_scrap_qty,0.11866873984283562,1.382748262340152
SUP013,2024-09,Medium,0.3044783472450088,9.517201867928063e-05,0.695426480736312,Medium,False,current_high_risk_flag | current_medium_risk_flag | current_risk_severity | avg_days_late | lag1_late_delivery_rate,risk_change | avg_days_late_trend | roll3_mean_late_delivery_rate | quality_event_rate | previous_risk_severity,current_high_risk_flag,0.9689082147594448,2.4030327658998827,risk_change,-0.5467056628655669,1.4852506846147433,current_medium_risk_flag,0.3828694870333796,-1.185989393666367,avg_days_late_trend,-0.35238877738837143,1.5571796983578572,current_risk_severity,0.3516440778630827,1.77615477210074,roll3_mean_late_delivery_rate,-0.2629672650999097,1.155946833843235,avg_days_late,0.21149034141906892,1.355013343266566,lag1_late_delivery_rate,0.1991575940898336,0.732755848622414,roll3_mean_total_scrap_qty,0.17615159295124783,2.0525482059081033,delay_acceleration,0.14417992023031628,1.5321930172371068
SUP013,2024-10,Medium,0.21474790091671533,0.025514578890719185,0.7597375201925656,Medium,False,risk_change | avg_days_late_trend | lag1_late_delivery_rate | risk_worsening_streak | quality_event_rate,previous_risk_severity | current_medium_risk_flag | late_rate_trend | roll3_mean_late_delivery_rate | delay_acceleration,risk_change,0.5532755163248956,-1.5030991906959505,previous_risk_severity,-0.46008109979704603,1.802007694049649,avg_days_late_trend,0.41197475831294444,-1.8204856994460334,lag1_late_delivery_rate,0.34582323768334183,1.2723792992182137,current_medium_risk_flag,-0.27220064260621296,0.8431778608985705,late_rate_trend,-0.27035390640179324,-1.2358333346202128,roll3_mean_late_delivery_rate,-0.19072634493817517,0.8383914799357741,delay_acceleration,-0.18954206995104328,-2.0142543815237253,current_high_risk_flag,-0.16778891006344743,-0.41614080930998976,quality_rate_trend,-0.1101163885520827,-0.7144822374620263
SUP013,2024-11,Medium,0.31898524066102113,0.03497034012104483,0.6460444192179341,Medium,False,delay_acceleration | risk_worsening_streak | quality_event_rate | lag1_short_delivery_rate | lag1_late_delivery_rate,current_medium_risk_flag | current_high_risk_flag | roll3_mean_late_delivery_rate | is_worsening | lag1_quality_event_rate,current_medium_risk_flag,-0.27220064260621296,0.8431778608985705,current_high_risk_flag,-0.16778891006344743,-0.41614080930998976,roll3_mean_late_delivery_rate,-0.1334860960594686,0.5867758104546286,is_worsening,-0.0999689117641761,-1.4052114749531837,delay_acceleration,0.09985940375050154,1.0612010388656585,risk_worsening_streak,0.08872240120436561,-0.8668415629151476,quality_event_rate,0.0786789594078634,-0.4399363446806882,lag1_short_delivery_rate,0.06977839049655447,1.0875275619923532,lag1_late_delivery_rate,0.05717710300000693,0.2103703693650915,lag1_quality_event_rate,-0.05489940246284215,-0.42900802741037075
SUP013,2024-12,Medium,0.29603142062934473,0.04167752846914744,0.6622910509015077,Medium,False,avg_days_late | late_rate_trend | delay_acceleration | quality_event_rate | roll3_std_quality_event_rate,avg_days_late_trend | current_medium_risk_flag | current_high_risk_flag | roll3_mean_late_delivery_rate | roll3_mean_quality_event_rate,avg_days_late_trend,-0.3684193052080942,1.628017403973328,current_medium_risk_flag,-0.27220064260621296,0.8431778608985705,avg_days_late,0.19765762599482417,1.2663874805075641,current_high_risk_flag,-0.16778891006344743,-0.41614080930998976,late_rate_trend,0.1443778318183524,0.6599754363309885,delay_acceleration,0.0927467229700663,0.985614925291655,roll3_mean_late_delivery_rate,-0.08316455961603605,0.36557329422580237,quality_event_rate,0.0786789594078634,-0.4399363446806882,roll3_mean_quality_event_rate,-0.060411142162845675,-0.6962550475939943,roll3_std_quality_event_rate,0.05829490817009169,-0.7896647676998135
SUP013,2025-01,Medium,0.21843669434011473,0.03825911479881189,0.7433041908610734,Medium,False,avg_days_late_trend | lag1_late_delivery_rate | risk_worsening_streak | quality_event_rate | roll3_std_quality_event_rate,current_medium_risk_flag | delay_acceleration | current_high_risk_flag | roll3_mean_late_delivery_rate | is_worsening,avg_days_late_trend,0.3108624414834283,-1.3736779203000968,current_medium_risk_flag,-0.27220064260621296,0.8431778608985705,lag1_late_delivery_rate,0.18142734739764071,0.6675213692615,delay_acceleration,-0.16847759225513884,-1.7904031990160987,current_high_risk_flag,-0.16778891006344743,-0.41614080930998976,roll3_mean_late_delivery_rate,-0.10667172064792307,0.46890565522187144,is_worsening,-0.0999689117641761,-1.4052114749531837,risk_worsening_streak,0.08872240120436561,-0.8668415629151476,quality_event_rate,0.0786789594078634,-0.4399363446806882,roll3_mean_quality_event_rate,-0.060411142162845675,-0.6962550475939943
SUP014,2024-07,Medium,0.19118288470193648,0.07516452937095784,0.7336525859271057,Medium,False,lag1_late_delivery_rate | lag1_quality_event_rate | delay_acceleration | roll3_mean_total_scrap_qty | is_worsening,current_medium_risk_flag | current_high_risk_flag | quality_event_rate | risk_worsening_streak | roll3_mean_late_delivery_rate,current_medium_risk_flag,-0.27220064260621296,0.8431778608985705,current_high_risk_flag,-0.16778891006344743,-0.41614080930998976,quality_event_rate,-0.14315193038718727,0.8004393736583827,risk_worsening_streak,-0.12927058456401277,1.2630081472243764,lag1_late_delivery_rate,0.11420016202307551,0.42017396835136567,roll3_mean_late_delivery_rate,-0.10406730899347379,0.4574572287234582,lag1_quality_event_rate,0.08921407938665954,0.6971579743660765,delay_acceleration,0.06768446581339395,0.7192795344112002,roll3_mean_total_scrap_qty,0.061185886734423406,0.7129483187722007,roll3_std_late_delivery_rate,-0.05911674750245769,-1.5677886046829876
SUP014,2024-08,Medium,0.23956120085144536,0.04748350311693865,0.7129552960316159,Medium,False,late_rate_trend | avg_days_late | lag1_late_delivery_rate | lag1_quality_event_rate | quality_event_rate,current_medium_risk_flag | avg_days_late_trend | risk_worsening_streak | current_high_risk_flag | roll3_mean_late_delivery_rate,current_medium_risk_flag,-0.27220064260621296,0.8431778608985705,avg_days_late_trend,-0.18760419775405354,0.8290089435718934,risk_worsening_streak,-0.18376883100610739,1.7954705747592574,current_high_risk_flag,-0.16778891006344743,-0.41614080930998976,roll3_mean_late_delivery_rate,-0.16108824657379447,0.7081088534939478,late_rate_trend,0.14812289270785833,0.6770947417223279,quality_rate_trend,-0.13877422196886718,-0.90042652068517,avg_days_late,0.13151995537265398,0.842645074191086,lag1_late_delivery_rate,0.10886467112033231,0.40054322224738703,lag1_quality_event_rate,0.10522668848104863,0.8222875301190151
SUP014,2024-09,High,0.5600038180200515,0.000129110803980438,0.43986707117596796,High,True,risk_change | roll3_mean_avg_days_late | lag1_avg_days_late | quality_event_rate | avg_days_late,total_scrap_qty | late_delivery_rate | lag1_quality_event_rate | is_worsening | roll3_mean_quality_event_rate,risk_change,0.970227916101326,1.4852506846147433,roll3_mean_avg_days_late,0.9700447779971481,1.2051625990156138,lag1_avg_days_late,0.4820094851754425,0.8652395362296914,quality_event_rate,0.36463744108089197,1.420627232827918,avg_days_late,0.30464513467990867,2.2289628232511682,total_scrap_qty,-0.27046285530495145,0.806094624865944,delay_acceleration,0.21523255715473172,0.6660470727203128,late_delivery_rate,-0.19221556880567328,1.160169539608597,lag1_late_delivery_rate,0.18872400885517066,1.0385424706267006,roll3_mean_late_delivery_rate,0.17948510338493126,0.9880960017560939
SUP014,2024-10,Medium,0.3977234266261709,5.722510771933975e-05,0.6022193482661097,Medium,False,current_high_risk_flag | current_medium_risk_flag | current_risk_severity | lag1_late_delivery_rate | avg_days_late_trend,previous_risk_severity | roll3_mean_late_delivery_rate | risk_worsening_streak | quality_rate_trend | delay_acceleration,current_high_risk_flag,0.9689082147594448,2.4030327658998827,previous_risk_severity,-0.46008109979704603,1.802007694049649,current_medium_risk_flag,0.3828694870333796,-1.185989393666367,current_risk_severity,0.3516440778630827,1.77615477210074,roll3_mean_late_delivery_rate,-0.33298173470172887,1.4637151959193562,lag1_late_delivery_rate,0.3222843072300628,1.1857730664065425,avg_days_late_trend,0.3041789784398199,-1.3441441960896863,risk_worsening_streak,-0.2927653238902965,2.860395429829019,quality_rate_trend,-0.20837181740962926,-1.352005494227089,avg_days_late,0.20500625606395417,1.3134699700982837
SUP014,2024-11,High,0.5152900403230434,0.004702555469324192,0.48000740420763244,High,True,roll3_mean_avg_days_late | previous_risk_severity | lag1_avg_days_late | lag1_late_delivery_rate | roll3_mean_late_delivery_rate,risk_change | late_rate_trend | lag1_quality_event_rate | quality_event_rate | late_delivery_rate,roll3_mean_avg_days_late,1.0754877938749625,1.3361627156553069,previous_risk_severity,0.9921619094049008,1.802007694049649,risk_change,-0.9818873073677796,-1.5030991906959505,lag1_avg_days_late,0.7484047482619888,1.3434370011673238,lag1_late_delivery_rate,0.30912040160185195,1.701080151635988,roll3_mean_late_delivery_rate,0.2365384093916859,1.3021841488450412,is_worsening,0.16199009382142265,-1.4052114749531837,late_rate_trend,-0.1410430073830127,-1.2833418434149655,lag1_quality_event_rate,-0.1317360184234078,-0.42900802741037075,total_scrap_qty,0.12626113270181089,-0.3763120088548149
SUP014,2024-12,Medium,0.39448377942835006,0.02428818265011447,0.5812280379215354,Medium,False,quality_rate_trend | lag1_late_delivery_rate | delay_acceleration | avg_days_late | roll3_mean_avg_days_late,current_medium_risk_flag | roll3_mean_late_delivery_rate | quality_event_rate | avg_days_late_trend | current_high_risk_flag,current_medium_risk_flag,-0.27220064260621296,0.8431778608985705,roll3_mean_late_delivery_rate,-0.23988977438541287,1.0545032099977574,quality_event_rate,-0.2207927418154553,1.2345708750770592,avg_days_late_trend,-0.19099580586573545,0.8439962066040422,quality_rate_trend,0.1883344766027149,1.2219946549618508,current_high_risk_flag,-0.16778891006344743,-0.41614080930998976,lag1_late_delivery_rate,0.16221958014776486,0.5968506832871756,delay_acceleration,0.14328565398417475,1.5226896932256904,avg_days_late,0.11682269523439391,0.7484800950096463,roll3_mean_avg_days_late,0.07407400976867852,0.806547958383405
SUP014,2025-01,Medium,0.2603677483389764,0.00028428087462996387,0.7393479707863936,Medium,False,current_high_risk_flag | current_medium_risk_flag | current_risk_severity | avg_days_late | lag1_quality_event_rate,risk_change | quality_event_rate | roll3_mean_late_delivery_rate | avg_days_late_trend | roll3_std_late_delivery_rate,current_high_risk_flag,0.9689082147594448,2.4030327658998827,risk_change,-0.5467056628655669,1.4852506846147433,current_medium_risk_flag,0.3828694870333796,-1.185989393666367,current_risk_severity,0.3516440778630827,1.77615477210074,quality_event_rate,-0.1935680417042442,1.0823429460081713,avg_days_late,0.18162425129854043,1.163662048673266,roll3_mean_late_delivery_rate,-0.17474767296789495,0.7681527174569251,lag1_quality_event_rate,0.16127082031141063,1.260240975254302,lag1_late_delivery_rate,0.13820987108542024,0.5085123258192709,avg_days_late_trend,-0.12717190776408543,0.5619631659081508
SUP015,2024-07,High,0.501260614058343,0.004418003856527957,0.494321382085129,High,True,roll3_mean_avg_days_late | lag1_avg_days_late | spend_share | roll3_mean_late_delivery_rate | avg_days_late,lag1_short_delivery_rate | late_delivery_rate | lag1_quality_event_rate | roll3_mean_total_scrap_qty | quality_event_rate,roll3_mean_avg_days_late,0.9619751594350701,1.1951370798850247,lag1_avg_days_late,0.539094184408274,0.9677104215734699,spend_share,0.32176134182558147,-1.3055739404025664,roll3_mean_late_delivery_rate,0.1869369637613238,1.0291197597432222,lag1_short_delivery_rate,-0.16894494582689545,3.311845896242962,late_delivery_rate,-0.1682499765292812,1.0155186649135368,avg_days_late,0.1634318902417525,1.1957637461214843,lag1_late_delivery_rate,0.15432503949897602,0.8492459903383329,lag1_quality_event_rate,-0.1317360184234078,-0.42900802741037075,roll3_mean_total_scrap_qty,-0.1300673314557719,-0.626651568363702
SUP015,2024-08,High,0.6453741037600147,2.9989617763333425e-05,0.354595906622222,High,True,roll3_mean_avg_days_late | risk_change | lag1_avg_days_late | spend_share | avg_days_late,late_delivery_rate | lag1_quality_event_rate | roll3_mean_total_scrap_qty | quality_event_rate | is_worsening,roll3_mean_avg_days_late,1.17501308947392,1.459810784932568,risk_change,0.970227916101326,1.4852506846147433,lag1_avg_days_late,0.6818059324903523,1.2238876349329157,spend_share,0.33593077273903676,-1.3630676083677185,late_delivery_rate,-0.26068868959536484,1.5734577530230536,avg_days_late,0.2576591726968694,1.8851859151284525,roll3_std_short_delivery_rate,0.23867626775096232,3.119536580794369,roll3_mean_late_delivery_rate,0.23723702130197252,1.3060301261563334,lag1_late_delivery_rate,0.18872400885517066,1.0385424706267006,lag1_quality_event_rate,-0.1317360184234078,-0.42900802741037075
SUP015,2024-09,High,0.7494391596215424,1.3820864855419586e-05,0.25054701951360236,High,True,roll3_mean_avg_days_late | lag1_avg_days_late | previous_risk_severity | quality_event_rate | lag1_late_delivery_rate,total_scrap_qty | roll3_std_quality_event_rate | late_delivery_rate | delay_acceleration | lag1_quality_event_rate,roll3_mean_avg_days_late,1.4547598662926102,1.8073621147929768,lag1_avg_days_late,1.0718847105813665,1.9241053514487345,previous_risk_severity,0.9921619094049008,1.802007694049649,quality_event_rate,0.8421949073843895,3.2811908103365277,lag1_late_delivery_rate,0.2919209169237546,1.6064319114918038,total_scrap_qty,-0.27046285530495145,0.806094624865944,avg_days_late,0.26174490852148147,1.9150795593130363,roll3_mean_late_delivery_rate,0.2595926024311499,1.4291014001177171,spend_share,0.2533158076846412,-1.0278503791930724,roll3_std_quality_event_rate,-0.22510345649288185,2.0550245696202993
SUP015,2024-10,High,0.4817443760151379,0.005465570742364062,0.5127900532424979,Medium,True,lag1_avg_days_late | roll3_mean_avg_days_late | lag1_quality_event_rate | previous_risk_severity | lag1_late_delivery_rate,risk_change | delay_acceleration | quality_rate_acceleration | roll3_std_quality_event_rate | late_rate_trend,lag1_avg_days_late,1.0887986955392424,1.9544670952542984,roll3_mean_avg_days_late,1.0738093132140498,1.3340774076761437,lag1_quality_event_rate,1.0209745423662164,3.3248786451777907,previous_risk_severity,0.9921619094049008,1.802007694049649,risk_change,-0.9818873073677796,-1.5030991906959505,delay_acceleration,-0.5721486195749185,-1.770540285663584,quality_rate_acceleration,-0.3883725014983856,-3.196418415385964,roll3_std_quality_event_rate,-0.22510345649288185,2.0550245696202993,lag1_late_delivery_rate,0.21547876279887765,1.1857730664065425,late_rate_trend,-0.19967177655597276,-1.8168014888354238
SUP015,2024-11,High,0.42508631757788945,0.011486967953443837,0.5634267144686668,Medium,True,delay_acceleration | roll3_mean_avg_days_late | spend_share | quality_rate_acceleration | late_rate_trend,roll3_std_quality_event_rate | late_delivery_rate | lag1_quality_event_rate | quality_event_rate | roll3_mean_quality_event_rate,delay_acceleration,0.8615862431166748,2.666218357994067,roll3_mean_avg_days_late,0.8075119006654877,1.003235276366715,spend_share,0.24401320691021536,-0.9901042873843097,roll3_std_quality_event_rate,-0.22510345649288185,2.0550245696202993,quality_rate_acceleration,0.19495408983927418,1.6045287462754516,late_rate_trend,0.1724934538462952,1.5695075647031362,late_delivery_rate,-0.1682499765292812,1.0155186649135368,lag1_quality_event_rate,-0.1317360184234078,-0.42900802741037075,avg_days_late,0.13125672062293212,0.9603512981678854,roll3_mean_late_delivery_rate,0.1268004505238368,0.6980580327871009
SUP015,2024-12,Medium,0.21151330204941238,0.04934708896014354,0.7391396089904441,Medium,False,avg_days_late_trend | lag1_late_delivery_rate | risk_worsening_streak | quality_event_rate | roll3_std_quality_event_rate,current_medium_risk_flag | delay_acceleration | current_high_risk_flag | roll3_mean_late_delivery_rate | is_worsening,avg_days_late_trend,0.3660758264780143,-1.617661746426402,lag1_late_delivery_rate,0.28226812545948826,1.0385424706267006,current_medium_risk_flag,-0.27220064260621296,0.8431778608985705,delay_acceleration,-0.17638489284151332,-1.8744336987159478,current_high_risk_flag,-0.16778891006344743,-0.41614080930998976,roll3_mean_late_delivery_rate,-0.12450473936176853,0.5472957221844073,is_worsening,-0.0999689117641761,-1.4052114749531837,risk_worsening_streak,0.08872240120436561,-0.8668415629151476,lag1_short_delivery_rate,-0.07901232737006772,-1.2314426162689207,quality_event_rate,0.0786789594078634,-0.4399363446806882
SUP015,2025-01,Medium,0.39373206139558053,0.028228670504677845,0.5780392680997417,Medium,False,lag1_late_delivery_rate | delay_acceleration | quality_event_rate | avg_days_late | short_delivery_rate,current_medium_risk_flag | roll3_mean_late_delivery_rate | avg_days_late_trend | current_high_risk_flag | roll3_mean_quality_event_rate,current_medium_risk_flag,-0.27220064260621296,0.8431778608985705,lag1_late_delivery_rate,0.21023899827245418,0.7735273982229854,roll3_mean_late_delivery_rate,-0.20681763058882688,0.9091252676308734,avg_days_late_trend,-0.1859083936982127,0.8215153120558193,current_high_risk_flag,-0.16778891006344743,-0.41614080930998976,delay_acceleration,0.13635819926572998,1.4490719680260096,quality_event_rate,0.0786789594078634,-0.4399363446806882,avg_days_late,0.07028137146323711,0.45029099426842095,short_delivery_rate,0.06698893879155433,2.254572798377691,roll3_mean_quality_event_rate,-0.060411142162845675,-0.6962550475939943
SUP016,2024-07,Medium,0.3465443726560928,0.024077914912363784,0.6293777124315435,Medium,False,avg_days_late_trend | risk_change | lag1_late_delivery_rate | risk_worsening_streak | quality_event_rate,previous_risk_severity | late_rate_trend | current_medium_risk_flag | delay_acceleration | current_high_risk_flag,avg_days_late_trend,0.5830176167645236,-2.576311321089922,risk_change,0.5532755163248956,-1.5030991906959505,previous_risk_severity,-0.46008109979704603,1.802007694049649,late_rate_trend,-0.4065603192217446,-1.8584558355940748,current_medium_risk_flag,-0.27220064260621296,0.8431778608985705,lag1_late_delivery_rate,0.25825841639714353,0.9502041131587954,delay_acceleration,-0.2230320614571029,-2.3701508964541387,current_high_risk_flag,-0.16778891006344743,-0.41614080930998976,roll3_mean_late_delivery_rate,-0.1589256128321101,0.6986023864988531,is_worsening,-0.0999689117641761,-1.4052114749531837
SUP016,2024-08,Medium,0.3673354718527199,0.019696585551647,0.6129679425956331,Medium,False,late_rate_trend | delay_acceleration | avg_days_late | quality_event_rate | roll3_mean_avg_days_late,current_medium_risk_flag | avg_days_late_trend | lag1_late_delivery_rate | current_high_risk_flag | roll3_std_avg_days_late,current_medium_risk_flag,-0.27220064260621296,0.8431778608985705,avg_days_late_trend,-0.23242187637270711,1.0270549193538603,late_rate_trend,0.21474010484377215,0.9816132615867126,delay_acceleration,0.20158423395238542,2.142225874126902,lag1_late_delivery_rate,-0.18077626360001633,-0.6651258519686101,current_high_risk_flag,-0.16778891006344743,-0.41614080930998976,avg_days_late,0.09477680502700388,0.6072326262374871,quality_event_rate,0.0786789594078634,-0.4399363446806882,roll3_mean_avg_days_late,0.07142224487909787,0.7776744632873095,roll3_std_avg_days_late,-0.06511503673256262,1.734591825532271
SUP016,2024-09,Medium,0.1140956970456332,0.08466999615326476,0.801234306801102,Medium,False,avg_days_late_trend | quality_event_rate | late_rate_trend | lag1_late_delivery_rate | roll3_std_quality_event_rate,current_medium_risk_flag | current_high_risk_flag | delay_acceleration | roll3_mean_quality_event_rate | lag1_quality_event_rate,avg_days_late_trend,0.2872209378814105,-1.2692078809289422,current_medium_risk_flag,-0.27220064260621296,0.8431778608985705,current_high_risk_flag,-0.16778891006344743,-0.41614080930998976,delay_acceleration,-0.12895431975626548,-1.3703912996864447,quality_event_rate,0.0786789594078634,-0.4399363446806882,late_rate_trend,0.07805401154935838,0.35679806020693905,lag1_late_delivery_rate,0.06618074389838616,0.24349725341555573,roll3_mean_quality_event_rate,-0.060411142162845675,-0.6962550475939943,roll3_std_quality_event_rate,0.05829490817009169,-0.7896647676998135,lag1_quality_event_rate,-0.05489940246284215,-0.42900802741037075
SUP016,2024-10,High,0.41093927119564155,0.045349659188166004,0.5437110696161924,Medium,True,delay_acceleration | roll3_mean_avg_days_late | spend_share | avg_days_late | total_scrap_qty,lag1_avg_days_late | lag1_quality_event_rate | roll3_mean_total_scrap_qty | quality_event_rate | roll3_std_short_delivery_rate,delay_acceleration,0.5756796271758912,1.7814671515033569,roll3_mean_avg_days_late,0.3976398346604409,0.4940191086858517,spend_share,0.2828614962818362,-1.147734517122411,lag1_avg_days_late,-0.13957946202649868,-0.25055454862478405,avg_days_late,0.1330442300461999,0.9734297674986409,lag1_quality_event_rate,-0.1317360184234078,-0.42900802741037075,roll3_mean_total_scrap_qty,-0.1300673314557719,-0.626651568363702,total_scrap_qty,0.12626113270181089,-0.3763120088548149,quality_event_rate,-0.11292002522260458,-0.4399363446806882,lag1_late_delivery_rate,0.10845974702404977,0.5968506832871756
SUP016,2024-11,Medium,0.20428058716239175,0.05705767068685499,0.7386617421507532,Medium,False,late_rate_trend | avg_days_late_trend | quality_event_rate | roll3_std_quality_event_rate | is_worsening,current_medium_risk_flag | current_high_risk_flag | delay_acceleration | roll3_mean_late_delivery_rate | risk_worsening_streak,current_medium_risk_flag,-0.27220064260621296,0.8431778608985705,late_rate_trend,0.2447696253402721,1.1188832679504506,avg_days_late_trend,0.2405863263457845,-1.0631330142368955,current_high_risk_flag,-0.16778891006344743,-0.41614080930998976,delay_acceleration,-0.1566941276115097,-1.665180891936249,roll3_mean_late_delivery_rate,-0.14312313142503166,0.6291381193687267,risk_worsening_streak,-0.12927058456401277,1.2630081472243764,quality_event_rate,0.0786789594078634,-0.4399363446806882,roll3_mean_quality_event_rate,-0.060411142162845675,-0.6962550475939943,roll3_std_quality_event_rate,0.05829490817009169,-0.7896647676998135
SUP016,2024-12,Medium,0.39103641126296584,0.03970865969693039,0.5692549290401038,Medium,False,lag1_late_delivery_rate | risk_worsening_streak | avg_days_late_trend | quality_event_rate | roll3_std_quality_event_rate,late_rate_trend | current_medium_risk_flag | current_high_risk_flag | is_worsening | lag1_short_delivery_rate,late_rate_trend,-0.4075958199285206,-1.8631892840893767,lag1_late_delivery_rate,0.28226812545948826,1.0385424706267006,current_medium_risk_flag,-0.27220064260621296,0.8431778608985705,current_high_risk_flag,-0.16778891006344743,-0.41614080930998976,is_worsening,-0.0999689117641761,-1.4052114749531837,risk_worsening_streak,0.08872240120436561,-0.8668415629151476,avg_days_late_trend,0.07948494104089494,-0.3512380202098265,lag1_short_delivery_rate,-0.07901232737006772,-1.2314426162689207,quality_event_rate,0.0786789594078634,-0.4399363446806882,roll3_mean_quality_event_rate,-0.060411142162845675,-0.6962550475939943
SUP016,2025-01,Medium,0.1318723228762393,0.09411448624327709,0.7740131908804837,Medium,False,late_rate_trend | avg_days_late_trend | quality_event_rate | roll3_std_quality_event_rate | is_worsening,current_medium_risk_flag | current_high_risk_flag | lag1_late_delivery_rate | roll3_mean_late_delivery_rate | roll3_mean_quality_event_rate,current_medium_risk_flag,-0.27220064260621296,0.8431778608985705,late_rate_trend,0.19403009070825492,0.8869442916806862,current_high_risk_flag,-0.16778891006344743,-0.41614080930998976,lag1_late_delivery_rate,-0.15790987401683085,-0.5809940829515574,avg_days_late_trend,0.09559507957138383,-0.4224275196125331,quality_event_rate,0.0786789594078634,-0.4399363446806882,roll3_mean_late_delivery_rate,-0.06472990168497592,0.2845385522768533,roll3_mean_quality_event_rate,-0.060411142162845675,-0.6962550475939943,roll3_std_quality_event_rate,0.05829490817009169,-0.7896647676998135,lag1_quality_event_rate,-0.05489940246284215,-0.42900802741037075
SUP017,2024-07,Medium,0.02002123188994072,0.4743527805524888,0.5056259875575705,Medium,False,roll3_mean_late_delivery_rate | lag1_quality_event_rate | quality_event_rate | roll3_mean_total_scrap_qty | spend_share,current_medium_risk_flag | lag1_late_delivery_rate | current_high_risk_flag | quality_rate_trend | avg_days_late,current_medium_risk_flag,-0.27220064260621296,0.8431778608985705,roll3_mean_late_delivery_rate,0.1719368291289499,-0.7557968600279716,lag1_late_delivery_rate,-0.16791391945947443,-0.6178017318965177,current_high_risk_flag,-0.16778891006344743,-0.41614080930998976,quality_rate_trend,-0.11702497339362915,-0.7593080914533211,avg_days_late,-0.09492038978077103,-0.6081525701741164,lag1_quality_event_rate,0.08020698677106583,0.6267725992550497,quality_event_rate,0.0786789594078634,-0.4399363446806882,risk_worsening_streak,-0.07477233812191818,0.7305457196894953,roll3_mean_total_scrap_qty,0.061185886734423406,0.7129483187722007
SUP017,2024-08,Medium,0.0061460469184439976,0.3455805040842598,0.6482734489972962,Medium,False,risk_change | current_medium_risk_flag | roll3_mean_late_delivery_rate | risk_worsening_streak | quality_event_rate,current_risk_severity | current_high_risk_flag | lag1_late_delivery_rate | avg_days_late | late_rate_trend,risk_change,0.5532755163248956,-1.5030991906959505,current_medium_risk_flag,0.3828694870333796,-1.185989393666367,current_risk_severity,-0.2958450961440389,-1.494314030573364,roll3_mean_late_delivery_rate,0.17710124798006846,-0.7784985206978756,current_high_risk_flag,-0.16778891006344743,-0.41614080930998976,lag1_late_delivery_rate,-0.1616323095303726,-0.5946899523264262,avg_days_late,-0.11588392362138995,-0.7424654086964795,late_rate_trend,-0.1070357194338804,-0.48927833827877903,is_worsening,-0.0999689117641761,-1.4052114749531837,risk_worsening_streak,0.08872240120436561,-0.8668415629151476
SUP017,2024-09,Low,0.013403384509676023,0.5754805732200814,0.4111160422702426,Low,False,roll3_mean_avg_days_late | lag1_late_delivery_rate | previous_risk_severity | lag1_avg_days_late | spend_share,risk_change | late_rate_trend | roll3_std_quality_event_rate | total_scrap_qty | lag1_total_scrap_qty,roll3_mean_avg_days_late,0.665149062670952,-0.741734151070773,lag1_late_delivery_rate,0.450446778542423,-0.9932397511351143,previous_risk_severity,0.44996440119593584,-1.5239025696136401,risk_change,-0.4235222532357544,1.4852506846147433,lag1_avg_days_late,0.4182481102313209,-0.7446919290603371,spend_share,0.3318042715890475,1.577943994615808,late_rate_trend,-0.3023978957262041,0.9200784311477955,current_medium_risk_flag,0.26948260799041307,0.8431778608985705,avg_days_late,0.22808155745795186,-0.7790851228225951,lag1_quality_event_rate,0.18663542088624882,-0.42900802741037075
SUP017,2024-10,Low,0.020865355269338994,0.547044429365258,0.43209021536540293,Low,False,roll3_mean_avg_days_late | lag1_avg_days_late | current_medium_risk_flag | spend_share | late_rate_trend,roll3_std_quality_event_rate | delay_acceleration | total_scrap_qty | late_delivery_rate | lag1_total_scrap_qty,roll3_mean_avg_days_late,0.6056558101723486,-0.6753908611031213,lag1_avg_days_late,0.4391372300219497,-0.7818850652221533,current_medium_risk_flag,0.26948260799041307,0.8431778608985705,spend_share,0.19642607229627063,0.9341330648984383,late_rate_trend,0.19037656836718972,-0.5792413797388949,lag1_quality_event_rate,0.18663542088624882,-0.42900802741037075,roll3_mean_total_scrap_qty,0.18384715093817178,-0.626651568363702,current_high_risk_flag,0.1824010490879777,-0.41614080930998976,roll3_std_quality_event_rate,-0.14479327481138257,-0.7896647676998135,delay_acceleration,-0.13851798166848095,0.3319787591247912
SUP017,2024-11,Medium,0.010067832415043209,0.3060811382793007,0.6838510293056562,Medium,False,risk_change | current_medium_risk_flag | roll3_mean_late_delivery_rate | risk_worsening_streak | quality_event_rate,current_risk_severity | lag1_late_delivery_rate | current_high_risk_flag | is_worsening | avg_days_late,risk_change,0.5532755163248956,-1.5030991906959505,current_medium_risk_flag,0.3828694870333796,-1.185989393666367,current_risk_severity,-0.2958450961440389,-1.494314030573364,lag1_late_delivery_rate,-0.16791391945947443,-0.6178017318965177,current_high_risk_flag,-0.16778891006344743,-0.41614080930998976,roll3_mean_late_delivery_rate,0.11843402114247628,-0.5206101668470189,is_worsening,-0.0999689117641761,-1.4052114749531837,risk_worsening_streak,0.08872240120436561,-0.8668415629151476,quality_event_rate,0.0786789594078634,-0.4399363446806882,avg_days_late,-0.06993386893625514,-0.44806455424416286
SUP017,2024-12,Medium,0.03381628978947512,0.425460814198022,0.5407228960125029,Medium,False,previous_risk_severity | roll3_mean_late_delivery_rate | late_rate_trend | quality_event_rate | roll3_std_quality_event_rate,risk_change | current_medium_risk_flag | lag1_late_delivery_rate | current_high_risk_flag | avg_days_late,risk_change,-0.5467056628655669,1.4852506846147433,previous_risk_severity,0.3890764576236437,-1.5239025696136401,current_medium_risk_flag,-0.27220064260621296,0.8431778608985705,lag1_late_delivery_rate,-0.20206566079815447,-0.7434554300189691,current_high_risk_flag,-0.16778891006344743,-0.41614080930998976,roll3_mean_late_delivery_rate,0.13068296328935988,-0.5744538492051237,late_rate_trend,0.10354875308859861,0.4733388266084957,avg_days_late,-0.08893894670124658,-0.5698296135305072,quality_event_rate,0.0786789594078634,-0.4399363446806882,roll3_mean_quality_event_rate,-0.060411142162845675,-0.6962550475939943
SUP017,2025-01,Medium,0.004845505367033691,0.4051393778031861,0.5900151168297803,Medium,False,risk_change | current_medium_risk_flag | avg_days_late_trend | roll3_mean_late_delivery_rate | risk_worsening_streak,current_risk_severity | late_rate_trend | avg_days_late | current_high_risk_flag | is_worsening,risk_change,0.5532755163248956,-1.5030991906959505,current_medium_risk_flag,0.3828694870333796,-1.185989393666367,current_risk_severity,-0.2958450961440389,-1.494314030573364,late_rate_trend,-0.22638319624274478,-1.0348357974116464,avg_days_late_trend,0.17699367425174914,-0.7821218323841052,roll3_mean_late_delivery_rate,0.17661649634017387,-0.7763676580480184,avg_days_late,-0.17059039191380235,-1.092968386760727,current_high_risk_flag,-0.16778891006344743,-0.41614080930998976,is_worsening,-0.0999689117641761,-1.4052114749531837,risk_worsening_streak,0.08872240120436561,-0.8668415629151476
SUP018,2024-07,Medium,0.26844306574909343,0.0002788430852411249,0.7312780911656654,Medium,False,current_high_risk_flag | current_medium_risk_flag | current_risk_severity | delay_acceleration | late_rate_trend,risk_change | avg_days_late_trend | roll3_mean_late_delivery_rate | quality_rate_trend | roll3_std_quality_event_rate,current_high_risk_flag,0.9689082147594448,2.4030327658998827,risk_change,-0.5467056628655669,1.4852506846147433,avg_days_late_trend,-0.5376666064240769,2.3759085922472547,current_medium_risk_flag,0.3828694870333796,-1.185989393666367,current_risk_severity,0.3516440778630827,1.77615477210074,roll3_mean_late_delivery_rate,-0.27301575968594105,1.2001178278914895,delay_acceleration,0.25575817554677666,2.7179297231409887,late_rate_trend,0.24994712887415133,1.1425505104269567,quality_rate_trend,-0.20837181740962926,-1.352005494227089,lag1_quality_event_rate,0.185289733952994,1.447935308883708
SUP018,2024-08,Medium,0.13880873561421667,0.0007441899333213392,0.8604470744524619,Medium,False,current_high_risk_flag | current_medium_risk_flag | lag1_late_delivery_rate | current_risk_severity | avg_days_late_trend,previous_risk_severity | quality_event_rate | roll3_mean_late_delivery_rate | delay_acceleration | late_rate_trend,current_high_risk_flag,0.9689082147594448,2.4030327658998827,previous_risk_severity,-0.46008109979704603,1.802007694049649,current_medium_risk_flag,0.3828694870333796,-1.185989393666367,lag1_late_delivery_rate,0.3680170863964336,1.354036604440647,current_risk_severity,0.3516440778630827,1.77615477210074,quality_event_rate,-0.29566066712128497,1.653197680016496,avg_days_late_trend,0.2790447397550345,-1.2330778718335833,quality_rate_trend,0.2353128535252294,1.5268104621026466,roll3_mean_late_delivery_rate,-0.23061557533134378,1.0137358504980492,delay_acceleration,-0.2025022967994941,-2.1519820834622774
SUP018,2024-09,Medium,0.34644100691059515,0.028632258089302427,0.6249267350001024,Medium,False,risk_change | lag1_late_delivery_rate | lag1_quality_event_rate | quality_event_rate | delay_acceleration,previous_risk_severity | late_rate_trend | current_medium_risk_flag | quality_rate_trend | roll3_mean_late_delivery_rate,risk_change,0.5532755163248956,-1.5030991906959505,previous_risk_severity,-0.46008109979704603,1.802007694049649,late_rate_trend,-0.29161974076962405,-1.3330430526156292,lag1_late_delivery_rate,0.28226812545948826,1.0385424706267006,current_medium_risk_flag,-0.27220064260621296,0.8431778608985705,quality_rate_trend,-0.2344709156999153,-1.5213476093053102,lag1_quality_event_rate,0.21531337600497383,1.68255322592047,roll3_mean_late_delivery_rate,-0.19631853732006949,0.862973539895355,current_high_risk_flag,-0.16778891006344743,-0.41614080930998976,quality_event_rate,0.0786789594078634,-0.4399363446806882
SUP018,2024-10,Medium,0.29060079275062567,0.05024556516569869,0.6591536420836756,Medium,False,late_rate_trend | avg_days_late | quality_event_rate | is_worsening | roll3_mean_avg_days_late,current_medium_risk_flag | current_high_risk_flag | roll3_mean_late_delivery_rate | risk_worsening_streak | avg_days_late_trend,current_medium_risk_flag,-0.27220064260621296,0.8431778608985705,late_rate_trend,0.18792608654199722,0.859041858445226,current_high_risk_flag,-0.16778891006344743,-0.41614080930998976,roll3_mean_late_delivery_rate,-0.14106015169503008,0.6200697097084138,risk_worsening_streak,-0.12927058456401277,1.2630081472243764,avg_days_late,0.0986445050633881,0.6320128839168132,avg_days_late_trend,-0.09219290640173937,0.40739357037802215,quality_event_rate,0.0786789594078634,-0.4399363446806882,roll3_std_quality_event_rate,-0.059831019618466715,0.8104729845427457,lag1_quality_event_rate,-0.05489940246284215,-0.42900802741037075
SUP018,2024-11,Medium,0.27823423027159094,0.03623281228976835,0.6855329574386407,Medium,False,lag1_late_delivery_rate | avg_days_late_trend | risk_worsening_streak | quality_event_rate | roll3_std_quality_event_rate,current_medium_risk_flag | current_high_risk_flag | roll3_mean_late_delivery_rate | is_worsening | lag1_short_delivery_rate,current_medium_risk_flag,-0.27220064260621296,0.8431778608985705,lag1_late_delivery_rate,0.18749295810812774,0.6898384279902338,current_high_risk_flag,-0.16778891006344743,-0.41614080930998976,avg_days_late_trend,0.15111034918891372,-0.6677453513492853,roll3_mean_late_delivery_rate,-0.10431332525437917,0.45853866263409904,is_worsening,-0.0999689117641761,-1.4052114749531837,risk_worsening_streak,0.08872240120436561,-0.8668415629151476,lag1_short_delivery_rate,-0.07901232737006772,-1.2314426162689207,quality_event_rate,0.0786789594078634,-0.4399363446806882,delay_acceleration,-0.06053840446218766,-0.6433386871311086
SUP018,2024-12,Medium,0.2516543385016825,0.06318321652041771,0.6851624449778999,Medium,False,avg_days_late_trend | lag1_late_delivery_rate | risk_worsening_streak | quality_event_rate | roll3_std_quality_event_rate,current_medium_risk_flag | current_high_risk_flag | roll3_mean_late_delivery_rate | late_rate_trend | is_worsening,current_medium_risk_flag,-0.27220064260621296,0.8431778608985705,avg_days_late_trend,0.1769936742517491,-0.7821218323841049,current_high_risk_flag,-0.16778891006344743,-0.41614080930998976,lag1_late_delivery_rate,0.16221958014776486,0.5968506832871756,roll3_mean_late_delivery_rate,-0.12636142111876972,0.5554572908786879,late_rate_trend,-0.11765562203127919,-0.537823705405008,is_worsening,-0.0999689117641761,-1.4052114749531837,risk_worsening_streak,0.08872240120436561,-0.8668415629151476,quality_event_rate,0.0786789594078634,-0.4399363446806882,roll3_mean_quality_event_rate,-0.060411142162845675,-0.6962550475939943
SUP018,2025-01,Medium,0.18660523018125758,0.09644203405982528,0.716952735758917,Medium,False,delay_acceleration | avg_days_late | quality_event_rate | roll3_std_quality_event_rate | is_worsening,current_medium_risk_flag | avg_days_late_trend | current_high_risk_flag | roll3_mean_late_delivery_rate | roll3_mean_quality_event_rate,current_medium_risk_flag,-0.27220064260621296,0.8431778608985705,avg_days_late_trend,-0.26730698837857786,1.1812096248273907,current_high_risk_flag,-0.16778891006344743,-0.41614080930998976,delay_acceleration,0.10969799474323037,1.1657552680151162,roll3_mean_late_delivery_rate,-0.08922778597874341,0.3922259169930641,avg_days_late,0.08007954488874383,0.5130676470560475,quality_event_rate,0.0786789594078634,-0.4399363446806882,roll3_mean_quality_event_rate,-0.060411142162845675,-0.6962550475939943,roll3_std_quality_event_rate,0.05829490817009169,-0.7896647676998135,lag1_quality_event_rate,-0.05489940246284215,-0.42900802741037075
SUP019,2024-07,Medium,0.04058085385000327,0.34103825263455945,0.6183808935154372,Medium,False,avg_days_late_trend | roll3_mean_late_delivery_rate | quality_event_rate | roll3_std_quality_event_rate | roll3_mean_short_delivery_rate,current_medium_risk_flag | current_high_risk_flag | lag1_late_delivery_rate | delay_acceleration | avg_days_late,current_medium_risk_flag,-0.27220064260621296,0.8431778608985705,avg_days_late_trend,0.19056010669847673,-0.8420708845127006,current_high_risk_flag,-0.16778891006344743,-0.41614080930998976,lag1_late_delivery_rate,-0.12589692860037124,-0.46320960632768393,delay_acceleration,-0.1212171625382622,-1.2881689053075802,roll3_mean_late_delivery_rate,0.11130489545452406,-0.48927208275534356,quality_event_rate,0.0786789594078634,-0.4399363446806882,avg_days_late,-0.06689305649385653,-0.42858214475834794,roll3_mean_quality_event_rate,-0.060411142162845675,-0.6962550475939943,roll3_std_quality_event_rate,0.05829490817009169,-0.7896647676998135
SUP019,2024-08,Medium,0.008959882317153804,0.30326832386090796,0.6877717938219382,Medium,False,risk_change | current_medium_risk_flag | avg_days_late_trend | roll3_mean_late_delivery_rate | risk_worsening_streak,current_risk_severity | late_rate_trend | current_high_risk_flag | avg_days_late | is_worsening,risk_change,0.5532755163248956,-1.5030991906959505,current_medium_risk_flag,0.3828694870333796,-1.185989393666367,current_risk_severity,-0.2958450961440389,-1.494314030573364,late_rate_trend,-0.22638319624274478,-1.0348357974116464,avg_days_late_trend,0.2086486832941134,-0.9220029540174941,current_high_risk_flag,-0.16778891006344743,-0.41614080930998976,avg_days_late,-0.16378610481275602,-1.0493734889915418,roll3_mean_late_delivery_rate,0.15330126852955378,-0.673878993697418,is_worsening,-0.0999689117641761,-1.4052114749531837,risk_worsening_streak,0.08872240120436561,-0.8668415629151476
SUP019,2024-09,Medium,0.06534615249559443,0.413904273405518,0.5207495740988877,Medium,False,previous_risk_severity | late_rate_trend | roll3_mean_late_delivery_rate | delay_acceleration | quality_event_rate,risk_change | avg_days_late_trend | lag1_late_delivery_rate | current_medium_risk_flag | current_high_risk_flag,risk_change,-0.5467056628655669,1.4852506846147433,previous_risk_severity,0.3890764576236437,-1.5239025696136401,avg_days_late_trend,-0.3590134116336626,1.5864534625005915,lag1_late_delivery_rate,-0.3179746010991287,-1.1699164660709238,current_medium_risk_flag,-0.27220064260621296,0.8431778608985705,late_rate_trend,0.1701526626461292,0.7777965381419738,current_high_risk_flag,-0.16778891006344743,-0.41614080930998976,roll3_mean_late_delivery_rate,0.15157200610881721,-0.6662775326586264,delay_acceleration,0.1402397142981087,1.490320639959045,quality_event_rate,0.0786789594078634,-0.4399363446806882
SUP019,2024-10,Medium,0.026617185488863427,0.4090760914618746,0.564306723049262,Medium,False,avg_days_late_trend | roll3_mean_late_delivery_rate | lag1_short_delivery_rate | quality_event_rate | roll3_std_quality_event_rate,current_medium_risk_flag | current_high_risk_flag | delay_acceleration | lag1_late_delivery_rate | avg_days_late,current_medium_risk_flag,-0.27220064260621296,0.8431778608985705,avg_days_late_trend,0.262571402147128,-1.1602834228237735,current_high_risk_flag,-0.16778891006344743,-0.41614080930998976,roll3_mean_late_delivery_rate,0.1631762670900755,-0.717287336997884,delay_acceleration,-0.1541930341779654,-1.6386018933613256,lag1_late_delivery_rate,-0.12024758529158434,-0.4424241104528831,avg_days_late,-0.11021129690135976,-0.7061210307668011,lag1_short_delivery_rate,0.0810314699990721,1.2629118611885837,quality_event_rate,0.0786789594078634,-0.4399363446806882,roll3_mean_quality_event_rate,-0.060411142162845675,-0.6962550475939943
SUP019,2024-11,Medium,0.07458050438086397,0.33433959527562335,0.5910799003435127,Medium,False,roll3_mean_late_delivery_rate | delay_acceleration | quality_event_rate | roll3_std_quality_event_rate | is_worsening,current_medium_risk_flag | current_high_risk_flag | lag1_late_delivery_rate | avg_days_late_trend | risk_worsening_streak,current_medium_risk_flag,-0.27220064260621296,0.8431778608985705,current_high_risk_flag,-0.16778891006344743,-0.41614080930998976,lag1_late_delivery_rate,-0.11578757741622624,-0.42601450844646127,roll3_mean_late_delivery_rate,0.10265208236429722,-0.45123620064018805,avg_days_late_trend,-0.08614471360815196,0.38066705797394296,delay_acceleration,0.08603325309692104,0.9142712066612575,quality_event_rate,0.0786789594078634,-0.4399363446806882,risk_worsening_streak,-0.07477233812191818,0.7305457196894953,avg_days_late,-0.06516396706582592,-0.4175039119134725,roll3_std_late_delivery_rate,-0.061950638676797176,-1.6429439959679433
SUP019,2024-12,Medium,0.060372633562055085,0.398948925950957,0.540678440486988,Medium,False,quality_event_rate | roll3_mean_late_delivery_rate | late_rate_trend | roll3_std_quality_event_rate | is_worsening,current_medium_risk_flag | current_high_risk_flag | risk_worsening_streak | lag1_late_delivery_rate | avg_days_late_trend,current_medium_risk_flag,-0.27220064260621296,0.8431778608985705,current_high_risk_flag,-0.16778891006344743,-0.41614080930998976,risk_worsening_streak,-0.12927058456401277,1.2630081472243764,lag1_late_delivery_rate,-0.12024758529158434,-0.4424241104528831,quality_event_rate,0.0786789594078634,-0.4399363446806882,roll3_mean_late_delivery_rate,0.07807835322751501,-0.3432154385099954,avg_days_late_trend,-0.07574938224417335,0.33473086477943076,late_rate_trend,0.06378141357237345,0.29155560602402436,roll3_mean_quality_event_rate,-0.060411142162845675,-0.6962550475939943,roll3_std_quality_event_rate,0.05829490817009169,-0.7896647676998135
SUP020,2024-07,Low,0.0032850838002076123,0.6727864435549843,0.32392847264480806,Low,False,roll3_mean_avg_days_late | late_rate_trend | lag1_avg_days_late | avg_days_late | previous_risk_severity,late_delivery_rate | current_medium_risk_flag | avg_days_late_trend | spend_share | roll3_std_quality_event_rate,roll3_mean_avg_days_late,1.0415527596095413,-1.1614768708267513,late_rate_trend,0.7484912928928572,-2.2773660274282417,lag1_avg_days_late,0.5883452285264397,-1.0475503235208379,avg_days_late,0.5114124284229943,-1.7468918532985014,previous_risk_severity,0.44996440119593584,-1.5239025696136401,lag1_late_delivery_rate,0.4304154978281384,-0.9490705724011613,late_delivery_rate,-0.4015010504459852,-2.890054951853081,current_medium_risk_flag,-0.37904637879555014,-1.185989393666367,current_risk_severity,0.342896652680044,-1.494314030573364,avg_days_late_trend,-0.22356227790841196,-1.0443989354467096
SUP020,2024-08,Low,0.0020061419811405337,0.6439164965907894,0.3540773614280701,Low,False,lag1_late_delivery_rate | roll3_mean_avg_days_late | lag1_avg_days_late | previous_risk_severity | current_risk_severity,late_rate_trend | delay_acceleration | current_medium_risk_flag | roll3_std_quality_event_rate | late_delivery_rate,lag1_late_delivery_rate,1.3318231299709338,-2.9366836154290232,roll3_mean_avg_days_late,1.1070378621456143,-1.2345019108716553,lag1_avg_days_late,0.9912068244885628,-1.7648465209272863,late_rate_trend,-0.6993894780495613,2.127968424448776,delay_acceleration,-0.6155405445142655,1.475233638964739,previous_risk_severity,0.44996440119593584,-1.5239025696136401,current_medium_risk_flag,-0.37904637879555014,-1.185989393666367,current_risk_severity,0.342896652680044,-1.494314030573364,avg_days_late_trend,0.3079695644496611,1.438718053288857,avg_days_late,0.21067794130530798,-0.7196375349555247
SUP020,2024-09,Low,0.026772965356901383,0.5784127041039929,0.39481433053910564,Low,False,roll3_mean_avg_days_late | lag1_late_delivery_rate | previous_risk_severity | lag1_avg_days_late | roll3_std_quality_event_rate,risk_change | late_rate_trend | quality_rate_trend | quality_event_rate | quality_rate_acceleration,roll3_mean_avg_days_late,0.830134458142274,-0.9257159216495218,lag1_late_delivery_rate,0.45773088062034445,-1.009301270674733,previous_risk_severity,0.44996440119593584,-1.5239025696136401,risk_change,-0.4235222532357544,1.4852506846147433,lag1_avg_days_late,0.4052263212709292,-0.7215065974269976,roll3_std_quality_event_rate,0.3768101977246736,2.0550245696202993,late_rate_trend,-0.36278813642875973,1.1038222954654011,quality_rate_trend,-0.30900174732749164,2.712205267650185,current_medium_risk_flag,0.26948260799041307,0.8431778608985705,total_scrap_qty,0.2605402596845632,0.806094624865944
SUP020,2024-10,Medium,0.07701849084537021,0.24613049156290742,0.6768510175917224,Medium,False,lag1_quality_event_rate | avg_days_late_trend | roll3_mean_quality_event_rate | roll3_mean_late_delivery_rate | risk_worsening_streak,quality_rate_trend | current_medium_risk_flag | current_high_risk_flag | roll3_std_quality_event_rate | avg_days_late,lag1_quality_event_rate,0.4254788703688307,3.3248786451777907,quality_rate_trend,-0.417164603731916,-2.7067424148528487,current_medium_risk_flag,-0.27220064260621296,0.8431778608985705,avg_days_late_trend,0.21090975536856804,-0.9319944627055935,current_high_risk_flag,-0.16778891006344743,-0.41614080930998976,roll3_std_quality_event_rate,-0.15170674123179048,2.0550245696202993,avg_days_late,-0.12568209704689667,-0.805242061484106,roll3_mean_quality_event_rate,0.11027500253321389,1.2709497683427669,roll3_mean_late_delivery_rate,0.1007421713174712,-0.44284064757900393,is_worsening,-0.0999689117641761,-1.4052114749531837
SUP020,2024-11,Medium,0.0521157843472213,0.3256426681026749,0.6222415475501037,Medium,False,roll3_mean_quality_event_rate | late_rate_trend | quality_event_rate | roll3_mean_short_delivery_rate | is_worsening,current_medium_risk_flag | current_high_risk_flag | roll3_std_quality_event_rate | avg_days_late | lag1_late_delivery_rate,current_medium_risk_flag,-0.27220064260621296,0.8431778608985705,current_high_risk_flag,-0.16778891006344743,-0.41614080930998976,roll3_std_quality_event_rate,-0.15170674123179048,2.0550245696202993,avg_days_late,-0.12568209704689667,-0.805242061484106,roll3_mean_quality_event_rate,0.11027500253321389,1.2709497683427669,late_rate_trend,0.0842670157900136,0.38519875117874713,quality_event_rate,0.0786789594078634,-0.4399363446806882,lag1_late_delivery_rate,-0.07787751047568188,-0.286532891391874,roll3_mean_avg_days_late,-0.056893711722277356,-0.6194818827515381,lag1_quality_event_rate,-0.05489940246284215,-0.42900802741037075
SUP020,2024-12,Medium,0.010594247130974552,0.35103825223836177,0.6383675006306637,Medium,False,risk_change | current_medium_risk_flag | roll3_mean_late_delivery_rate | risk_worsening_streak | quality_event_rate,late_rate_trend | current_risk_severity | current_high_risk_flag | avg_days_late | is_worsening,risk_change,0.5532755163248956,-1.5030991906959505,current_medium_risk_flag,0.3828694870333796,-1.185989393666367,late_rate_trend,-0.31957825985257227,-1.4608461619887645,current_risk_severity,-0.2958450961440389,-1.494314030573364,current_high_risk_flag,-0.16778891006344743,-0.41614080930998976,avg_days_late,-0.12568209704689667,-0.805242061484106,roll3_mean_late_delivery_rate,0.10710525814702118,-0.4708113916611365,is_worsening,-0.0999689117641761,-1.4052114749531837,risk_worsening_streak,0.08872240120436561,-0.8668415629151476,lag1_short_delivery_rate,-0.07901232737006772,-1.2314426162689207
SUP021,2024-07,High,0.5216636633995786,0.02624917819724709,0.45208715840317426,High,True,roll3_mean_avg_days_late | delay_acceleration | avg_days_late | total_scrap_qty | lag1_avg_days_late,lag1_quality_event_rate | late_delivery_rate | quality_event_rate | is_worsening | short_delivery_rate,roll3_mean_avg_days_late,0.6942463937297957,0.8625166664492653,delay_acceleration,0.4893773681352723,1.5144008314120578,avg_days_late,0.246344827336405,1.8024035158480658,lag1_quality_event_rate,-0.1317360184234078,-0.42900802741037075,total_scrap_qty,0.12626113270181089,-0.3763120088548149,late_delivery_rate,-0.1184752848783131,0.7150899251622586,lag1_avg_days_late,0.1137572097322756,0.20420186411002303,quality_event_rate,-0.11292002522260458,-0.4399363446806882,roll3_mean_late_delivery_rate,0.10941949197827999,0.6023729017000886,spend_share,0.09539858377657617,-0.3870878466112445
SUP021,2024-08,Medium,0.2555317707638546,0.00030858888446701855,0.7441596403516784,Medium,False,current_high_risk_flag | current_medium_risk_flag | current_risk_severity | avg_days_late_trend | lag1_late_delivery_rate,risk_change | risk_worsening_streak | roll3_mean_late_delivery_rate | delay_acceleration | roll3_mean_quality_event_rate,current_high_risk_flag,0.9689082147594448,2.4030327658998827,risk_change,-0.5467056628655669,1.4852506846147433,current_medium_risk_flag,0.3828694870333796,-1.185989393666367,current_risk_severity,0.3516440778630827,1.77615477210074,avg_days_late_trend,0.3337903261841193,-1.4749945310242156,risk_worsening_streak,-0.23826707744820194,2.327933002294138,roll3_mean_late_delivery_rate,-0.21682739960116723,0.9531260324900314,delay_acceleration,-0.21036504135842934,-2.2355390884202153,lag1_late_delivery_rate,0.1991575940898336,0.732755848622414,late_rate_trend,0.1315814326996184,0.6014809362717458
SUP021,2024-09,High,0.539317186266376,0.00013968214499076337,0.4605431315886333,High,True,roll3_mean_avg_days_late | previous_risk_severity | quality_event_rate | lag1_avg_days_late | delay_acceleration,total_scrap_qty | roll3_std_quality_event_rate | late_delivery_rate | lag1_quality_event_rate | quality_rate_trend,roll3_mean_avg_days_late,1.0253786603554056,1.2739082146707894,previous_risk_severity,0.9921619094049008,1.802007694049649,quality_event_rate,0.6685376469103906,2.604622236697034,lag1_avg_days_late,0.455369958866788,0.8174197897359283,delay_acceleration,0.30712387453019585,0.950408991546289,total_scrap_qty,-0.27046285530495145,0.806094624865944,lag1_late_delivery_rate,0.23688256595384322,1.3035575430304158,roll3_mean_late_delivery_rate,0.20137624601337728,1.1086104628289446,roll3_std_quality_event_rate,-0.16844857955939582,1.5378083264711861,quality_rate_acceleration,0.1596009630915372,1.313562251629305
SUP021,2024-10,Medium,0.23109002409486834,0.05357610643258956,0.7153338694725421,Medium,False,risk_change | avg_days_late_trend | lag1_quality_event_rate | lag1_late_delivery_rate | risk_worsening_streak,previous_risk_severity | late_rate_trend | quality_rate_trend | current_medium_risk_flag | current_high_risk_flag,risk_change,0.5532755163248956,-1.5030991906959505,previous_risk_severity,-0.46008109979704603,1.802007694049649,avg_days_late_trend,0.43753084283094856,-1.9334161289446286,late_rate_trend,-0.3647637452391554,-1.6673966417837311,quality_rate_trend,-0.3412399541601754,-2.2141108073525726,lag1_quality_event_rate,0.3381373662176174,2.6423537956163066,current_medium_risk_flag,-0.27220064260621296,0.8431778608985705,lag1_late_delivery_rate,0.2495276131017456,0.9180810740795576,current_high_risk_flag,-0.16778891006344743,-0.41614080930998976,roll3_mean_late_delivery_rate,-0.1473545841666824,0.6477386641833448
SUP021,2024-11,Medium,0.15328074867411234,0.06566404567807671,0.781055205647811,Medium,False,late_rate_trend | delay_acceleration | roll3_mean_quality_event_rate | quality_event_rate | is_worsening,current_medium_risk_flag | avg_days_late_trend | current_high_risk_flag | lag1_late_delivery_rate | roll3_mean_late_delivery_rate,late_rate_trend,0.37656062438447274,1.7213221673524361,current_medium_risk_flag,-0.27220064260621296,0.8431778608985705,avg_days_late_trend,-0.17295861727179088,0.7642912168421598,current_high_risk_flag,-0.16778891006344743,-0.41614080930998976,delay_acceleration,0.15084287731338725,1.6029999388980696,lag1_late_delivery_rate,-0.14335853519116745,-0.5274556844861606,roll3_mean_late_delivery_rate,-0.12530648830229169,0.5508200359387553,roll3_std_quality_event_rate,-0.11352462315872086,1.5378083264711861,roll3_mean_quality_event_rate,0.07924115804302136,0.9132761654451753,quality_event_rate,0.0786789594078634,-0.4399363446806882
SUP021,2024-12,Medium,0.13138119684015426,0.0008482830674194674,0.8677705200924263,Medium,False,current_high_risk_flag | current_medium_risk_flag | current_risk_severity | lag1_late_delivery_rate | avg_days_late,risk_change | avg_days_late_trend | roll3_mean_late_delivery_rate | roll3_mean_quality_event_rate | lag1_quality_event_rate,current_high_risk_flag,0.9689082147594448,2.4030327658998827,risk_change,-0.5467056628655669,1.4852506846147433,current_medium_risk_flag,0.3828694870333796,-1.185989393666367,current_risk_severity,0.3516440778630827,1.77615477210074,lag1_late_delivery_rate,0.28226812545948826,1.0385424706267006,avg_days_late_trend,-0.232421876372707,1.0270549193538598,roll3_mean_late_delivery_rate,-0.1825742697682415,0.8025567326779486,avg_days_late,0.13676897685060396,0.8762754238987428,late_rate_trend,0.13086454759492736,0.5982039334673062,quality_event_rate,0.0786789594078634,-0.4399363446806882
SUP021,2025-01,Medium,0.21205074421426348,0.05105952581906385,0.7368897299666727,Medium,False,risk_change | lag1_late_delivery_rate | quality_rate_trend | avg_days_late | avg_days_late_trend,previous_risk_severity | roll3_mean_late_delivery_rate | current_medium_risk_flag | late_rate_trend | quality_event_rate,risk_change,0.5532755163248956,-1.5030991906959505,previous_risk_severity,-0.46008109979704603,1.802007694049649,lag1_late_delivery_rate,0.43661625514598973,1.6064319114918038,roll3_mean_late_delivery_rate,-0.28279288733365343,1.2430959519715357,current_medium_risk_flag,-0.27220064260621296,0.8431778608985705,late_rate_trend,-0.2376795675893906,-1.0864734173603883,quality_event_rate,-0.1935680417042442,1.0823429460081713,quality_rate_trend,0.1712514304490731,1.1111525432742875,current_high_risk_flag,-0.16778891006344743,-0.41614080930998976,avg_days_late,0.09477680502700388,0.6072326262374871
SUP021,2025-02,Medium,0.1843682027810734,0.046932350853260044,0.7686994463656666,Medium,False,lag1_late_delivery_rate | avg_days_late | lag1_quality_event_rate | spend_share | roll3_mean_avg_days_late,roll3_mean_late_delivery_rate | current_medium_risk_flag | quality_rate_trend | current_high_risk_flag | risk_worsening_streak,roll3_mean_late_delivery_rate,-0.28279288733365343,1.2430959519715357,current_medium_risk_flag,-0.27220064260621296,0.8431778608985705,lag1_late_delivery_rate,0.18404658838626,0.677158280985271,quality_rate_trend,-0.17040949262375898,-1.105689690476951,current_high_risk_flag,-0.16778891006344743,-0.41614080930998976,avg_days_late,0.1560153889364207,0.9995867061601518,lag1_quality_event_rate,0.14161898187738742,1.1066728841029663,risk_worsening_streak,-0.12927058456401277,1.2630081472243764,spend_share,0.12253154429239972,3.3871233716028377,avg_days_late_trend,-0.11977203552041582,0.5292636829289168
SUP022,2024-07,Low,0.0012504863441516025,0.6141294364774443,0.3846200771784041,Low,False,roll3_mean_avg_days_late | lag1_late_delivery_rate | lag1_avg_days_late | lag1_total_scrap_qty | previous_risk_severity,lag1_quality_event_rate | current_medium_risk_flag | late_rate_trend | delay_acceleration | roll3_mean_total_scrap_qty,roll3_mean_avg_days_late,0.8689927227706035,-0.9690483166625112,lag1_late_delivery_rate,0.7047569510889893,-1.5539962811487715,lag1_avg_days_late,0.6642466886352455,-1.1826930853510382,lag1_total_scrap_qty,0.4566908957448586,2.0340134124974436,lag1_quality_event_rate,-0.4523993400959938,1.0399041488197789,previous_risk_severity,0.44996440119593584,-1.5239025696136401,spend_share,0.398565916708716,1.8954388131205195,current_medium_risk_flag,-0.37904637879555014,-1.185989393666367,current_risk_severity,0.342896652680044,-1.494314030573364,late_rate_trend,-0.3005787351573421,0.9145434375983696
SUP022,2024-08,Low,0.011662077943135256,0.5384532256799285,0.4498846963769364,Low,False,roll3_mean_avg_days_late | lag1_avg_days_late | previous_risk_severity | lag1_late_delivery_rate | current_medium_risk_flag,late_rate_trend | risk_change | roll3_mean_total_scrap_qty | total_scrap_qty | delay_acceleration,roll3_mean_avg_days_late,0.8380105237212785,-0.9344988353509436,late_rate_trend,-0.576941621577598,1.7554075261343907,lag1_avg_days_late,0.5671419866336964,-1.0097978920783932,previous_risk_severity,0.44996440119593584,-1.5239025696136401,risk_change,-0.4235222532357544,1.4852506846147433,lag1_late_delivery_rate,0.31971631493340935,-0.7049777425556348,current_medium_risk_flag,0.26948260799041307,0.8431778608985705,spend_share,0.256029599501516,1.217586401291656,roll3_mean_total_scrap_qty,-0.20916490724611878,0.7129483187722007,lag1_quality_event_rate,0.18663542088624882,-0.42900802741037075
SUP022,2024-09,Medium,0.0037877000361780616,0.4618946928957016,0.5343176070681203,Medium,False,risk_change | current_medium_risk_flag | lag1_late_delivery_rate | avg_days_late_trend | risk_worsening_streak,late_rate_trend | current_risk_severity | current_high_risk_flag | avg_days_late | is_worsening,risk_change,0.5532755163248956,-1.5030991906959505,late_rate_trend,-0.47054336289305326,-2.1509331268300618,current_medium_risk_flag,0.3828694870333796,-1.185989393666367,current_risk_severity,-0.2958450961440389,-1.494314030573364,lag1_late_delivery_rate,0.2422519436889138,0.8913118748468589,current_high_risk_flag,-0.16778891006344743,-0.41614080930998976,avg_days_late,-0.11794669697412824,-0.7556815461254537,is_worsening,-0.0999689117641761,-1.4052114749531837,avg_days_late_trend,0.09309599991014461,-0.41138427316779214,risk_worsening_streak,0.08872240120436561,-0.8668415629151476
SUP022,2024-10,Medium,0.03492527673615265,0.42389521767094485,0.5411795055929026,Medium,False,previous_risk_severity | late_rate_trend | quality_event_rate | delay_acceleration | roll3_std_quality_event_rate,risk_change | current_medium_risk_flag | lag1_late_delivery_rate | avg_days_late_trend | current_high_risk_flag,risk_change,-0.5467056628655669,1.4852506846147433,previous_risk_severity,0.3890764576236437,-1.5239025696136401,late_rate_trend,0.3344221865321823,1.5287002560962752,current_medium_risk_flag,-0.27220064260621296,0.8431778608985705,lag1_late_delivery_rate,-0.26742784517840307,-0.9839409766648082,avg_days_late_trend,-0.21750390084388074,0.9611334992500477,current_high_risk_flag,-0.16778891006344743,-0.41614080930998976,quality_event_rate,0.0786789594078634,-0.4399363446806882,delay_acceleration,0.0765964726755102,0.8139869989589059,roll3_mean_quality_event_rate,-0.060411142162845675,-0.6962550475939943
SUP022,2024-11,Medium,0.002422996412010395,0.4415288198784928,0.5560481837094967,Medium,False,risk_change | current_medium_risk_flag | avg_days_late_trend | spend_share | lag1_late_delivery_rate,current_risk_severity | late_rate_trend | current_high_risk_flag | avg_days_late | delay_acceleration,risk_change,0.5532755163248956,-1.5030991906959505,current_medium_risk_flag,0.3828694870333796,-1.185989393666367,current_risk_severity,-0.2958450961440389,-1.494314030573364,late_rate_trend,-0.2893307392072774,-1.3225796401523315,avg_days_late_trend,0.2611144807059643,-1.15384539574727,current_high_risk_flag,-0.16778891006344743,-0.41614080930998976,spend_share,0.1375025674386548,3.800965396432626,avg_days_late,-0.13180595543783835,-0.8444774694763725,delay_acceleration,-0.11879752524425996,-1.2624555371756343,lag1_late_delivery_rate,0.1116728242270392,0.4108751938810598
SUP022,2024-12,Low,0.0026693892845686814,0.5355102469425409,0.4618203637728904,Low,False,spend_share | lag1_avg_days_late | previous_risk_severity | roll3_mean_avg_days_late | current_risk_severity,delay_acceleration | current_medium_risk_flag | roll3_std_quality_event_rate | late_delivery_rate | total_scrap_qty,spend_share,0.7356547489262706,3.4985143127287155,lag1_avg_days_late,0.4764392296480721,-0.8483013797968243,previous_risk_severity,0.44996440119593584,-1.5239025696136401,roll3_mean_avg_days_late,0.4303167767203134,-0.4798633373855495,delay_acceleration,-0.40283326981645257,0.965449304393656,current_medium_risk_flag,-0.37904637879555014,-1.185989393666367,current_risk_severity,0.342896652680044,-1.494314030573364,lag1_late_delivery_rate,0.3302590942567167,-0.7282246787313988,lag1_spend_share,0.2662794394376301,3.842756272304401,lag1_quality_event_rate,0.18663542088624882,-0.42900802741037075
SUP023,2024-07,Medium,0.34759928674620993,9.750180029445378e-05,0.6523032114534956,Medium,False,current_high_risk_flag | roll3_mean_quality_event_rate | lag1_late_delivery_rate | current_medium_risk_flag | current_risk_severity,roll3_std_quality_event_rate | previous_risk_severity | roll3_mean_late_delivery_rate | avg_days_late_trend | lag1_quality_event_rate,current_high_risk_flag,0.9689082147594448,2.4030327658998827,roll3_std_quality_event_rate,-0.5717100400355547,7.744403244260524,previous_risk_severity,-0.46008109979704603,1.802007694049649,roll3_mean_late_delivery_rate,-0.4598457783658815,2.021381906056874,roll3_mean_quality_event_rate,0.4516472919253335,5.205359400216294,lag1_late_delivery_rate,0.40231667077121175,1.4802342579662258,current_medium_risk_flag,0.3828694870333796,-1.185989393666367,current_risk_severity,0.3516440778630827,1.77615477210074,avg_days_late,0.21025527754190415,1.3471003198059406,roll3_mean_avg_days_late,0.13241283733945297,1.4417648504975074
SUP023,2024-08,High,0.6197803333663445,0.0028616666735700133,0.37735799996008557,High,True,roll3_mean_avg_days_late | previous_risk_severity | lag1_avg_days_late | spend_share | lag1_late_delivery_rate,risk_change | delay_acceleration | late_delivery_rate | lag1_quality_event_rate | roll3_mean_total_scrap_qty,roll3_mean_avg_days_late,1.0184624893696137,1.2653157137991462,previous_risk_severity,0.9921619094049008,1.802007694049649,risk_change,-0.9818873073677796,-1.5030991906959505,lag1_avg_days_late,0.7674329813395993,1.3775939629485832,spend_share,0.316344461568532,-1.2835944892299687,lag1_late_delivery_rate,0.2919209169237546,1.6064319114918038,roll3_mean_late_delivery_rate,0.26657872153401796,1.4675611732306502,avg_days_late,0.16573011664309678,1.2125789209753126,is_worsening,0.16199009382142265,-1.4052114749531837,delay_acceleration,-0.1555130005813179,-0.4812421511708178
SUP023,2024-09,High,0.4924268280111909,0.014491763622073469,0.49308140836673564,Medium,True,roll3_mean_avg_days_late | lag1_avg_days_late | spend_share | is_worsening | lag1_late_delivery_rate,delay_acceleration | late_rate_trend | lag1_quality_event_rate | roll3_mean_total_scrap_qty | quality_event_rate,roll3_mean_avg_days_late,0.7699182376576228,0.956529724577013,lag1_avg_days_late,0.6913200490291573,1.2409661158235452,delay_acceleration,-0.2821843994744683,-0.8732326360002877,spend_share,0.24917047136863582,-1.0110303254300113,is_worsening,0.16199009382142265,-1.4052114749531837,lag1_late_delivery_rate,0.15432503949897602,0.8492459903383329,roll3_mean_late_delivery_rate,0.14921192060583716,0.8214369849333882,late_rate_trend,-0.144944655730814,-1.3188427071297257,lag1_quality_event_rate,-0.1317360184234078,-0.42900802741037075,roll3_mean_total_scrap_qty,-0.1300673314557719,-0.626651568363702
SUP023,2024-10,High,0.4731139802591025,4.165731179941531e-05,0.526844362429098,Medium,True,roll3_mean_avg_days_late | risk_change | delay_acceleration | avg_days_late | late_rate_trend,late_delivery_rate | lag1_quality_event_rate | roll3_mean_total_scrap_qty | roll3_std_late_delivery_rate | quality_event_rate,roll3_mean_avg_days_late,1.0652662770296641,1.323463724756561,risk_change,0.970227916101326,1.4852506846147433,delay_acceleration,0.9551788994695974,2.955845148736361,late_delivery_rate,-0.3839403070168097,2.317376537169076,avg_days_late,0.32430773833585447,2.3728259858894787,late_rate_trend,0.3232531460053352,2.9412609386414568,spend_share,0.3098640639846323,-1.2572997262824248,roll3_mean_late_delivery_rate,0.199511978146486,1.0983473513465,lag1_quality_event_rate,-0.1317360184234078,-0.42900802741037075,roll3_mean_total_scrap_qty,-0.1300673314557719,-0.626651568363702
SUP023,2024-11,Medium,0.32925765226665676,0.013066455351861609,0.6576758923814817,Medium,False,avg_days_late_trend | lag1_late_delivery_rate | risk_change | roll3_std_late_delivery_rate | risk_worsening_streak,late_rate_trend | previous_risk_severity | delay_acceleration | current_medium_risk_flag | roll3_mean_late_delivery_rate,avg_days_late_trend,0.7323695025396579,-3.236286153898475,lag1_late_delivery_rate,0.6424137613946586,2.3636178326452755,risk_change,0.5532755163248956,-1.5030991906959505,late_rate_trend,-0.5308204040348482,-2.426469655030233,previous_risk_severity,-0.46008109979704603,1.802007694049649,delay_acceleration,-0.3655673835161325,-3.884866848714506,current_medium_risk_flag,-0.27220064260621296,0.8431778608985705,roll3_mean_late_delivery_rate,-0.1994682653006967,0.8768190582160105,current_high_risk_flag,-0.16778891006344743,-0.41614080930998976,roll3_std_avg_days_late,-0.12498091463800147,3.3293519247945302
SUP023,2024-12,High,0.6324711499224523,3.5026606210402785e-05,0.3674938234713372,High,True,roll3_mean_avg_days_late | delay_acceleration | risk_change | roll3_mean_late_delivery_rate | spend_share,late_delivery_rate | lag1_quality_event_rate | roll3_mean_total_scrap_qty | quality_event_rate | is_worsening,roll3_mean_avg_days_late,1.2216701567964778,1.517776513723972,delay_acceleration,1.0400009891940574,3.218331016626605,risk_change,0.970227916101326,1.4852506846147433,roll3_mean_late_delivery_rate,0.2713038784545031,1.493573965227033,spend_share,0.2450643555434047,-0.9943694121354542,avg_days_late,0.22924473718933958,1.677289207844754,late_delivery_rate,-0.22707461211678903,1.3705708118923206,late_rate_trend,0.13852783150216363,1.2604564093099175,lag1_quality_event_rate,-0.1317360184234078,-0.42900802741037075,roll3_mean_total_scrap_qty,-0.1300673314557719,-0.626651568363702
SUP023,2025-01,Medium,0.3098471942611012,0.029864972248613054,0.6602878334902856,Medium,False,avg_days_late_trend | risk_change | lag1_late_delivery_rate | risk_worsening_streak | quality_event_rate,late_rate_trend | previous_risk_severity | current_medium_risk_flag | delay_acceleration | current_high_risk_flag,avg_days_late_trend,0.5679535911256245,-2.5097445164536234,late_rate_trend,-0.5545427838628042,-2.5349086569225903,risk_change,0.5532755163248956,-1.5030991906959505,previous_risk_severity,-0.46008109979704603,1.802007694049649,lag1_late_delivery_rate,0.3804896625327166,1.3999266602681304,current_medium_risk_flag,-0.27220064260621296,0.8431778608985705,delay_acceleration,-0.2627433448853323,-2.792160778808498,current_high_risk_flag,-0.16778891006344743,-0.41614080930998976,is_worsening,-0.0999689117641761,-1.4052114749531837,risk_worsening_streak,0.08872240120436561,-0.8668415629151476
SUP024,2024-07,Medium,0.2558786670534749,0.0666913405667265,0.6774299923797986,Medium,False,lag1_late_delivery_rate | avg_days_late_trend | risk_worsening_streak | quality_event_rate | roll3_mean_avg_days_late,current_medium_risk_flag | late_rate_trend | current_high_risk_flag | roll3_mean_late_delivery_rate | is_worsening,current_medium_risk_flag,-0.27220064260621296,0.8431778608985705,late_rate_trend,-0.21634680477707105,-0.9889577581494953,lag1_late_delivery_rate,0.1991575940898336,0.732755848622414,current_high_risk_flag,-0.16778891006344743,-0.41614080930998976,roll3_mean_late_delivery_rate,-0.16667878939980785,0.7326836623650821,avg_days_late_trend,0.13264187586821682,-0.5861345465790821,is_worsening,-0.0999689117641761,-1.4052114749531837,risk_worsening_streak,0.08872240120436561,-0.8668415629151476,quality_event_rate,0.0786789594078634,-0.4399363446806882,lag1_quality_event_rate,-0.05489940246284215,-0.42900802741037075
SUP024,2024-08,Medium,0.1081366868622729,0.11282623905041954,0.7790370740873076,Medium,False,late_rate_trend | delay_acceleration | quality_event_rate | avg_days_late | roll3_std_quality_event_rate,current_medium_risk_flag | avg_days_late_trend | current_high_risk_flag | roll3_mean_late_delivery_rate | roll3_mean_quality_event_rate,current_medium_risk_flag,-0.27220064260621296,0.8431778608985705,avg_days_late_trend,-0.20050705470066948,0.8860257051072424,current_high_risk_flag,-0.16778891006344743,-0.41614080930998976,late_rate_trend,0.1461269275774064,0.6679708482458778,roll3_mean_late_delivery_rate,-0.10149311467030511,0.4461416310332532,delay_acceleration,0.08217914249389813,0.8733137602694296,quality_event_rate,0.0786789594078634,-0.4399363446806882,avg_days_late,0.0724114091644343,0.4639380927005141,roll3_mean_quality_event_rate,-0.060411142162845675,-0.6962550475939943,roll3_std_quality_event_rate,0.05829490817009169,-0.7896647676998135
SUP024,2024-09,Medium,0.13626798671652748,0.0010176912133553686,0.8627143220701172,Medium,False,current_high_risk_flag | current_medium_risk_flag | current_risk_severity | avg_days_late | lag1_late_delivery_rate,risk_change | avg_days_late_trend | roll3_mean_late_delivery_rate | roll3_mean_quality_event_rate | lag1_quality_event_rate,current_high_risk_flag,0.9689082147594448,2.4030327658998827,risk_change,-0.5467056628655669,1.4852506846147433,current_medium_risk_flag,0.3828694870333796,-1.185989393666367,current_risk_severity,0.3516440778630827,1.77615477210074,avg_days_late_trend,-0.2498012347089652,1.1038530063198402,avg_days_late,0.19625788693403748,1.2574193872521888,lag1_late_delivery_rate,0.1413415722674652,0.5200347202716062,late_rate_trend,0.13424118033441373,0.6136390916041576,roll3_mean_late_delivery_rate,-0.13218277191744232,0.5810466813370773,quality_event_rate,0.0786789594078634,-0.4399363446806882
SUP024,2024-10,Medium,0.269327972317719,0.00023013811460110856,0.7304418895676799,Medium,False,current_high_risk_flag | current_medium_risk_flag | current_risk_severity | lag1_late_delivery_rate | avg_days_late,previous_risk_severity | roll3_mean_late_delivery_rate | quality_event_rate | risk_worsening_streak | lag1_quality_event_rate,current_high_risk_flag,0.9689082147594448,2.4030327658998827,previous_risk_severity,-0.46008109979704603,1.802007694049649,current_medium_risk_flag,0.3828694870333796,-1.185989393666367,current_risk_severity,0.3516440778630827,1.77615477210074,lag1_late_delivery_rate,0.2994179176468773,1.1016412973894898,roll3_mean_late_delivery_rate,-0.22293145634478925,0.9799581367206036,avg_days_late,0.21938401054703466,1.4055878845149095,quality_event_rate,-0.18173121556893534,1.0161568898912654,quality_rate_trend,0.1638240190779247,1.0629603208014353,roll3_mean_avg_days_late,0.1045821164572599,1.1387326374720605
SUP024,2024-11,Medium,0.29970867424084424,0.013602044947115437,0.6866892808120404,Medium,False,risk_change | avg_days_late_trend | lag1_late_delivery_rate | lag1_quality_event_rate | roll3_mean_avg_days_late,previous_risk_severity | current_medium_risk_flag | roll3_mean_late_delivery_rate | current_high_risk_flag | quality_rate_trend,risk_change,0.5532755163248956,-1.5030991906959505,previous_risk_severity,-0.46008109979704603,1.802007694049649,avg_days_late_trend,0.3657440387279585,-1.6161956011297791,current_medium_risk_flag,-0.27220064260621296,0.8431778608985705,lag1_late_delivery_rate,0.26660961954926343,0.9809304983650232,roll3_mean_late_delivery_rate,-0.24210371361817234,1.0642352047593766,current_high_risk_flag,-0.16778891006344743,-0.41614080930998976,quality_rate_trend,-0.16298208125261063,-1.0574974680040992,lag1_quality_event_rate,0.13307470429737758,1.0399041488197789,delay_acceleration,-0.10090810274257318,-1.0723455121755967
SUP024,2024-12,Medium,0.1941936749256709,0.06917175179281697,0.7366345732815122,Medium,False,avg_days_late_trend | lag1_late_delivery_rate | risk_worsening_streak | quality_event_rate | roll3_mean_avg_days_late,current_medium_risk_flag | current_high_risk_flag | roll3_mean_late_delivery_rate | late_rate_trend | is_worsening,current_medium_risk_flag,-0.27220064260621296,0.8431778608985705,avg_days_late_trend,0.24087119461603443,-1.0643918258552083,lag1_late_delivery_rate,0.2039755959083643,0.7504826093183148,current_high_risk_flag,-0.16778891006344743,-0.41614080930998976,roll3_mean_late_delivery_rate,-0.16670113468800543,0.7327818873861071,late_rate_trend,-0.1455895837852131,-0.6655145590826032,is_worsening,-0.0999689117641761,-1.4052114749531837,risk_worsening_streak,0.08872240120436561,-0.8668415629151476,quality_event_rate,0.0786789594078634,-0.4399363446806882,roll3_std_avg_days_late,-0.06902749128429454,1.8388152434053802
SUP024,2025-01,Medium,0.06574709384464095,0.0019270876683272777,0.9323258184870318,Medium,False,current_high_risk_flag | current_medium_risk_flag | late_rate_trend | current_risk_severity | quality_rate_trend,risk_change | avg_days_late_trend | roll3_mean_late_delivery_rate | quality_event_rate | lag1_quality_event_rate,current_high_risk_flag,0.9689082147594448,2.4030327658998827,risk_change,-0.5467056628655669,1.4852506846147433,current_medium_risk_flag,0.3828694870333796,-1.185989393666367,late_rate_trend,0.35464320823907847,1.6211339590823233,current_risk_severity,0.3516440778630827,1.77615477210074,avg_days_late_trend,-0.22604465728072468,0.9988744643018803,roll3_mean_late_delivery_rate,-0.22421790650815493,0.9856130915024267,quality_event_rate,-0.18173121556893534,1.0161568898912654,quality_rate_trend,0.1638240190779247,1.0629603208014353,delay_acceleration,0.11529704426294114,1.2252560956169183
SUP024,2025-02,Medium,0.03025209215890813,0.3305766668855994,0.6391712409554924,Medium,False,risk_change | lag1_late_delivery_rate | spend_share | lag1_quality_event_rate | risk_worsening_streak,late_rate_trend | previous_risk_severity | current_medium_risk_flag | current_high_risk_flag | quality_rate_trend,risk_change,0.5532755163248956,-1.5030991906959505,late_rate_trend,-0.5254462264536863,-2.401903382290316,previous_risk_severity,-0.46008109979704603,1.802007694049649,lag1_late_delivery_rate,0.45451169047196094,1.6722741655051492,current_medium_risk_flag,-0.27220064260621296,0.8431778608985705,spend_share,0.21023883089073875,5.811604365559666,current_high_risk_flag,-0.16778891006344743,-0.41614080930998976,quality_rate_trend,-0.16298208125261063,-1.0574974680040992,lag1_quality_event_rate,0.13307470429737758,1.0399041488197789,roll3_mean_late_delivery_rate,-0.12633848779667228,0.555356480988689
SUP025,2024-07,Medium,0.20390298759002576,0.06058418143883176,0.7355128309711424,Medium,False,avg_days_late_trend | lag1_late_delivery_rate | quality_rate_trend | roll3_mean_quality_event_rate | roll3_mean_total_scrap_qty,current_medium_risk_flag | quality_event_rate | late_rate_trend | current_high_risk_flag | delay_acceleration,avg_days_late_trend,0.40471593317896143,-1.7884094931140975,current_medium_risk_flag,-0.27220064260621296,0.8431778608985705,quality_event_rate,-0.25406737528471257,1.420627232827918,lag1_late_delivery_rate,0.23081874889732115,0.8492459903383329,late_rate_trend,-0.2160281891749862,-0.9875013124586335,quality_rate_trend,0.20921375523494332,1.357468347024425,current_high_risk_flag,-0.16778891006344743,-0.41614080930998976,delay_acceleration,-0.15264561511371727,-1.6221575460403312,roll3_mean_quality_event_rate,0.13465873748979387,1.5519790277623047,roll3_mean_total_scrap_qty,0.11866873984283562,1.382748262340152
SUP025,2024-08,Medium,0.36115510794036976,0.0001470858492756048,0.6386978062103547,Medium,False,current_high_risk_flag | late_rate_trend | current_medium_risk_flag | current_risk_severity | avg_days_late,avg_days_late_trend | risk_change | roll3_mean_late_delivery_rate | quality_rate_trend | risk_worsening_streak,current_high_risk_flag,0.9689082147594448,2.4030327658998827,avg_days_late_trend,-0.6515277358876831,2.879052422612251,late_rate_trend,0.5709523479746687,2.609919543970365,risk_change,-0.5467056628655669,1.4852506846147433,current_medium_risk_flag,0.3828694870333796,-1.185989393666367,current_risk_severity,0.3516440778630827,1.77615477210074,roll3_mean_late_delivery_rate,-0.2743617972844998,1.20603471606271,avg_days_late,0.2732435352773042,1.7506645162978236,delay_acceleration,0.26120232910506164,2.77578447887567,quality_rate_trend,-0.20837181740962926,-1.352005494227089
SUP025,2024-09,High,0.44742430840291103,0.010600999887320365,0.5419746917097685,Medium,True,lag1_avg_days_late | previous_risk_severity | quality_event_rate | roll3_mean_avg_days_late | lag1_late_delivery_rate,risk_change | delay_acceleration | total_scrap_qty | late_rate_trend | roll3_mean_quality_event_rate,lag1_avg_days_late,0.9957717782709241,1.787477504323696,previous_risk_severity,0.9921619094049008,1.802007694049649,risk_change,-0.9818873073677796,-1.5030991906959505,delay_acceleration,-0.8908250234244831,-2.7566991118882274,quality_event_rate,0.8421949073843895,3.2811908103365277,roll3_mean_avg_days_late,0.5988423241415765,0.7439887190085309,lag1_late_delivery_rate,0.4295167943485333,2.3636178326452755,spend_share,0.3430252663127035,-1.3918541178892807,quality_rate_acceleration,0.2921751883955507,2.404686606552353,roll3_mean_total_scrap_qty,0.28700219649543096,1.382748262340152
SUP025,2024-10,High,0.471224525102427,0.017429819146205606,0.5113456557513674,Medium,True,lag1_quality_event_rate | roll3_mean_avg_days_late | lag1_avg_days_late | spend_share | roll3_mean_late_delivery_rate,quality_rate_acceleration | roll3_std_quality_event_rate | lag1_total_scrap_qty | late_delivery_rate | quality_event_rate,lag1_quality_event_rate,1.0209745423662164,3.3248786451777907,roll3_mean_avg_days_late,0.615064326584317,0.764142583106945,quality_rate_acceleration,-0.3883725014983856,-3.196418415385964,lag1_avg_days_late,0.31921237995588664,0.5730077521011385,spend_share,0.3121943417986765,-1.266755026197116,roll3_mean_late_delivery_rate,0.25045690821970723,1.378807850662344,roll3_std_quality_event_rate,-0.22510345649288185,2.0550245696202993,lag1_total_scrap_qty,-0.1682168225640169,0.8342833070887854,total_scrap_qty,0.12626113270181089,-0.3763120088548149,late_delivery_rate,-0.1184752848783131,0.7150899251622586
SUP025,2024-11,Medium,0.34050921904916753,0.0756879024433287,0.5838028785075039,Medium,False,lag1_late_delivery_rate | delay_acceleration | roll3_mean_quality_event_rate | avg_days_late | quality_event_rate,risk_worsening_streak | current_medium_risk_flag | avg_days_late_trend | roll3_mean_late_delivery_rate | current_high_risk_flag,risk_worsening_streak,-0.2927653238902965,2.860395429829019,current_medium_risk_flag,-0.27220064260621296,0.8431778608985705,avg_days_late_trend,-0.23567755707461235,1.0414415293103827,lag1_late_delivery_rate,0.1991575940898336,0.732755848622414,roll3_mean_late_delivery_rate,-0.183971413607173,0.808698272752995,current_high_risk_flag,-0.16778891006344743,-0.41614080930998976,roll3_std_quality_event_rate,-0.15170674123179048,2.0550245696202993,delay_acceleration,0.12253653553227462,1.3021898181040903,roll3_mean_quality_event_rate,0.11027500253321389,1.2709497683427669,avg_days_late,0.08180863431677442,0.5241458799009227
SUP025,2024-12,Medium,0.27306616767590935,0.0008894546258893523,0.7260443776982012,Medium,False,current_high_risk_flag | current_medium_risk_flag | current_risk_severity | lag1_late_delivery_rate | late_rate_trend,risk_change | risk_worsening_streak | roll3_mean_late_delivery_rate | avg_days_late_trend | roll3_mean_quality_event_rate,current_high_risk_flag,0.9689082147594448,2.4030327658998827,risk_change,-0.5467056628655669,1.4852506846147433,current_medium_risk_flag,0.3828694870333796,-1.185989393666367,current_risk_severity,0.3516440778630827,1.77615477210074,risk_worsening_streak,-0.34726357033239114,3.3928578573639,roll3_mean_late_delivery_rate,-0.26796415975723276,1.177912094637145,lag1_late_delivery_rate,0.2187130132356348,0.8047056420351877,late_rate_trend,0.18842620453040887,0.8613279821767018,avg_days_late,0.13676897685060396,0.8762754238987428,avg_days_late_trend,-0.10673286988096659,0.4716445834565801
SUP025,2025-01,Medium,0.38358536888231715,0.014490790579879544,0.6019238405378033,Medium,False,risk_change | lag1_late_delivery_rate | avg_days_late_trend | risk_worsening_streak | quality_event_rate,previous_risk_severity | current_medium_risk_flag | roll3_mean_late_delivery_rate | late_rate_trend | current_high_risk_flag,risk_change,0.5532755163248956,-1.5030991906959505,previous_risk_severity,-0.46008109979704603,1.802007694049649,lag1_late_delivery_rate,0.43661625514598973,1.6064319114918038,current_medium_risk_flag,-0.27220064260621296,0.8431778608985705,roll3_mean_late_delivery_rate,-0.26796415975723276,1.177912094637145,late_rate_trend,-0.22399357922710822,-1.023912454730182,current_high_risk_flag,-0.16778891006344743,-0.41614080930998976,avg_days_late_trend,0.15332695830759535,-0.6775403815553744,is_worsening,-0.0999689117641761,-1.4052114749531837,risk_worsening_streak,0.08872240120436561,-0.8668415629151476
SUP026,2024-07,Medium,0.21995750737172118,0.08155231317327713,0.6984901794550017,Medium,False,lag1_late_delivery_rate | quality_rate_trend | lag1_short_delivery_rate | avg_days_late | is_worsening,current_medium_risk_flag | current_high_risk_flag | roll3_mean_late_delivery_rate | quality_event_rate | risk_worsening_streak,current_medium_risk_flag,-0.27220064260621296,0.8431778608985705,current_high_risk_flag,-0.16778891006344743,-0.41614080930998976,roll3_mean_late_delivery_rate,-0.164558780182078,0.7233645634954101,lag1_late_delivery_rate,0.16221958014776486,0.5968506832871756,quality_event_rate,-0.14315193038718727,0.8004393736583827,quality_rate_trend,0.13961615979418124,0.9058893734825062,lag1_short_delivery_rate,0.10992826674627794,1.7132814196184114,avg_days_late,0.08661166050574834,0.5549187489144654,risk_worsening_streak,-0.07477233812191818,0.7305457196894953,avg_days_late_trend,-0.06041889356598287,0.26698657986631263
SUP026,2024-08,Medium,0.22114796868782785,0.00036765447722888523,0.7784843768349433,Medium,False,current_high_risk_flag | current_medium_risk_flag | current_risk_severity | late_rate_trend | lag1_late_delivery_rate,risk_change | roll3_mean_late_delivery_rate | quality_rate_trend | risk_worsening_streak | avg_days_late_trend,current_high_risk_flag,0.9689082147594448,2.4030327658998827,risk_change,-0.5467056628655669,1.4852506846147433,current_medium_risk_flag,0.3828694870333796,-1.185989393666367,current_risk_severity,0.3516440778630827,1.77615477210074,late_rate_trend,0.3073703498862674,1.4050417451663937,roll3_mean_late_delivery_rate,-0.2622719323083547,1.152890302306658,lag1_late_delivery_rate,0.16221958014776486,0.5968506832871756,quality_rate_trend,-0.13877422196886718,-0.90042652068517,risk_worsening_streak,-0.12927058456401277,1.2630081472243764,avg_days_late,0.12817966897759484,0.8212439425589404
SUP026,2024-09,Medium,0.32810763147374444,0.0001588086141310208,0.6717335599121245,Medium,False,current_high_risk_flag | lag1_late_delivery_rate | current_medium_risk_flag | current_risk_severity | avg_days_late,previous_risk_severity | roll3_mean_late_delivery_rate | avg_days_late_trend | risk_worsening_streak | late_rate_trend,current_high_risk_flag,0.9689082147594448,2.4030327658998827,lag1_late_delivery_rate,0.5114517119636875,1.881772246456703,previous_risk_severity,-0.46008109979704603,1.802007694049649,current_medium_risk_flag,0.3828694870333796,-1.185989393666367,current_risk_severity,0.3516440778630827,1.77615477210074,roll3_mean_late_delivery_rate,-0.3325702089774265,1.4619062184488272,avg_days_late,0.2321642367542173,1.4874704751074657,avg_days_late_trend,-0.20855039409596257,0.9215686213890186,risk_worsening_streak,-0.18376883100610739,1.7954705747592574,late_rate_trend,-0.11722586877352646,-0.5358592307330454
SUP026,2024-10,Medium,0.38719951347129383,8.543843004435161e-05,0.6127150480986617,Medium,False,current_high_risk_flag | lag1_late_delivery_rate | current_medium_risk_flag | current_risk_severity | avg_days_late,previous_risk_severity | roll3_mean_late_delivery_rate | is_worsening | delay_acceleration | late_rate_trend,current_high_risk_flag,0.9689082147594448,2.4030327658998827,previous_risk_severity,-0.46008109979704603,1.802007694049649,lag1_late_delivery_rate,0.39187766683106184,1.4418262764584409,roll3_mean_late_delivery_rate,-0.3836962283731149,1.6866450665522221,current_medium_risk_flag,0.3828694870333796,-1.185989393666367,current_risk_severity,0.3516440778630827,1.77615477210074,avg_days_late,0.18743344502907805,1.200881408033519,roll3_mean_avg_days_late,0.11715383449986995,1.2756186188345333,avg_days_late_trend,0.10031383868328911,-0.44327936383117517,is_worsening,-0.0999689117641761,-1.4052114749531837
SUP026,2024-11,High,0.4854688770792723,0.003664760226250813,0.5108663626944769,Medium,True,roll3_mean_avg_days_late | previous_risk_severity | lag1_avg_days_late | roll3_mean_late_delivery_rate | lag1_late_delivery_rate,risk_change | lag1_quality_event_rate | roll3_mean_total_scrap_qty | quality_event_rate | late_delivery_rate,roll3_mean_avg_days_late,1.191082156001883,1.4797746447665228,previous_risk_severity,0.9921619094049008,1.802007694049649,risk_change,-0.9818873073677796,-1.5030991906959505,lag1_avg_days_late,0.6847015331760756,1.2290854334648467,roll3_mean_late_delivery_rate,0.2210170752109662,1.2167365659723952,lag1_late_delivery_rate,0.22013176348473973,1.2113783874117323,avg_days_late,0.19024453159076943,1.3919407860828164,lag1_quality_event_rate,-0.1317360184234078,-0.42900802741037075,delay_acceleration,0.13060585375845948,0.4041658368321198,roll3_mean_total_scrap_qty,-0.1300673314557719,-0.626651568363702
SUP026,2024-12,Medium,0.38180604542391017,0.01142524644745116,0.6067687081286387,Medium,False,avg_days_late_trend | lag1_late_delivery_rate | roll3_mean_avg_days_late | quality_event_rate | avg_days_late,current_medium_risk_flag | roll3_mean_late_delivery_rate | current_high_risk_flag | delay_acceleration | roll3_mean_quality_event_rate,avg_days_late_trend,0.29993946830021756,-1.3254101172995003,current_medium_risk_flag,-0.27220064260621296,0.8431778608985705,roll3_mean_late_delivery_rate,-0.2156847995777664,0.9481034115988052,current_high_risk_flag,-0.16778891006344743,-0.41614080930998976,lag1_late_delivery_rate,0.16221958014776486,0.5968506832871756,roll3_mean_avg_days_late,0.10311692027732854,1.122778985290341,delay_acceleration,-0.08805847611914511,-0.9357931534624673,quality_event_rate,0.0786789594078634,-0.4399363446806882,avg_days_late,0.07640522985417883,0.48952640226068767,roll3_mean_quality_event_rate,-0.060411142162845675,-0.6962550475939943
SUP026,2025-01,Medium,0.3746090322526228,0.00014616351078252307,0.6252448042365946,Medium,False,current_high_risk_flag | current_medium_risk_flag | current_risk_severity | avg_days_late | lag1_late_delivery_rate,risk_change | avg_days_late_trend | roll3_mean_late_delivery_rate | risk_worsening_streak | roll3_mean_quality_event_rate,current_high_risk_flag,0.9689082147594448,2.4030327658998827,risk_change,-0.5467056628655669,1.4852506846147433,current_medium_risk_flag,0.3828694870333796,-1.185989393666367,current_risk_severity,0.3516440778630827,1.77615477210074,avg_days_late_trend,-0.2372314046823399,1.0483078658805414,roll3_mean_late_delivery_rate,-0.20779034070049102,0.9134010894651929,avg_days_late,0.19419944713876294,1.2442310148178133,lag1_late_delivery_rate,0.19223171647569576,0.707273630122057,delay_acceleration,0.13269072323831801,1.4100978782144136,roll3_mean_avg_days_late,0.10454114182927715,1.1382864890503914
SUP026,2025-02,Medium,0.27013352385480166,0.01895659320311115,0.7109098829420872,Medium,False,risk_change | lag1_late_delivery_rate | avg_days_late | avg_days_late_trend | risk_worsening_streak,previous_risk_severity | current_medium_risk_flag | roll3_mean_late_delivery_rate | current_high_risk_flag | is_worsening,risk_change,0.5532755163248956,-1.5030991906959505,previous_risk_severity,-0.46008109979704603,1.802007694049649,lag1_late_delivery_rate,0.3034531628674394,1.1164880801572048,current_medium_risk_flag,-0.27220064260621296,0.8431778608985705,roll3_mean_late_delivery_rate,-0.22508296490785631,0.9894156998531064,current_high_risk_flag,-0.16778891006344743,-0.41614080930998976,avg_days_late,0.13368131715769221,0.8564928652471799,avg_days_late_trend,0.1331022751593953,-0.5881690166739437,is_worsening,-0.0999689117641761,-1.4052114749531837,delay_acceleration,-0.09198848995616093,-0.9775572198394075
SUP027,2024-07,Medium,0.06758889132859697,0.08738210842457607,0.8450290002468269,Medium,False,lag1_late_delivery_rate | spend_share | roll3_mean_total_scrap_qty | lag1_quality_event_rate | quality_event_rate,current_medium_risk_flag | current_high_risk_flag | quality_rate_trend | roll3_mean_late_delivery_rate | risk_worsening_streak,current_medium_risk_flag,-0.27220064260621296,0.8431778608985705,current_high_risk_flag,-0.16778891006344743,-0.41614080930998976,lag1_late_delivery_rate,0.16221958014776486,0.5968506832871756,quality_rate_trend,-0.13877422196886718,-0.90042652068517,spend_share,0.12356180127513111,3.415602629944993,roll3_mean_total_scrap_qty,0.11866873984283562,1.382748262340152,lag1_quality_event_rate,0.10522668848104863,0.8222875301190151,roll3_mean_late_delivery_rate,-0.09963111049133302,0.43795666613099477,quality_event_rate,0.0786789594078634,-0.4399363446806882,risk_worsening_streak,-0.07477233812191818,0.7305457196894953
SUP027,2024-08,Medium,0.10461383333990687,0.11432386412949448,0.7810623025305986,Medium,False,lag1_late_delivery_rate | avg_days_late_trend | quality_rate_trend | lag1_short_delivery_rate | roll3_mean_total_scrap_qty,current_medium_risk_flag | roll3_mean_late_delivery_rate | current_high_risk_flag | risk_worsening_streak | quality_event_rate,current_medium_risk_flag,-0.27220064260621296,0.8431778608985705,roll3_mean_late_delivery_rate,-0.18606966814150114,0.817921742771715,lag1_late_delivery_rate,0.1751978012625458,0.6446011467833406,current_high_risk_flag,-0.16778891006344743,-0.41614080930998976,avg_days_late_trend,0.16391056679390992,-0.7243085572969462,risk_worsening_streak,-0.12927058456401277,1.2630081472243764,quality_rate_trend,0.11430794327026786,0.7416788376490818,lag1_short_delivery_rate,0.10482176420259291,1.6336942835133483,quality_event_rate,-0.10281904133354183,0.5749165157785524,lag1_spend_share,-0.09184687429549167,3.4537165027271026
SUP027,2024-09,Medium,0.14131668690866805,0.00194125810709158,0.8567420549842404,Medium,False,current_high_risk_flag | current_medium_risk_flag | current_risk_severity | lag1_late_delivery_rate | avg_days_late,risk_change | roll3_mean_late_delivery_rate | avg_days_late_trend | risk_worsening_streak | quality_event_rate,current_high_risk_flag,0.9689082147594448,2.4030327658998827,risk_change,-0.5467056628655669,1.4852506846147433,current_medium_risk_flag,0.3828694870333796,-1.185989393666367,current_risk_severity,0.3516440778630827,1.77615477210074,lag1_late_delivery_rate,0.2495276131017456,0.9180810740795576,roll3_mean_late_delivery_rate,-0.23659655449739622,1.040026932498898,avg_days_late_trend,-0.22874671660883097,1.0108146627402896,risk_worsening_streak,-0.18376883100610739,1.7954705747592574,quality_event_rate,-0.10849085385671078,0.6066306676679039,avg_days_late,0.09936969882021014,0.6366591822316869
SUP027,2024-10,Medium,0.10229241890506863,0.08342026866463398,0.8142873124302974,Medium,False,risk_change | lag1_late_delivery_rate | avg_days_late_trend | roll3_mean_total_scrap_qty | risk_worsening_streak,previous_risk_severity | late_rate_trend | current_medium_risk_flag | roll3_mean_late_delivery_rate | current_high_risk_flag,risk_change,0.5532755163248956,-1.5030991906959505,previous_risk_severity,-0.46008109979704603,1.802007694049649,lag1_late_delivery_rate,0.32728632995138457,1.2041768908790225,late_rate_trend,-0.27802879399319097,-1.2709165411147998,current_medium_risk_flag,-0.27220064260621296,0.8431778608985705,avg_days_late_trend,0.19246788626129774,-0.8505012199682841,roll3_mean_late_delivery_rate,-0.19220241552720416,0.8448799648172247,current_high_risk_flag,-0.16778891006344743,-0.41614080930998976,roll3_mean_total_scrap_qty,0.11866873984283562,1.382748262340152,delay_acceleration,-0.10458554604480592,-1.1114255237331396
SUP027,2024-11,Medium,0.10719626321357852,0.04609279472848996,0.8467109420579315,Medium,False,late_rate_trend | roll3_mean_total_scrap_qty | lag1_short_delivery_rate | delay_acceleration | short_delivery_rate,current_medium_risk_flag | roll3_mean_late_delivery_rate | current_high_risk_flag | avg_days_late_trend | quality_event_rate,current_medium_risk_flag,-0.27220064260621296,0.8431778608985705,late_rate_trend,0.21939985802426354,1.0029137798155685,roll3_mean_late_delivery_rate,-0.2022242772837455,0.8889338867465841,current_high_risk_flag,-0.16778891006344743,-0.41614080930998976,roll3_mean_total_scrap_qty,0.11866873984283562,1.382748262340152,avg_days_late_trend,-0.09942238685032448,0.43934010473602375,lag1_short_delivery_rate,0.09103420733464336,1.418809016029678,delay_acceleration,0.07196435881473193,0.7647617496926119,quality_event_rate,-0.07105689120379595,0.3973172651981855,short_delivery_rate,0.0644092850545588,2.167752238900538
SUP027,2024-12,Medium,0.04079889282759998,0.1304225007307975,0.8287786064416026,Medium,False,roll3_mean_total_scrap_qty | lag1_late_delivery_rate | lag1_short_delivery_rate | avg_days_late_trend | quality_rate_trend,current_medium_risk_flag | late_rate_trend | quality_event_rate | current_high_risk_flag | roll3_mean_late_delivery_rate,roll3_mean_total_scrap_qty,0.2911172991680723,3.392148093044006,lag1_late_delivery_rate,0.28226812545948826,1.0385424706267006,current_medium_risk_flag,-0.27220064260621296,0.8431778608985705,late_rate_trend,-0.266440723583811,-1.217945515519355,quality_event_rate,-0.236554410300893,1.3227028340116767,current_high_risk_flag,-0.16778891006344743,-0.41614080930998976,lag1_short_delivery_rate,0.1420481677460567,2.2138845057192578,avg_days_late_trend,0.11545383759373175,-0.510181888682352,quality_rate_trend,0.10426790737295209,0.6765347895520054,roll3_mean_late_delivery_rate,-0.10141226000906452,0.4457862115492843
SUP027,2025-01,Medium,0.04656927463104121,0.001308286296605518,0.9521224390723533,Medium,False,current_high_risk_flag | roll3_mean_total_scrap_qty | current_medium_risk_flag | current_risk_severity | late_rate_trend,risk_change | quality_event_rate | roll3_mean_late_delivery_rate | avg_days_late_trend | lag1_total_scrap_qty,current_high_risk_flag,0.9689082147594448,2.4030327658998827,risk_change,-0.5467056628655669,1.4852506846147433,quality_event_rate,-0.48283048038585913,2.699764692365088,roll3_mean_total_scrap_qty,0.46356585849330895,5.40154792374786,current_medium_risk_flag,0.3828694870333796,-1.185989393666367,current_risk_severity,0.3516440778630827,1.77615477210074,late_rate_trend,0.2078117876148836,0.9499427542201239,roll3_mean_quality_event_rate,0.20286100667920154,2.3380289596189914,lag1_quality_event_rate,0.17264820045742382,1.3491488174998103,roll3_mean_late_delivery_rate,-0.1648005356191877,0.7244272677524787
SUP028,2024-07,Medium,0.010014623490398347,0.28327192878460883,0.7067134477249928,Medium,False,previous_risk_severity | current_medium_risk_flag | roll3_mean_late_delivery_rate | quality_event_rate | roll3_std_quality_event_rate,current_risk_severity | lag1_late_delivery_rate | current_high_risk_flag | avg_days_late | roll3_mean_quality_event_rate,previous_risk_severity,0.3890764576236437,-1.5239025696136401,current_medium_risk_flag,0.3828694870333796,-1.185989393666367,current_risk_severity,-0.2958450961440389,-1.494314030573364,lag1_late_delivery_rate,-0.2897278845551938,-1.065988986696918,current_high_risk_flag,-0.16778891006344743,-0.41614080930998976,roll3_mean_late_delivery_rate,0.11723617054323159,-0.5153446764557033,avg_days_late,-0.08893894670124658,-0.5698296135305072,quality_event_rate,0.0786789594078634,-0.4399363446806882,roll3_mean_quality_event_rate,-0.060411142162845675,-0.6962550475939943,roll3_std_quality_event_rate,0.05829490817009169,-0.7896647676998135
SUP028,2024-08,Low,0.003333309303141327,0.5522005647657269,0.44446612593113183,Low,False,roll3_mean_avg_days_late | previous_risk_severity | lag1_late_delivery_rate | avg_days_late | late_rate_trend,current_medium_risk_flag | late_delivery_rate | avg_days_late_trend | roll3_std_quality_event_rate | total_scrap_qty,roll3_mean_avg_days_late,0.7972398952826453,-0.8890338874607416,previous_risk_severity,0.44996440119593584,-1.5239025696136401,lag1_late_delivery_rate,0.4304154978281384,-0.9490705724011613,avg_days_late,0.3901161852855275,-1.3325659449001674,current_medium_risk_flag,-0.37904637879555014,-1.185989393666367,late_rate_trend,0.3564497302992177,-1.0845370066123106,current_risk_severity,0.342896652680044,-1.494314030573364,lag1_avg_days_late,0.3197708312183576,-0.5693528585832055,delay_acceleration,0.29740278813379856,-0.7127696157254754,late_delivery_rate,-0.2568125066086233,-1.8485686540486495
SUP028,2024-09,Low,0.0026790060077049697,0.5712856043850634,0.42603538960723164,Low,False,roll3_mean_avg_days_late | lag1_late_delivery_rate | lag1_avg_days_late | previous_risk_severity | current_risk_severity,delay_acceleration | current_medium_risk_flag | late_rate_trend | late_delivery_rate | roll3_std_quality_event_rate,roll3_mean_avg_days_late,0.8780089970823555,-0.9791027224307367,lag1_late_delivery_rate,0.8510723928281096,-1.8766233258141636,lag1_avg_days_late,0.7548613548574507,-1.34403275178217,previous_risk_severity,0.44996440119593584,-1.5239025696136401,delay_acceleration,-0.4272785731950405,1.0240360769144634,current_medium_risk_flag,-0.37904637879555014,-1.185989393666367,current_risk_severity,0.342896652680044,-1.494314030573364,avg_days_late,0.26080035582492234,-0.8908465880126873,late_rate_trend,-0.21824756032100365,0.6640418989019514,lag1_quality_event_rate,0.18663542088624882,-0.42900802741037075
SUP028,2024-10,Low,0.013596427800025037,0.6679095028255225,0.31849406937445246,Low,False,roll3_mean_avg_days_late | lag1_late_delivery_rate | lag1_avg_days_late | previous_risk_severity | current_medium_risk_flag,risk_change | late_rate_trend | roll3_std_quality_event_rate | total_scrap_qty | lag1_total_scrap_qty,roll3_mean_avg_days_late,0.7857078624145755,-0.8761740593566922,lag1_late_delivery_rate,0.566992411789168,-1.2502240637690192,lag1_avg_days_late,0.5028897384738681,-0.8953965846770456,previous_risk_severity,0.44996440119593584,-1.5239025696136401,risk_change,-0.4235222532357544,1.4852506846147433,current_medium_risk_flag,0.26948260799041307,0.8431778608985705,late_rate_trend,-0.23408762345610024,0.7122370108541104,lag1_quality_event_rate,0.18663542088624882,-0.42900802741037075,roll3_mean_total_scrap_qty,0.18384715093817178,-0.626651568363702,current_high_risk_flag,0.1824010490879777,-0.41614080930998976
SUP028,2024-11,Medium,0.023589767773310896,0.44477289437930156,0.5316373378473875,Medium,False,roll3_mean_late_delivery_rate | late_rate_trend | avg_days_late_trend | quality_event_rate | roll3_std_quality_event_rate,current_medium_risk_flag | current_high_risk_flag | lag1_late_delivery_rate | avg_days_late | risk_worsening_streak,current_medium_risk_flag,-0.27220064260621296,0.8431778608985705,current_high_risk_flag,-0.16778891006344743,-0.41614080930998976,lag1_late_delivery_rate,-0.15790987401683085,-0.5809940829515574,roll3_mean_late_delivery_rate,0.14697328838596005,-0.6460625709619459,late_rate_trend,0.13104308219954391,0.5990200452768409,avg_days_late_trend,0.09278823147895747,-0.41002426744799625,avg_days_late,-0.0851379311482483,-0.5454766016732384,quality_event_rate,0.0786789594078634,-0.4399363446806882,risk_worsening_streak,-0.07477233812191818,0.7305457196894953,delay_acceleration,-0.07029342776746987,-0.7470048465204511
SUP028,2024-12,Medium,0.0610619299687214,0.3003115451407105,0.6386265248905681,Medium,False,risk_worsening_streak | quality_event_rate | roll3_std_quality_event_rate | roll3_mean_late_delivery_rate | lag1_short_delivery_rate,current_medium_risk_flag | current_high_risk_flag | is_worsening | avg_days_late | roll3_mean_quality_event_rate,current_medium_risk_flag,-0.27220064260621296,0.8431778608985705,current_high_risk_flag,-0.16778891006344743,-0.41614080930998976,is_worsening,-0.0999689117641761,-1.4052114749531837,avg_days_late,-0.09895980588642384,-0.634033008426943,risk_worsening_streak,0.08872240120436561,-0.8668415629151476,quality_event_rate,0.0786789594078634,-0.4399363446806882,roll3_mean_quality_event_rate,-0.060411142162845675,-0.6962550475939943,roll3_std_quality_event_rate,0.05829490817009169,-0.7896647676998135,lag1_quality_event_rate,-0.05489940246284215,-0.42900802741037075,roll3_mean_total_scrap_qty,-0.05377981948240102,-0.626651568363702
SUP029,2024-07,Medium,0.006178238189325683,0.3204310998916285,0.6733906619190458,Medium,False,risk_change | avg_days_late_trend | current_medium_risk_flag | quality_rate_trend | roll3_mean_late_delivery_rate,late_rate_trend | current_risk_severity | quality_event_rate | delay_acceleration | avg_days_late,risk_change,0.5532755163248956,-1.5030991906959505,avg_days_late_trend,0.5198376797493659,-2.2971238963578817,late_rate_trend,-0.4280949855038347,-1.9568944296411561,current_medium_risk_flag,0.3828694870333796,-1.185989393666367,current_risk_severity,-0.2958450961440389,-1.494314030573364,quality_event_rate,-0.27364068909015854,1.5300721491519553,delay_acceleration,-0.22820699266594524,-2.4251446393429172,quality_rate_trend,0.22149568384213683,1.4371587541200592,avg_days_late,-0.16890933274766146,-1.0821978826059868,current_high_risk_flag,-0.16778891006344743,-0.41614080930998976
SUP029,2024-08,Medium,0.010036345855262847,0.34071878408759054,0.6492448700571466,Medium,False,previous_risk_severity | current_medium_risk_flag | lag1_quality_event_rate | roll3_mean_late_delivery_rate | delay_acceleration,lag1_late_delivery_rate | current_risk_severity | quality_rate_trend | current_high_risk_flag | avg_days_late,previous_risk_severity,0.3890764576236437,-1.5239025696136401,current_medium_risk_flag,0.3828694870333796,-1.185989393666367,lag1_late_delivery_rate,-0.37446803418699853,-1.3777714248189357,current_risk_severity,-0.2958450961440389,-1.494314030573364,quality_rate_trend,-0.22065374601682278,-1.431695901322723,lag1_quality_event_rate,0.19941850668333755,1.5583437404304203,current_high_risk_flag,-0.16778891006344743,-0.41614080930998976,roll3_mean_late_delivery_rate,0.15751040727892893,-0.6923814510610693,avg_days_late,-0.15367687826263007,-0.9846039265916099,delay_acceleration,0.13439643136961515,1.428224355771366
SUP029,2024-09,Low,0.0009628408008957579,0.752690362065987,0.24634679713311713,Low,False,roll3_mean_avg_days_late | lag1_avg_days_late | spend_share | previous_risk_severity | lag1_late_delivery_rate,current_medium_risk_flag | late_delivery_rate | total_scrap_qty | quality_rate_acceleration | avg_days_late_trend,roll3_mean_avg_days_late,1.0632110090500093,-1.1856288454200792,lag1_avg_days_late,0.5563720859897632,-0.9906220538854054,spend_share,0.47659218076011717,2.2665041830525436,previous_risk_severity,0.44996440119593584,-1.5239025696136401,lag1_late_delivery_rate,0.4161074401750784,-0.9175211590197672,late_rate_trend,0.4142401707235602,-1.260370696305415,avg_days_late,0.3816838261369336,-1.303762539503492,current_medium_risk_flag,-0.37904637879555014,-1.185989393666367,current_risk_severity,0.342896652680044,-1.494314030573364,late_delivery_rate,-0.2738346882365483,-1.9710964537903475
SUP029,2024-10,Low,0.015597732455363581,0.606174456434438,0.3782278111101983,Low,False,lag1_late_delivery_rate | lag1_avg_days_late | roll3_mean_avg_days_late | previous_risk_severity | avg_days_late_trend,late_rate_trend | delay_acceleration | risk_change | roll3_std_quality_event_rate | total_scrap_qty,lag1_late_delivery_rate,0.9076313030802067,-2.001336301062971,late_rate_trend,-0.7755247660286244,2.359618304652264,lag1_avg_days_late,0.7384309211397797,-1.3147783186330442,roll3_mean_avg_days_late,0.7358835964932888,-0.8206130405416777,delay_acceleration,-0.5541888088859529,1.3281951619474697,previous_risk_severity,0.44996440119593584,-1.5239025696136401,risk_change,-0.4235222532357544,1.4852506846147433,avg_days_late_trend,0.3737939412122709,1.7462248011198873,current_medium_risk_flag,0.26948260799041307,0.8431778608985705,lag1_quality_event_rate,0.18663542088624882,-0.42900802741037075
SUP029,2024-11,Medium,0.005379831652886388,0.35997179219454434,0.6346483761525692,Medium,False,risk_change | current_medium_risk_flag | avg_days_late_trend | roll3_mean_late_delivery_rate | risk_worsening_streak,late_rate_trend | current_risk_severity | current_high_risk_flag | delay_acceleration | avg_days_late,risk_change,0.5532755163248956,-1.5030991906959505,current_medium_risk_flag,0.3828694870333796,-1.185989393666367,late_rate_trend,-0.32938826654834374,-1.5056893582600408,current_risk_severity,-0.2958450961440389,-1.494314030573364,avg_days_late_trend,0.24839595028715727,-1.097643159376712,roll3_mean_late_delivery_rate,0.24645390472028159,-1.0833576975502024,current_high_risk_flag,-0.16778891006344743,-0.41614080930998976,delay_acceleration,-0.1596349975431133,-1.696433374019799,avg_days_late,-0.12568209704689667,-0.805242061484106,is_worsening,-0.0999689117641761,-1.4052114749531837
SUP029,2024-12,Medium,0.04153581119782868,0.38707203904427295,0.5713921497578984,Medium,False,previous_risk_severity | late_rate_trend | roll3_mean_late_delivery_rate | quality_event_rate | delay_acceleration,risk_change | lag1_late_delivery_rate | current_medium_risk_flag | current_high_risk_flag | avg_days_late,risk_change,-0.5467056628655669,1.4852506846147433,previous_risk_severity,0.3890764576236437,-1.5239025696136401,lag1_late_delivery_rate,-0.3179746010991287,-1.1699164660709238,current_medium_risk_flag,-0.27220064260621296,0.8431778608985705,late_rate_trend,0.23102246078479954,1.0560426586162783,current_high_risk_flag,-0.16778891006344743,-0.41614080930998976,roll3_mean_late_delivery_rate,0.09618696333214245,-0.42281694521385355,avg_days_late,-0.09020595188557934,-0.5779472841495967,quality_event_rate,0.0786789594078634,-0.4399363446806882,delay_acceleration,0.07760227372356027,0.8246755978989685
SUP029,2025-01,Medium,0.006568188239946687,0.34487184644113433,0.648559965318919,Medium,False,risk_change | current_medium_risk_flag | roll3_mean_late_delivery_rate | risk_worsening_streak | avg_days_late_trend,current_risk_severity | late_rate_trend | current_high_risk_flag | avg_days_late | is_worsening,risk_change,0.5532755163248956,-1.5030991906959505,current_medium_risk_flag,0.3828694870333796,-1.185989393666367,current_risk_severity,-0.2958450961440389,-1.494314030573364,late_rate_trend,-0.23215123731497117,-1.0612024866427683,roll3_mean_late_delivery_rate,0.198840041243273,-0.8740575220611315,current_high_risk_flag,-0.16778891006344743,-0.41614080930998976,avg_days_late,-0.12568209704689667,-0.805242061484106,is_worsening,-0.0999689117641761,-1.4052114749531837,risk_worsening_streak,0.08872240120436561,-0.8668415629151476,avg_days_late_trend,0.08109303109384755,-0.3583440500957591
SUP030,2024-07,Medium,0.008905043252206701,0.2040377997019046,0.7870571570458887,Medium,False,risk_change | current_medium_risk_flag | avg_days_late_trend | roll3_mean_late_delivery_rate | roll3_mean_total_scrap_qty,current_risk_severity | late_rate_trend | current_high_risk_flag | avg_days_late | delay_acceleration,risk_change,0.5532755163248956,-1.5030991906959505,current_medium_risk_flag,0.3828694870333796,-1.185989393666367,avg_days_late_trend,0.35432632694825916,-1.5657415852078864,current_risk_severity,-0.2958450961440389,-1.494314030573364,late_rate_trend,-0.2560675498369862,-1.1705279876102843,roll3_mean_late_delivery_rate,0.22296858519735321,-0.9801213470713264,current_high_risk_flag,-0.16778891006344743,-0.41614080930998976,avg_days_late,-0.158342675131919,-1.014497570776194,delay_acceleration,-0.14017019882422366,-1.4895819023906898,roll3_mean_total_scrap_qty,0.11866873984283562,1.382748262340152
SUP030,2024-08,Medium,0.010858756751988335,0.23205640398381702,0.7570848392641947,Medium,False,previous_risk_severity | current_medium_risk_flag | roll3_mean_late_delivery_rate | late_rate_trend | delay_acceleration,lag1_late_delivery_rate | current_risk_severity | current_high_risk_flag | avg_days_late | avg_days_late_trend,previous_risk_severity,0.3890764576236437,-1.5239025696136401,current_medium_risk_flag,0.3828694870333796,-1.185989393666367,lag1_late_delivery_rate,-0.3713295101265613,-1.3662239271107126,current_risk_severity,-0.2958450961440389,-1.494314030573364,roll3_mean_late_delivery_rate,0.20323028985208924,-0.8933560989285514,current_high_risk_flag,-0.16778891006344743,-0.41614080930998976,late_rate_trend,0.13259038210622043,0.6060930142928083,avg_days_late,-0.11168470643902999,-0.7155611289303542,delay_acceleration,0.10957803881736987,1.164480502210793,avg_days_late_trend,-0.08948982023754189,0.3954488344275882
SUP030,2024-09,Low,0.024052967709802166,0.5812476480055792,0.3946993842846186,Low,False,roll3_mean_avg_days_late | previous_risk_severity | lag1_avg_days_late | lag1_late_delivery_rate | current_medium_risk_flag,risk_change | roll3_std_quality_event_rate | total_scrap_qty | late_delivery_rate | lag1_total_scrap_qty,roll3_mean_avg_days_late,0.7089551644580105,-0.7905840759135864,previous_risk_severity,0.44996440119593584,-1.5239025696136401,risk_change,-0.4235222532357544,1.4852506846147433,lag1_avg_days_late,0.4029010018137164,-0.7173663596353299,lag1_late_delivery_rate,0.3588752095628373,-0.7913235054941884,current_medium_risk_flag,0.26948260799041307,0.8431778608985705,lag1_quality_event_rate,0.18663542088624882,-0.42900802741037075,roll3_mean_total_scrap_qty,0.18384715093817178,-0.626651568363702,current_high_risk_flag,0.1824010490879777,-0.41614080930998976,avg_days_late,0.15697535432000678,-0.5361992638228501
SUP030,2024-10,Medium,0.03712296092613139,0.4430657102999822,0.5198113287738864,Medium,False,roll3_mean_late_delivery_rate | quality_event_rate | roll3_std_quality_event_rate | is_worsening | roll3_std_avg_days_late,current_medium_risk_flag | lag1_late_delivery_rate | current_high_risk_flag | avg_days_late | risk_worsening_streak,current_medium_risk_flag,-0.27220064260621296,0.8431778608985705,lag1_late_delivery_rate,-0.18077626360001633,-0.6651258519686101,current_high_risk_flag,-0.16778891006344743,-0.41614080930998976,roll3_mean_late_delivery_rate,0.15435117785642954,-0.6784941664709698,avg_days_late,-0.08893894670124658,-0.5698296135305072,quality_event_rate,0.0786789594078634,-0.4399363446806882,risk_worsening_streak,-0.07477233812191818,0.7305457196894953,roll3_mean_quality_event_rate,-0.060411142162845675,-0.6962550475939943,roll3_std_quality_event_rate,0.05829490817009169,-0.7896647676998135,roll3_mean_avg_days_late,-0.05799861375960264,-0.6315125057082448
SUP030,2024-11,Medium,0.06523700099319242,0.32968850412978123,0.6050744948770265,Medium,False,late_rate_trend | roll3_mean_late_delivery_rate | quality_event_rate | roll3_std_quality_event_rate | is_worsening,current_medium_risk_flag | current_high_risk_flag | lag1_late_delivery_rate | risk_worsening_streak | avg_days_late_trend,current_medium_risk_flag,-0.27220064260621296,0.8431778608985705,current_high_risk_flag,-0.16778891006344743,-0.41614080930998976,lag1_late_delivery_rate,-0.12932688703784903,-0.47582937168024175,risk_worsening_streak,-0.12927058456401277,1.2630081472243764,avg_days_late_trend,-0.11626347540488287,0.5137596177232457,late_rate_trend,0.1051555645301473,0.48068383289430777,roll3_mean_late_delivery_rate,0.08954642974927143,-0.3936266056206991,quality_event_rate,0.0786789594078634,-0.4399363446806882,roll3_mean_quality_event_rate,-0.060411142162845675,-0.6962550475939943,roll3_std_quality_event_rate,0.05829490817009169,-0.7896647676998135
SUP030,2024-12,Medium,0.009623239151272429,0.30045331919828955,0.6899234416504381,Medium,False,risk_change | current_medium_risk_flag | avg_days_late_trend | roll3_mean_late_delivery_rate | risk_worsening_streak,late_rate_trend | current_risk_severity | current_high_risk_flag | avg_days_late | is_worsening,risk_change,0.5532755163248956,-1.5030991906959505,current_medium_risk_flag,0.3828694870333796,-1.185989393666367,late_rate_trend,-0.30562360913497777,-1.3970570983894572,current_risk_severity,-0.2958450961440389,-1.494314030573364,avg_days_late_trend,0.2734000558046826,-1.2081344348822778,current_high_risk_flag,-0.16778891006344743,-0.41614080930998976,avg_days_late,-0.15745995680529676,-1.0088420164710024,roll3_mean_late_delivery_rate,0.1355154327097771,-0.5956963324627002,is_worsening,-0.0999689117641761,-1.4052114749531837,delay_acceleration,-0.09677415828473755,-1.0284142849851272
SUP030,2025-01,Medium,0.004356413905278931,0.4376332355109364,0.5580103505837848,Medium,False,previous_risk_severity | current_medium_risk_flag | roll3_mean_late_delivery_rate | quality_rate_trend | delay_acceleration,lag1_late_delivery_rate | current_risk_severity | current_high_risk_flag | avg_days_late | quality_event_rate,previous_risk_severity,0.3890764576236437,-1.5239025696136401,current_medium_risk_flag,0.3828694870333796,-1.185989393666367,lag1_late_delivery_rate,-0.3309528222139096,-1.2176669295670888,current_risk_severity,-0.2958450961440389,-1.494314030573364,roll3_mean_late_delivery_rate,0.17488703246761744,-0.7687653114708949,current_high_risk_flag,-0.16778891006344743,-0.41614080930998976,avg_days_late,-0.15323945980613424,-0.9818013974493052,quality_rate_trend,0.1178669112189432,0.7647709442506573,quality_event_rate,-0.10849085385671078,0.6066306676679039,roll3_mean_avg_days_late,-0.06973918473232764,-0.7593486195878371
SUP031,2024-07,Medium,0.04818231016989991,0.3514419478512907,0.6003757419788094,Medium,False,quality_event_rate | late_rate_trend | roll3_mean_late_delivery_rate | roll3_std_quality_event_rate | is_worsening,current_medium_risk_flag | current_high_risk_flag | lag1_late_delivery_rate | avg_days_late | roll3_mean_quality_event_rate,current_medium_risk_flag,-0.27220064260621296,0.8431778608985705,current_high_risk_flag,-0.16778891006344743,-0.41614080930998976,lag1_late_delivery_rate,-0.14335853519116745,-0.5274556844861606,quality_event_rate,0.0786789594078634,-0.4399363446806882,avg_days_late,-0.07865086460446455,-0.5039141281034994,late_rate_trend,0.07647251956082801,0.34956879341411534,roll3_mean_late_delivery_rate,0.0658342769705599,-0.2893931455444241,roll3_mean_quality_event_rate,-0.060411142162845675,-0.6962550475939943,roll3_std_quality_event_rate,0.05829490817009169,-0.7896647676998135,lag1_quality_event_rate,-0.05489940246284215,-0.42900802741037075
SUP031,2024-08,Medium,0.011375807119336653,0.2451381072699007,0.7434860856107628,Medium,False,risk_change | current_medium_risk_flag | roll3_mean_late_delivery_rate | risk_worsening_streak | quality_event_rate,current_risk_severity | current_high_risk_flag | late_rate_trend | is_worsening | avg_days_late,risk_change,0.5532755163248956,-1.5030991906959505,current_medium_risk_flag,0.3828694870333796,-1.185989393666367,current_risk_severity,-0.2958450961440389,-1.494314030573364,current_high_risk_flag,-0.16778891006344743,-0.41614080930998976,late_rate_trend,-0.13802773593616446,-0.6309480763283577,roll3_mean_late_delivery_rate,0.11114615318309211,-0.48857428629771554,is_worsening,-0.0999689117641761,-1.4052114749531837,avg_days_late,-0.09474049675582291,-0.6070000000494965,risk_worsening_streak,0.08872240120436561,-0.8668415629151476,quality_event_rate,0.0786789594078634,-0.4399363446806882
SUP031,2024-09,Medium,0.0129327124336866,0.3035720132280842,0.6834952743382292,Medium,False,previous_risk_severity | current_medium_risk_flag | roll3_mean_late_delivery_rate | risk_worsening_streak | quality_event_rate,current_risk_severity | lag1_late_delivery_rate | current_high_risk_flag | avg_days_late | is_worsening,previous_risk_severity,0.3890764576236437,-1.5239025696136401,current_medium_risk_flag,0.3828694870333796,-1.185989393666367,current_risk_severity,-0.2958450961440389,-1.494314030573364,lag1_late_delivery_rate,-0.1916077112973147,-0.7049777425556348,current_high_risk_flag,-0.16778891006344743,-0.41614080930998976,roll3_mean_late_delivery_rate,0.1259152126137844,-0.5534958554567705,avg_days_late,-0.12568209704689667,-0.805242061484106,is_worsening,-0.0999689117641761,-1.4052114749531837,risk_worsening_streak,0.08872240120436561,-0.8668415629151476,quality_event_rate,0.0786789594078634,-0.4399363446806882
SUP031,2024-10,Low,0.03561636416139198,0.4952781075928849,0.46910552824572316,Low,False,roll3_mean_avg_days_late | lag1_avg_days_late | previous_risk_severity | lag1_late_delivery_rate | current_medium_risk_flag,risk_change | delay_acceleration | roll3_std_quality_event_rate | total_scrap_qty | lag1_total_scrap_qty,roll3_mean_avg_days_late,0.5306522206810383,-0.5917513780146227,lag1_avg_days_late,0.4540580298723987,-0.8084515910520217,previous_risk_severity,0.44996440119593584,-1.5239025696136401,risk_change,-0.4235222532357544,1.4852506846147433,lag1_late_delivery_rate,0.31971631493340935,-0.7049777425556348,current_medium_risk_flag,0.26948260799041307,0.8431778608985705,delay_acceleration,-0.24964415455887132,0.5983090112557553,spend_share,0.1969632231325564,0.9366875646710324,lag1_quality_event_rate,0.18663542088624882,-0.42900802741037075,roll3_mean_total_scrap_qty,0.18384715093817178,-0.626651568363702
SUP031,2024-11,Medium,0.035046873205788205,0.38627245339884153,0.5786806733953702,Medium,False,late_rate_trend | roll3_mean_late_delivery_rate | quality_event_rate | roll3_std_quality_event_rate | is_worsening,current_medium_risk_flag | current_high_risk_flag | lag1_late_delivery_rate | roll3_mean_quality_event_rate | lag1_quality_event_rate,current_medium_risk_flag,-0.27220064260621296,0.8431778608985705,current_high_risk_flag,-0.16778891006344743,-0.41614080930998976,lag1_late_delivery_rate,-0.13328453138878504,-0.4903906393947318,late_rate_trend,0.11953776294080985,0.5464272891571641,roll3_mean_late_delivery_rate,0.09042402672033614,-0.39748433080070295,quality_event_rate,0.0786789594078634,-0.4399363446806882,roll3_mean_quality_event_rate,-0.060411142162845675,-0.6962550475939943,roll3_std_quality_event_rate,0.05829490817009169,-0.7896647676998135,lag1_quality_event_rate,-0.05489940246284215,-0.42900802741037075,roll3_mean_total_scrap_qty,-0.05377981948240102,-0.626651568363702
SUP031,2024-12,Medium,0.10109940196468148,0.23143403866228246,0.6674665593730361,Medium,False,risk_worsening_streak | quality_event_rate | roll3_mean_late_delivery_rate | roll3_std_avg_days_late | roll3_std_quality_event_rate,current_medium_risk_flag | current_high_risk_flag | late_rate_trend | is_worsening | roll3_mean_quality_event_rate,current_medium_risk_flag,-0.27220064260621296,0.8431778608985705,current_high_risk_flag,-0.16778891006344743,-0.41614080930998976,late_rate_trend,-0.1182769224553449,-0.5406637745021896,is_worsening,-0.0999689117641761,-1.4052114749531837,risk_worsening_streak,0.08872240120436561,-0.8668415629151476,quality_event_rate,0.0786789594078634,-0.4399363446806882,roll3_mean_late_delivery_rate,0.06611033704531874,-0.2906066455184485,roll3_mean_quality_event_rate,-0.060411142162845675,-0.6962550475939943,roll3_std_avg_days_late,0.05884134977974017,-1.5674678146988057,roll3_std_quality_event_rate,0.05829490817009169,-0.7896647676998135
SUP031,2025-01,Medium,0.09545830720206268,0.22068885179346182,0.6838528410044755,Medium,False,quality_event_rate | roll3_std_quality_event_rate | is_worsening | roll3_mean_late_delivery_rate | delay_acceleration,current_medium_risk_flag | current_high_risk_flag | avg_days_late_trend | lag1_late_delivery_rate | roll3_mean_quality_event_rate,current_medium_risk_flag,-0.27220064260621296,0.8431778608985705,current_high_risk_flag,-0.16778891006344743,-0.41614080930998976,avg_days_late_trend,-0.1532036011927087,0.6769952756743838,lag1_late_delivery_rate,-0.11217709485046011,-0.412730544917453,quality_event_rate,0.0786789594078634,-0.4399363446806882,roll3_mean_quality_event_rate,-0.060411142162845675,-0.6962550475939943,roll3_std_quality_event_rate,0.05829490817009169,-0.7896647676998135,lag1_quality_event_rate,-0.05489940246284215,-0.42900802741037075,roll3_mean_total_scrap_qty,-0.05377981948240102,-0.626651568363702,is_worsening,0.0506269296080789,0.7116366595521264
SUP032,2024-07,Low,0.0025794694377974606,0.6179419125816277,0.37947861798057486,Low,False,roll3_mean_avg_days_late | late_rate_trend | delay_acceleration | avg_days_late | risk_change,current_medium_risk_flag | avg_days_late_trend | late_delivery_rate | spend_share | lag1_late_delivery_rate,roll3_mean_avg_days_late,1.1074753614470292,-1.2349897837277426,late_rate_trend,0.9118419439735402,-2.7743781194348793,delay_acceleration,0.8300381830031518,-1.9893088442414388,avg_days_late,0.4654668817800145,-1.5899502213294356,risk_change,0.42861179104287933,-1.5030991906959505,current_medium_risk_flag,-0.37904637879555014,-1.185989393666367,avg_days_late_trend,-0.37394422919284614,-1.7469268900786854,current_risk_severity,0.342896652680044,-1.494314030573364,late_delivery_rate,-0.28092726391485034,-2.0221497036827216,lag1_avg_days_late,0.21905543222782684,-0.3900288092315934
SUP032,2024-08,Medium,0.05831958370077751,0.4703963076267162,0.4712841086725064,Medium,False,late_rate_trend | previous_risk_severity | quality_rate_trend | delay_acceleration | roll3_mean_late_delivery_rate,lag1_late_delivery_rate | risk_change | quality_event_rate | avg_days_late_trend | current_medium_risk_flag,lag1_late_delivery_rate,-0.5580716917225755,-2.0533000407499737,late_rate_trend,0.5564553380798065,2.543651265036146,risk_change,-0.5467056628655669,1.4852506846147433,quality_event_rate,-0.5202644430387741,2.9090780948348067,avg_days_late_trend,-0.3995797047341714,1.765712883081195,previous_risk_severity,0.3890764576236437,-1.5239025696136401,quality_rate_trend,0.37624798429277284,2.441257883525034,current_medium_risk_flag,-0.27220064260621296,0.8431778608985705,delay_acceleration,0.19650110159404602,2.088207673168694,current_high_risk_flag,-0.16778891006344743,-0.41614080930998976
SUP032,2024-09,Medium,0.06891230612229776,0.29083147772582696,0.6402562161518752,Medium,False,lag1_quality_event_rate | roll3_mean_late_delivery_rate | roll3_mean_quality_event_rate | quality_event_rate | roll3_std_late_delivery_rate,quality_rate_trend | current_medium_risk_flag | current_high_risk_flag | late_rate_trend | roll3_std_quality_event_rate,lag1_quality_event_rate,0.37744104308566345,2.949489977918975,quality_rate_trend,-0.37540604646745873,-2.4357950307276974,current_medium_risk_flag,-0.27220064260621296,0.8431778608985705,roll3_mean_late_delivery_rate,0.16799999910581417,-0.7384914125271439,current_high_risk_flag,-0.16778891006344743,-0.41614080930998976,late_rate_trend,-0.13940113687357233,-0.6372261238063358,roll3_std_quality_event_rate,-0.13070657629160198,1.7705556358882844,avg_days_late_trend,-0.1070535051016088,0.4730614465583589,roll3_mean_quality_event_rate,0.09320638806360791,1.0742292867490906,quality_event_rate,0.0786789594078634,-0.4399363446806882
SUP032,2024-10,Medium,0.010222603247157775,0.31592432537502013,0.673853071377822,Medium,False,risk_change | avg_days_late_trend | current_medium_risk_flag | roll3_mean_late_delivery_rate | roll3_mean_quality_event_rate,late_rate_trend | current_risk_severity | avg_days_late | current_high_risk_flag | delay_acceleration,risk_change,0.5532755163248956,-1.5030991906959505,avg_days_late_trend,0.4440828130466976,-1.962368796165825,current_medium_risk_flag,0.3828694870333796,-1.185989393666367,late_rate_trend,-0.3713532951913655,-1.6975185867538307,current_risk_severity,-0.2958450961440389,-1.494314030573364,avg_days_late,-0.20733354225945244,-1.3283808347143258,current_high_risk_flag,-0.16778891006344743,-0.41614080930998976,roll3_mean_late_delivery_rate,0.14350211481204667,-0.6308040478109331,delay_acceleration,-0.136751454937199,-1.453251076967471,roll3_std_quality_event_rate,-0.13070657629160198,1.7705556358882844
SUP032,2024-11,Medium,0.04959334881885063,0.4520833974360079,0.4983232537451415,Medium,False,previous_risk_severity | late_rate_trend | roll3_mean_late_delivery_rate | delay_acceleration | quality_event_rate,risk_change | lag1_late_delivery_rate | current_medium_risk_flag | avg_days_late_trend | current_high_risk_flag,risk_change,-0.5467056628655669,1.4852506846147433,lag1_late_delivery_rate,-0.4780393281814266,-1.7588388491902904,previous_risk_severity,0.3890764576236437,-1.5239025696136401,late_rate_trend,0.2810121500774273,1.2845539652859967,current_medium_risk_flag,-0.27220064260621296,0.8431778608985705,roll3_mean_late_delivery_rate,0.2120961908345956,-0.932328669016323,avg_days_late_trend,-0.19608321803325832,0.8664771011522656,current_high_risk_flag,-0.16778891006344743,-0.41614080930998976,delay_acceleration,0.15819017777234384,1.6810793444128829,avg_days_late,-0.10935180800438551,-0.700614306838062
SUP032,2024-12,Medium,0.030118693678406142,0.3337616588201313,0.6361196475014625,Medium,False,late_rate_trend | roll3_mean_late_delivery_rate | quality_event_rate | roll3_std_late_delivery_rate | roll3_std_quality_event_rate,current_medium_risk_flag | avg_days_late_trend | current_high_risk_flag | lag1_late_delivery_rate | roll3_mean_avg_days_late,late_rate_trend,0.3081940436302936,1.408806988287656,current_medium_risk_flag,-0.27220064260621296,0.8431778608985705,avg_days_late_trend,-0.16852640212584294,0.7447055890160562,current_high_risk_flag,-0.16778891006344743,-0.41614080930998976,lag1_late_delivery_rate,-0.15790987401683085,-0.5809940829515574,roll3_mean_late_delivery_rate,0.1294158313431307,-0.5688838130991134,quality_event_rate,0.0786789594078634,-0.4399363446806882,roll3_std_late_delivery_rate,0.076917731120523,2.0398744424126614,roll3_mean_avg_days_late,-0.06999907755388546,-0.7621784383769178,roll3_mean_quality_event_rate,-0.060411142162845675,-0.6962550475939943
SUP033,2024-07,High,0.9193744441985748,6.634071641384933e-08,0.08062548946070879,High,True,roll3_mean_avg_days_late | lag1_avg_days_late | previous_risk_severity | roll3_mean_late_delivery_rate | avg_days_late,delay_acceleration | late_delivery_rate | lag1_quality_event_rate | lag1_short_delivery_rate | roll3_mean_total_scrap_qty,roll3_mean_avg_days_late,2.988256380372764,3.7125449335758596,lag1_avg_days_late,2.3277480937036557,4.178464829011858,previous_risk_severity,0.9921619094049008,1.802007694049649,delay_acceleration,-0.5502025422544875,-1.7026271374382511,roll3_mean_late_delivery_rate,0.4761622946200548,2.6213543666186165,avg_days_late,0.46105220921584106,3.3733288896922735,lag1_late_delivery_rate,0.4295167943485333,2.3636178326452755,late_delivery_rate,-0.3839403070168097,2.317376537169076,is_worsening,0.16199009382142265,-1.4052114749531837,lag1_quality_event_rate,-0.1317360184234078,-0.42900802741037075
SUP033,2024-08,High,0.9385254440114461,3.3242975193566124e-08,0.06147452274557872,High,True,roll3_mean_avg_days_late | lag1_avg_days_late | previous_risk_severity | avg_days_late | roll3_mean_late_delivery_rate,spend_share | late_delivery_rate | lag1_quality_event_rate | roll3_mean_total_scrap_qty | quality_event_rate,roll3_mean_avg_days_late,3.3610727579407507,4.1757239174090595,lag1_avg_days_late,1.9138840242656285,3.4355509102694652,previous_risk_severity,0.9921619094049008,1.802007694049649,avg_days_late,0.5656215104770074,4.13841934554147,spend_share,-0.5034709695464858,2.0428761698334212,roll3_mean_late_delivery_rate,0.4761622946200548,2.6213543666186165,lag1_late_delivery_rate,0.4295167943485333,2.3636178326452755,delay_acceleration,0.41141874812339135,1.2731542870293695,late_delivery_rate,-0.3839403070168097,2.317376537169076,lag1_quality_event_rate,-0.1317360184234078,-0.42900802741037075
SUP033,2024-09,High,0.956429614496581,2.8496004153181866e-08,0.04357035700741463,High,True,roll3_mean_avg_days_late | lag1_avg_days_late | previous_risk_severity | avg_days_late | roll3_mean_late_delivery_rate,total_scrap_qty | late_delivery_rate | delay_acceleration | lag1_quality_event_rate | roll3_std_quality_event_rate,roll3_mean_avg_days_late,3.35381010123488,4.166700950191529,lag1_avg_days_late,2.3467763267812662,4.212621790793118,previous_risk_severity,0.9921619094049008,1.802007694049649,total_scrap_qty,-0.6671868433117137,1.9885012585867028,avg_days_late,0.5575777180723023,4.07956623355307,roll3_mean_late_delivery_rate,0.45415601944602085,2.5002060813128795,lag1_late_delivery_rate,0.4295167943485333,2.3636178326452755,quality_event_rate,0.42433212436882967,1.653197680016496,late_delivery_rate,-0.33001772439492755,1.9919120691051913,delay_acceleration,-0.22811733897129435,-0.7059196241828312
SUP033,2024-10,High,0.9196729081962496,6.252372223956329e-08,0.08032702928002819,High,True,roll3_mean_avg_days_late | lag1_avg_days_late | previous_risk_severity | lag1_quality_event_rate | roll3_mean_late_delivery_rate,lag1_total_scrap_qty | delay_acceleration | late_delivery_rate | quality_rate_acceleration | quality_event_rate,roll3_mean_avg_days_late,3.1146804045119802,3.8696113999550827,lag1_avg_days_late,2.313476918895448,4.152847107675914,previous_risk_severity,0.9921619094049008,1.802007694049649,lag1_quality_event_rate,0.5166636720207559,1.68255322592047,roll3_mean_late_delivery_rate,0.434594885957991,2.392518716596671,lag1_total_scrap_qty,-0.41011880544135165,2.0340134124974436,delay_acceleration,-0.40834087398187413,-1.2636296635743534,lag1_late_delivery_rate,0.3693185979751926,2.0323489921406317,avg_days_late,0.3475453608383358,2.5428460871892997,late_delivery_rate,-0.33600912246402553,2.028074787778956
SUP033,2024-11,High,0.9273160402111514,1.35829530091678e-07,0.07268382395931852,High,True,roll3_mean_avg_days_late | lag1_avg_days_late | previous_risk_severity | delay_acceleration | lag1_late_delivery_rate,late_delivery_rate | lag1_quality_event_rate | quality_event_rate | late_rate_trend | roll3_std_quality_event_rate,roll3_mean_avg_days_late,2.6401868330618146,3.280110875076464,lag1_avg_days_late,1.4439923796546372,2.5920637151711414,previous_risk_severity,0.9921619094049008,1.802007694049649,delay_acceleration,0.4080717396160521,1.2627968148692414,lag1_late_delivery_rate,0.3760072864611193,2.0691566410855917,roll3_mean_late_delivery_rate,0.36857606043588925,2.0290738606794605,avg_days_late,0.34039532314526466,2.490532209866278,late_delivery_rate,-0.22217255915116335,1.3409831329774218,is_worsening,0.16199009382142265,-1.4052114749531837,roll3_std_short_delivery_rate,0.1531979950804257,2.0023220333594183
SUP033,2024-12,High,0.804210419684249,8.824170738037397e-07,0.19578869789867714,High,True,roll3_mean_avg_days_late | lag1_avg_days_late | previous_risk_severity | quality_event_rate | avg_days_late,total_scrap_qty | late_delivery_rate | roll3_std_quality_event_rate | lag1_quality_event_rate | lag1_short_delivery_rate,roll3_mean_avg_days_late,2.4291296275791114,3.017897979270065,lag1_avg_days_late,1.4143929059783544,2.5389306635114046,previous_risk_severity,0.9921619094049008,1.802007694049649,quality_event_rate,0.6685376469103906,2.604622236697034,total_scrap_qty,-0.6671868433117137,1.9885012585867028,avg_days_late,0.45739593994097516,3.3465774751520923,roll3_mean_late_delivery_rate,0.3745777718469893,2.062114302126479,late_delivery_rate,-0.34472388329180453,2.0806751058498874,delay_acceleration,0.2493111892294594,0.7715049710779821,lag1_late_delivery_rate,0.24892220522851133,1.3698113111313444
SUP033,2025-01,High,0.9223190066611526,7.676479401869926e-08,0.07768091657405335,High,True,roll3_mean_avg_days_late | lag1_avg_days_late | previous_risk_severity | lag1_quality_event_rate | avg_days_late,lag1_total_scrap_qty | late_delivery_rate | quality_rate_acceleration | roll3_std_quality_event_rate | quality_event_rate,roll3_mean_avg_days_late,3.0015345709158194,3.7290414695998284,lag1_avg_days_late,1.8987479297720746,3.408380599761645,previous_risk_severity,0.9921619094049008,1.802007694049649,lag1_quality_event_rate,0.8113908040408302,2.6423537956163066,avg_days_late,0.6192467931750414,4.530773425464135,lag1_total_scrap_qty,-0.41011880544135165,2.0340134124974436,roll3_mean_late_delivery_rate,0.39413890533501955,2.16980166684269,lag1_late_delivery_rate,0.38573628789519465,2.1226950395509894,late_delivery_rate,-0.3839403070168097,2.317376537169076,quality_rate_acceleration,-0.31766624800291166,-2.6144854260936707
SUP033,2025-02,High,0.8332310696689285,1.115257302184184e-07,0.16676881880534133,High,True,roll3_mean_avg_days_late | lag1_avg_days_late | previous_risk_severity | roll3_mean_late_delivery_rate | avg_days_late,delay_acceleration | spend_share | late_delivery_rate | roll3_std_quality_event_rate | lag1_quality_event_rate,roll3_mean_avg_days_late,3.2048889586801756,3.9816845516906647,lag1_avg_days_late,2.568772379353388,4.6111196782411445,previous_risk_severity,0.9921619094049008,1.802007694049649,delay_acceleration,-0.6950601342259782,-2.1508956353335926,spend_share,-0.5939862237053717,2.4101494922539115,roll3_mean_late_delivery_rate,0.4601577308571212,2.5332465227598995,avg_days_late,0.4369208320017258,3.1967695537270746,lag1_late_delivery_rate,0.4295167943485333,2.3636178326452755,late_delivery_rate,-0.3839403070168097,2.317376537169076,roll3_std_quality_event_rate,-0.16844857955939582,1.5378083264711861
SUP033,2025-03,Medium,0.002800266420285415,0.00010914957556341924,0.9970905840041511,Medium,False,spend_share | current_high_risk_flag | avg_days_late | lag1_late_delivery_rate | roll3_mean_avg_days_late,roll3_mean_late_delivery_rate | avg_days_late_trend | previous_risk_severity | roll3_mean_short_delivery_rate | lag1_spend_share,spend_share,1.228173792910527,33.95024670896424,current_high_risk_flag,0.9689082147594448,2.4030327658998827,avg_days_late,0.7475080641085527,4.789265525177892,lag1_late_delivery_rate,0.6424137613946586,2.3636178326452755,roll3_mean_late_delivery_rate,-0.5963339908597283,2.6213543666186165,avg_days_late_trend,-0.5088094365662794,2.248390913087165,previous_risk_severity,-0.46008109979704603,1.802007694049649,roll3_mean_avg_days_late,0.4130796195659028,4.497778976068737,current_medium_risk_flag,0.3828694870333796,-1.185989393666367,current_risk_severity,0.3516440778630827,1.77615477210074
SUP034,2024-07,Medium,0.10412152321212437,0.16714585120311012,0.7287326255847656,Medium,False,lag1_quality_event_rate | roll3_mean_total_scrap_qty | roll3_mean_quality_event_rate | avg_days_late_trend | roll3_mean_late_delivery_rate,current_medium_risk_flag | quality_event_rate | current_high_risk_flag | quality_rate_trend | late_rate_trend,lag1_quality_event_rate,0.35685340282144873,2.788609120522338,current_medium_risk_flag,-0.27220064260621296,0.8431778608985705,quality_event_rate,-0.25406737528471257,1.420627232827918,roll3_mean_total_scrap_qty,0.23363444605966008,2.722348149476055,roll3_mean_quality_event_rate,0.17123433992466366,1.9735229168916093,current_high_risk_flag,-0.16778891006344743,-0.41614080930998976,quality_rate_trend,-0.1487167356032616,-0.9649378026197287,avg_days_late_trend,0.13338728424441054,-0.5894284505421914,late_rate_trend,-0.11247811849740011,-0.5141564629285025,avg_days_late,-0.10935180800438551,-0.700614306838062
SUP034,2024-08,Medium,0.11071381880356335,0.1291245027047442,0.7601616784916925,Medium,False,roll3_mean_total_scrap_qty | lag1_quality_event_rate | roll3_mean_quality_event_rate | roll3_mean_late_delivery_rate | quality_event_rate,current_medium_risk_flag | quality_rate_trend | current_high_risk_flag | lag1_late_delivery_rate | roll3_std_quality_event_rate,current_medium_risk_flag,-0.27220064260621296,0.8431778608985705,roll3_mean_total_scrap_qty,0.23363444605966008,2.722348149476055,quality_rate_trend,-0.20837181740962926,-1.352005494227089,lag1_quality_event_rate,0.185289733952994,1.447935308883708,roll3_mean_quality_event_rate,0.17123433992466366,1.9735229168916093,current_high_risk_flag,-0.16778891006344743,-0.41614080930998976,lag1_late_delivery_rate,-0.15790987401683085,-0.5809940829515574,roll3_mean_late_delivery_rate,0.09915139961008371,-0.4358479615584708,roll3_std_quality_event_rate,-0.09831091948222404,1.3317229897467289,avg_days_late,-0.08559866030618747,-0.5484284818983618
SUP034,2024-09,Medium,0.007799708761968388,0.3082532506266615,0.6839470406113701,Medium,False,risk_change | current_medium_risk_flag | avg_days_late_trend | roll3_mean_late_delivery_rate | risk_worsening_streak,current_risk_severity | avg_days_late | current_high_risk_flag | lag1_late_delivery_rate | late_rate_trend,risk_change,0.5532755163248956,-1.5030991906959505,current_medium_risk_flag,0.3828694870333796,-1.185989393666367,current_risk_severity,-0.2958450961440389,-1.494314030573364,avg_days_late_trend,0.18458328680935898,-0.8156597636448578,avg_days_late,-0.17090443593385066,-1.0949804589654586,current_high_risk_flag,-0.16778891006344743,-0.41614080930998976,roll3_mean_late_delivery_rate,0.16053071410435804,-0.7056580621661185,lag1_late_delivery_rate,-0.14335853519116745,-0.5274556844861606,late_rate_trend,-0.10016797023502963,-0.45788469759974515,is_worsening,-0.0999689117641761,-1.4052114749531837
SUP034,2024-10,Medium,0.003814223080274067,0.4881383135054484,0.5080474634142774,Medium,False,previous_risk_severity | current_medium_risk_flag | roll3_mean_late_delivery_rate | quality_event_rate | roll3_std_quality_event_rate,current_risk_severity | lag1_late_delivery_rate | current_high_risk_flag | avg_days_late | roll3_mean_avg_days_late,previous_risk_severity,0.3890764576236437,-1.5239025696136401,current_medium_risk_flag,0.3828694870333796,-1.185989393666367,current_risk_severity,-0.2958450961440389,-1.494314030573364,lag1_late_delivery_rate,-0.24409857321499126,-0.8981061354004471,roll3_mean_late_delivery_rate,0.2095264826918928,-0.921032791598539,current_high_risk_flag,-0.16778891006344743,-0.41614080930998976,avg_days_late,-0.15017753061066338,-0.9621836934531718,roll3_mean_avg_days_late,-0.08375648153417156,-0.9119746506733302,quality_event_rate,0.0786789594078634,-0.4399363446806882,late_rate_trend,-0.07583732425763884,-0.346665208479379
SUP034,2024-11,Medium,0.04932773125383712,0.40092203704072726,0.5497502317054356,Medium,False,late_rate_trend | previous_risk_severity | roll3_mean_late_delivery_rate | delay_acceleration | quality_event_rate,risk_change | avg_days_late_trend | lag1_late_delivery_rate | current_medium_risk_flag | current_high_risk_flag,risk_change,-0.5467056628655669,1.4852506846147433,avg_days_late_trend,-0.42052787248279483,1.8582812723974083,late_rate_trend,0.40039929038805616,1.8302927329795604,previous_risk_severity,0.3890764576236437,-1.5239025696136401,lag1_late_delivery_rate,-0.3179746010991287,-1.1699164660709238,current_medium_risk_flag,-0.27220064260621296,0.8431778608985705,current_high_risk_flag,-0.16778891006344743,-0.41614080930998976,roll3_mean_late_delivery_rate,0.12463541840119073,-0.5478701587851468,delay_acceleration,0.09499009554394353,1.009455136794513,quality_event_rate,0.0786789594078634,-0.4399363446806882
SUP034,2024-12,Medium,0.005877070542824247,0.3569724426457485,0.6371504868114272,Medium,False,risk_change | current_medium_risk_flag | avg_days_late_trend | roll3_mean_late_delivery_rate | quality_rate_trend,late_rate_trend | current_risk_severity | delay_acceleration | current_high_risk_flag | quality_event_rate,risk_change,0.5532755163248956,-1.5030991906959505,late_rate_trend,-0.46657875234389085,-2.1328102228903636,current_medium_risk_flag,0.3828694870333796,-1.185989393666367,avg_days_late_trend,0.3731749277706033,-1.6490321450280077,current_risk_severity,-0.2958450961440389,-1.494314030573364,delay_acceleration,-0.19680586036923065,-2.091446329886867,current_high_risk_flag,-0.16778891006344743,-0.41614080930998976,roll3_mean_late_delivery_rate,0.16358077291948758,-0.719065456539122,quality_event_rate,-0.14315193038718727,0.8004393736583827,quality_rate_trend,0.13961615979418124,0.9058893734825062
SUP034,2025-01,Medium,0.019657511458260158,0.3080996612690815,0.6722428272726583,Medium,False,previous_risk_severity | current_medium_risk_flag | roll3_mean_late_delivery_rate | quality_rate_trend | roll3_mean_quality_event_rate,lag1_late_delivery_rate | quality_event_rate | current_risk_severity | current_high_risk_flag | avg_days_late,previous_risk_severity,0.3890764576236437,-1.5239025696136401,current_medium_risk_flag,0.3828694870333796,-1.185989393666367,lag1_late_delivery_rate,-0.3713295101265613,-1.3662239271107126,quality_event_rate,-0.3491377566254488,1.952216826401807,current_risk_severity,-0.2958450961440389,-1.494314030573364,roll3_mean_late_delivery_rate,0.1845789594570024,-0.811368912010159,current_high_risk_flag,-0.16778891006344743,-0.41614080930998976,avg_days_late,-0.13618014000279668,-0.8725027608994199,quality_rate_trend,0.12967364615978644,0.841378091547945,risk_worsening_streak,-0.12927058456401277,1.2630081472243764
SUP035,2024-07,Low,0.02120247370130977,0.5534021620788089,0.4253953642198814,Low,False,roll3_mean_avg_days_late | lag1_late_delivery_rate | lag1_avg_days_late | previous_risk_severity | current_medium_risk_flag,lag1_quality_event_rate | late_rate_trend | risk_change | total_scrap_qty | delay_acceleration,roll3_mean_avg_days_late,0.8740095297843667,-0.9746427575183656,lag1_quality_event_rate,-0.5869329739869923,1.3491488174998103,lag1_late_delivery_rate,0.5727430186927904,-1.2629042107739819,lag1_avg_days_late,0.5671419866336964,-1.0097978920783932,late_rate_trend,-0.48769239366885375,1.4838570598249994,previous_risk_severity,0.44996440119593584,-1.5239025696136401,risk_change,-0.4235222532357544,1.4852506846147433,current_medium_risk_flag,0.26948260799041307,0.8431778608985705,avg_days_late,0.196357251442561,-0.6707206626534782,quality_rate_acceleration,0.19041389621908833,-1.5118755516451154
SUP035,2024-08,Medium,0.004178692754809028,0.39842355981240274,0.5973977474327883,Medium,False,risk_change | current_medium_risk_flag | roll3_mean_late_delivery_rate | avg_days_late_trend | risk_worsening_streak,current_risk_severity | late_rate_trend | current_high_risk_flag | avg_days_late | is_worsening,risk_change,0.5532755163248956,-1.5030991906959505,current_medium_risk_flag,0.3828694870333796,-1.185989393666367,current_risk_severity,-0.2958450961440389,-1.494314030573364,late_rate_trend,-0.24394168648807457,-1.1150986197232773,current_high_risk_flag,-0.16778891006344743,-0.41614080930998976,roll3_mean_late_delivery_rate,0.16277207531798457,-0.7155105979842412,avg_days_late,-0.14485243635767064,-0.9280659473729402,is_worsening,-0.0999689117641761,-1.4052114749531837,avg_days_late_trend,0.09083418868169377,-0.40138949821336783,risk_worsening_streak,0.08872240120436561,-0.8668415629151476
SUP035,2024-09,Low,0.01950745529999693,0.5963531240170946,0.3841394206829085,Low,False,roll3_mean_avg_days_late | lag1_avg_days_late | previous_risk_severity | lag1_late_delivery_rate | current_medium_risk_flag,risk_change | delay_acceleration | roll3_std_quality_event_rate | late_rate_trend | total_scrap_qty,roll3_mean_avg_days_late,0.695059680257058,-0.7750886693108567,lag1_avg_days_late,0.524120916126681,-0.9331987558183605,previous_risk_severity,0.44996440119593584,-1.5239025696136401,risk_change,-0.4235222532357544,1.4852506846147433,lag1_late_delivery_rate,0.39122386164801687,-0.8626526140086456,current_medium_risk_flag,0.26948260799041307,0.8431778608985705,delay_acceleration,-0.19839035096669666,0.47547171668934435,lag1_quality_event_rate,0.18663542088624882,-0.42900802741037075,roll3_mean_total_scrap_qty,0.18384715093817178,-0.626651568363702,avg_days_late,0.1827250562847538,-0.6241555630582608
SUP035,2024-10,Medium,0.03693387411419219,0.42175971456173067,0.5413064113240771,Medium,False,roll3_mean_late_delivery_rate | late_rate_trend | quality_event_rate | roll3_std_quality_event_rate | is_worsening,current_medium_risk_flag | avg_days_late_trend | current_high_risk_flag | lag1_late_delivery_rate | roll3_mean_quality_event_rate,current_medium_risk_flag,-0.27220064260621296,0.8431778608985705,avg_days_late_trend,-0.1836315099309297,0.8114539326775932,current_high_risk_flag,-0.16778891006344743,-0.41614080930998976,lag1_late_delivery_rate,-0.13328453138878504,-0.4903906393947318,roll3_mean_late_delivery_rate,0.10995587848420581,-0.48334209791465355,late_rate_trend,0.10055985907844488,0.4596760876432778,quality_event_rate,0.0786789594078634,-0.4399363446806882,roll3_mean_quality_event_rate,-0.060411142162845675,-0.6962550475939943,roll3_std_quality_event_rate,0.05829490817009169,-0.7896647676998135,lag1_quality_event_rate,-0.05489940246284215,-0.42900802741037075
SUP035,2024-11,Medium,0.006772336409026155,0.3289988968475916,0.6642287667433823,Medium,False,risk_change | current_medium_risk_flag | avg_days_late_trend | roll3_mean_late_delivery_rate | risk_worsening_streak,late_rate_trend | current_risk_severity | current_high_risk_flag | avg_days_late | delay_acceleration,risk_change,0.5532755163248956,-1.5030991906959505,current_medium_risk_flag,0.3828694870333796,-1.185989393666367,avg_days_late_trend,0.3404075196327854,-1.5042354148421846,late_rate_trend,-0.3054577956692651,-1.3962991370528377,current_risk_severity,-0.2958450961440389,-1.494314030573364,current_high_risk_flag,-0.16778891006344743,-0.41614080930998976,avg_days_late,-0.16576553378760586,-1.0620556410698503,roll3_mean_late_delivery_rate,0.14220012935307752,-0.6250808032525904,delay_acceleration,-0.13004273104160824,-1.3819577936102887,is_worsening,-0.0999689117641761,-1.4052114749531837
SUP035,2024-12,Medium,0.00688127624113674,0.4092812992440142,0.583837424514849,Medium,False,previous_risk_severity | current_medium_risk_flag | roll3_mean_late_delivery_rate | delay_acceleration | quality_event_rate,lag1_late_delivery_rate | current_risk_severity | current_high_risk_flag | avg_days_late | roll3_mean_avg_days_late,previous_risk_severity,0.3890764576236437,-1.5239025696136401,current_medium_risk_flag,0.3828694870333796,-1.185989393666367,lag1_late_delivery_rate,-0.3398016093376238,-1.2502240637690192,current_risk_severity,-0.2958450961440389,-1.494314030573364,roll3_mean_late_delivery_rate,0.18326136051752975,-0.8055770339915016,current_high_risk_flag,-0.16778891006344743,-0.41614080930998976,avg_days_late,-0.14115289719243354,-0.9043630922014108,delay_acceleration,0.09479648420200276,1.0073976384569798,quality_event_rate,0.0786789594078634,-0.4399363446806882,roll3_mean_avg_days_late,-0.06390023564636875,-0.6957717661261237
SUP035,2025-01,Low,0.02151595223916055,0.6159937832122849,0.36249026454855454,Low,False,roll3_mean_avg_days_late | lag1_avg_days_late | previous_risk_severity | lag1_late_delivery_rate | current_medium_risk_flag,risk_change | late_rate_trend | roll3_std_quality_event_rate | spend_share | total_scrap_qty,roll3_mean_avg_days_late,0.8478491604695196,-0.9454702901506333,lag1_avg_days_late,0.5106000082530475,-0.9091247415652074,previous_risk_severity,0.44996440119593584,-1.5239025696136401,lag1_late_delivery_rate,0.44622966681309983,-0.9839409766648082,risk_change,-0.4235222532357544,1.4852506846147433,current_medium_risk_flag,0.26948260799041307,0.8431778608985705,avg_days_late,0.21453351165297063,-0.732807462113768,lag1_quality_event_rate,0.18663542088624882,-0.42900802741037075,roll3_mean_total_scrap_qty,0.18384715093817178,-0.626651568363702,current_high_risk_flag,0.1824010490879777,-0.41614080930998976
SUP036,2024-07,Medium,0.03260209093681298,0.4757954258931737,0.4916024831700134,Medium,False,roll3_mean_late_delivery_rate | quality_event_rate | roll3_std_quality_event_rate | is_worsening | roll3_std_avg_days_late,current_medium_risk_flag | current_high_risk_flag | late_rate_trend | avg_days_late | roll3_mean_quality_event_rate,current_medium_risk_flag,-0.27220064260621296,0.8431778608985705,current_high_risk_flag,-0.16778891006344743,-0.41614080930998976,late_rate_trend,-0.13739385858043765,-0.6280505159539058,roll3_mean_late_delivery_rate,0.1225371695508789,-0.5386467137521247,quality_event_rate,0.0786789594078634,-0.4399363446806882,avg_days_late,-0.07277196054916052,-0.46624813643092355,roll3_mean_quality_event_rate,-0.060411142162845675,-0.6962550475939943,roll3_std_quality_event_rate,0.05829490817009169,-0.7896647676998135,roll3_mean_avg_days_late,-0.056241166679586785,-0.6123767068122462,avg_days_late_trend,-0.05551410645062756,0.24531269178905138
SUP036,2024-08,Medium,0.010412430746212077,0.27838699647435267,0.7112005727794353,Medium,False,risk_change | current_medium_risk_flag | roll3_mean_late_delivery_rate | risk_worsening_streak | quality_event_rate,current_risk_severity | current_high_risk_flag | lag1_late_delivery_rate | is_worsening | avg_days_late,risk_change,0.5532755163248956,-1.5030991906959505,current_medium_risk_flag,0.3828694870333796,-1.185989393666367,current_risk_severity,-0.2958450961440389,-1.494314030573364,current_high_risk_flag,-0.16778891006344743,-0.41614080930998976,lag1_late_delivery_rate,-0.16431246310012274,-0.604550978276332,roll3_mean_late_delivery_rate,0.111353352808072,-0.48948509072950674,is_worsening,-0.0999689117641761,-1.4052114749531837,risk_worsening_streak,0.08872240120436561,-0.8668415629151476,avg_days_late,-0.08281508831030489,-0.5305942055382407,quality_event_rate,0.0786789594078634,-0.4399363446806882
SUP036,2024-09,Medium,0.061374404707540756,0.31467353296471573,0.6239520623277435,Medium,False,previous_risk_severity | late_rate_trend | roll3_mean_late_delivery_rate | quality_event_rate | roll3_std_quality_event_rate,risk_change | current_medium_risk_flag | lag1_late_delivery_rate | current_high_risk_flag | avg_days_late_trend,risk_change,-0.5467056628655669,1.4852506846147433,previous_risk_severity,0.3890764576236437,-1.5239025696136401,current_medium_risk_flag,-0.27220064260621296,0.8431778608985705,lag1_late_delivery_rate,-0.19792605578740527,-0.7282246787313988,current_high_risk_flag,-0.16778891006344743,-0.41614080930998976,late_rate_trend,0.13086454759492736,0.5982039334673062,roll3_mean_late_delivery_rate,0.11781433328115364,-0.517886153951365,quality_event_rate,0.0786789594078634,-0.4399363446806882,avg_days_late_trend,-0.06344711509427017,0.2803680647164451,roll3_mean_quality_event_rate,-0.060411142162845675,-0.6962550475939943
SUP036,2024-10,Medium,0.013681405289656275,0.2073588819459281,0.7789597127644156,Medium,False,risk_change | current_medium_risk_flag | roll3_mean_late_delivery_rate | risk_worsening_streak | quality_event_rate,current_risk_severity | current_high_risk_flag | late_rate_trend | is_worsening | avg_days_late,risk_change,0.5532755163248956,-1.5030991906959505,current_medium_risk_flag,0.3828694870333796,-1.185989393666367,current_risk_severity,-0.2958450961440389,-1.494314030573364,current_high_risk_flag,-0.16778891006344743,-0.41614080930998976,late_rate_trend,-0.15860496816287023,-0.725010077719197,roll3_mean_late_delivery_rate,0.13144406527004954,-0.5777994877752922,is_worsening,-0.0999689117641761,-1.4052114749531837,risk_worsening_streak,0.08872240120436561,-0.8668415629151476,avg_days_late,-0.07891808751606932,-0.5056262186340714,quality_event_rate,0.0786789594078634,-0.4399363446806882
SUP036,2024-11,Medium,0.010964060848460577,0.30620320428045017,0.6828327348710893,Medium,False,previous_risk_severity | current_medium_risk_flag | roll3_mean_late_delivery_rate | avg_days_late_trend | risk_worsening_streak,current_risk_severity | lag1_late_delivery_rate | current_high_risk_flag | avg_days_late | is_worsening,previous_risk_severity,0.3890764576236437,-1.5239025696136401,current_medium_risk_flag,0.3828694870333796,-1.185989393666367,current_risk_severity,-0.2958450961440389,-1.494314030573364,lag1_late_delivery_rate,-0.20883955990665284,-0.7683784775804465,current_high_risk_flag,-0.16778891006344743,-0.41614080930998976,roll3_mean_late_delivery_rate,0.1625375337967544,-0.7144796045304826,avg_days_late,-0.13133488940776591,-0.8414593611692751,avg_days_late_trend,0.1162767737908706,-0.5138183822980841,is_worsening,-0.0999689117641761,-1.4052114749531837,late_rate_trend,-0.09104397799350807,-0.4161773891796077
SUP036,2024-12,Low,0.03381571258861637,0.4949823839411491,0.4712019034702345,Low,False,lag1_late_delivery_rate | lag1_avg_days_late | roll3_mean_avg_days_late | previous_risk_severity | current_medium_risk_flag,risk_change | delay_acceleration | roll3_std_quality_event_rate | late_rate_trend | total_scrap_qty,lag1_late_delivery_rate,0.4997545464545075,-1.101963883403305,lag1_avg_days_late,0.4747175988960972,-0.8452360114318395,roll3_mean_avg_days_late,0.46263159328257525,-0.5158988734405322,previous_risk_severity,0.44996440119593584,-1.5239025696136401,risk_change,-0.4235222532357544,1.4852506846147433,delay_acceleration,-0.3637643070433908,0.8718147767643454,current_medium_risk_flag,0.26948260799041307,0.8431778608985705,spend_share,0.2091465942221738,0.994627377057921,avg_days_late_trend,0.20460212903065417,0.9558242461516142,lag1_quality_event_rate,0.18663542088624882,-0.42900802741037075
SUP036,2025-01,Low,0.014525930745652295,0.5145211317981365,0.47095293745621114,Low,False,roll3_mean_avg_days_late | delay_acceleration | lag1_late_delivery_rate | spend_share | current_medium_risk_flag,avg_days_late_trend | late_rate_trend | roll3_std_quality_event_rate | total_scrap_qty | lag1_total_scrap_qty,roll3_mean_avg_days_late,0.5436430023876844,-0.6062379149154371,delay_acceleration,0.4628793086197737,-1.1093584865242059,lag1_late_delivery_rate,0.3302590942567167,-0.7282246787313988,spend_share,0.2874528434890668,1.3670242578449765,current_medium_risk_flag,0.26948260799041307,0.8431778608985705,avg_days_late,0.2219554845722212,-0.7581595718933862,avg_days_late_trend,-0.1930848691147666,-0.9020199366412956,lag1_quality_event_rate,0.18663542088624882,-0.42900802741037075,roll3_mean_total_scrap_qty,0.18384715093817178,-0.626651568363702,current_high_risk_flag,0.1824010490879777,-0.41614080930998976
SUP037,2024-07,Medium,0.0020281563708545933,0.4639480185734722,0.5340238250556733,Medium,False,late_rate_trend | previous_risk_severity | current_medium_risk_flag | roll3_mean_late_delivery_rate | lag1_quality_event_rate,lag1_late_delivery_rate | quality_rate_trend | current_risk_severity | current_high_risk_flag | avg_days_late_trend,lag1_late_delivery_rate,-0.6672067329150514,-2.454838029240451,late_rate_trend,0.4123486974007859,1.8849154891728033,previous_risk_severity,0.3890764576236437,-1.5239025696136401,current_medium_risk_flag,0.3828694870333796,-1.185989393666367,roll3_mean_late_delivery_rate,0.35701000795791543,-1.5693382527764754,quality_rate_trend,-0.3412399541601754,-2.2141108073525726,lag1_quality_event_rate,0.3381373662176174,2.6423537956163066,current_risk_severity,-0.2958450961440389,-1.494314030573364,current_high_risk_flag,-0.16778891006344743,-0.41614080930998976,avg_days_late_trend,-0.1657820170354734,0.7325783561941961
SUP037,2024-08,Low,0.01728004740328583,0.5925167683253473,0.39020318427136685,Low,False,roll3_mean_avg_days_late | lag1_avg_days_late | previous_risk_severity | lag1_late_delivery_rate | roll3_std_quality_event_rate,risk_change | late_rate_trend | roll3_mean_total_scrap_qty | spend_share | quality_rate_acceleration,roll3_mean_avg_days_late,0.8378086832888474,-0.934273755064128,lag1_avg_days_late,0.49110277432868576,-0.8744098620779018,previous_risk_severity,0.44996440119593584,-1.5239025696136401,risk_change,-0.4235222532357544,1.4852506846147433,lag1_late_delivery_rate,0.3371664324340563,-0.7434554300189691,roll3_std_quality_event_rate,0.2819732027181176,1.5378083264711861,late_rate_trend,-0.2780830574331599,0.846097895613474,current_medium_risk_flag,0.26948260799041307,0.8431778608985705,roll3_mean_total_scrap_qty,-0.20916490724611878,0.7129483187722007,lag1_quality_event_rate,0.18663542088624882,-0.42900802741037075
SUP037,2024-09,Low,0.021371315629633677,0.5820412546149498,0.39658742975541666,Low,False,roll3_mean_avg_days_late | current_medium_risk_flag | total_scrap_qty | delay_acceleration | lag1_avg_days_late,quality_rate_trend | lag1_total_scrap_qty | quality_rate_acceleration | quality_event_rate | avg_days_late_trend,roll3_mean_avg_days_late,0.5672621067419661,-0.632576516742411,current_medium_risk_flag,0.26948260799041307,0.8431778608985705,total_scrap_qty,0.2605402596845632,0.806094624865944,delay_acceleration,0.2307783176442895,-0.5530942524691084,lag1_avg_days_late,0.21905543222782684,-0.3900288092315934,risk_worsening_streak,0.2173156220255199,2.327933002294138,lag1_quality_event_rate,0.18663542088624882,-0.42900802741037075,current_high_risk_flag,0.1824010490879777,-0.41614080930998976,spend_share,0.1658930371278987,0.7889287272611043,avg_days_late,0.16426829823159092,-0.5611106339766702
SUP037,2024-10,Medium,0.07324965626153504,0.404625853594588,0.522124490143877,Medium,False,lag1_quality_event_rate | roll3_mean_total_scrap_qty | roll3_mean_quality_event_rate | is_worsening | delay_acceleration,risk_worsening_streak | current_medium_risk_flag | current_high_risk_flag | quality_event_rate | avg_days_late_trend,risk_worsening_streak,-0.2927653238902965,2.860395429829019,current_medium_risk_flag,-0.27220064260621296,0.8431778608985705,current_high_risk_flag,-0.16778891006344743,-0.41614080930998976,quality_event_rate,-0.16089840157079155,0.8996694311255097,lag1_quality_event_rate,0.10522668848104863,0.8222875301190151,avg_days_late_trend,-0.09659604675725632,0.4268507188759001,roll3_mean_total_scrap_qty,0.061185886734423406,0.7129483187722007,roll3_mean_quality_event_rate,0.05793125149308902,0.6676736247888275,lag1_late_delivery_rate,-0.05120005596196562,-0.18837916087197976,is_worsening,0.0506269296080789,0.7116366595521264
SUP037,2024-11,Medium,0.012681824965188168,0.17862869167947779,0.8086894833553341,Medium,False,risk_change | current_medium_risk_flag | avg_days_late_trend | lag1_quality_event_rate | roll3_mean_late_delivery_rate,current_risk_severity | late_rate_trend | current_high_risk_flag | quality_rate_trend | is_worsening,risk_change,0.5532755163248956,-1.5030991906959505,current_medium_risk_flag,0.3828694870333796,-1.185989393666367,current_risk_severity,-0.2958450961440389,-1.494314030573364,late_rate_trend,-0.22689485541550464,-1.037174677844619,current_high_risk_flag,-0.16778891006344743,-0.41614080930998976,quality_rate_trend,-0.14990983723938928,-0.9726791564518781,avg_days_late_trend,0.13669338963058794,-0.6040378834138662,lag1_quality_event_rate,0.11803677575656008,0.9223911747213674,roll3_mean_late_delivery_rate,0.11297102607259862,-0.49659603013716247,is_worsening,-0.0999689117641761,-1.4052114749531837
SUP037,2024-12,Medium,0.08477147961968877,0.2593225783510899,0.6559059420292213,Medium,False,previous_risk_severity | late_rate_trend | roll3_mean_late_delivery_rate | delay_acceleration | quality_event_rate,risk_change | lag1_late_delivery_rate | current_medium_risk_flag | avg_days_late_trend | current_high_risk_flag,risk_change,-0.5467056628655669,1.4852506846147433,previous_risk_severity,0.3890764576236437,-1.5239025696136401,lag1_late_delivery_rate,-0.2897278845551938,-1.065988986696918,current_medium_risk_flag,-0.27220064260621296,0.8431778608985705,late_rate_trend,0.22131857992211293,1.011684581439215,avg_days_late_trend,-0.2080535996039002,0.9193733236186731,current_high_risk_flag,-0.16778891006344743,-0.41614080930998976,roll3_mean_late_delivery_rate,0.10816751934833052,-0.4754808605849644,delay_acceleration,0.08505058009436091,0.9038283883385333,quality_event_rate,0.0786789594078634,-0.4399363446806882
SUP038,2024-07,Medium,0.10153607617643033,0.0008191950680633801,0.8976447287555063,Medium,False,current_high_risk_flag | current_medium_risk_flag | current_risk_severity | late_rate_trend | quality_rate_trend,risk_change | quality_event_rate | roll3_mean_late_delivery_rate | avg_days_late_trend | lag1_quality_event_rate,current_high_risk_flag,0.9689082147594448,2.4030327658998827,risk_change,-0.5467056628655669,1.4852506846147433,current_medium_risk_flag,0.3828694870333796,-1.185989393666367,current_risk_severity,0.3516440778630827,1.77615477210074,late_rate_trend,0.28826065502485826,1.3176881047531055,quality_event_rate,-0.25406737528471257,1.420627232827918,quality_rate_trend,0.20921375523494332,1.357468347024425,roll3_mean_late_delivery_rate,-0.15292228514253864,0.6722130652552109,avg_days_late,0.08661166050574834,0.5549187489144654,avg_days_late_trend,-0.06720210978934661,0.29696110593061015
SUP038,2024-08,Medium,0.08425699680264746,0.00046671976378435243,0.9152762834335683,Medium,False,current_high_risk_flag | current_medium_risk_flag | current_risk_severity | lag1_late_delivery_rate | lag1_quality_event_rate,previous_risk_severity | roll3_mean_late_delivery_rate | quality_rate_trend | avg_days_late_trend | roll3_std_quality_event_rate,current_high_risk_flag,0.9689082147594448,2.4030327658998827,previous_risk_severity,-0.46008109979704603,1.802007694049649,current_medium_risk_flag,0.3828694870333796,-1.185989393666367,current_risk_severity,0.3516440778630827,1.77615477210074,lag1_late_delivery_rate,0.3222843072300628,1.1857730664065425,roll3_mean_late_delivery_rate,-0.2320692959377871,1.0201260897229671,quality_rate_trend,-0.20837181740962926,-1.352005494227089,lag1_quality_event_rate,0.185289733952994,1.447935308883708,avg_days_late,0.13999914391395782,0.8969710237188394,avg_days_late_trend,-0.10346622729117588,0.4572095337358932
SUP038,2024-09,Medium,0.05289314784943838,0.0010726884069599473,0.9460341637436017,Medium,False,current_high_risk_flag | lag1_late_delivery_rate | current_medium_risk_flag | current_risk_severity | roll3_mean_total_scrap_qty,previous_risk_severity | late_rate_trend | roll3_mean_late_delivery_rate | quality_event_rate | risk_worsening_streak,current_high_risk_flag,0.9689082147594448,2.4030327658998827,previous_risk_severity,-0.46008109979704603,1.802007694049649,lag1_late_delivery_rate,0.42078567774224607,1.5481868406338448,current_medium_risk_flag,0.3828694870333796,-1.185989393666367,current_risk_severity,0.3516440778630827,1.77615477210074,late_rate_trend,-0.2914338816684079,-1.33219345929596,roll3_mean_total_scrap_qty,0.2911172991680723,3.392148093044006,roll3_mean_late_delivery_rate,-0.2671829300921871,1.1744779791495354,quality_event_rate,-0.14315193038718727,0.8004393736583827,quality_rate_trend,0.13961615979418124,0.9058893734825062
SUP038,2024-10,Medium,0.15040197063170915,0.0423617518515917,0.8072362775166991,Medium,False,risk_change | roll3_mean_total_scrap_qty | avg_days_late_trend | lag1_late_delivery_rate | lag1_quality_event_rate,previous_risk_severity | current_medium_risk_flag | roll3_mean_late_delivery_rate | current_high_risk_flag | quality_rate_trend,risk_change,0.5532755163248956,-1.5030991906959505,previous_risk_severity,-0.46008109979704603,1.802007694049649,current_medium_risk_flag,-0.27220064260621296,0.8431778608985705,roll3_mean_total_scrap_qty,0.23363444605966008,2.722348149476055,avg_days_late_trend,0.18932679465786512,-0.8366209706828283,roll3_mean_late_delivery_rate,-0.18478095564951497,0.8122568432859191,current_high_risk_flag,-0.16778891006344743,-0.41614080930998976,quality_rate_trend,-0.13877422196886718,-0.90042652068517,lag1_total_scrap_qty,-0.12898148612995883,5.6332037287234185,lag1_late_delivery_rate,0.10886467112033231,0.40054322224738703
SUP038,2024-11,Medium,0.11508306870881914,0.0307580557437274,0.8541588755474534,Medium,False,roll3_mean_total_scrap_qty | late_rate_trend | spend_share | avg_days_late_trend | quality_event_rate,current_medium_risk_flag | current_high_risk_flag | roll3_mean_late_delivery_rate | lag1_quality_event_rate | lag1_short_delivery_rate,current_medium_risk_flag,-0.27220064260621296,0.8431778608985705,roll3_mean_total_scrap_qty,0.23363444605966008,2.722348149476055,current_high_risk_flag,-0.16778891006344743,-0.41614080930998976,late_rate_trend,0.15204524386988813,0.6950244708711966,roll3_mean_late_delivery_rate,-0.1266321313917813,0.5566472742891998,spend_share,0.11487086845808833,3.1753603165420956,avg_days_late_trend,0.09779742250104742,-0.432159508594448,quality_event_rate,0.0786789594078634,-0.4399363446806882,lag1_quality_event_rate,-0.05489940246284215,-0.42900802741037075,lag1_late_delivery_rate,0.05308453895528913,0.19531269479669874
SUP038,2024-12,Medium,0.14035373732431158,0.11746683179843725,0.7421794308772511,Medium,False,lag1_late_delivery_rate | avg_days_late | quality_event_rate | delay_acceleration | spend_share,current_medium_risk_flag | avg_days_late_trend | current_high_risk_flag | roll3_mean_late_delivery_rate | lag1_spend_share,current_medium_risk_flag,-0.27220064260621296,0.8431778608985705,lag1_late_delivery_rate,0.23081874889732115,0.8492459903383329,avg_days_late_trend,-0.18907199454188225,0.8354950279933695,current_high_risk_flag,-0.16778891006344743,-0.41614080930998976,roll3_mean_late_delivery_rate,-0.16025667846165811,0.7044534611545865,avg_days_late,0.09909952859708035,0.6349282083496751,lag1_spend_share,-0.08539699711467508,3.2111818772342167,quality_event_rate,0.0786789594078634,-0.4399363446806882,delay_acceleration,0.07072129949611385,0.751551818622074,spend_share,0.06632590305936822,1.8334382194592556
SUP038,2025-01,Medium,0.08718887771685534,0.15720112922281118,0.7556099930603334,Medium,False,lag1_late_delivery_rate | quality_rate_trend | spend_share | avg_days_late_trend | avg_days_late,current_medium_risk_flag | roll3_mean_late_delivery_rate | current_high_risk_flag | quality_event_rate | risk_worsening_streak,current_medium_risk_flag,-0.27220064260621296,0.8431778608985705,lag1_late_delivery_rate,0.2187130132356348,0.8047056420351877,roll3_mean_late_delivery_rate,-0.20284959092695826,0.8916826293543613,current_high_risk_flag,-0.16778891006344743,-0.41614080930998976,quality_rate_trend,0.1178669112189432,0.7647709442506573,quality_event_rate,-0.10849085385671078,0.6066306676679039,spend_share,0.10686682139472863,2.954105495734322,risk_worsening_streak,-0.07477233812191818,0.7305457196894953,avg_days_late_trend,0.0736244417302681,-0.32534091129398085,avg_days_late,0.06721944226776631,0.43067329027228796
SUP039,2024-07,Medium,0.23107796403189032,0.0009130635465960767,0.7680089724215137,Medium,False,current_high_risk_flag | current_medium_risk_flag | current_risk_severity | quality_rate_trend | late_rate_trend,risk_change | quality_event_rate | roll3_mean_late_delivery_rate | avg_days_late_trend | roll3_std_quality_event_rate,current_high_risk_flag,0.9689082147594448,2.4030327658998827,risk_change,-0.5467056628655669,1.4852506846147433,quality_event_rate,-0.4658150428163524,2.604622236697034,current_medium_risk_flag,0.3828694870333796,-1.185989393666367,current_risk_severity,0.3516440778630827,1.77615477210074,quality_rate_trend,0.34208189198548955,2.2195736601499094,late_rate_trend,0.18875845074648703,0.8628467357046076,roll3_mean_late_delivery_rate,-0.18543765884153898,0.8151435675149081,lag1_late_delivery_rate,0.16221958014776486,0.5968506832871756,avg_days_late_trend,-0.11900121549503354,0.5258574867852465
SUP039,2024-08,High,0.4693013944620614,0.00012020592016059822,0.530578399617778,Medium,True,previous_risk_severity | lag1_quality_event_rate | roll3_mean_avg_days_late | lag1_avg_days_late | lag1_late_delivery_rate,quality_rate_acceleration | roll3_std_quality_event_rate | late_delivery_rate | lag1_total_scrap_qty | quality_event_rate,previous_risk_severity,0.9921619094049008,1.802007694049649,lag1_quality_event_rate,0.8113908040408302,2.6423537956163066,roll3_mean_avg_days_late,0.7735373393157661,0.9610260180052763,lag1_avg_days_late,0.4214651072012272,0.7565582941984108,quality_rate_acceleration,-0.31766624800291166,-2.6144854260936707,lag1_late_delivery_rate,0.25439476853517873,1.3999266602681304,spend_share,0.22761277452350923,-0.9235581416791345,avg_days_late,0.21169464466998308,1.5488824180518825,roll3_mean_late_delivery_rate,0.20675213794400357,1.1382056616635385,roll3_std_quality_event_rate,-0.16844857955939582,1.5378083264711861
SUP039,2024-09,Medium,0.31703053925542835,6.752103998176652e-05,0.6829019397045899,Medium,False,current_high_risk_flag | current_medium_risk_flag | current_risk_severity | late_rate_trend | lag1_late_delivery_rate,previous_risk_severity | roll3_mean_late_delivery_rate | risk_worsening_streak | roll3_std_quality_event_rate | lag1_short_delivery_rate,current_high_risk_flag,0.9689082147594448,2.4030327658998827,previous_risk_severity,-0.46008109979704603,1.802007694049649,roll3_mean_late_delivery_rate,-0.40591861748544544,1.7843298499608005,current_medium_risk_flag,0.3828694870333796,-1.185989393666367,current_risk_severity,0.3516440778630827,1.77615477210074,late_rate_trend,0.31725467481458247,1.4502246626215427,lag1_late_delivery_rate,0.28226812545948826,1.0385424706267006,avg_days_late,0.24174940640960424,1.5488824180518825,risk_worsening_streak,-0.12927058456401277,1.2630081472243764,roll3_mean_avg_days_late,0.12779233791063824,1.3914549726785537
SUP039,2024-10,Medium,0.3543953905330056,6.334713944695704e-05,0.6455412623275475,Medium,False,current_high_risk_flag | lag1_late_delivery_rate | current_medium_risk_flag | current_risk_severity | avg_days_late_trend,previous_risk_severity | roll3_mean_late_delivery_rate | late_rate_trend | is_worsening | roll3_mean_quality_event_rate,current_high_risk_flag,0.9689082147594448,2.4030327658998827,lag1_late_delivery_rate,0.6424137613946586,2.3636178326452755,previous_risk_severity,-0.46008109979704603,1.802007694049649,roll3_mean_late_delivery_rate,-0.39160167211895797,1.721395675776002,current_medium_risk_flag,0.3828694870333796,-1.185989393666367,current_risk_severity,0.3516440778630827,1.77615477210074,late_rate_trend,-0.28851323864929657,-1.3188427071297257,avg_days_late_trend,0.24724841370801676,-1.0925722809071878,roll3_mean_avg_days_late,0.1302030332648025,1.4177036045840954,avg_days_late,0.12627093389470398,0.8090147244834291
SUP039,2024-11,High,0.6402885653138645,1.9525274399547728e-05,0.359691909411736,High,True,roll3_mean_avg_days_late | previous_risk_severity | delay_acceleration | lag1_avg_days_late | roll3_mean_late_delivery_rate,late_delivery_rate | lag1_quality_event_rate | roll3_mean_total_scrap_qty | quality_event_rate | is_worsening,roll3_mean_avg_days_late,1.3971965872164571,1.7358467449947779,previous_risk_severity,0.9921619094049008,1.802007694049649,delay_acceleration,0.6518884362660792,2.0172988253032003,lag1_avg_days_late,0.4629812520978322,0.8310825744484321,roll3_mean_late_delivery_rate,0.36158994133302125,1.9906140875665277,avg_days_late,0.33324528545219345,2.438218332543256,late_delivery_rate,-0.2880779379112414,1.7387730383888362,spend_share,0.26090270193331194,-1.058634846225237,lag1_late_delivery_rate,0.2231229782113653,1.2278389509150684,lag1_quality_event_rate,-0.1317360184234078,-0.42900802741037075
SUP039,2024-12,Medium,0.03869247614055739,0.02314329619188159,0.938164227667561,Medium,False,avg_days_late_trend | risk_change | lag1_late_delivery_rate | current_medium_risk_flag | risk_worsening_streak,late_rate_trend | previous_risk_severity | delay_acceleration | current_risk_severity | roll3_mean_late_delivery_rate,avg_days_late_trend,1.1896309533110552,-5.25689036626854,risk_change,1.1032661059201267,-2.9972741283512976,late_rate_trend,-0.6095184577498136,-2.7862117406731324,lag1_late_delivery_rate,0.4823490343123606,1.7746954495259086,previous_risk_severity,-0.46008109979704603,1.802007694049649,delay_acceleration,-0.4237460075584827,-4.503128263811394,current_medium_risk_flag,0.3828694870333796,-1.185989393666367,current_risk_severity,-0.2958450961440389,-1.494314030573364,roll3_mean_late_delivery_rate,-0.20086814440319742,0.8829726219140785,roll3_std_avg_days_late,-0.1976040488482099,5.263951078334821
SUP039,2025-01,High,0.5435669005538132,0.00018587108261314977,0.4562472283635738,High,True,risk_change | delay_acceleration | roll3_mean_avg_days_late | avg_days_late | late_rate_trend,previous_risk_severity | lag1_avg_days_late | late_delivery_rate | lag1_quality_event_rate | roll3_mean_total_scrap_qty,risk_change,1.9462855278358786,2.97942562227009,delay_acceleration,1.8197369431346357,5.631259880560263,roll3_mean_avg_days_late,0.8742853043938263,1.0861931053326268,previous_risk_severity,-0.8390408588195775,-1.5239025696136401,lag1_avg_days_late,-0.6787127325587945,-1.218335132427135,avg_days_late,0.23927336148611472,1.7506645162978236,late_rate_trend,0.18279380548449045,1.663229844910102,late_delivery_rate,-0.13743707217392,0.8295389688770314,roll3_mean_late_delivery_rate,0.1352396824001012,0.744517438707523,lag1_quality_event_rate,-0.1317360184234078,-0.42900802741037075
SUP040,2024-07,Medium,0.2409736363247118,0.06471375872437439,0.6943126049509138,Medium,False,lag1_late_delivery_rate | quality_event_rate | roll3_std_quality_event_rate | is_worsening | avg_days_late,current_medium_risk_flag | current_high_risk_flag | roll3_mean_late_delivery_rate | late_rate_trend | avg_days_late_trend,current_medium_risk_flag,-0.27220064260621296,0.8431778608985705,lag1_late_delivery_rate,0.26892939820263007,0.9894656053667532,current_high_risk_flag,-0.16778891006344743,-0.41614080930998976,roll3_mean_late_delivery_rate,-0.1646515751983422,0.723772470179941,late_rate_trend,-0.10557478045222755,-0.48260013962649306,quality_event_rate,0.0786789594078634,-0.4399363446806882,avg_days_late_trend,-0.07069649390441278,0.3124025284485816,roll3_mean_quality_event_rate,-0.060411142162845675,-0.6962550475939943,roll3_std_quality_event_rate,0.05829490817009169,-0.7896647676998135,lag1_quality_event_rate,-0.05489940246284215,-0.42900802741037075
SUP040,2024-08,Medium,0.2175895518108926,0.06125926212435049,0.7211511860647569,Medium,False,lag1_late_delivery_rate | avg_days_late | late_rate_trend | quality_event_rate | roll3_std_quality_event_rate,current_medium_risk_flag | roll3_mean_late_delivery_rate | current_high_risk_flag | avg_days_late_trend | risk_worsening_streak,current_medium_risk_flag,-0.27220064260621296,0.8431778608985705,roll3_mean_late_delivery_rate,-0.22195606678061638,0.9756705365965312,current_high_risk_flag,-0.16778891006344743,-0.41614080930998976,lag1_late_delivery_rate,0.16221958014776486,0.5968506832871756,avg_days_late_trend,-0.12493060030566633,0.55205899558271,avg_days_late,0.11173518210961161,0.7158845252929943,late_rate_trend,0.09143586683692342,0.4179687792231409,quality_event_rate,0.0786789594078634,-0.4399363446806882,risk_worsening_streak,-0.07477233812191818,0.7305457196894953,roll3_mean_quality_event_rate,-0.060411142162845675,-0.6962550475939943
SUP040,2024-09,Medium,0.3453599429925218,0.02793428368609525,0.6267057733213829,Medium,False,lag1_late_delivery_rate | avg_days_late | risk_worsening_streak | quality_event_rate | roll3_std_quality_event_rate,current_medium_risk_flag | roll3_mean_late_delivery_rate | current_high_risk_flag | is_worsening | late_rate_trend,lag1_late_delivery_rate,0.2730336219739712,1.0045661792928913,current_medium_risk_flag,-0.27220064260621296,0.8431778608985705,roll3_mean_late_delivery_rate,-0.1940337470479353,0.8529300993931089,current_high_risk_flag,-0.16778891006344743,-0.41614080930998976,avg_days_late,0.10662943417076197,0.6831721255773576,is_worsening,-0.0999689117641761,-1.4052114749531837,late_rate_trend,-0.0952625980621686,-0.4354614135028972,risk_worsening_streak,0.08872240120436561,-0.8668415629151476,quality_event_rate,0.0786789594078634,-0.4399363446806882,roll3_mean_quality_event_rate,-0.060411142162845675,-0.6962550475939943
SUP040,2024-10,Medium,0.2645127071562906,0.045484459649611224,0.6900028331940983,Medium,False,avg_days_late_trend | lag1_late_delivery_rate | risk_worsening_streak | quality_event_rate | roll3_std_quality_event_rate,current_medium_risk_flag | roll3_mean_late_delivery_rate | current_high_risk_flag | is_worsening | roll3_mean_quality_event_rate,current_medium_risk_flag,-0.27220064260621296,0.8431778608985705,avg_days_late_trend,0.23161287188156407,-1.0234799889067994,roll3_mean_late_delivery_rate,-0.18272703122004258,0.8032282387548576,lag1_late_delivery_rate,0.17770971502669689,0.6538431719761465,current_high_risk_flag,-0.16778891006344743,-0.41614080930998976,is_worsening,-0.0999689117641761,-1.4052114749531837,risk_worsening_streak,0.08872240120436561,-0.8668415629151476,quality_event_rate,0.0786789594078634,-0.4399363446806882,roll3_mean_quality_event_rate,-0.060411142162845675,-0.6962550475939943,roll3_std_quality_event_rate,0.05829490817009169,-0.7896647676998135
SUP040,2024-11,Medium,0.31217398988881273,0.036101534045081166,0.6517244760661062,Medium,False,lag1_late_delivery_rate | avg_days_late | delay_acceleration | quality_event_rate | roll3_std_quality_event_rate,current_medium_risk_flag | avg_days_late_trend | current_high_risk_flag | roll3_mean_late_delivery_rate | roll3_mean_quality_event_rate,current_medium_risk_flag,-0.27220064260621296,0.8431778608985705,avg_days_late_trend,-0.24304394573346896,1.073993050828172,current_high_risk_flag,-0.16778891006344743,-0.41614080930998976,roll3_mean_late_delivery_rate,-0.14880688373636478,0.6541226568401054,lag1_late_delivery_rate,0.12528156620569625,0.4609455179519376,avg_days_late,0.1192722385907706,0.7641742582065529,delay_acceleration,0.11721354603864513,1.2456226670060924,quality_event_rate,0.0786789594078634,-0.4399363446806882,roll3_mean_quality_event_rate,-0.060411142162845675,-0.6962550475939943,roll3_std_quality_event_rate,0.05829490817009169,-0.7896647676998135
SUP040,2024-12,Medium,0.13019886062957822,0.10394300280120179,0.76585813656922,Medium,False,avg_days_late_trend | lag1_late_delivery_rate | quality_rate_trend | is_worsening | short_delivery_rate,current_medium_risk_flag | current_high_risk_flag | late_rate_trend | delay_acceleration | roll3_mean_late_delivery_rate,current_medium_risk_flag,-0.27220064260621296,0.8431778608985705,avg_days_late_trend,0.20243073508936327,-0.8945263051252212,current_high_risk_flag,-0.16778891006344743,-0.41614080930998976,lag1_late_delivery_rate,0.16221958014776486,0.5968506832871756,late_rate_trend,-0.11765562203127919,-0.537823705405008,delay_acceleration,-0.1105918357206942,-1.1752540727169272,roll3_mean_late_delivery_rate,-0.10731853130337171,0.47174889401426584,quality_rate_trend,0.10481736207379999,0.6800998867115454,quality_event_rate,-0.08769420793842429,0.49034544407361325,lag1_quality_event_rate,-0.05489940246284215,-0.42900802741037075
SUP040,2025-01,Medium,0.08558653252845819,0.0008138964852706256,0.9135995709862711,Medium,False,current_high_risk_flag | current_medium_risk_flag | current_risk_severity | late_rate_trend | roll3_mean_total_scrap_qty,risk_change | quality_event_rate | roll3_mean_late_delivery_rate | risk_worsening_streak | roll3_mean_short_delivery_rate,current_high_risk_flag,0.9689082147594448,2.4030327658998827,risk_change,-0.5467056628655669,1.4852506846147433,current_medium_risk_flag,0.3828694870333796,-1.185989393666367,current_risk_severity,0.3516440778630827,1.77615477210074,late_rate_trend,0.26707271748621364,1.220834466310786,quality_event_rate,-0.22847150338528346,1.2775069576349471,roll3_mean_late_delivery_rate,-0.17515882627072732,0.7699600578437702,roll3_mean_total_scrap_qty,0.11866873984283562,1.382748262340152,quality_rate_trend,0.08875637851054746,0.5758893543557196,risk_worsening_streak,-0.07477233812191818,0.7305457196894953
