supplier_id,period,n_orders,late_orders,avg_days_late,total_days_late,short_orders,total_short_qty,total_spend,critical_orders,late_delivery_rate,short_delivery_rate,critical_component_exposure,quality_events,total_scrap_qty,quality_event_rate,estimated_quality_cost,rework_cost_ratio,supplier_fault_rate,spend_share,route_deviation_flag,transit_delay_rate,late_rate_trend,quality_rate_trend,avg_days_late_trend,transit_delay_trend,has_trend_data,is_worsening,period_N,current_risk_N,period_N1,target_risk_N1,target_risk_score_N1,target_low_boundary,target_high_boundary,lag1_late_delivery_rate,lag1_avg_days_late,lag1_short_delivery_rate,lag1_quality_event_rate,lag1_total_scrap_qty,lag1_rework_cost_ratio,lag1_supplier_fault_rate,lag1_spend_share,lag1_critical_component_exposure,roll3_mean_late_delivery_rate,roll3_mean_avg_days_late,roll3_mean_quality_event_rate,roll3_mean_short_delivery_rate,roll3_mean_total_scrap_qty,roll3_mean_rework_cost_ratio,roll3_std_late_delivery_rate,roll3_std_avg_days_late,roll3_std_quality_event_rate,roll3_std_short_delivery_rate,roll3_std_rework_cost_ratio,late_rate_acceleration,quality_rate_acceleration,delay_acceleration,risk_worsening_streak,current_risk_severity,current_high_risk_flag,current_medium_risk_flag,previous_risk_severity,risk_change,risk_history_available,actual_risk_N1,predicted_risk_N1,prediction_correct,probability_high,probability_low,probability_medium,selected_model,high_risk_threshold
SUP001,2024-07,15,9,1.4,21,1,1,218415.68,0,0.6,0.0666666666666666,0.0,0.0,0.0,0.0,218415.68,1.0,0.0,0.0137678332802809,0.0,0.0,0.211111111111111,0.0,0.2888888888888887,0.0,1,1,2024-07,Medium,2024-08,Medium,0.2452100840336134,0.1824062049062048,0.3434497354497354,0.3888888888888889,1.1111111111111112,0.1111111111111111,0.0,0.0,1.0,0.0,0.0168202960868493,0.0,0.3962962962962963,0.9703703703703702,0.0,0.059259259259259234,0.0,1.0,0.16338329629713172,0.42020309936838035,0.0,0.04566232594791825,0.0,0.0222222222222222,0.0,-0.42222222222222244,2,0.5,0.0,1.0,0.0,0.5,1.0,Medium,Medium,True,0.022117570817344404,0.4848857030866748,0.49299672609598083,Logistic Regression Standard,0.39999999999999997
SUP001,2024-08,17,10,1.5294117647058822,26,3,33,232980.03,0,0.5882352941176471,0.1764705882352941,0.0,0.0,0.0,0.0,232980.03,1.0,0.0,0.0151954573761934,0.0,0.0,-0.0117647058823529,0.0,0.1294117647058823,0.0,1,1,2024-08,Medium,2024-09,Low,0.1724107142857142,0.1824062049062048,0.3434497354497354,0.6,1.4,0.0666666666666666,0.0,0.0,1.0,0.0,0.0137678332802809,0.0,0.5257080610021786,1.3468409586056644,0.0,0.11808278867102394,0.0,1.0,0.09686491098242297,0.1748585560978285,0.0,0.04509751296883876,0.0,-0.2228758169934639,0.0,-0.15947712418300639,3,0.5,0.0,1.0,0.5,0.0,1.0,Low,Medium,False,0.058547855876516765,0.3062119274313926,0.6352402166920906,Logistic Regression Standard,0.39999999999999997
SUP001,2024-09,16,7,0.75,12,2,4,203368.37,0,0.4375,0.125,0.0,0.0,0.0,0.0,203368.37,1.0,0.0,0.0132223095317173,0.0,0.0,-0.150735294117647,0.0,-0.7794117647058822,0.0,1,0,2024-09,Low,2024-10,Low,0.0988775510204081,0.1824062049062048,0.3434497354497354,0.5882352941176471,1.5294117647058822,0.1764705882352941,0.0,0.0,1.0,0.0,0.0151954573761934,0.0,0.5419117647058823,1.226470588235294,0.0,0.12271241830065356,0.0,1.0,0.0739863254611823,0.3410327621612893,0.0,0.04485643818885397,0.0,-0.1389705882352941,0.0,-0.9088235294117646,0,0.0,0.0,0.0,0.5,-0.5,1.0,Low,Medium,False,0.010998840350909093,0.2361301025455346,0.7528710571035564,Logistic Regression Standard,0.39999999999999997
SUP001,2024-10,14,3,0.9285714285714286,13,3,15,179380.03,0,0.2142857142857142,0.2142857142857142,0.0,0.0,0.0,0.0,179380.03,1.0,0.0,0.011842578834888,0.0,0.0,-0.2232142857142857,0.0,0.1785714285714286,0.0,1,1,2024-10,Low,2024-11,Medium,0.2577922077922078,0.1824062049062048,0.3434497354497354,0.4375,0.75,0.125,0.0,0.0,1.0,0.0,0.0132223095317173,0.0,0.4133403361344537,1.0693277310924367,0.0,0.17191876750700277,0.0,1.0,0.15361714115009423,0.33339658792997445,0.0,0.03659256753162165,0.0,-0.0724789915966387,0.0,0.9579831932773109,1,0.0,0.0,0.0,0.0,0.0,1.0,Medium,Medium,True,0.006845491675753278,0.46972403249111605,0.5234304758331306,Logistic Regression Standard,0.39999999999999997
SUP001,2024-11,11,7,1.3636363636363635,15,0,0,87103.59,0,0.6363636363636364,0.0,0.0,0.0,0.0,0.0,87103.59,1.0,0.0,0.0057137750361161,0.0,0.0,0.422077922077922,0.0,0.4350649350649349,0.0,1,1,2024-11,Medium,2024-12,Low,0.1217142857142857,0.1824062049062048,0.3434497354497354,0.2142857142857142,0.9285714285714286,0.2142857142857142,0.0,0.0,1.0,0.0,0.011842578834888,0.0,0.4293831168831168,1.014069264069264,0.0,0.11309523809523807,0.0,1.0,0.17240815123818637,0.257707594766273,0.0,0.0878858515490083,0.0,0.6452922077922076,0.0,0.2564935064935063,2,0.5,0.0,1.0,0.0,0.5,1.0,Low,Medium,False,0.029857503702753554,0.4182265265351601,0.5519159697620863,Logistic Regression Standard,0.39999999999999997
SUP001,2024-12,20,6,0.65,13,1,3,238622.11,0,0.3,0.05,0.0,0.0,0.0,0.0,238622.11,1.0,0.0,0.014419918352113,0.0,0.0,-0.3363636363636363,0.0,-0.7136363636363635,0.0,1,0,2024-12,Low,2025-01,Medium,0.2234586466165413,0.1824062049062048,0.3434497354497354,0.6363636363636364,1.3636363636363635,0.0,0.0,0.0,1.0,0.0,0.0057137750361161,0.0,0.3835497835497835,0.9807359307359306,0.0,0.08809523809523806,0.0,1.0,0.18215902910152607,0.29366655278914117,0.0,0.09153515612733844,0.0,-0.7584415584415583,0.0,-1.1487012987012983,0,0.0,0.0,0.0,0.5,-0.5,1.0,Medium,Medium,True,0.007582034260019694,0.35534698972061185,0.6370709760193685,Logistic Regression Standard,0.39999999999999997
SUP001,2025-01,19,10,1.5263157894736843,29,1,7,517827.48,0,0.5263157894736842,0.0526315789473684,0.0,0.0,0.0,0.0,517827.48,1.0,0.0,0.0315493050052376,0.0,0.0,0.2263157894736842,0.0,0.8763157894736843,0.0,1,1,2025-01,Medium,2025-02,Medium,0.3087755102040816,0.1824062049062048,0.3434497354497354,0.3,0.65,0.05,0.0,0.0,1.0,0.0,0.014419918352113,0.0,0.48755980861244014,1.1799840510366824,0.0,0.03421052631578947,0.0,1.0,0.14002771988986085,0.38059468349994036,0.0,0.024214339897968663,0.0,0.5626794258373204,0.0,1.5899521531100478,1,0.5,0.0,1.0,0.0,0.5,1.0,Medium,Medium,True,0.03336805446447721,0.4823021448868578,0.48432980064866504,Logistic Regression Standard,0.39999999999999997
SUP002,2024-07,24,17,2.333333333333333,56,2,13,358353.05,0,0.7083333333333334,0.0833333333333333,0.0,0.0,0.0,0.0,358353.05,1.0,0.0,0.0225887859693964,0.0,0.0,-0.0916666666666666,0.0,-0.3166666666666664,0.0,1,0,2024-07,Medium,2024-08,Medium,0.3176623376623376,0.1824062049062048,0.3434497354497354,0.8,2.65,0.2,0.0,0.0,1.0,0.0,0.0209925918394493,0.0,0.7694444444444445,2.772222222222222,0.0222222222222222,0.16111111111111112,0.3333333333333333,1.0,0.04321208107251166,0.4172958212936421,0.03142696805273541,0.05499719409228702,0.0,-0.0916666666666666,0.0666666666666666,0.3666666666666672,0,0.5,0.0,1.0,1.0,-0.5,1.0,Medium,Medium,True,0.39097943196874696,0.010648591125242317,0.5983719769060107,Logistic Regression Standard,0.39999999999999997
SUP002,2024-08,22,16,2.4545454545454546,54,2,8,323253.31,0,0.7272727272727273,0.0909090909090909,0.0,0.0,0.0,0.0,323253.31,1.0,0.0,0.0210832743639807,0.0,0.0,0.0189393939393939,0.0,0.1212121212121211,0.0,1,1,2024-08,Medium,2024-09,Medium,0.2631428571428571,0.1824062049062048,0.3434497354497354,0.7083333333333334,2.333333333333333,0.0833333333333333,0.0,0.0,1.0,0.0,0.0225887859693964,0.0,0.7452020202020201,2.4792929292929293,0.0,0.12474747474747473,0.0,1.0,0.03951193155788756,0.13045758588963136,0.0,0.05330137548802482,0.0,0.1106060606060605,0.0,0.4378787878787875,1,0.5,0.0,1.0,0.5,0.0,1.0,Medium,Medium,True,0.30684334824013626,0.027972843359852614,0.6651838084000112,Logistic Regression Standard,0.39999999999999997
SUP002,2024-09,15,9,2.066666666666667,31,0,0,200478.32,0,0.6,0.0,0.0,0.0,0.0,0.0,200478.32,1.0,0.0,0.013034408455153,0.0,0.0,-0.1272727272727273,0.0,-0.3878787878787877,0.0,1,0,2024-09,Medium,2024-10,High,0.3875124875124875,0.1824062049062048,0.3434497354497354,0.7272727272727273,2.4545454545454546,0.0909090909090909,0.0,0.0,1.0,0.0,0.0210832743639807,0.0,0.6785353535353535,2.2848484848484847,0.0,0.058080808080808066,0.0,1.0,0.05606856800317581,0.1620196982283876,0.0,0.041185622298737505,0.0,-0.14621212121212118,0.0,-0.5090909090909088,0,0.5,0.0,1.0,0.5,0.0,1.0,High,Medium,False,0.3280470685302362,0.039702049076673414,0.6322508823930904,Logistic Regression Standard,0.39999999999999997
SUP002,2024-10,22,18,2.9545454545454546,65,2,11,303362.74,0,0.8181818181818182,0.0909090909090909,0.0,1.0,1.0,0.0454545454545454,303362.74,1.0,0.0,0.0200278546280633,0.0,0.0,0.2181818181818182,0.0454545454545454,0.8878787878787877,0.0,1,1,2024-10,High,2024-11,High,0.3556613756613756,0.1824062049062048,0.3434497354497354,0.6,2.066666666666667,0.0,0.0,0.0,1.0,0.0,0.013034408455153,0.0,0.7151515151515152,2.4919191919191923,0.015151515151515133,0.0606060606060606,0.3333333333333333,1.0,0.08948377612262681,0.363437094671816,0.021427478217774142,0.04285495643554824,0.0,0.34545454545454546,0.0454545454545454,1.2757575757575754,1,1.0,1.0,0.0,0.5,0.5,1.0,High,Medium,False,0.23644409747164352,0.0004088923401295785,0.763147010188227,Logistic Regression Standard,0.39999999999999997
SUP002,2024-11,27,22,2.740740740740741,74,1,2,382862.45,0,0.8148148148148148,0.037037037037037,0.0,0.0,0.0,0.0,382862.45,1.0,0.0,0.0251148076569089,0.0,0.0,-0.0033670033670034,-0.0454545454545454,-0.2138047138047136,0.0,1,0,2024-11,High,2024-12,Medium,0.3383571428571428,0.1824062049062048,0.3434497354497354,0.8181818181818182,2.9545454545454546,0.0909090909090909,0.0454545454545454,1.0,1.0,0.0,0.0200278546280633,0.0,0.7443322109988776,2.587317620650954,0.015151515151515133,0.04264870931537596,0.3333333333333333,1.0,0.10206754145103072,0.3783615341837654,0.021427478217774142,0.03732500369992332,0.0,-0.2215488215488216,-0.0909090909090908,-1.1016835016835014,0,1.0,1.0,0.0,1.0,0.0,1.0,Medium,Medium,True,0.21364753854882237,0.0002081265302301649,0.7861443349209475,Logistic Regression Standard,0.39999999999999997
SUP002,2024-12,20,15,2.95,59,3,11,301099.72,0,0.75,0.15,0.0,0.0,0.0,0.0,301099.72,1.0,0.0,0.0181954361992864,0.0,0.0,-0.0648148148148147,0.0,0.2092592592592592,0.0,1,1,2024-12,Medium,2025-01,High,0.4279670329670329,0.1824062049062048,0.3434497354497354,0.8148148148148148,2.740740740740741,0.037037037037037,0.0,0.0,1.0,0.0,0.0251148076569089,0.0,0.7943322109988776,2.881762065095399,0.015151515151515133,0.09264870931537596,0.3333333333333333,1.0,0.031377729649707364,0.09973439972016257,0.021427478217774142,0.046133339025716466,0.0,-0.0614478114478113,0.0454545454545454,0.4230639730639728,1,0.5,0.0,1.0,1.0,-0.5,1.0,High,High,True,0.4193385746842533,0.007638307969072014,0.5730231173466747,Logistic Regression Standard,0.39999999999999997
SUP002,2025-01,22,19,3.909090909090909,86,6,24,325760.23,0,0.8636363636363636,0.2727272727272727,0.0,1.0,1.0,0.0454545454545454,325760.23,1.0,0.0,0.019847360852395,0.0,0.0,0.1136363636363636,0.0454545454545454,0.959090909090909,0.0,1,1,2025-01,High,2025-02,Medium,0.3148677248677248,0.1824062049062048,0.3434497354497354,0.75,2.95,0.15,0.0,0.0,1.0,0.0,0.0181954361992864,0.0,0.8094837261503928,3.1999438832772165,0.015151515151515133,0.15325476992143658,0.3333333333333333,1.0,0.046544753838895045,0.5086678599123646,0.021427478217774142,0.09624765605928912,0.0,0.1784511784511783,0.0454545454545454,0.7498316498316497,2,1.0,1.0,0.0,0.5,0.5,1.0,Medium,High,False,0.48287205010410483,7.69655927148916e-05,0.5170509843031803,Logistic Regression Standard,0.39999999999999997
SUP002,2025-02,27,19,2.6666666666666665,72,3,16,406740.94,0,0.7037037037037037,0.1111111111111111,0.0,0.0,0.0,0.0,406740.94,1.0,0.0,0.0866030501160093,0.0,0.0,-0.1599326599326599,-0.0454545454545454,-1.2424242424242429,0.0,1,0,2025-02,Medium,2025-03,High,0.3559523809523809,0.1824062049062048,0.3434497354497354,0.8636363636363636,3.909090909090909,0.2727272727272727,0.0454545454545454,1.0,1.0,0.0,0.019847360852395,0.0,0.7724466891133558,3.175252525252526,0.015151515151515133,0.17794612794612794,0.3333333333333333,1.0,0.0671937711269815,0.5316380502060543,0.021427478217774142,0.06887517924608896,0.0,-0.2735690235690235,-0.0909090909090908,-2.201515151515152,0,0.5,0.0,1.0,1.0,-0.5,1.0,High,Medium,False,0.21568562369365052,0.011324673364488044,0.7729897029418614,Logistic Regression Standard,0.39999999999999997
SUP003,2024-07,18,14,2.9444444444444446,53,3,5,210925.23,0,0.7777777777777778,0.1666666666666666,0.0,0.0,0.0,0.0,210925.23,1.0,0.0,0.0132956727339581,0.0,0.0,0.1414141414141414,-0.0454545454545454,1.3535353535353538,0.0,1,1,2024-07,High,2024-08,Medium,0.2273015873015873,0.1824062049062048,0.3434497354497354,0.6363636363636364,1.5909090909090908,0.0454545454545454,0.0454545454545454,1.0,1.0,0.0,0.0294643920883337,0.0,0.6750841750841751,2.234006734006734,0.015151515151515133,0.1077441077441077,0.3333333333333333,1.0,0.07334350475014109,0.5546263017080614,0.021427478217774142,0.049541882052397825,0.0,0.11616161616161631,-0.0909090909090908,1.9292929292929295,2,1.0,1.0,0.0,0.5,0.5,1.0,Medium,Medium,True,0.23579100624107263,0.0006758045298235854,0.7635331892291037,Logistic Regression Standard,0.39999999999999997
SUP003,2024-08,18,10,1.2777777777777777,23,5,11,330513.36,0,0.5555555555555556,0.2777777777777778,0.0,0.0,0.0,0.0,330513.36,1.0,0.0,0.0215567904002007,0.0,0.0,-0.2222222222222222,0.0,-1.666666666666667,0.0,1,0,2024-08,Medium,2024-09,High,0.4326593406593406,0.1824062049062048,0.3434497354497354,0.7777777777777778,2.9444444444444446,0.1666666666666666,0.0,0.0,1.0,0.0,0.0132956727339581,0.0,0.6565656565656566,1.9377104377104377,0.015151515151515133,0.16329966329966325,0.3333333333333333,1.0,0.09183960738710996,0.7232555219523574,0.021427478217774142,0.09487543975491834,0.0,-0.36363636363636365,0.0454545454545454,-3.0202020202020208,0,0.5,0.0,1.0,1.0,-0.5,1.0,High,Medium,False,0.12360502063777419,0.08952510276992041,0.7868698765923055,Logistic Regression Standard,0.39999999999999997
SUP003,2024-09,15,12,2.466666666666667,37,1,1,159157.22,0,0.8,0.0666666666666666,0.0,1.0,6.0,0.0666666666666666,159157.22,1.0,0.0,0.0103478531447522,0.0,0.0,0.2444444444444444,0.0666666666666666,1.188888888888889,0.0,1,1,2024-09,High,2024-10,Medium,0.2406813186813186,0.1824062049062048,0.3434497354497354,0.5555555555555556,1.2777777777777777,0.2777777777777778,0.0,0.0,1.0,0.0,0.0215567904002007,0.0,0.7111111111111111,2.2296296296296294,0.0222222222222222,0.1703703703703703,2.0,1.0,0.11036788463519502,0.7007540520229704,0.03142696805273541,0.08622553130979865,0.0,0.4666666666666666,0.0666666666666666,2.855555555555556,1,1.0,1.0,0.0,0.5,0.5,1.0,Medium,Medium,True,0.055586086338642794,0.0013352749224920851,0.9430786387388651,Logistic Regression Standard,0.39999999999999997
SUP003,2024-10,10,4,2.3,23,3,12,165199.04,0,0.4,0.3,0.0,1.0,1.0,0.1,165199.04,1.0,0.0,0.0109063570490417,0.0,0.0,-0.4,0.0333333333333333,-0.1666666666666669,0.0,1,1,2024-10,Medium,2024-11,High,0.3675702075702076,0.1824062049062048,0.3434497354497354,0.8,2.466666666666667,0.0666666666666666,0.0666666666666666,6.0,1.0,0.0,0.0103478531447522,0.0,0.5851851851851853,2.0148148148148146,0.05555555555555553,0.2148148148148148,2.3333333333333335,1.0,0.16463785756216923,0.525586745087618,0.04157397096415491,0.10514866345613626,0.0,-0.6444444444444444,-0.0333333333333333,-1.355555555555556,2,0.5,0.0,1.0,1.0,-0.5,1.0,High,Medium,False,0.1949648502519643,0.08424542140495933,0.7207897283430764,Logistic Regression Standard,0.39999999999999997
SUP003,2024-11,18,14,2.611111111111111,47,2,7,368658.95,0,0.7777777777777778,0.1111111111111111,0.0,1.0,1.0,0.0555555555555555,368658.95,1.0,0.0,0.0241830940073856,0.0,0.0,0.3777777777777777,-0.0444444444444444,0.3111111111111113,0.0,1,1,2024-11,High,2024-12,High,0.4155860805860806,0.1824062049062048,0.3434497354497354,0.4,2.3,0.3,0.1,1.0,1.0,0.0,0.0109063570490417,0.0,0.6592592592592593,2.4592592592592593,0.07407407407407403,0.15925925925925924,2.6666666666666665,1.0,0.18354832138316832,0.12711853556837394,0.018885257457751124,0.10115926136109381,0.0,0.7777777777777777,-0.0777777777777777,0.4777777777777782,3,1.0,1.0,0.0,0.5,0.5,1.0,High,Medium,False,0.251960316394547,2.6558114056543905e-05,0.7480131254913964,Logistic Regression Standard,0.39999999999999997
SUP003,2024-12,18,15,3.7222222222222223,67,1,4,257643.62,0,0.8333333333333334,0.0555555555555555,0.0,1.0,1.0,0.0555555555555555,257643.62,1.0,0.0,0.0155693869455049,0.0,0.0,0.0555555555555555,0.0,1.1111111111111112,0.0,1,1,2024-12,High,2025-01,High,0.3517647058823529,0.1824062049062048,0.3434497354497354,0.7777777777777778,2.611111111111111,0.1111111111111111,0.0555555555555555,1.0,1.0,0.0,0.0241830940073856,0.0,0.6703703703703704,2.8777777777777778,0.07037037037037033,0.15555555555555553,1.0,1.0,0.1925213543461781,0.6104710452751563,0.02095131203515703,0.104625532532041,0.0,-0.3222222222222222,0.0444444444444444,0.7999999999999998,4,1.0,1.0,0.0,1.0,0.0,1.0,High,Medium,False,0.37718040979252604,4.72474003300583e-05,0.6227723428071439,Logistic Regression Standard,0.39999999999999997
SUP003,2025-01,17,14,2.4705882352941178,42,4,7,301625.84,0,0.8235294117647058,0.2352941176470588,0.0,0.0,0.0,0.0,301625.84,1.0,0.0,0.0183769421113398,0.0,0.0,-0.0098039215686275,-0.0555555555555555,-1.2516339869281046,0.0,1,0,2025-01,High,2025-02,High,0.4271428571428571,0.1824062049062048,0.3434497354497354,0.8333333333333334,3.7222222222222223,0.0555555555555555,0.0555555555555555,1.0,1.0,0.0,0.0155693869455049,0.0,0.8115468409586057,2.9346405228758172,0.037037037037037,0.13398692810457513,0.6666666666666666,1.0,0.024211449641496265,0.5598513907076881,0.026189140043946204,0.07513971399120058,0.0,-0.065359477124183,-0.0555555555555555,-2.3627450980392157,0,1.0,1.0,0.0,1.0,0.0,1.0,High,Medium,False,0.3314941455603051,5.9542515151665426e-05,0.6684463119245433,Logistic Regression Standard,0.39999999999999997
SUP004,2024-07,21,9,1.1904761904761905,25,0,0,152679.63999999998,0,0.4285714285714285,0.0,0.0,0.0,0.0,0.0,152679.63999999998,1.0,0.0,0.009624161730574,0.0,0.0,0.1428571428571428,0.0,0.0476190476190476,0.0,1,1,2024-07,Low,2024-08,Medium,0.1929870129870129,0.1824062049062048,0.3434497354497354,0.2857142857142857,1.1428571428571428,0.0714285714285714,0.0,0.0,1.0,0.0,0.0051642253376499,0.0,0.34920634920634913,1.0972222222222223,0.013888888888888867,0.037698412698412676,0.3333333333333333,1.0,0.059391387091649206,0.10011488739319788,0.019641855032959624,0.029295283849669243,0.0,0.1904761904761904,0.0416666666666666,-0.1369047619047618,2,0.0,0.0,0.0,0.0,0.0,1.0,Medium,Medium,True,0.007235640172430189,0.2954295750146394,0.6973347848129304,Logistic Regression Standard,0.39999999999999997
SUP004,2024-08,22,10,1.318181818181818,29,2,7,213474.2,0,0.4545454545454545,0.0909090909090909,0.0,0.0,0.0,0.0,213474.2,1.0,0.0,0.0139232452971055,0.0,0.0,0.0259740259740259,0.0,0.1277056277056276,0.0,1,1,2024-08,Medium,2024-09,Low,0.13120232708468,0.1824062049062048,0.3434497354497354,0.4285714285714285,1.1904761904761905,0.0,0.0,0.0,1.0,0.0,0.009624161730574,0.0,0.3896103896103895,1.2171717171717171,0.0,0.05411255411255411,0.0,1.0,0.0742269619025201,0.07402330175284774,0.0,0.03908110408066607,0.0,-0.1168831168831169,0.0,0.08008658008658,3,0.5,0.0,1.0,0.0,0.5,1.0,Low,Medium,False,0.04787628277760631,0.44707293277574445,0.5050507844466492,Logistic Regression Standard,0.39999999999999997
SUP004,2024-09,17,4,0.7647058823529411,13,3,3,140342.97999999998,0,0.2352941176470588,0.1764705882352941,0.0,1.0,1.0,0.0588235294117647,140342.97999999998,1.0,0.0,0.0091246161935782,0.0,0.0,-0.2192513368983957,0.0588235294117647,-0.553475935828877,0.0,1,1,2024-09,Low,2024-10,Low,0.0698136645962732,0.1824062049062048,0.3434497354497354,0.4545454545454545,1.318181818181818,0.0909090909090909,0.0,0.0,1.0,0.0,0.0139232452971055,0.0,0.37280366692131395,1.0911212970036497,0.019607843137254898,0.08912655971479501,0.3333333333333333,1.0,0.09781042757133597,0.23662551148473374,0.027729677693590096,0.07205484111018794,0.0,-0.2452253628724216,0.0588235294117647,-0.6811815635345047,4,0.0,0.0,0.0,0.5,-0.5,1.0,Low,Medium,False,0.0071040137169679374,0.46061776127166565,0.5322782250113665,Logistic Regression Standard,0.39999999999999997
SUP004,2024-10,23,4,0.3478260869565217,8,3,15,349715.02,0,0.1739130434782608,0.1304347826086956,0.0,0.0,0.0,0.0,349715.02,1.0,0.0,0.0230880087047283,0.0,0.0,-0.0613810741687979,-0.0588235294117647,-0.4168797953964194,0.0,1,0,2024-10,Low,2024-11,Medium,0.2398095238095238,0.1824062049062048,0.3434497354497354,0.2352941176470588,0.7647058823529411,0.1764705882352941,0.0588235294117647,1.0,1.0,0.0,0.0091246161935782,0.0,0.2879175385569247,0.8102379291637601,0.019607843137254898,0.1326048205843602,0.3333333333333333,1.0,0.1204589995435214,0.3974522501681021,0.027729677693590096,0.03496402203015099,0.0,0.1578702627295978,-0.1176470588235294,0.1365961404324576,0,0.0,0.0,0.0,0.0,0.0,1.0,Medium,Low,False,0.003396432709416275,0.5550539941743612,0.4415495731162225,Logistic Regression Standard,0.39999999999999997
SUP004,2024-11,15,8,2.066666666666667,31,1,3,121921.33,0,0.5333333333333333,0.0666666666666666,0.0,0.0,0.0,0.0,121921.33,1.0,0.0,0.0079977306529395,0.0,0.0,0.3594202898550724,0.0,1.7188405797101451,0.0,1,1,2024-11,Medium,2024-12,Medium,0.3099999999999999,0.1824062049062048,0.3434497354497354,0.1739130434782608,0.3478260869565217,0.1304347826086956,0.0,0.0,1.0,0.0,0.0230880087047283,0.0,0.31418016481955097,1.05973287865871,0.019607843137254898,0.12452401250355212,0.3333333333333333,1.0,0.156977689537402,0.7320673607560442,0.027729677693590096,0.04502168514830163,0.0,0.4208013640238703,0.0588235294117647,2.1357203751065645,1,0.5,0.0,1.0,0.0,0.5,1.0,Medium,Medium,True,0.036003895610750764,0.4709194319166673,0.49307667247258197,Logistic Regression Standard,0.39999999999999997
SUP004,2024-12,17,13,1.6470588235294117,28,0,0,221890.34,0,0.7647058823529411,0.0,0.0,0.0,0.0,0.0,221890.34,1.0,0.0,0.0134088185957395,0.0,0.0,0.2313725490196078,0.0,-0.4196078431372552,0.0,1,1,2024-12,Medium,2025-01,Low,0.1524175824175823,0.1824062049062048,0.3434497354497354,0.5333333333333333,2.066666666666667,0.0666666666666666,0.0,0.0,1.0,0.0,0.0079977306529395,0.0,0.4906507530548451,1.3538505257175333,0.0,0.06570048309178741,0.0,1.0,0.24307117834195965,0.7317019265811646,0.0,0.05325415953437928,0.0,-0.1280477408354646,0.0,-2.1384484228474,2,0.5,0.0,1.0,0.5,0.0,1.0,Low,Medium,False,0.03749170954706398,0.2126688333632404,0.7498394570896956,Logistic Regression Standard,0.39999999999999997
SUP004,2025-01,13,5,0.6923076923076923,9,2,4,138356.13,0,0.3846153846153846,0.1538461538461538,0.0,0.0,0.0,0.0,138356.13,1.0,0.0,0.0084295251088534,0.0,0.0,-0.3800904977375565,0.0,-0.9547511312217194,0.0,1,0,2025-01,Low,2025-02,Medium,0.2761904761904761,0.1824062049062048,0.3434497354497354,0.7647058823529411,1.6470588235294117,0.0,0.0,0.0,1.0,0.0,0.0134088185957395,0.0,0.5608848667672197,1.468677727501257,0.0,0.07350427350427348,0.0,1.0,0.15638949637260333,0.5750828978883064,0.0,0.0629932505049171,0.0,-0.6114630467571642,0.0,-0.5351432880844642,0,0.0,0.0,0.0,0.5,-0.5,1.0,Medium,Medium,True,0.023054194167706515,0.16402825094168239,0.8129175548906111,Logistic Regression Standard,0.39999999999999997
SUP005,2024-07,14,11,2.642857142857143,37,2,2,200461.66,0,0.7857142857142857,0.1428571428571428,0.0,0.0,0.0,0.0,200461.66,1.0,0.0,0.0126361015563002,0.0,0.0,-0.1476190476190476,0.0,-0.2904761904761903,0.0,1,0,2024-07,Medium,2024-08,Medium,0.2513095238095238,0.1824062049062048,0.3434497354497354,0.9333333333333332,2.933333333333333,0.2,0.0,0.0,1.0,0.0,0.0198913017974072,0.0,0.7674603174603174,2.442063492063492,0.0,0.1698412698412698,0.0,1.0,0.1434687085924144,0.5035262403580886,0.0,0.023436227079735812,0.0,-0.49761904761904757,0.0,-1.4738095238095235,0,0.5,0.0,1.0,1.0,-0.5,1.0,Medium,Medium,True,0.27141930739712217,0.02000688450995079,0.708573808092927,Logistic Regression Standard,0.39999999999999997
SUP005,2024-08,12,7,1.8333333333333333,22,1,6,206222.98,0,0.5833333333333334,0.0833333333333333,0.0,0.0,0.0,0.0,206222.98,1.0,0.0,0.0134503051724287,0.0,0.0,-0.2023809523809523,0.0,-0.8095238095238095,0.0,1,0,2024-08,Medium,2024-09,Medium,0.2039285714285714,0.1824062049062048,0.3434497354497354,0.7857142857142857,2.642857142857143,0.1428571428571428,0.0,0.0,1.0,0.0,0.0126361015563002,0.0,0.7674603174603174,2.4698412698412695,0.0,0.14206349206349203,0.0,1.0,0.1434687085924144,0.4654394835253984,0.0,0.04763227329563076,0.0,-0.054761904761904706,0.0,-0.5190476190476192,0,0.5,0.0,1.0,0.5,0.0,1.0,Medium,Medium,True,0.37360462416873214,0.029352800075569542,0.5970425757556983,Logistic Regression Standard,0.39999999999999997
SUP005,2024-09,8,4,1.125,9,1,2,342321.14,0,0.5,0.125,0.0,0.0,0.0,0.0,342321.14,1.0,0.0,0.0222565390691303,0.0,0.0,-0.0833333333333333,0.0,-0.7083333333333333,0.0,1,0,2024-09,Medium,2024-10,Medium,0.2768571428571428,0.1824062049062048,0.3434497354497354,0.5833333333333334,1.8333333333333333,0.0833333333333333,0.0,0.0,1.0,0.0,0.0134503051724287,0.0,0.6230158730158731,1.867063492063492,0.0,0.11706349206349204,0.0,1.0,0.11996997188754752,0.6201214231834411,0.0,0.02494008946423924,0.0,0.119047619047619,0.0,0.10119047619047628,0,0.5,0.0,1.0,0.5,0.0,1.0,Medium,Medium,True,0.1517783575348969,0.14516382035954692,0.7030578221055562,Logistic Regression Standard,0.39999999999999997
SUP005,2024-10,10,6,2.6,26,1,2,303769.17,0,0.6,0.1,0.0,0.0,0.0,0.0,303769.17,1.0,0.0,0.0200546869310563,0.0,0.0,0.0999999999999999,0.0,1.475,0.0,1,1,2024-10,Medium,2024-11,Medium,0.2687912087912088,0.1824062049062048,0.3434497354497354,0.5,1.125,0.125,0.0,0.0,1.0,0.0,0.0222565390691303,0.0,0.5611111111111112,1.8527777777777779,0.0,0.10277777777777779,0.0,1.0,0.04374448818895481,0.6023231772699305,0.0,0.017123372230469464,0.0,0.18333333333333318,0.0,2.1833333333333336,1,0.5,0.0,1.0,0.5,0.0,1.0,Medium,Medium,True,0.16649050228453208,0.1383856903670928,0.6951238073483751,Logistic Regression Standard,0.39999999999999997
SUP005,2024-11,13,8,2.076923076923077,27,4,20,363877.94,0,0.6153846153846154,0.3076923076923077,0.0,0.0,0.0,0.0,363877.94,1.0,0.0,0.0238694718525993,0.0,0.0,0.0153846153846154,0.0,-0.523076923076923,0.0,1,1,2024-11,Medium,2024-12,Medium,0.3332142857142857,0.1824062049062048,0.3434497354497354,0.6,2.6,0.1,0.0,0.0,1.0,0.0,0.0200546869310563,0.0,0.5717948717948719,1.9339743589743594,0.0,0.1775641025641026,0.0,1.0,0.05115368549553872,0.610590971639983,0.0,0.09257883965362061,0.0,-0.0846153846153845,0.0,-1.998076923076923,2,0.5,0.0,1.0,0.5,0.0,1.0,Medium,Medium,True,0.1159671979100133,0.1390903671781826,0.7449424349118042,Logistic Regression Standard,0.39999999999999997
SUP005,2024-12,8,6,2.75,22,0,0,157421.43,0,0.75,0.0,0.0,0.0,0.0,0.0,157421.43,1.0,0.0,0.0095129666210431,0.0,0.0,0.1346153846153845,0.0,0.6730769230769229,0.0,1,1,2024-12,Medium,2025-01,Medium,0.3363636363636363,0.1824062049062048,0.3434497354497354,0.6153846153846154,2.076923076923077,0.3076923076923077,0.0,0.0,1.0,0.0,0.0238694718525993,0.0,0.6551282051282051,2.475641025641026,0.0,0.13589743589743591,0.0,1.0,0.06737786329985097,0.28850996744467056,0.0,0.12815383589333132,0.0,0.1192307692307691,0.0,1.196153846153846,3,0.5,0.0,1.0,0.5,0.0,1.0,Medium,Medium,True,0.3514120700461585,0.021604831204841315,0.6269830987490002,Logistic Regression Standard,0.39999999999999997
SUP005,2025-01,11,8,3.1818181818181817,35,0,0,456219.35,0,0.7272727272727273,0.0,0.0,0.0,0.0,0.0,456219.35,1.0,0.0,0.0277957504735771,0.0,0.0,-0.0227272727272727,0.0,0.4318181818181816,0.0,1,1,2025-01,Medium,2025-02,Medium,0.2614285714285714,0.1824062049062048,0.3434497354497354,0.75,2.75,0.0,0.0,0.0,1.0,0.0,0.0095129666210431,0.0,0.6975524475524476,2.6695804195804196,0.0,0.10256410256410259,0.0,1.0,0.05883761106512149,0.45464182231102723,0.0,0.145047544858779,0.0,-0.1573426573426572,0.0,-0.2412587412587413,4,0.5,0.0,1.0,0.5,0.0,1.0,Medium,High,False,0.4821321967382269,0.02123103878457659,0.4966367644771965,Logistic Regression Standard,0.39999999999999997
SUP005,2025-02,10,6,2.0,20,2,4,96191.0,0,0.6,0.2,0.0,0.0,0.0,0.0,96191.0,1.0,0.0,0.0204809331308253,0.0,0.0,-0.1272727272727273,0.0,-1.1818181818181817,0.0,1,0,2025-02,Medium,2025-03,Low,0.0,0.1824062049062048,0.3434497354497354,0.7272727272727273,3.1818181818181817,0.0,0.0,0.0,1.0,0.0,0.0277957504735771,0.0,0.6924242424242424,2.643939393939394,0.0,0.0666666666666667,0.0,1.0,0.06600915427512734,0.48826918316127366,0.0,0.0942809041582063,0.0,-0.10454545454545458,0.0,-1.6136363636363633,0,0.5,0.0,1.0,0.5,0.0,1.0,Low,Medium,False,0.3879630804514722,0.022259079999466698,0.5897778395490612,Logistic Regression Standard,0.39999999999999997
SUP006,2024-07,34,25,3.088235294117647,105,3,8,653124.54,0,0.7352941176470589,0.088235294117647,0.0,2.0,3.0,0.0588235294117647,653124.54,1.0,0.0,0.0411697080446797,0.0,0.0,0.0210084033613445,0.0588235294117647,0.2310924369747899,0.0,1,1,2024-07,High,2024-08,High,0.3596336996336995,0.1824062049062048,0.3434497354497354,0.7142857142857143,2.857142857142857,0.1071428571428571,0.0,0.0,1.0,0.0,0.0370238854752804,0.0,0.7689075630252101,2.9976657329598506,0.019607843137254898,0.11274509803921562,1.0,1.0,0.06297850743954427,0.10073870107301633,0.0277296776935901,0.022648405642571864,0.0,0.16386554621848728,0.0588235294117647,0.4215686274509801,1,1.0,1.0,0.0,0.5,0.5,1.0,High,Medium,False,0.17298576161578824,0.00033789175998556574,0.8266763466242262,Logistic Regression Standard,0.39999999999999997
SUP006,2024-08,27,21,2.5185185185185186,68,3,18,612805.07,0,0.7777777777777778,0.1111111111111111,0.0,1.0,1.0,0.037037037037037,612805.07,1.0,0.0,0.0399684613359362,0.0,0.0,0.0424836601307189,-0.0217864923747276,-0.5697167755991286,0.0,1,1,2024-08,High,2024-09,Medium,0.2931797235023041,0.1824062049062048,0.3434497354497354,0.7352941176470589,3.088235294117647,0.088235294117647,0.0588235294117647,3.0,1.0,0.0,0.0411697080446797,0.0,0.7424525365701836,2.821298889926341,0.031953522149600566,0.10216308745720508,1.3333333333333333,1.0,0.026410133821815975,0.23396280842494527,0.024282140155846746,0.009980792566098424,0.0,0.0214752567693744,-0.08061002178649229,-0.8008092125739185,2,1.0,1.0,0.0,1.0,0.0,1.0,Medium,Medium,True,0.13392559905595675,0.00022043485067184108,0.8658539660933714,Logistic Regression Standard,0.39999999999999997
SUP006,2024-09,31,22,1.7419354838709675,54,4,18,582283.55,0,0.7096774193548387,0.1290322580645161,0.0,0.0,0.0,0.0,582283.55,1.0,0.0,0.0378580667845606,0.0,0.0,-0.068100358422939,-0.037037037037037,-0.7765830346475509,0.0,1,0,2024-09,Medium,2024-10,High,0.3508994708994709,0.1824062049062048,0.3434497354497354,0.7777777777777778,2.5185185185185186,0.1111111111111111,0.037037037037037,1.0,1.0,0.0,0.0399684613359362,0.0,0.7409164382598918,2.449563098835711,0.031953522149600566,0.1094595544310914,1.3333333333333333,1.0,0.02808466451213045,0.5517831290131332,0.024282140155846746,0.01669618312511437,0.0,-0.1105840185536579,-0.0152505446623094,-0.20686625904842226,0,0.5,0.0,1.0,1.0,-0.5,1.0,High,Medium,False,0.24721737342204084,0.013072174587760027,0.7397104519901991,Logistic Regression Standard,0.39999999999999997
SUP006,2024-10,27,22,2.555555555555556,69,6,17,567544.48,0,0.8148148148148148,0.2222222222222222,0.0,0.0,0.0,0.0,567544.48,1.0,0.0,0.0374689994572167,0.0,0.0,0.105137395459976,0.0,0.8136200716845876,0.0,1,1,2024-10,High,2024-11,High,0.3822474299893654,0.1824062049062048,0.3434497354497354,0.7096774193548387,1.7419354838709675,0.1290322580645161,0.0,0.0,1.0,0.0,0.0378580667845606,0.0,0.7674233373158104,2.272003185981681,0.012345679012345666,0.15412186379928314,0.3333333333333333,1.0,0.043542154356341956,0.375119325143187,0.017459426695964137,0.04870685092148034,0.0,0.173237753882915,0.037037037037037,1.5902031063321385,1,1.0,1.0,0.0,0.5,0.5,1.0,High,Medium,False,0.14856867756861405,0.0007506255203055251,0.8506806969110804,Logistic Regression Standard,0.39999999999999997
SUP006,2024-11,31,24,2.677419354838709,83,2,4,498792.32,0,0.7741935483870968,0.064516129032258,0.0,2.0,2.0,0.064516129032258,498792.32,1.0,0.0,0.0327195136988319,0.0,0.0,-0.040621266427718,0.064516129032258,0.1218637992831541,0.0,1,1,2024-11,High,2024-12,Medium,0.3205246366536688,0.1824062049062048,0.3434497354497354,0.8148148148148148,2.555555555555556,0.2222222222222222,0.0,0.0,1.0,0.0,0.0374689994572167,0.0,0.7662285941855834,2.3249701314217437,0.021505376344086,0.1385902031063321,0.6666666666666666,1.0,0.043290093960020426,0.41525875192657524,0.03041319488974395,0.06473699968527637,0.0,-0.14575866188769399,0.064516129032258,-0.6917562724014334,2,1.0,1.0,0.0,1.0,0.0,1.0,Medium,Medium,True,0.12157067933288826,0.0009307042640514817,0.8774986164030601,Logistic Regression Standard,0.39999999999999997
SUP006,2024-12,31,21,2.419354838709677,75,5,10,487507.02,0,0.6774193548387096,0.1612903225806451,0.0,1.0,1.0,0.032258064516129,487507.02,1.0,0.0,0.0294600170306177,0.0,0.0,-0.0967741935483871,-0.032258064516129,-0.258064516129032,0.0,1,0,2024-12,Medium,2025-01,Medium,0.3094594594594594,0.1824062049062048,0.3434497354497354,0.7741935483870968,2.677419354838709,0.064516129032258,0.064516129032258,2.0,1.0,0.0,0.0327195136988319,0.0,0.7554759060135403,2.550776583034647,0.032258064516129,0.1493428912783751,1.0,1.0,0.05763182400682068,0.10540857825621566,0.026338599384765328,0.06493514094002964,0.0,-0.05615292712066909,-0.09677419354838698,-0.3799283154121861,0,0.5,0.0,1.0,1.0,-0.5,1.0,Medium,Medium,True,0.3055708085255693,0.018739326030344835,0.6756898654440859,Logistic Regression Standard,0.39999999999999997
SUP006,2025-01,37,25,2.8378378378378377,105,5,12,593172.17,0,0.6756756756756757,0.1351351351351351,0.0,0.0,0.0,0.0,593172.17,1.0,0.0,0.036139777116403,0.0,0.0,-0.0017436791630339,-0.032258064516129,0.4184829991281602,0.0,1,1,2025-01,Medium,2025-02,Medium,0.2960989010989011,0.1824062049062048,0.3434497354497354,0.6774193548387096,2.419354838709677,0.1612903225806451,0.032258064516129,1.0,1.0,0.0,0.0294600170306177,0.0,0.7090961929671606,2.6448706771287416,0.032258064516129,0.12031386224934608,1.0,1.0,0.04603628544425986,0.17238825840782782,0.026338599384765328,0.0408743092231249,0.0,0.09503051438535319,0.0,0.6765475152571923,1,0.5,0.0,1.0,0.5,0.0,1.0,Medium,Medium,True,0.29056385998533163,0.014323742938185322,0.695112397076483,Logistic Regression Standard,0.39999999999999997
SUP007,2024-07,31,16,1.6451612903225807,51,2,6,271284.86,0,0.5161290322580645,0.064516129032258,0.0,0.0,0.0,0.0,271284.86,1.0,0.0,0.0171004422573707,0.0,0.0,0.0473790322580645,0.0,0.2076612903225807,0.0,1,1,2024-07,Medium,2024-08,Low,0.1412053571428571,0.1824062049062048,0.3434497354497354,0.46875,1.4375,0.125,0.0,0.0,1.0,0.0,0.0311488713851145,0.0,0.4949596774193548,1.4719982078853047,0.0,0.08169056152927118,0.0,1.0,0.019668025035835243,0.12961934899413532,0.0,0.03084210936090717,0.0,0.0786290322580645,0.0,0.10349462365591401,2,0.5,0.0,1.0,0.5,0.0,1.0,Low,Medium,False,0.06848702218297185,0.29207167633706993,0.6394413014799583,Logistic Regression Standard,0.39999999999999997
SUP007,2024-08,32,11,0.8125,26,1,2,549910.38,0,0.34375,0.03125,0.0,0.0,0.0,0.0,549910.38,1.0,0.0,0.0358663347241236,0.0,0.0,-0.1723790322580645,0.0,-0.8326612903225807,0.0,1,0,2024-08,Low,2024-09,Low,0.1205263157894736,0.1824062049062048,0.3434497354497354,0.5161290322580645,1.6451612903225807,0.064516129032258,0.0,0.0,1.0,0.0,0.0171004422573707,0.0,0.4428763440860215,1.2983870967741937,0.0,0.07358870967741933,0.0,1.0,0.07271275561331675,0.35387898683340013,0.0,0.03880721079621005,0.0,-0.219758064516129,0.0,-1.0403225806451615,0,0.0,0.0,0.0,0.5,-0.5,1.0,Low,Medium,False,0.008091849654128852,0.2954241306130298,0.6964840197328414,Logistic Regression Standard,0.39999999999999997
SUP007,2024-09,19,5,1.105263157894737,21,1,5,318099.98,0,0.2631578947368421,0.0526315789473684,0.0,0.0,0.0,0.0,318099.98,1.0,0.0,0.0206817628404707,0.0,0.0,-0.0805921052631579,0.0,0.2927631578947369,0.0,1,1,2024-09,Low,2024-10,Medium,0.1834782608695651,0.1824062049062048,0.3434497354497354,0.34375,0.8125,0.03125,0.0,0.0,1.0,0.0,0.0358663347241236,0.0,0.37434564233163553,1.187641482739106,0.0,0.04946590265987547,0.0,1.0,0.10551672569458455,0.3448872737610939,0.0,0.013764082847895907,0.0,0.0917869269949066,0.0,1.1254244482173177,1,0.0,0.0,0.0,0.0,0.0,1.0,Medium,Medium,True,0.007355124230980869,0.4346506816478303,0.5579941941211889,Logistic Regression Standard,0.39999999999999997
SUP007,2024-10,23,10,1.2173913043478262,28,3,3,218976.78,0,0.4347826086956521,0.1304347826086956,0.0,0.0,0.0,0.0,218976.78,1.0,0.0,0.0144567362384761,0.0,0.0,0.17162471395881,0.0,0.1121281464530892,0.0,1,1,2024-10,Medium,2024-11,Medium,0.2717687074829932,0.1824062049062048,0.3434497354497354,0.2631578947368421,1.105263157894737,0.0526315789473684,0.0,0.0,1.0,0.0,0.0206817628404707,0.0,0.3472301678108314,1.0450514874141879,0.0,0.07143878718535468,0.0,1.0,0.07010869792141564,0.17069139019619534,0.0,0.04261993732643437,0.0,0.25221681922196787,0.0,-0.18063501144164767,2,0.5,0.0,1.0,0.0,0.5,1.0,Medium,Low,False,0.024631843935303672,0.5561086338712848,0.41925952219341145,Logistic Regression Standard,0.39999999999999997
SUP007,2024-11,21,13,2.142857142857143,45,2,10,296940.24,0,0.6190476190476191,0.0952380952380952,0.0,0.0,0.0,0.0,296940.24,1.0,0.0,0.019478528158602,0.0,0.0,0.1842650103519669,0.0,0.9254658385093166,0.0,1,1,2024-11,Medium,2024-12,Medium,0.2292261904761904,0.1824062049062048,0.3434497354497354,0.4347826086956521,1.2173913043478262,0.1304347826086956,0.0,0.0,1.0,0.0,0.0144567362384761,0.0,0.4389960408267044,1.4885038683665688,0.0,0.09276815226471974,0.0,1.0,0.1453219155879856,0.4649565113600438,0.0,0.03181100531483078,0.0,0.012640296393156919,0.0,0.8133376920562274,3,0.5,0.0,1.0,0.5,0.0,1.0,Medium,Medium,True,0.061504690163842746,0.24610315065876834,0.6923921591773888,Logistic Regression Standard,0.39999999999999997
SUP007,2024-12,24,13,1.5416666666666667,37,1,3,411213.55,0,0.5416666666666666,0.0416666666666666,0.0,0.0,0.0,0.0,411213.55,1.0,0.0,0.0248496076758459,0.0,0.0,-0.0773809523809524,0.0,-0.601190476190476,0.0,1,0,2024-12,Medium,2025-01,Medium,0.2409772370486655,0.1824062049062048,0.3434497354497354,0.6190476190476191,2.142857142857143,0.0952380952380952,0.0,0.0,1.0,0.0,0.019478528158602,0.0,0.531832298136646,1.6339717046238784,0.0,0.08911318150448581,0.0,1.0,0.07554660642407347,0.38341615301231957,0.0,0.03649731066035321,0.0,-0.2616459627329193,0.0,-1.5266563146997927,0,0.5,0.0,1.0,0.5,0.0,1.0,Medium,Medium,True,0.09403001268290355,0.20100316940482438,0.7049668179122721,Logistic Regression Standard,0.39999999999999997
SUP008,2024-07,20,11,1.45,29,0,0,940541.57,0,0.55,0.0,0.0,0.0,0.0,0.0,940541.57,1.0,0.0,0.0592870417038452,0.0,0.0,0.1214285714285715,0.0,0.2595238095238095,0.0,1,1,2024-07,Medium,2024-08,Medium,0.2153383458646616,0.1824062049062048,0.3434497354497354,0.4285714285714285,1.1904761904761905,0.1428571428571428,0.0,0.0,1.0,0.0,0.0514149814283723,0.0,0.4830532212885154,1.095845004668534,0.0,0.08683473389355739,0.0,1.0,0.050350480942267344,0.33455934123711184,0.0,0.06225801336384553,0.0,0.1634453781512605,0.0,-0.2838935574229692,2,0.5,0.0,1.0,0.0,0.5,1.0,Medium,Low,False,0.013038590578206301,0.6558174953551221,0.3311439140666715,Logistic Regression Standard,0.39999999999999997
SUP008,2024-08,19,10,1.2105263157894737,23,3,15,421269.48,0,0.5263157894736842,0.1578947368421052,0.0,0.0,0.0,0.0,421269.48,1.0,0.0,0.0274760992486403,0.0,0.0,-0.0236842105263158,0.0,-0.2394736842105262,0.0,1,0,2024-08,Medium,2024-09,Medium,0.2007142857142857,0.1824062049062048,0.3434497354497354,0.55,1.45,0.0,0.0,0.0,1.0,0.0,0.0592870417038452,0.0,0.5016290726817042,1.2836675020885548,0.0,0.10025062656641599,0.0,1.0,0.05255663598615366,0.11789932648200518,0.0,0.07115323091016733,0.0,-0.1451127819548873,0.0,-0.49899749373433566,0,0.5,0.0,1.0,0.5,0.0,1.0,Medium,Medium,True,0.0515347919496346,0.3985770952111476,0.5498881128392178,Logistic Regression Standard,0.39999999999999997
SUP008,2024-09,12,6,1.0,12,1,1,687137.75,0,0.5,0.0833333333333333,0.0,0.0,0.0,0.0,687137.75,1.0,0.0,0.0446753249850398,0.0,0.0,-0.0263157894736841,0.0,-0.2105263157894736,0.0,1,0,2024-09,Medium,2024-10,Medium,0.1828876678876678,0.1824062049062048,0.3434497354497354,0.5263157894736842,1.2105263157894737,0.1578947368421052,0.0,0.0,1.0,0.0,0.0274760992486403,0.0,0.5254385964912281,1.2201754385964911,0.0,0.08040935672514617,0.0,1.0,0.020421836362848327,0.18383838768187835,0.0,0.06449340643307824,0.0,-0.002631578947368301,0.0,0.02894736842105261,0,0.5,0.0,1.0,0.5,0.0,1.0,Medium,Medium,True,0.035945006623139396,0.4284828880904874,0.5355721052863732,Logistic Regression Standard,0.39999999999999997
SUP008,2024-10,18,7,0.7222222222222222,13,2,5,710901.21,0,0.3888888888888889,0.1111111111111111,0.0,1.0,1.0,0.0555555555555555,710901.21,1.0,0.0,0.046933338249761,0.0,0.0,-0.1111111111111111,0.0555555555555555,-0.2777777777777778,0.0,1,1,2024-10,Medium,2024-11,Low,0.1777142857142857,0.1824062049062048,0.3434497354497354,0.5,1.0,0.0833333333333333,0.0,0.0,1.0,0.0,0.0446753249850398,0.0,0.4717348927875244,0.9775828460038984,0.018518518518518493,0.1174463937621832,0.3333333333333333,1.0,0.059557957572913676,0.19997852975356664,0.026189140043946155,0.030767434927221417,0.0,-0.084795321637427,0.0555555555555555,-0.0672514619883042,1,0.5,0.0,1.0,0.5,0.0,1.0,Low,Low,True,0.010521752440807653,0.6975937226926394,0.291884524866553,Logistic Regression Standard,0.39999999999999997
SUP008,2024-11,15,6,1.4666666666666666,22,1,11,614149.85,0,0.4,0.0666666666666666,0.0,0.0,0.0,0.0,614149.85,1.0,0.0,0.0402866756854046,0.0,0.0,0.0111111111111111,-0.0555555555555555,0.7444444444444444,0.0,1,1,2024-11,Low,2024-12,Medium,0.246847290640394,0.1824062049062048,0.3434497354497354,0.3888888888888889,0.7222222222222222,0.1111111111111111,0.0555555555555555,1.0,1.0,0.0,0.046933338249761,0.0,0.42962962962962964,1.0629629629629629,0.018518518518518493,0.08703703703703701,0.3333333333333333,1.0,0.04996569467863821,0.3071618832091159,0.026189140043946155,0.01833239803076229,0.0,0.1222222222222222,-0.111111111111111,1.0222222222222221,2,0.0,0.0,0.0,0.5,-0.5,1.0,Medium,Medium,True,0.004380582081457827,0.44453246966924964,0.5510869482492925,Logistic Regression Standard,0.39999999999999997
SUP008,2024-12,29,17,1.6206896551724137,47,4,11,839191.9299999999,0,0.5862068965517241,0.1379310344827586,0.0,0.0,0.0,0.0,839191.9299999999,1.0,0.0,0.0507123129216826,0.0,0.0,0.186206896551724,0.0,0.1540229885057471,0.0,1,1,2024-12,Medium,2025-01,Medium,0.1959922430510665,0.1824062049062048,0.3434497354497354,0.4,1.4666666666666666,0.0666666666666666,0.0,0.0,1.0,0.0,0.0402866756854046,0.0,0.45836526181353765,1.2698595146871008,0.018518518518518493,0.10523627075351209,0.3333333333333333,1.0,0.09051142424000004,0.3923100162887832,0.026189140043946155,0.029388635467668633,0.0,0.1750957854406129,0.0555555555555555,-0.5904214559386972,3,0.5,0.0,1.0,0.0,0.5,1.0,Medium,Low,False,0.01910110583378136,0.5346891138448722,0.4462097803213465,Logistic Regression Standard,0.39999999999999997
SUP008,2025-01,17,7,0.8823529411764706,15,1,4,586193.79,0,0.4117647058823529,0.0588235294117647,0.0,1.0,1.0,0.0588235294117647,586193.79,1.0,0.0,0.0357146103425917,0.0,0.0,-0.1744421906693711,0.0588235294117647,-0.7383367139959431,0.0,1,1,2025-01,Medium,2025-02,Low,0.0,0.1824062049062048,0.3434497354497354,0.5862068965517241,1.6206896551724137,0.1379310344827586,0.0,0.0,1.0,0.0,0.0507123129216826,0.0,0.4659905341446923,1.3232364210051835,0.019607843137254895,0.08780707685372996,0.3333333333333333,1.0,0.08514138210024073,0.31802982285363046,0.027729677693590075,0.03558732964410505,0.0,-0.3606490872210951,0.0588235294117647,-0.8923597025016903,4,0.5,0.0,1.0,0.5,0.0,1.0,Low,Low,True,0.02811820000568152,0.5443042339435967,0.42757756605072184,Logistic Regression Standard,0.39999999999999997
SUP009,2024-07,22,18,3.3181818181818183,73,1,9,236461.26,0,0.8181818181818182,0.0454545454545454,0.0,0.0,0.0,0.0,236461.26,1.0,0.0,0.0149053364892354,0.0,0.0,0.0324675324675325,0.0,0.3896103896103899,0.0,1,1,2024-07,High,2024-08,High,0.4275206043956044,0.1824062049062048,0.3434497354497354,0.7857142857142857,2.9285714285714284,0.1428571428571428,0.0,0.0,1.0,0.0,0.0207533085339911,0.0,0.7568542568542568,2.6516955266955264,0.0,0.11832611832611827,0.0,1.0,0.06513517346777728,0.685759061100391,0.0,0.0524367743451851,0.0,-0.08658008658008651,0.0,-0.8306277056277052,4,1.0,1.0,0.0,1.0,0.0,1.0,High,Medium,False,0.28800424130806174,0.000312670611220323,0.711683088080718,Logistic Regression Standard,0.39999999999999997
SUP009,2024-08,16,15,2.6875,43,3,15,129611.6,0,0.9375,0.1875,0.0,1.0,1.0,0.0625,129611.6,1.0,0.0,0.0084535466119574,0.0,0.0,0.1193181818181817,0.0625,-0.6306818181818183,0.0,1,1,2024-08,High,2024-09,High,0.3814285714285714,0.1824062049062048,0.3434497354497354,0.8181818181818182,3.3181818181818183,0.0454545454545454,0.0,0.0,1.0,0.0,0.0149053364892354,0.0,0.8471320346320347,2.9780844155844153,0.020833333333333332,0.12527056277056273,0.3333333333333333,1.0,0.06526005434511988,0.2598442364936983,0.029462782549439483,0.059308198638482135,0.0,0.0868506493506492,0.0625,-1.0202922077922083,5,1.0,1.0,0.0,1.0,0.0,1.0,High,Medium,False,0.3667351471164285,0.0001088006330759705,0.6331560522504955,Logistic Regression Standard,0.39999999999999997
SUP009,2024-09,17,15,2.823529411764706,48,5,14,275467.56,0,0.8823529411764706,0.2941176470588235,0.0,0.0,0.0,0.0,275467.56,1.0,0.0,0.0179099500294314,0.0,0.0,-0.0551470588235294,-0.0625,0.136029411764706,0.0,1,1,2024-09,High,2024-10,High,0.3599159663865545,0.1824062049062048,0.3434497354497354,0.9375,2.6875,0.1875,0.0625,1.0,1.0,0.0,0.0084535466119574,0.0,0.8793449197860963,2.9430704099821745,0.020833333333333332,0.17569073083778963,0.3333333333333333,1.0,0.04875785935014642,0.270994989667583,0.029462782549439483,0.1018591467124219,0.0,-0.1744652406417111,-0.125,0.7667112299465244,6,1.0,1.0,0.0,1.0,0.0,1.0,High,High,True,0.4103810474258155,9.517532662621354e-05,0.5895237772475583,Logistic Regression Standard,0.39999999999999997
SUP009,2024-10,17,13,3.588235294117647,61,0,0,228229.72,0,0.7647058823529411,0.0,0.0,0.0,0.0,0.0,228229.72,1.0,0.0,0.0150676106563502,0.0,0.0,-0.1176470588235294,0.0,0.7647058823529411,0.0,1,1,2024-10,High,2024-11,Medium,0.2738345864661654,0.1824062049062048,0.3434497354497354,0.8823529411764706,2.823529411764706,0.2941176470588235,0.0,0.0,1.0,0.0,0.0179099500294314,0.0,0.8615196078431372,3.0330882352941178,0.020833333333333332,0.1605392156862745,0.3333333333333333,1.0,0.07206465896073165,0.3964569694233929,0.029462782549439483,0.12157702769839127,0.0,-0.06249999999999999,0.0625,0.6286764705882351,7,1.0,1.0,0.0,1.0,0.0,1.0,Medium,High,False,0.53539956414184,0.0001213349510433224,0.4644791009071166,Logistic Regression Standard,0.39999999999999997
SUP009,2024-11,19,12,2.0526315789473686,39,2,2,189137.22,0,0.631578947368421,0.1052631578947368,0.0,0.0,0.0,0.0,189137.22,1.0,0.0,0.0124069229068101,0.0,0.0,-0.1331269349845201,0.0,-1.5356037151702786,0.0,1,0,2024-11,Medium,2024-12,Medium,0.3412863606981254,0.1824062049062048,0.3434497354497354,0.7647058823529411,3.588235294117647,0.0,0.0,0.0,1.0,0.0,0.0150676106563502,0.0,0.7595459236326109,2.8214654282765737,0.0,0.13312693498452008,0.0,1.0,0.10244305043325815,0.62690929037199,0.0,0.121678785149361,0.0,-0.01547987616099071,0.0,-2.3003095975232197,0,0.5,0.0,1.0,1.0,-0.5,1.0,Medium,High,False,0.4678361743822204,0.010839443138568898,0.5213243824792108,Logistic Regression Standard,0.39999999999999997
SUP009,2024-12,17,12,2.5294117647058822,43,0,0,283989.12,0,0.7058823529411765,0.0,0.0,1.0,1.0,0.0588235294117647,283989.12,1.0,0.0,0.0171614437710254,0.0,0.0,0.0743034055727555,0.0588235294117647,0.4767801857585136,0.0,1,1,2024-12,Medium,2025-01,High,0.3782539682539682,0.1824062049062048,0.3434497354497354,0.631578947368421,2.0526315789473686,0.1052631578947368,0.0,0.0,1.0,0.0,0.0124069229068101,0.0,0.7007223942208461,2.723426212590299,0.019607843137254898,0.0350877192982456,0.3333333333333333,1.0,0.054471179444361986,0.6417428856907883,0.0277296776935901,0.049621528504319334,0.0,0.2074303405572756,0.0588235294117647,2.0123839009287923,1,0.5,0.0,1.0,0.5,0.0,1.0,High,High,True,0.4510415488014303,0.01378570045138741,0.5351727507471823,Logistic Regression Standard,0.39999999999999997
SUP009,2025-01,18,16,2.611111111111111,47,1,1,327258.28,0,0.8888888888888888,0.0555555555555555,0.0,0.0,0.0,0.0,327258.28,1.0,0.0,0.0199386314747325,0.0,0.0,0.1830065359477123,-0.0588235294117647,0.0816993464052289,0.0,1,1,2025-01,High,2025-02,High,0.3866071428571428,0.1824062049062048,0.3434497354497354,0.7058823529411765,2.5294117647058822,0.0,0.0588235294117647,1.0,1.0,0.0,0.0171614437710254,0.0,0.7421167297328287,2.3977181515881205,0.019607843137254898,0.0536062378167641,0.3333333333333333,1.0,0.10812584966117421,0.24628202365508445,0.0277296776935901,0.04299560428871908,0.0,0.1087031303749568,-0.1176470588235294,-0.3950808393532847,2,1.0,1.0,0.0,0.5,0.5,1.0,High,Medium,False,0.1839807645686368,0.0003513748419391775,0.8156678605894241,Logistic Regression Standard,0.39999999999999997
SUP010,2024-07,32,12,1.25,40,0,0,576741.34,0,0.375,0.0,0.0,1.0,1.0,0.03125,576741.34,1.0,0.0,0.0363548927209156,0.0,0.0,0.0301724137931034,0.03125,0.4568965517241379,0.0,1,1,2024-07,Medium,2024-08,Medium,0.205,0.1824062049062048,0.3434497354497354,0.3448275862068966,0.7931034482758621,0.0,0.0,0.0,1.0,0.0,0.0365581354702771,0.0,0.4066091954022988,1.2264890282131662,0.010416666666666666,0.045454545454545435,0.3333333333333333,1.0,0.06717626280207462,0.34466071292333095,0.014731391274719735,0.06428243465332253,0.0,0.1853448275862068,0.03125,1.3001567398119123,1,0.5,0.0,1.0,0.0,0.5,1.0,Medium,Low,False,0.030308415941168818,0.5939877794209953,0.37570380463783587,Logistic Regression Standard,0.39999999999999997
SUP010,2024-08,30,15,1.1666666666666667,35,2,7,598761.59,0,0.5,0.0666666666666666,0.0,0.0,0.0,0.0,598761.59,1.0,0.0,0.0390525154424043,0.0,0.0,0.125,-0.03125,-0.0833333333333332,0.0,1,1,2024-08,Medium,2024-09,Low,0.1446305418719212,0.1824062049062048,0.3434497354497354,0.375,1.25,0.0,0.03125,1.0,1.0,0.0,0.0363548927209156,0.0,0.4066091954022988,1.0699233716475096,0.010416666666666666,0.0222222222222222,0.3333333333333333,1.0,0.06717626280207462,0.19867572170537015,0.014731391274719735,0.03142696805273557,0.0,0.0948275862068966,-0.0625,-0.5402298850574712,2,0.5,0.0,1.0,0.5,0.0,1.0,Low,Low,True,0.015352124968408556,0.5369652378240716,0.4476826372075199,Logistic Regression Standard,0.39999999999999997
SUP010,2024-09,29,10,0.9310344827586208,27,2,5,365947.82,0,0.3448275862068966,0.0689655172413793,0.0,0.0,0.0,0.0,365947.82,1.0,0.0,0.02379266425992,0.0,0.0,-0.1551724137931034,0.0,-0.235632183908046,0.0,1,0,2024-09,Low,2024-10,Medium,0.2190816326530612,0.1824062049062048,0.3434497354497354,0.5,1.1666666666666667,0.0666666666666666,0.0,0.0,1.0,0.0,0.0390525154424043,0.0,0.4066091954022988,1.1159003831417624,0.010416666666666666,0.04521072796934863,0.3333333333333333,1.0,0.06717626280207462,0.1350744534308474,0.014731391274719735,0.03198258506468854,0.0,-0.2801724137931034,0.03125,-0.1522988505747128,0,0.0,0.0,0.0,0.5,-0.5,1.0,Medium,Medium,True,0.007735568688942727,0.3120990714022653,0.680165359908792,Logistic Regression Standard,0.39999999999999997
SUP010,2024-10,28,14,1.7142857142857142,48,1,5,449371.68,0,0.5,0.0357142857142857,0.0,0.0,0.0,0.0,449371.68,1.0,0.0,0.0296672909830936,0.0,0.0,0.1551724137931034,0.0,0.7832512315270935,0.0,1,1,2024-10,Medium,2024-11,Low,0.1441670329670329,0.1824062049062048,0.3434497354497354,0.3448275862068966,0.9310344827586208,0.0689655172413793,0.0,0.0,1.0,0.0,0.02379266425992,0.0,0.44827586206896547,1.270662287903667,0.0,0.057115489874110525,0.0,1.0,0.07314897736412576,0.32810764478498966,0.0,0.015162010269290413,0.0,0.3103448275862068,0.0,1.0188834154351396,1,0.5,0.0,1.0,0.0,0.5,1.0,Low,Medium,False,0.04064429435201717,0.45751400634449435,0.5018416993034884,Logistic Regression Standard,0.39999999999999997
SUP010,2024-11,25,7,0.88,22,4,33,387637.31,0,0.28,0.16,0.0,1.0,1.0,0.04,387637.31,1.0,0.0,0.0254280263872614,0.0,0.0,-0.2199999999999999,0.04,-0.8342857142857142,0.0,1,1,2024-11,Low,2024-12,Low,0.1448901098901098,0.1824062049062048,0.3434497354497354,0.5,1.7142857142857142,0.0357142857142857,0.0,0.0,1.0,0.0,0.0296672909830936,0.0,0.3749425287356322,1.1751067323481117,0.013333333333333334,0.08822660098522167,0.3333333333333333,1.0,0.09230450448608238,0.38182597303838306,0.018856180831641263,0.05253555433620193,0.0,-0.3751724137931033,0.04,-1.6175369458128077,2,0.0,0.0,0.0,0.5,-0.5,1.0,Low,Medium,False,0.004428629223215388,0.43352770112203204,0.5620436696547526,Logistic Regression Standard,0.39999999999999997
SUP010,2024-12,26,9,0.9230769230769232,24,3,13,450010.06,0,0.3461538461538461,0.1153846153846153,0.0,0.0,0.0,0.0,450010.06,1.0,0.0,0.02719407821358,0.0,0.0,0.0661538461538461,-0.04,0.0430769230769231,0.0,1,1,2024-12,Low,2025-01,Medium,0.3051020408163265,0.1824062049062048,0.3434497354497354,0.28,0.88,0.16,0.04,1.0,1.0,0.0,0.0254280263872614,0.0,0.37538461538461537,1.1724542124542126,0.013333333333333334,0.10369963369963368,0.3333333333333333,1.0,0.09216227862622496,0.38353612399023485,0.018856180831641263,0.051407773676823885,0.0,0.286153846153846,-0.08,0.8773626373626373,3,0.0,0.0,0.0,0.0,0.0,1.0,Medium,Medium,True,0.005836035473876736,0.40479583086951754,0.5893681336566057,Logistic Regression Standard,0.39999999999999997
SUP011,2024-07,17,3,0.3529411764705882,6,1,5,516450.79,0,0.1764705882352941,0.0588235294117647,0.0,0.0,0.0,0.0,516450.79,1.0,0.0,0.0325544776555849,0.0,0.0,-0.588235294117647,0.0,-1.4117647058823528,0.0,1,0,2024-07,Low,2024-08,Medium,0.224065934065934,0.1824062049062048,0.3434497354497354,0.7647058823529411,1.7647058823529411,0.0,0.0,0.0,1.0,0.0,0.0391626950047471,0.0,0.45008912655971484,1.054367201426025,0.0,0.03475935828877002,0.0,1.0,0.24188954874506022,0.5763849829012558,0.0,0.02517726718685314,0.0,-0.9438502673796789,0.0,-2.1310160427807485,0,0.0,0.0,0.0,0.5,-0.5,1.0,Medium,Low,False,0.004272942733316495,0.5018891819193416,0.49383787534734197,Logistic Regression Standard,0.39999999999999997
SUP011,2024-08,13,7,1.3846153846153846,18,0,0,239346.68,0,0.5384615384615384,0.0,0.0,0.0,0.0,0.0,239346.68,1.0,0.0,0.0156107039477736,0.0,0.0,0.3619909502262443,0.0,1.0316742081447965,0.0,1,1,2024-08,Medium,2024-09,Medium,0.1848051948051947,0.1824062049062048,0.3434497354497354,0.1764705882352941,0.3529411764705882,0.0588235294117647,0.0,0.0,1.0,0.0,0.0325544776555849,0.0,0.4932126696832579,1.167420814479638,0.0,0.01960784313725488,0.0,1.0,0.24226815089304693,0.5964617937840393,0.0,0.027729677693588573,0.0,0.9502262443438912,0.0,2.4434389140271495,1,0.5,0.0,1.0,0.0,0.5,1.0,Medium,Medium,True,0.03864503738005626,0.4694314228274816,0.49192353979246195,Logistic Regression Standard,0.39999999999999997
SUP011,2024-09,11,5,1.0,11,2,6,172299.0,0,0.4545454545454545,0.1818181818181818,0.0,0.0,0.0,0.0,172299.0,1.0,0.0,0.0112022863240993,0.0,0.0,-0.0839160839160839,0.0,-0.3846153846153846,0.0,1,0,2024-09,Medium,2024-10,Medium,0.1830612244897959,0.1824062049062048,0.3434497354497354,0.5384615384615384,1.3846153846153846,0.0,0.0,0.0,1.0,0.0,0.0156107039477736,0.0,0.3898258604140956,0.9125188536953245,0.0,0.08021390374331548,0.0,1.0,0.15470580986681506,0.42569756960928923,0.0,0.07575233283734628,0.0,-0.4459070341423282,0.0,-1.416289592760181,0,0.5,0.0,1.0,0.5,0.0,1.0,Medium,Low,False,0.028284466485877232,0.5014028752346897,0.47031265827943297,Logistic Regression Standard,0.39999999999999997
SUP011,2024-10,14,6,1.2857142857142858,18,0,0,319048.02,0,0.4285714285714285,0.0,0.0,0.0,0.0,0.0,319048.02,1.0,0.0,0.0210633888787114,0.0,0.0,-0.0259740259740259,0.0,0.2857142857142858,0.0,1,1,2024-10,Medium,2024-11,Medium,0.2557221350078492,0.1824062049062048,0.3434497354497354,0.4545454545454545,1.0,0.1818181818181818,0.0,0.0,1.0,0.0,0.0112022863240993,0.0,0.47385947385947375,1.2234432234432235,0.0,0.06060606060606058,0.0,1.0,0.04689514949659403,0.16307567245093166,0.0,0.0857099128710962,0.0,0.057942057942058006,0.0,0.6703296703296704,1,0.5,0.0,1.0,0.5,0.0,1.0,Medium,Medium,True,0.049111913085935356,0.3801374613134772,0.5707506256005875,Logistic Regression Standard,0.39999999999999997
SUP011,2024-11,14,7,1.8571428571428568,26,0,0,691241.49,0,0.5,0.0,0.0,1.0,1.0,0.0714285714285714,691241.49,1.0,0.0,0.0453436921427659,0.0,0.0,0.0714285714285714,0.0714285714285714,0.5714285714285714,0.0,1,1,2024-11,Medium,2024-12,Low,0.0720535714285714,0.1824062049062048,0.3434497354497354,0.4285714285714285,1.2857142857142858,0.0,0.0,0.0,1.0,0.0,0.0210633888787114,0.0,0.46103896103896097,1.3809523809523812,0.023809523809523798,0.06060606060606058,0.3333333333333333,1.0,0.029519873802999842,0.3563483225498994,0.03367175148507368,0.0857099128710962,0.0,0.0974025974025973,0.0714285714285714,0.2857142857142856,2,0.5,0.0,1.0,0.5,0.0,1.0,Low,Medium,False,0.05534915729203758,0.45047799298362967,0.4941728497243328,Logistic Regression Standard,0.39999999999999997
SUP011,2024-12,16,3,0.25,4,1,3,730234.0,0,0.1875,0.0625,0.0,0.0,0.0,0.0,730234.0,1.0,0.0,0.044127992405804,0.0,0.0,-0.3125,-0.0714285714285714,-1.6071428571428572,0.0,1,0,2024-12,Low,2025-01,Low,0.1274725274725275,0.1824062049062048,0.3434497354497354,0.5,1.8571428571428568,0.0,0.0714285714285714,1.0,1.0,0.0,0.0453436921427659,0.0,0.3720238095238095,1.1309523809523812,0.023809523809523798,0.020833333333333315,0.3333333333333333,1.0,0.13369688955485834,0.6651769068904283,0.03367175148507368,0.029462782549438068,0.0,-0.3839285714285714,-0.1428571428571428,-2.178571428571429,0,0.0,0.0,0.0,0.5,-0.5,1.0,Low,Medium,False,0.004047650567027011,0.45510057355487105,0.540851775878102,Logistic Regression Standard,0.39999999999999997
SUP011,2025-01,13,4,0.7692307692307693,10,0,0,759856.2000000001,0,0.3076923076923077,0.0,0.0,0.0,0.0,0.0,759856.2000000001,1.0,0.0,0.0462952159547825,0.0,0.0,0.1201923076923077,0.0,0.5192307692307693,0.0,1,1,2025-01,Low,2025-02,Medium,0.3104761904761904,0.1824062049062048,0.3434497354497354,0.1875,0.25,0.0625,0.0,0.0,1.0,0.0,0.044127992405804,0.0,0.3317307692307692,0.9587912087912089,0.023809523809523798,0.020833333333333315,0.3333333333333333,1.0,0.12870495516193117,0.6696650461243475,0.03367175148507368,0.02946278254943807,0.0,0.4326923076923077,0.0714285714285714,2.1263736263736264,1,0.0,0.0,0.0,0.0,0.0,1.0,Medium,Low,False,0.0022113322389303554,0.5864021271554705,0.41138654060559904,Logistic Regression Standard,0.39999999999999997
SUP012,2024-07,34,16,1.4705882352941178,50,2,3,563901.01,0,0.4705882352941176,0.0588235294117647,0.0,0.0,0.0,0.0,563901.01,1.0,0.0,0.0355455024669568,0.0,0.0,-0.0849673202614379,0.0,-0.3071895424836599,0.0,1,0,2024-07,Medium,2024-08,Medium,0.2135714285714285,0.1824062049062048,0.3434497354497354,0.5555555555555556,1.7777777777777777,0.0555555555555555,0.0,0.0,1.0,0.0,0.0260240326484142,0.0,0.5087145969498911,1.5716775599128538,0.0111111111111111,0.0492374727668845,0.3333333333333333,1.0,0.03523085322177864,0.14574365515772747,0.015713484026367706,0.011324785549775234,0.0,-0.1405228758169934,0.0333333333333333,-0.618300653594771,0,0.5,0.0,1.0,0.5,0.0,1.0,Medium,Medium,True,0.07814653843440673,0.24441303222279284,0.6774404293428005,Logistic Regression Standard,0.39999999999999997
SUP012,2024-08,40,20,1.5,60,2,5,471983.51,0,0.5,0.05,0.0,0.0,0.0,0.0,471983.51,1.0,0.0,0.030783777083689,0.0,0.0,0.0294117647058823,0.0,0.0294117647058822,0.0,1,1,2024-08,Medium,2024-09,Low,0.1766386554621848,0.1824062049062048,0.3434497354497354,0.4705882352941176,1.4705882352941178,0.0588235294117647,0.0,0.0,1.0,0.0,0.0355455024669568,0.0,0.5087145969498911,1.582788671023965,0.0,0.05479302832244007,0.0,1.0,0.03523085322177864,0.13839996818464465,0.0,0.0036423210233771063,0.0,0.1143790849673202,0.0,0.3366013071895421,1,0.5,0.0,1.0,0.5,0.0,1.0,Low,Medium,False,0.06011226867479752,0.2746007105932409,0.6652870207319614,Logistic Regression Standard,0.39999999999999997
SUP012,2024-09,34,14,1.2647058823529411,43,3,6,696634.48,0,0.4117647058823529,0.088235294117647,0.0,0.0,0.0,0.0,696634.48,1.0,0.0,0.0452927695935556,0.0,0.0,-0.088235294117647,0.0,-0.2352941176470588,0.0,1,0,2024-09,Low,2024-10,Medium,0.2595238095238095,0.1824062049062048,0.3434497354497354,0.5,1.5,0.05,0.0,0.0,1.0,0.0,0.030783777083689,0.0,0.46078431372549017,1.4117647058823526,0.0,0.0656862745098039,0.0,1.0,0.036682915556607604,0.10467723776501342,0.0,0.016346403922091222,0.0,-0.1176470588235293,0.0,-0.264705882352941,0,0.0,0.0,0.0,0.5,-0.5,1.0,Medium,Medium,True,0.008541731953100724,0.25578652361510223,0.735671744431797,Logistic Regression Standard,0.39999999999999997
SUP012,2024-10,21,13,1.6666666666666667,35,1,1,185078.87,0,0.6190476190476191,0.0476190476190476,0.0,0.0,0.0,0.0,185078.87,1.0,0.0,0.0122188133687289,0.0,0.0,0.2072829131652661,0.0,0.4019607843137256,0.0,1,1,2024-10,Medium,2024-11,Medium,0.1864489795918367,0.1824062049062048,0.3434497354497354,0.4117647058823529,1.2647058823529411,0.088235294117647,0.0,0.0,1.0,0.0,0.0452927695935556,0.0,0.5102707749766573,1.4771241830065358,0.0,0.061951447245564874,0.0,1.0,0.08493396704317106,0.1648951086476195,0.0,0.01861088728596584,0.0,0.2955182072829131,0.0,0.6372549019607844,1,0.5,0.0,1.0,0.0,0.5,1.0,Medium,Medium,True,0.07199014099050155,0.2661522117941374,0.6618576472153611,Logistic Regression Standard,0.39999999999999997
SUP012,2024-11,35,16,1.0285714285714285,36,1,1,531677.12,0,0.4571428571428571,0.0285714285714285,0.0,0.0,0.0,0.0,531677.12,1.0,0.0,0.0348766733441194,0.0,0.0,-0.1619047619047619,0.0,-0.6380952380952383,0.0,1,0,2024-11,Medium,2024-12,Low,0.1369264069264069,0.1824062049062048,0.3434497354497354,0.6190476190476191,1.6666666666666667,0.0476190476190476,0.0,0.0,1.0,0.0,0.0122188133687289,0.0,0.49598506069094306,1.3199813258636786,0.0,0.0548085901027077,0.0,1.0,0.08896849294337503,0.26341717763709144,0.0,0.024882542123914587,0.0,-0.36918767507002803,0.0,-1.0400560224089639,0,0.5,0.0,1.0,0.5,0.0,1.0,Low,Medium,False,0.04695179867771999,0.36253366582519286,0.5905145354970872,Logistic Regression Standard,0.39999999999999997
SUP012,2024-12,33,11,0.7878787878787878,26,1,1,567985.13,0,0.3333333333333333,0.0303030303030303,0.0,0.0,0.0,0.0,567985.13,1.0,0.0,0.0343233039042959,0.0,0.0,-0.1238095238095238,0.0,-0.2406926406926406,0.0,1,0,2024-12,Low,2025-01,Medium,0.1925595238095238,0.1824062049062048,0.3434497354497354,0.4571428571428571,1.0285714285714285,0.0285714285714285,0.0,0.0,1.0,0.0,0.0348766733441194,0.0,0.4698412698412699,1.1610389610389606,0.0,0.035497835497835466,0.0,1.0,0.11698746522341778,0.3707899399432269,0.0,0.00860009490663868,0.0,0.03809523809523811,0.0,0.39740259740259765,0,0.0,0.0,0.0,0.5,-0.5,1.0,Medium,Medium,True,0.006736587910508793,0.39092912011803244,0.6023342919714588,Logistic Regression Standard,0.39999999999999997
SUP013,2024-07,33,25,2.8484848484848486,94,3,8,453246.62,0,0.7575757575757576,0.0909090909090909,0.0,2.0,2.0,0.0606060606060606,453246.62,1.0,0.0,0.0285704025416621,0.0,0.0,-0.0318979266347687,0.0606060606060606,0.3748006379585327,0.0,1,1,2024-07,High,2024-08,Medium,0.3197802197802197,0.1824062049062048,0.3434497354497354,0.7894736842105263,2.473684210526316,0.0263157894736842,0.0,0.0,1.0,0.0,0.0253936795671803,0.0,0.7379053694843168,2.4777600567074254,0.020202020202020197,0.06376631815228301,0.6666666666666666,1.0,0.05202937641535033,0.3010453637285674,0.028569970957032207,0.027358862326355718,0.0,-0.1547049441786284,0.0606060606060606,0.012227538543327976,3,1.0,1.0,0.0,0.5,0.5,1.0,Medium,Medium,True,0.19756501538978782,0.0007945699782919042,0.8016404146319204,Logistic Regression Standard,0.39999999999999997
SUP013,2024-08,26,18,2.1153846153846154,55,3,25,362672.98,0,0.6923076923076923,0.1153846153846153,0.0,1.0,1.0,0.0384615384615384,362672.98,1.0,0.0,0.0236543098096736,0.0,0.0,-0.0652680652680652,-0.0221445221445221,-0.7331002331002332,0.0,1,0,2024-08,Medium,2024-09,High,0.3830090497737556,0.1824062049062048,0.3434497354497354,0.7575757575757576,2.8484848484848486,0.0909090909090909,0.0606060606060606,2.0,1.0,0.0,0.0285704025416621,0.0,0.7464523780313255,2.4791845581319265,0.033022533022532996,0.0775364985891301,1.0,1.0,0.040440117663713214,0.29931218742392435,0.025039445290321684,0.03757156377106525,0.0,-0.03337013863329649,-0.0827505827505827,-1.107900871058766,0,0.5,0.0,1.0,1.0,-0.5,1.0,High,Medium,False,0.2680692455210632,0.0189392120631723,0.7129915424157645,Logistic Regression Standard,0.39999999999999997
SUP013,2024-09,34,27,3.294117647058824,112,6,13,425842.4,0,0.7941176470588235,0.1764705882352941,0.0,1.0,1.0,0.0294117647058823,425842.4,1.0,0.0,0.0276868031372302,0.0,0.0,0.1018099547511312,-0.0090497737556561,1.178733031674208,0.0,1,1,2024-09,High,2024-10,Medium,0.2584375,0.1824062049062048,0.3434497354497354,0.6923076923076923,2.1153846153846154,0.1153846153846153,0.0384615384615384,1.0,1.0,0.0,0.0236543098096736,0.0,0.7480003656474244,2.752662370309429,0.04282645459116043,0.1275880981763334,1.3333333333333333,1.0,0.04211162008711821,0.4859625160323427,0.013103699065300728,0.0359804224577875,0.0,0.1670780200191964,0.013094748388865998,1.9118332647744412,1,1.0,1.0,0.0,0.5,0.5,1.0,Medium,Medium,True,0.3044783472450089,9.517201867928062e-05,0.6954264807363119,Logistic Regression Standard,0.39999999999999997
SUP013,2024-10,32,19,1.96875,63,7,21,397190.53,0,0.59375,0.21875,0.0,0.0,0.0,0.0,397190.53,1.0,0.0,0.0262223178577679,0.0,0.0,-0.2003676470588234,-0.0294117647058823,-1.3253676470588234,0.0,1,0,2024-10,Medium,2024-11,Medium,0.2475,0.1824062049062048,0.3434497354497354,0.7941176470588235,3.294117647058824,0.1764705882352941,0.0294117647058823,1.0,1.0,0.0,0.0276868031372302,0.0,0.6933917797888386,2.45941742081448,0.02262443438914023,0.17020173453996978,0.6666666666666666,1.0,0.08180334113479037,0.5932502442064499,0.01641896007321054,0.04243092095128774,0.0,-0.30217760180995457,-0.0203619909502262,-2.5041006787330313,0,0.5,0.0,1.0,1.0,-0.5,1.0,Medium,Medium,True,0.21474790091671533,0.02551457889071921,0.7597375201925656,Logistic Regression Standard,0.39999999999999997
SUP013,2024-11,32,18,1.96875,63,4,5,305830.75,0,0.5625,0.125,0.0,0.0,0.0,0.0,305830.75,1.0,0.0,0.0200617231118334,0.0,0.0,-0.03125,0.0,0.0,0.0,1,0,2024-11,Medium,2024-12,Medium,0.3202857142857143,0.1824062049062048,0.3434497354497354,0.59375,1.96875,0.21875,0.0,0.0,1.0,0.0,0.0262223178577679,0.0,0.6501225490196078,2.4105392156862746,0.009803921568627428,0.173406862745098,0.3333333333333333,1.0,0.10261605403799293,0.6247843005337025,0.013864838846795006,0.03833453999906145,0.0,0.1691176470588234,0.0294117647058823,1.3253676470588234,0,0.5,0.0,1.0,0.5,0.0,1.0,Medium,Medium,True,0.3189852406610211,0.03497034012104483,0.6460444192179342,Logistic Regression Standard,0.39999999999999997
SUP013,2024-12,25,17,3.2,80,5,7,284049.71,0,0.68,0.2,0.0,0.0,0.0,0.0,284049.71,1.0,0.0,0.0171651052207249,0.0,0.0,0.1175,0.0,1.2312500000000002,0.0,1,1,2024-12,Medium,2025-01,Medium,0.2831932773109243,0.1824062049062048,0.3434497354497354,0.5625,1.96875,0.125,0.0,0.0,1.0,0.0,0.0200617231118334,0.0,0.6120833333333334,2.379166666666667,0.0,0.18125,0.0,1.0,0.04969001129223225,0.5804168162239582,0.0,0.04050462936504918,0.0,0.14875,0.0,1.2312500000000002,1,0.5,0.0,1.0,0.5,0.0,1.0,Medium,Medium,True,0.29603142062934473,0.04167752846914744,0.6622910509015077,Logistic Regression Standard,0.39999999999999997
SUP013,2025-01,34,22,2.2058823529411766,75,3,22,525644.0700000001,0,0.6470588235294118,0.088235294117647,0.0,0.0,0.0,0.0,525644.0700000001,1.0,0.0,0.0320255408010105,0.0,0.0,-0.0329411764705882,0.0,-0.9941176470588236,0.0,1,0,2025-01,Medium,2025-02,Medium,0.3199999999999999,0.1824062049062048,0.3434497354497354,0.68,3.2,0.2,0.0,0.0,1.0,0.0,0.0171651052207249,0.0,0.6298529411764706,2.4582107843137257,0.0,0.13774509803921564,0.0,1.0,0.04948800723850417,0.5333831447056916,0.0,0.04650925007109973,0.0,-0.1504411764705882,0.0,-2.2253676470588237,0,0.5,0.0,1.0,0.5,0.0,1.0,Medium,Medium,True,0.21843669434011476,0.038259114798811875,0.7433041908610735,Logistic Regression Standard,0.39999999999999997
SUP014,2024-07,27,17,2.111111111111111,57,4,12,496346.05,0,0.6296296296296297,0.1481481481481481,0.0,1.0,1.0,0.037037037037037,496346.05,1.0,0.0,0.0312871752876258,0.0,0.0,-0.0037037037037036,0.0037037037037037,0.1777777777777778,0.0,1,1,2024-07,Medium,2024-08,Medium,0.3332142857142857,0.1824062049062048,0.3434497354497354,0.6333333333333333,1.933333333333333,0.1666666666666666,0.0333333333333333,1.0,1.0,0.0,0.0292376328044433,0.0,0.6278842060451256,2.2332056194125163,0.023456790123456767,0.16240953597275434,0.6666666666666666,1.0,0.005307260873952254,0.3070756869109777,0.016655231559545722,0.010353670929770431,0.0,-0.016347381864623,-0.0296296296296296,0.8996168582375481,4,0.5,0.0,1.0,0.5,0.0,1.0,Medium,Medium,True,0.1911828847019364,0.07516452937095786,0.7336525859271058,Logistic Regression Standard,0.39999999999999997
SUP014,2024-08,24,18,2.75,66,3,15,393273.26,0,0.75,0.125,0.0,0.0,0.0,0.0,393273.26,1.0,0.0,0.025650125719044,0.0,0.0,0.1203703703703703,-0.037037037037037,0.6388888888888888,0.0,1,1,2024-08,Medium,2024-09,High,0.408998778998779,0.1824062049062048,0.3434497354497354,0.6296296296296297,2.111111111111111,0.1481481481481481,0.037037037037037,1.0,1.0,0.0,0.0312871752876258,0.0,0.6709876543209877,2.2648148148148146,0.023456790123456767,0.14660493827160492,0.6666666666666666,1.0,0.05589062194772975,0.3506705315157311,0.01665523155954572,0.01704531021170867,0.0,0.12407407407407389,-0.0407407407407407,0.461111111111111,5,0.5,0.0,1.0,0.5,0.0,1.0,High,Medium,False,0.23956120085144528,0.04748350311693868,0.712955296031616,Logistic Regression Standard,0.39999999999999997
SUP014,2024-09,18,14,4.222222222222222,76,5,32,259400.41,0,0.7777777777777778,0.2777777777777778,0.0,1.0,1.0,0.0555555555555555,259400.41,1.0,0.0,0.01686531938902,0.0,0.0,0.0277777777777777,0.0555555555555555,1.4722222222222223,0.0,1,1,2024-09,High,2024-10,High,0.3898214285714285,0.1824062049062048,0.3434497354497354,0.75,2.75,0.125,0.0,0.0,1.0,0.0,0.025650125719044,0.0,0.7191358024691358,3.027777777777778,0.030864197530864168,0.18364197530864199,0.6666666666666666,1.0,0.06429835387654258,0.8839562211009352,0.023096650535641597,0.06723154602096289,0.0,-0.09259259259259259,0.0925925925925925,0.8333333333333335,6,1.0,1.0,0.0,0.5,0.5,1.0,High,High,True,0.5600038180200513,0.00012911080398043818,0.43986707117596824,Logistic Regression Standard,0.39999999999999997
SUP014,2024-10,24,21,3.25,78,2,5,363746.44,0,0.875,0.0833333333333333,0.0,0.0,0.0,0.0,363746.44,1.0,0.0,0.0240143559548399,0.0,0.0,0.0972222222222222,-0.0555555555555555,-0.9722222222222224,0.0,1,1,2024-10,High,2024-11,Medium,0.2847619047619047,0.1824062049062048,0.3434497354497354,0.7777777777777778,4.222222222222222,0.2777777777777778,0.0555555555555555,1.0,1.0,0.0,0.01686531938902,0.0,0.8009259259259259,3.407407407407408,0.0185185185185185,0.16203703703703706,0.3333333333333333,1.0,0.0535918375129185,0.6112513868184819,0.02618914004394618,0.08359013928364718,0.0,0.0694444444444445,-0.111111111111111,-2.4444444444444446,7,1.0,1.0,0.0,1.0,0.0,1.0,Medium,Medium,True,0.3977234266261708,5.722510771933977e-05,0.6022193482661099,Logistic Regression Standard,0.39999999999999997
SUP014,2024-11,24,16,2.0,48,3,14,376807.79,0,0.6666666666666666,0.125,0.0,0.0,0.0,0.0,376807.79,1.0,0.0,0.0247176372858579,0.0,0.0,-0.2083333333333333,0.0,-1.25,0.0,1,0,2024-11,Medium,2024-12,Medium,0.3221813186813186,0.1824062049062048,0.3434497354497354,0.875,3.25,0.0833333333333333,0.0,0.0,1.0,0.0,0.0240143559548399,0.0,0.7731481481481483,3.157407407407408,0.0185185185185185,0.16203703703703706,0.3333333333333333,1.0,0.08511470514282561,0.9095779029809491,0.02618914004394618,0.08359013928364718,0.0,-0.30555555555555547,0.0555555555555555,-0.27777777777777757,0,0.5,0.0,1.0,1.0,-0.5,1.0,Medium,High,False,0.5152900403230434,0.004702555469324201,0.48000740420763255,Logistic Regression Standard,0.39999999999999997
SUP014,2024-12,20,13,2.65,53,4,33,294020.4,0,0.65,0.2,0.0,1.0,1.0,0.05,294020.4,1.0,0.0,0.0177676333591033,0.0,0.0,-0.0166666666666666,0.05,0.6499999999999999,0.0,1,1,2024-12,Medium,2025-01,High,0.3592007992007991,0.1824062049062048,0.3434497354497354,0.6666666666666666,2.0,0.125,0.0,0.0,1.0,0.0,0.0247176372858579,0.0,0.7305555555555556,2.6333333333333333,0.016666666666666666,0.13611111111111113,0.3333333333333333,1.0,0.10236403207049073,0.5104464277037846,0.023570226039551584,0.048272631102729884,0.0,0.19166666666666668,0.05,1.9,1,0.5,0.0,1.0,0.5,0.0,1.0,High,Medium,False,0.39448377942834995,0.02428818265011449,0.5812280379215357,Logistic Regression Standard,0.39999999999999997
SUP014,2025-01,22,16,3.090909090909091,68,3,8,255259.89,0,0.7272727272727273,0.1363636363636363,0.0,1.0,1.0,0.0454545454545454,255259.89,1.0,0.0,0.0155520369935048,0.0,0.0,0.0772727272727272,-0.0045454545454545,0.4409090909090909,0.0,1,1,2025-01,High,2025-02,Medium,0.2926785714285714,0.1824062049062048,0.3434497354497354,0.65,2.65,0.2,0.05,1.0,1.0,0.0,0.0177676333591033,0.0,0.6813131313131313,2.5803030303030305,0.0318181818181818,0.15378787878787878,0.6666666666666666,1.0,0.03320298972503824,0.4480802843581561,0.022575249129926266,0.03300457713756358,0.0,0.0939393939393938,-0.0545454545454545,-0.209090909090909,2,1.0,1.0,0.0,0.5,0.5,1.0,Medium,Medium,True,0.2603677483389764,0.0002842808746299644,0.7393479707863936,Logistic Regression Standard,0.39999999999999997
SUP015,2024-07,8,6,3.125,25,1,2,60745.73,0,0.75,0.125,0.0,0.0,0.0,0.0,60745.73,1.0,0.0,0.0038291073384885,0.0,0.0,0.0357142857142857,0.0,0.2678571428571428,0.0,1,1,2024-07,Medium,2024-08,High,0.3991836734693877,0.1824062049062048,0.3434497354497354,0.7142857142857143,2.857142857142857,0.4285714285714285,0.0,0.0,1.0,0.0,0.0067511482875253,0.0,0.7261904761904763,3.017857142857143,0.0,0.2797619047619047,0.0,1.0,0.016835875742535276,0.1157275124715669,0.0,0.1240039681904741,0.0,0.0357142857142857,0.0,0.4821428571428572,1,0.5,0.0,1.0,0.5,0.0,1.0,High,High,True,0.501260614058343,0.004418003856527957,0.494321382085129,Logistic Regression Standard,0.39999999999999997
SUP015,2024-08,7,6,3.857142857142857,27,0,0,44011.14,0,0.8571428571428571,0.0,0.0,0.0,0.0,0.0,44011.14,1.0,0.0,0.002870500969322,0.0,0.0,0.1071428571428571,0.0,0.7321428571428572,0.0,1,1,2024-08,High,2024-09,High,0.4170940170940171,0.1824062049062048,0.3434497354497354,0.75,3.125,0.125,0.0,0.0,1.0,0.0,0.0038291073384885,0.0,0.7738095238095237,3.279761904761905,0.0,0.18452380952380953,0.0,1.0,0.060702613257056545,0.4226609637161114,0.0,0.17995495783132104,0.0,0.0714285714285714,0.0,0.4642857142857144,2,1.0,1.0,0.0,0.5,0.5,1.0,High,High,True,0.6453741037600147,2.9989617763333425e-05,0.354595906622222,Logistic Regression Standard,0.39999999999999997
SUP015,2024-09,9,7,3.888888888888889,35,0,0,130115.52,0,0.7777777777777778,0.0,0.0,1.0,1.0,0.1111111111111111,130115.52,1.0,0.0,0.0084596620424324,0.0,0.0,-0.0793650793650793,0.1111111111111111,0.0317460317460316,0.0,1,1,2024-09,High,2024-10,Medium,0.2122285714285714,0.1824062049062048,0.3434497354497354,0.8571428571428571,3.857142857142857,0.0,0.0,0.0,1.0,0.0,0.002870500969322,0.0,0.794973544973545,3.6236772486772484,0.037037037037037035,0.041666666666666664,0.3333333333333333,1.0,0.04539947698870456,0.3528561570896701,0.05237828008789243,0.058925565098878835,0.0,-0.1865079365079364,0.1111111111111111,-0.7003968253968256,3,1.0,1.0,0.0,1.0,0.0,1.0,Medium,High,False,0.7494391596215424,1.3820864855419586e-05,0.2505470195136022,Logistic Regression Standard,0.39999999999999997
SUP015,2024-10,25,12,1.72,43,2,2,462854.12,0,0.48,0.08,0.0,0.0,0.0,0.0,462854.12,1.0,0.0,0.030557394851326,0.0,0.0,-0.2977777777777778,-0.1111111111111111,-2.1688888888888886,0.0,1,0,2024-10,Medium,2024-11,Medium,0.3364285714285714,0.1824062049062048,0.3434497354497354,0.7777777777777778,3.888888888888889,0.0,0.1111111111111111,1.0,1.0,0.0,0.0084596620424324,0.0,0.7049735449735449,3.155343915343915,0.037037037037037035,0.02666666666666667,0.3333333333333333,1.0,0.16234639080092295,1.0150241603426673,0.05237828008789243,0.03771236166328234,0.0,-0.2184126984126985,-0.2222222222222222,-2.2006349206349203,0,0.5,0.0,1.0,1.0,-0.5,1.0,Medium,High,False,0.4817443760151379,0.005465570742364062,0.5127900532424979,Logistic Regression Standard,0.39999999999999997
SUP015,2024-11,8,6,2.875,23,0,0,138557.36,0,0.75,0.0,0.0,0.0,0.0,0.0,138557.36,1.0,0.0,0.0090890121134864,0.0,0.0,0.27,0.0,1.155,0.0,1,1,2024-11,Medium,2024-12,Medium,0.2887142857142857,0.1824062049062048,0.3434497354497354,0.48,1.72,0.08,0.0,0.0,1.0,0.0,0.030557394851326,0.0,0.6692592592592592,2.8279629629629626,0.037037037037037035,0.02666666666666667,0.3333333333333333,1.0,0.13430612208952714,0.886069641817669,0.05237828008789243,0.03771236166328234,0.0,0.5677777777777778,0.1111111111111111,3.323888888888889,1,0.5,0.0,1.0,0.5,0.0,1.0,Medium,High,False,0.4250863175778893,0.011486967953443838,0.5634267144686669,Logistic Regression Standard,0.39999999999999997
SUP015,2024-12,10,7,1.7,17,1,1,121952.11,0,0.7,0.1,0.0,0.0,0.0,0.0,121952.11,1.0,0.0,0.007369557955329,0.0,0.0,-0.05,0.0,-1.175,0.0,1,0,2024-12,Medium,2025-01,Medium,0.2933333333333333,0.1824062049062048,0.3434497354497354,0.75,2.875,0.0,0.0,0.0,1.0,0.0,0.0090890121134864,0.0,0.6433333333333334,2.098333333333333,0.0,0.06,0.0,1.0,0.11728408057172762,0.5492469592289291,0.0,0.04320493798938558,0.0,-0.32,0.0,-2.33,0,0.5,0.0,1.0,0.5,0.0,1.0,Medium,Medium,True,0.21151330204941238,0.04934708896014354,0.7391396089904441,Logistic Regression Standard,0.39999999999999997
SUP015,2025-01,6,4,2.333333333333333,14,2,3,65006.100000000006,0,0.6666666666666666,0.3333333333333333,0.0,0.0,0.0,0.0,65006.100000000006,1.0,0.0,0.0039605802227818,0.0,0.0,-0.0333333333333333,0.0,0.6333333333333335,0.0,1,1,2025-01,Medium,2025-02,High,0.4442857142857143,0.1824062049062048,0.3434497354497354,0.7,1.7,0.1,0.0,0.0,1.0,0.0,0.007369557955329,0.0,0.7055555555555556,2.3027777777777776,0.0,0.14444444444444443,0.0,1.0,0.034246744460937915,0.48017807910641147,0.0,0.13966450099973923,0.0,0.016666666666666705,0.0,1.8083333333333336,1,0.5,0.0,1.0,0.5,0.0,1.0,High,Medium,False,0.39373206139558053,0.028228670504677845,0.5780392680997417,Logistic Regression Standard,0.39999999999999997
SUP016,2024-07,7,3,1.7142857142857142,12,1,6,65494.66,0,0.4285714285714285,0.1428571428571428,0.0,0.0,0.0,0.0,65494.66,1.0,0.0,0.0041284561604216,0.0,0.0,-0.3047619047619047,0.0,-1.885714285714286,0.0,1,0,2024-07,Medium,2024-08,Medium,0.2742857142857143,0.1824062049062048,0.3434497354497354,0.7333333333333333,3.6,0.0666666666666666,0.0,0.0,1.0,0.0,0.0094973783169025,0.0,0.6693528693528693,2.6175824175824176,0.0,0.0698412698412698,0.0,1.0,0.17637818023943272,0.7718698841002414,0.0,0.05836436924079448,0.0,-0.19194139194139187,0.0,-2.9472527472527474,0,0.5,0.0,1.0,1.0,-0.5,1.0,Medium,Medium,True,0.3465443726560928,0.024077914912363777,0.6293777124315433,Logistic Regression Standard,0.39999999999999997
SUP016,2024-08,10,6,2.5,25,1,1,87699.29000000001,0,0.6,0.1,0.0,0.0,0.0,0.0,87699.29000000001,1.0,0.0,0.0057199358379232,0.0,0.0,0.1714285714285714,0.0,0.7857142857142858,0.0,1,1,2024-08,Medium,2024-09,Medium,0.274047619047619,0.1824062049062048,0.3434497354497354,0.4285714285714285,1.7142857142857142,0.1428571428571428,0.0,0.0,1.0,0.0,0.0041284561604216,0.0,0.5873015873015873,2.604761904761905,0.0,0.10317460317460314,0.0,1.0,0.12474211240881564,0.7733954936312732,0.0,0.03118552810220413,0.0,0.47619047619047605,0.0,2.6714285714285717,1,0.5,0.0,1.0,0.5,0.0,1.0,Medium,Medium,True,0.3673354718527199,0.01969658555164701,0.6129679425956331,Logistic Regression Standard,0.39999999999999997
SUP016,2024-09,12,8,1.5833333333333333,19,1,1,111162.32,0,0.6666666666666666,0.0833333333333333,0.0,0.0,0.0,0.0,111162.32,1.0,0.0,0.0072273903916514,0.0,0.0,0.0666666666666666,0.0,-0.9166666666666669,0.0,1,1,2024-09,Medium,2024-10,Medium,0.2687301587301587,0.1824062049062048,0.3434497354497354,0.6,2.5,0.1,0.0,0.0,1.0,0.0,0.0057199358379232,0.0,0.565079365079365,1.9325396825396821,0.0,0.10873015873015869,0.0,1.0,0.10028932697734133,0.4048008073430667,0.0,0.025072331744335593,0.0,-0.1047619047619048,0.0,-1.7023809523809526,2,0.5,0.0,1.0,0.5,0.0,1.0,Medium,Medium,True,0.11409569704563327,0.08466999615326476,0.801234306801102,Logistic Regression Standard,0.39999999999999997
SUP016,2024-10,9,5,2.888888888888889,26,1,8,97862.06,0,0.5555555555555556,0.1111111111111111,0.0,0.0,0.0,0.0,97862.06,1.0,0.0,0.0064608036942269,0.0,0.0,-0.111111111111111,0.0,1.3055555555555556,0.0,1,1,2024-10,Medium,2024-11,Medium,0.3171428571428571,0.1824062049062048,0.3434497354497354,0.6666666666666666,1.5833333333333333,0.0833333333333333,0.0,0.0,1.0,0.0,0.0072273903916514,0.0,0.6074074074074074,2.324074074074074,0.0,0.09814814814814814,0.0,1.0,0.04566232594791777,0.5473154335604314,0.0,0.011415581486980053,0.0,-0.1777777777777776,0.0,2.2222222222222223,3,0.5,0.0,1.0,0.5,0.0,1.0,Medium,High,False,0.41093927119564155,0.045349659188166004,0.5437110696161924,Logistic Regression Standard,0.39999999999999997
SUP016,2024-11,8,6,2.125,17,0,0,116556.8,0,0.75,0.0,0.0,0.0,0.0,0.0,116556.8,1.0,0.0,0.0076458310631005,0.0,0.0,0.1944444444444444,0.0,-0.7638888888888888,0.0,1,1,2024-11,Medium,2024-12,Medium,0.2041269841269841,0.1824062049062048,0.3434497354497354,0.5555555555555556,2.888888888888889,0.1111111111111111,0.0,0.0,1.0,0.0,0.0064608036942269,0.0,0.6574074074074074,2.199074074074074,0.0,0.06481481481481481,0.0,1.0,0.07965115988002419,0.5355583089934854,0.0,0.04721314364437776,0.0,0.30555555555555536,0.0,-2.0694444444444446,4,0.5,0.0,1.0,0.5,0.0,1.0,Medium,Medium,True,0.20428058716239175,0.057057670686855015,0.7386617421507532,Logistic Regression Standard,0.39999999999999997
SUP016,2024-12,9,4,1.8888888888888888,17,1,6,98418.79,0,0.4444444444444444,0.1111111111111111,0.0,0.0,0.0,0.0,98418.79,1.0,0.0,0.0059474409815325,0.0,0.0,-0.3055555555555556,0.0,-0.2361111111111111,0.0,1,0,2024-12,Medium,2025-01,Medium,0.2511428571428571,0.1824062049062048,0.3434497354497354,0.75,2.125,0.0,0.0,0.0,1.0,0.0,0.0076458310631005,0.0,0.5833333333333334,2.300925925925926,0.0,0.07407407407407407,0.0,1.0,0.1262794601572762,0.42678054357375983,0.0,0.05237828008789251,0.0,-0.5,0.0,0.5277777777777777,0,0.5,0.0,1.0,0.5,0.0,1.0,Medium,Medium,True,0.3910364112629659,0.03970865969693038,0.5692549290401037,Logistic Regression Standard,0.39999999999999997
SUP016,2025-01,10,6,1.6,16,2,4,87181.40000000001,0,0.6,0.2,0.0,0.0,0.0,0.0,87181.40000000001,1.0,0.0,0.0053116388867265,0.0,0.0,0.1555555555555555,0.0,-0.2888888888888887,0.0,1,1,2025-01,Medium,2025-02,High,0.4142857142857142,0.1824062049062048,0.3434497354497354,0.4444444444444444,1.8888888888888888,0.1111111111111111,0.0,0.0,1.0,0.0,0.0059474409815325,0.0,0.5981481481481481,1.8712962962962962,0.0,0.1037037037037037,0.0,1.0,0.12474940587480936,0.21469105630432092,0.0,0.08181748901620199,0.0,0.4611111111111111,0.0,-0.05277777777777759,1,0.5,0.0,1.0,0.5,0.0,1.0,High,Medium,False,0.1318723228762393,0.09411448624327708,0.7740131908804836,Logistic Regression Standard,0.39999999999999997
SUP017,2024-07,43,19,1.2093023255813953,52,2,5,822265.7,0,0.4418604651162791,0.0465116279069767,0.0,0.0,0.0,0.0,822265.7,1.0,0.0,0.0518315217556428,0.0,0.0,0.004360465116279,-0.03125,-0.0719476744186047,0.0,1,1,2024-07,Medium,2024-08,Low,0.1557619047619047,0.1824062049062048,0.3434497354497354,0.4375,1.28125,0.0625,0.03125,1.0,1.0,0.0,0.0484520092791354,0.0,0.4192462811648858,1.217571495914519,0.019425675675675668,0.05435522732034357,0.6666666666666666,1.0,0.028952749122586347,0.04896776261801664,0.01384379600579306,0.006530698765496947,0.0,-0.0547611565053426,-0.0354729729729729,-0.1910355122564426,3,0.5,0.0,1.0,0.5,0.0,1.0,Low,Medium,False,0.020021231889940715,0.4743527805524889,0.5056259875575704,Logistic Regression Standard,0.39999999999999997
SUP017,2024-08,30,11,1.0666666666666669,32,2,7,600954.63,0,0.3666666666666666,0.0666666666666666,0.0,0.0,0.0,0.0,600954.63,1.0,0.0,0.039195550216004,0.0,0.0,-0.0751937984496124,0.0,-0.1426356589147286,0.0,1,0,2024-08,Low,2024-09,Medium,0.2111507936507936,0.1824062049062048,0.3434497354497354,0.4418604651162791,1.2093023255813953,0.0465116279069767,0.0,0.0,1.0,0.0,0.0518315217556428,0.0,0.4153423772609819,1.1857396640826874,0.010416666666666666,0.05855943152454777,0.3333333333333333,1.0,0.03446492918319264,0.0891736171700585,0.014731391274719733,0.008687249537241494,0.0,-0.07955426356589139,0.03125,-0.0706879844961239,0,0.0,0.0,0.0,0.5,-0.5,1.0,Medium,Medium,True,0.006146046918443997,0.34558050408425983,0.6482734489972961,Logistic Regression Standard,0.39999999999999997
SUP017,2024-09,36,19,1.0277777777777777,37,7,27,798361.76,0,0.5277777777777778,0.1944444444444444,0.0,0.0,0.0,0.0,798361.76,1.0,0.0,0.0519067262475805,0.0,0.0,0.1611111111111111,0.0,-0.0388888888888889,0.0,1,1,2024-09,Medium,2024-10,Medium,0.1892857142857142,0.1824062049062048,0.3434497354497354,0.3666666666666666,1.0666666666666669,0.0666666666666666,0.0,0.0,1.0,0.0,0.039195550216004,0.0,0.44543496985357445,1.1012489233419467,0.0,0.10254091300602923,0.0,1.0,0.06582188260222639,0.07803734029891557,0.0,0.06550445641323434,0.0,0.23630490956072348,0.0,0.1037467700258397,1,0.5,0.0,1.0,0.0,0.5,1.0,Medium,Low,False,0.01340338450967602,0.5754805732200814,0.41111604227024257,Logistic Regression Standard,0.39999999999999997
SUP017,2024-10,32,14,1.40625,45,3,6,623638.6,0,0.4375,0.09375,0.0,0.0,0.0,0.0,623638.6,1.0,0.0,0.0411723048824286,0.0,0.0,-0.0902777777777777,0.0,0.3784722222222223,0.0,1,1,2024-10,Medium,2024-11,Low,0.180295566502463,0.1824062049062048,0.3434497354497354,0.5277777777777778,1.0277777777777777,0.1944444444444444,0.0,0.0,1.0,0.0,0.0519067262475805,0.0,0.4439814814814815,1.1668981481481484,0.0,0.11828703703703698,0.0,1.0,0.06593281799180278,0.1699903294473665,0.0,0.054974780662739565,0.0,-0.2513888888888888,0.0,0.41736111111111124,2,0.5,0.0,1.0,0.5,0.0,1.0,Low,Low,True,0.020865355269338994,0.5470444293652582,0.4320902153654028,Logistic Regression Standard,0.39999999999999997
SUP017,2024-11,29,12,1.3793103448275863,40,1,5,451346.61,0,0.4137931034482758,0.0344827586206896,0.0,0.0,0.0,0.0,451346.61,1.0,0.0,0.0296071952126615,0.0,0.0,-0.0237068965517241,0.0,-0.0269396551724137,0.0,1,0,2024-11,Low,2024-12,Medium,0.2071428571428571,0.1824062049062048,0.3434497354497354,0.4375,1.40625,0.09375,0.0,0.0,1.0,0.0,0.0411723048824286,0.0,0.4596902937420178,1.2711127075351214,0.0,0.10755906768837799,0.0,1.0,0.04910827050350701,0.17241491096617476,0.0,0.06603005878997366,0.0,0.0665708812260536,0.0,-0.405411877394636,0,0.0,0.0,0.0,0.5,-0.5,1.0,Medium,Medium,True,0.010067832415043209,0.3060811382793007,0.6838510293056561,Logistic Regression Standard,0.39999999999999997
SUP017,2024-12,32,16,1.25,40,2,7,631637.36,0,0.5,0.0625,0.0,0.0,0.0,0.0,631637.36,1.0,0.0,0.0381698039605141,0.0,0.0,0.0862068965517241,0.0,-0.1293103448275863,0.0,1,1,2024-12,Medium,2025-01,Low,0.1345238095238095,0.1824062049062048,0.3434497354497354,0.4137931034482758,1.3793103448275863,0.0344827586206896,0.0,0.0,1.0,0.0,0.0296071952126615,0.0,0.4504310344827586,1.3451867816091954,0.0,0.06357758620689653,0.0,1.0,0.03636221475529811,0.0681998475073567,0.0,0.024207744892951636,0.0,0.1099137931034482,0.0,-0.1023706896551726,1,0.5,0.0,1.0,0.0,0.5,1.0,Low,Medium,False,0.03381628978947512,0.425460814198022,0.5407228960125029,Logistic Regression Standard,0.39999999999999997
SUP017,2025-01,36,12,0.6944444444444444,25,2,4,625155.54,0,0.3333333333333333,0.0555555555555555,0.0,0.0,0.0,0.0,625155.54,1.0,0.0,0.0380884050556259,0.0,0.0,-0.1666666666666666,0.0,-0.5555555555555556,0.0,1,0,2025-01,Low,2025-02,Low,0.0,0.1824062049062048,0.3434497354497354,0.5,1.25,0.0625,0.0,0.0,1.0,0.0,0.0381698039605141,0.0,0.41570881226053635,1.1079182630906768,0.0,0.05084610472541503,0.0,1.0,0.06805486462962304,0.2970978967156342,0.0,0.011912896344376216,0.0,-0.2528735632183907,0.0,-0.4262452107279693,0,0.0,0.0,0.0,0.5,-0.5,1.0,Low,Medium,False,0.004845505367033693,0.40513937780318615,0.5900151168297801,Logistic Regression Standard,0.39999999999999997
SUP018,2024-07,21,17,2.952380952380953,62,1,11,274800.77,0,0.8095238095238095,0.0476190476190476,0.0,0.0,0.0,0.0,274800.77,1.0,0.0,0.0173220676585712,0.0,0.0,0.1984126984126983,-0.0555555555555555,1.7857142857142858,0.0,1,1,2024-07,High,2024-08,High,0.3458241758241758,0.1824062049062048,0.3434497354497354,0.6111111111111112,1.1666666666666667,0.2222222222222222,0.0555555555555555,1.0,1.0,0.0,0.0103852267958216,0.0,0.7555962555962555,2.2960927960927964,0.04415954415954413,0.11558811558811556,0.6666666666666666,1.0,0.10325504871772387,0.8021174202363197,0.03242110164313686,0.07634485818356669,0.0,0.4334554334554332,-0.0341880341880342,3.3882783882783882,1,1.0,1.0,0.0,0.5,0.5,1.0,High,Medium,False,0.26844306574909343,0.00027884308524112517,0.7312780911656654,Logistic Regression Standard,0.39999999999999997
SUP018,2024-08,16,12,2.0625,33,3,8,170956.26,0,0.75,0.1875,0.0,1.0,1.0,0.0625,170956.26,1.0,0.0,0.0111501340351937,0.0,0.0,-0.0595238095238095,0.0625,-0.8898809523809526,0.0,1,1,2024-08,High,2024-09,Medium,0.2432380952380952,0.1824062049062048,0.3434497354497354,0.8095238095238095,2.952380952380953,0.0476190476190476,0.0,0.0,1.0,0.0,0.0173220676585712,0.0,0.7235449735449736,2.060515873015873,0.03935185185185183,0.15244708994708991,0.6666666666666666,1.0,0.08313363154746388,0.7290161544259216,0.027970013827765202,0.07546786080957338,0.0,-0.2579365079365078,0.1180555555555555,-2.675595238095238,2,1.0,1.0,0.0,1.0,0.0,1.0,Medium,Medium,True,0.13880873561421667,0.0007441899333213384,0.8604470744524619,Logistic Regression Standard,0.39999999999999997
SUP018,2024-09,15,8,2.2,33,1,2,165884.18,0,0.5333333333333333,0.0666666666666666,0.0,0.0,0.0,0.0,165884.18,1.0,0.0,0.010785216867181,0.0,0.0,-0.2166666666666666,-0.0625,0.1375000000000001,0.0,1,1,2024-09,Medium,2024-10,Medium,0.3044360902255639,0.1824062049062048,0.3434497354497354,0.75,2.0625,0.1875,0.0625,1.0,1.0,0.0,0.0111501340351937,0.0,0.6976190476190477,2.404960317460317,0.020833333333333332,0.10059523809523807,0.3333333333333333,1.0,0.11868197817088656,0.39113388684071165,0.029462782549439476,0.061940999772032095,0.0,-0.15714285714285708,-0.125,1.0273809523809527,3,0.5,0.0,1.0,1.0,-0.5,1.0,Medium,Medium,True,0.34644100691059515,0.02863225808930246,0.6249267350001023,Logistic Regression Standard,0.39999999999999997
SUP018,2024-10,19,13,2.526315789473684,48,0,0,165827.80000000002,0,0.6842105263157895,0.0,0.0,0.0,0.0,0.0,165827.80000000002,1.0,0.0,0.0109478674661613,0.0,0.0,0.1508771929824561,0.0,0.3263157894736839,0.0,1,1,2024-10,Medium,2024-11,Medium,0.2861904761904761,0.1824062049062048,0.3434497354497354,0.5333333333333333,2.2,0.0666666666666666,0.0,0.0,1.0,0.0,0.010785216867181,0.0,0.6558479532163742,2.262938596491228,0.020833333333333332,0.08472222222222218,0.3333333333333333,1.0,0.09069890765871375,0.1945117337291662,0.029462782549439476,0.07760397247054995,0.0,0.36754385964912273,0.0625,0.1888157894736838,4,0.5,0.0,1.0,0.5,0.0,1.0,Medium,Medium,True,0.2906007927506256,0.05024556516569873,0.6591536420836756,Logistic Regression Standard,0.39999999999999997
SUP018,2024-11,18,12,2.055555555555556,37,3,10,212615.42,0,0.6666666666666666,0.1666666666666666,0.0,0.0,0.0,0.0,212615.42,1.0,0.0,0.0139470334011415,0.0,0.0,-0.0175438596491228,0.0,-0.4707602339181287,0.0,1,0,2024-11,Medium,2024-12,Medium,0.2427380952380952,0.1824062049062048,0.3434497354497354,0.6842105263157895,2.526315789473684,0.0,0.0,0.0,1.0,0.0,0.0109478674661613,0.0,0.6280701754385966,2.260623781676413,0.0,0.07777777777777772,0.0,1.0,0.06737085765574084,0.19690984677973053,0.0,0.06849348892187747,0.0,-0.16842105263157892,0.0,-0.7970760233918126,0,0.5,0.0,1.0,0.5,0.0,1.0,Medium,Medium,True,0.278234230271591,0.03623281228976833,0.6855329574386407,Logistic Regression Standard,0.39999999999999997
SUP018,2024-12,12,7,1.5,18,2,3,119306.88,0,0.5833333333333334,0.1666666666666666,0.0,0.0,0.0,0.0,119306.88,1.0,0.0,0.0072097068810821,0.0,0.0,-0.0833333333333332,0.0,-0.5555555555555554,0.0,1,0,2024-12,Medium,2025-01,Medium,0.2717142857142857,0.1824062049062048,0.3434497354497354,0.6666666666666666,2.055555555555556,0.1666666666666666,0.0,0.0,1.0,0.0,0.0139470334011415,0.0,0.6447368421052632,2.02729044834308,0.0,0.11111111111111105,0.0,1.0,0.04400560509734585,0.41946808551231374,0.0,0.07856742013183855,0.0,-0.0657894736842104,0.0,-0.08479532163742665,0,0.5,0.0,1.0,0.5,0.0,1.0,Medium,Medium,True,0.2516543385016825,0.0631832165204177,0.6851624449778998,Logistic Regression Standard,0.39999999999999997
SUP018,2025-01,15,9,2.4,36,2,10,304402.60000000003,0,0.6,0.1333333333333333,0.0,0.0,0.0,0.0,304402.60000000003,1.0,0.0,0.018546119784503,0.0,0.0,0.0166666666666666,0.0,0.8999999999999999,0.0,1,1,2025-01,Medium,2025-02,Low,0.1003571428571428,0.1824062049062048,0.3434497354497354,0.5833333333333334,1.5,0.1666666666666666,0.0,0.0,1.0,0.0,0.0072097068810821,0.0,0.6166666666666667,1.9851851851851852,0.0,0.15555555555555547,0.0,1.0,0.03600411499115414,0.3707775539498479,0.0,0.0157134840263675,0.0,0.09999999999999981,0.0,1.4555555555555553,1,0.5,0.0,1.0,0.5,0.0,1.0,Low,Medium,False,0.1866052301812577,0.09644203405982528,0.716952735758917,Logistic Regression Standard,0.39999999999999997
SUP019,2024-07,20,10,1.4,28,0,0,579006.15,0,0.5,0.0,0.0,0.0,0.0,0.0,579006.15,1.0,0.0,0.0364976550285096,0.0,0.0,0.0333333333333333,0.0,-0.6000000000000001,0.0,1,1,2024-07,Medium,2024-08,Low,0.1357142857142857,0.1824062049062048,0.3434497354497354,0.4666666666666667,2.0,0.0666666666666666,0.0,0.0,1.0,0.0,0.0148986989937446,0.0,0.46507936507936504,1.4666666666666668,0.0,0.0222222222222222,0.0,1.0,0.029182184620397345,0.41096093353126495,0.0,0.03142696805273543,0.0,-0.0047619047619048005,0.0,-1.6,2,0.5,0.0,1.0,0.5,0.0,1.0,Low,Medium,False,0.04058085385000328,0.3410382526345594,0.6183808935154373,Logistic Regression Standard,0.39999999999999997
SUP019,2024-08,27,9,0.7407407407407407,20,4,15,645582.27,0,0.3333333333333333,0.1481481481481481,0.0,0.0,0.0,0.0,645582.27,1.0,0.0,0.0421062606379235,0.0,0.0,-0.1666666666666666,0.0,-0.6592592592592592,0.0,1,0,2024-08,Low,2024-09,Medium,0.2146218487394957,0.1824062049062048,0.3434497354497354,0.5,1.4,0.0,0.0,0.0,1.0,0.0,0.0364976550285096,0.0,0.43333333333333335,1.3802469135802469,0.0,0.0716049382716049,0.0,1.0,0.07200822998230959,0.5142801498696175,0.0,0.06058194640190266,0.0,-0.1999999999999999,0.0,-0.05925925925925912,0,0.0,0.0,0.0,0.5,-0.5,1.0,Medium,Medium,True,0.008959882317153813,0.303268323860908,0.6877717938219382,Logistic Regression Standard,0.39999999999999997
SUP019,2024-09,17,8,1.9411764705882355,33,4,15,314177.65,0,0.4705882352941176,0.2352941176470588,0.0,0.0,0.0,0.0,314177.65,1.0,0.0,0.0204267464810165,0.0,0.0,0.1372549019607843,0.0,1.2004357298474946,0.0,1,1,2024-09,Medium,2024-10,Medium,0.1942105263157894,0.1824062049062048,0.3434497354497354,0.3333333333333333,0.7407407407407407,0.1481481481481481,0.0,0.0,1.0,0.0,0.0421062606379235,0.0,0.434640522875817,1.360639070442992,0.0,0.1278140885984023,0.0,1.0,0.07263434892448653,0.49086552636155906,0.0,0.09712856062338694,0.0,0.3039215686274509,0.0,1.8596949891067538,1,0.5,0.0,1.0,0.0,0.5,1.0,Medium,Medium,True,0.06534615249559443,0.4139042734055179,0.5207495740988877,Logistic Regression Standard,0.39999999999999997
SUP019,2024-10,19,9,1.105263157894737,21,3,21,275142.64,0,0.4736842105263157,0.1578947368421052,0.0,0.0,0.0,0.0,275142.64,1.0,0.0,0.0181647779021957,0.0,0.0,0.0030959752321981,0.0,-0.8359133126934983,0.0,1,1,2024-10,Medium,2024-11,Medium,0.2010084033613445,0.1824062049062048,0.3434497354497354,0.4705882352941176,1.9411764705882355,0.2352941176470588,0.0,0.0,1.0,0.0,0.0204267464810165,0.0,0.4258685930512556,1.2623934564079045,0.0,0.1804456675457707,0.0,1.0,0.06544451585863702,0.502512973900011,0.0,0.03898729157625077,0.0,-0.1341589267285862,0.0,-2.036349042540993,2,0.5,0.0,1.0,0.5,0.0,1.0,Medium,Medium,True,0.026617185488863427,0.40907609146187457,0.564306723049262,Logistic Regression Standard,0.39999999999999997
SUP019,2024-11,17,8,1.411764705882353,24,1,4,422755.61,0,0.4705882352941176,0.0588235294117647,0.0,0.0,0.0,0.0,422755.61,1.0,0.0,0.0277316979793374,0.0,0.0,-0.0030959752321981,0.0,0.3065015479876161,0.0,1,1,2024-11,Medium,2024-12,Medium,0.2275187969924812,0.1824062049062048,0.3434497354497354,0.4736842105263157,1.105263157894737,0.1578947368421052,0.0,0.0,1.0,0.0,0.0181647779021957,0.0,0.4716202270381837,1.4860681114551086,0.0,0.15067079463364288,0.0,1.0,0.0014594567207168005,0.3452810581196488,0.0,0.07222467784075405,0.0,-0.0061919504643962,0.0,1.1424148606811144,3,0.5,0.0,1.0,0.5,0.0,1.0,Medium,Medium,True,0.07458050438086397,0.33433959527562335,0.5910799003435125,Logistic Regression Standard,0.39999999999999997
SUP019,2024-12,19,10,1.6842105263157894,32,1,7,414549.48,0,0.5263157894736842,0.0526315789473684,0.0,0.0,0.0,0.0,414549.48,1.0,0.0,0.0250511977054889,0.0,0.0,0.0557275541795665,0.0,0.2724458204334363,0.0,1,1,2024-12,Medium,2025-01,Medium,0.2088961038961038,0.1824062049062048,0.3434497354497354,0.4705882352941176,1.411764705882353,0.0588235294117647,0.0,0.0,1.0,0.0,0.0277316979793374,0.0,0.4901960784313726,1.4004127966976265,0.0,0.0897832817337461,0.0,1.0,0.025571747561122654,0.23649053995458824,0.0,0.04822836510030091,0.0,0.0588235294117646,0.0,-0.03405572755417979,4,0.5,0.0,1.0,0.5,0.0,1.0,Medium,Medium,True,0.060372633562055064,0.3989489259509568,0.540678440486988,Logistic Regression Standard,0.39999999999999997
SUP020,2024-07,8,0,0.0,0,0,0,201998.6,0,0.0,0.0,0.0,0.0,0.0,0.0,201998.6,1.0,0.0,0.0127329825754733,0.0,0.0,-0.375,0.0,-0.75,0.0,1,0,2024-07,Low,2024-08,Low,0.1553246753246753,0.1824062049062048,0.3434497354497354,0.375,0.75,0.25,0.0,0.0,1.0,0.0,0.005028244838299,0.0,0.3044871794871794,0.6858974358974358,0.0,0.08333333333333336,0.0,1.0,0.22540962785278515,0.5357839408709453,0.0,0.11785113019775793,0.0,-0.2115384615384616,0.0,-0.1923076923076923,0,0.0,0.0,0.0,0.0,0.0,1.0,Low,Low,True,0.0032850838002076123,0.6727864435549843,0.32392847264480806,Logistic Regression Standard,0.39999999999999997
SUP020,2024-08,11,4,1.0909090909090908,12,0,0,396306.35,0,0.3636363636363636,0.0,0.0,0.0,0.0,0.0,396306.35,1.0,0.0,0.0258479503558301,0.0,0.0,0.3636363636363636,0.0,1.0909090909090908,0.0,1,1,2024-08,Low,2024-09,Medium,0.2821733821733822,0.1824062049062048,0.3434497354497354,0.0,0.0,0.0,0.0,0.0,1.0,0.0,0.0127329825754733,0.0,0.2462121212121211,0.6136363636363636,0.0,0.08333333333333336,0.0,1.0,0.17416005958443406,0.45568040126735054,0.0,0.11785113019775793,0.0,0.7386363636363635,0.0,1.8409090909090908,1,0.0,0.0,0.0,0.0,0.0,1.0,Medium,Low,False,0.002006141981140534,0.6439164965907895,0.35407736142807006,Logistic Regression Standard,0.39999999999999997
SUP020,2024-09,9,5,1.6666666666666667,15,0,0,184567.58,0,0.5555555555555556,0.0,0.0,1.0,1.0,0.1111111111111111,184567.58,1.0,0.0,0.0119999470531234,0.0,0.0,0.1919191919191919,0.1111111111111111,0.5757575757575759,0.0,1,1,2024-09,Medium,2024-10,Medium,0.2007142857142857,0.1824062049062048,0.3434497354497354,0.3636363636363636,1.0909090909090908,0.0,0.0,0.0,1.0,0.0,0.0258479503558301,0.0,0.3063973063973063,0.9191919191919192,0.037037037037037035,0.0,0.3333333333333333,1.0,0.23038768208156232,0.6911630462446868,0.052378280087892415,0.0,0.0,-0.17171717171717168,0.1111111111111111,-0.5151515151515149,2,0.5,0.0,1.0,0.0,0.5,1.0,Medium,Low,False,0.026772965356901372,0.5784127041039929,0.3948143305391057,Logistic Regression Standard,0.39999999999999997
SUP020,2024-10,16,8,1.0,16,1,1,263028.15,0,0.5,0.0625,0.0,0.0,0.0,0.0,263028.15,1.0,0.0,0.0173649854009376,0.0,0.0,-0.0555555555555555,-0.1111111111111111,-0.6666666666666667,0.0,1,0,2024-10,Medium,2024-11,Medium,0.2257142857142857,0.1824062049062048,0.3434497354497354,0.5555555555555556,1.6666666666666667,0.0,0.1111111111111111,1.0,1.0,0.0,0.0119999470531234,0.0,0.47306397306397296,1.2525252525252526,0.037037037037037035,0.020833333333333353,0.3333333333333333,1.0,0.08063252535237735,0.2951846302263116,0.052378280087892415,0.029462782549439473,0.0,-0.2474747474747474,-0.2222222222222222,-1.2424242424242427,0,0.5,0.0,1.0,0.5,0.0,1.0,Medium,Medium,True,0.07701849084537021,0.24613049156290742,0.6768510175917224,Logistic Regression Standard,0.39999999999999997
SUP020,2024-11,7,4,1.0,7,0,0,83635.92000000001,0,0.5714285714285714,0.0,0.0,0.0,0.0,0.0,83635.92000000001,1.0,0.0,0.0054863046611351,0.0,0.0,0.0714285714285714,0.0,0.0,0.0,1,1,2024-11,Medium,2024-12,Low,0.1423809523809523,0.1824062049062048,0.3434497354497354,0.5,1.0,0.0625,0.0,0.0,1.0,0.0,0.0173649854009376,0.0,0.5423280423280422,1.2222222222222223,0.037037037037037035,0.020833333333333353,0.3333333333333333,1.0,0.030623907150238237,0.3142696805273538,0.052378280087892415,0.029462782549439473,0.0,0.1269841269841269,0.1111111111111111,0.6666666666666667,1,0.5,0.0,1.0,0.5,0.0,1.0,Low,Medium,False,0.05211578434722129,0.32564266810267484,0.6222415475501039,Logistic Regression Standard,0.39999999999999997
SUP020,2024-12,9,3,1.0,9,2,4,216941.71,0,0.3333333333333333,0.2222222222222222,0.0,0.0,0.0,0.0,216941.71,1.0,0.0,0.0131097732115762,0.0,0.0,-0.238095238095238,0.0,0.0,0.0,1,0,2024-12,Low,2025-01,Medium,0.1862857142857142,0.1824062049062048,0.3434497354497354,0.5714285714285714,1.0,0.0,0.0,0.0,1.0,0.0,0.0054863046611351,0.0,0.46825396825396814,1.0,0.0,0.09490740740740743,0.0,1.0,0.09976035785695654,0.0,0.0,0.09357121727503584,0.0,-0.3095238095238094,0.0,0.0,0,0.0,0.0,0.0,0.5,-0.5,1.0,Medium,Medium,True,0.010594247130974562,0.35103825223836166,0.6383675006306637,Logistic Regression Standard,0.39999999999999997
SUP021,2024-07,13,9,3.769230769230769,49,3,9,303692.48000000004,0,0.6923076923076923,0.2307692307692307,0.0,0.0,0.0,0.0,303692.48000000004,1.0,0.0,0.019143256716345,0.0,0.0,0.0452488687782804,0.0,1.7104072398190049,0.0,1,1,2024-07,Medium,2024-08,High,0.3494285714285714,0.1824062049062048,0.3434497354497354,0.6470588235294118,2.0588235294117645,0.1176470588235294,0.0,0.0,1.0,0.0,0.0396773207113182,0.0,0.652804711628241,2.688716512245924,0.01587301587301587,0.21137685843568196,0.3333333333333333,1.0,0.03018300853185391,0.7675362666976318,0.022447834323382466,0.06996997578594925,0.0,0.017237664296487702,0.0476190476190476,1.8896789485024785,5,0.5,0.0,1.0,0.5,0.0,1.0,High,High,True,0.5216636633995786,0.026249178197247102,0.45208715840317426,Logistic Regression Standard,0.39999999999999997
SUP021,2024-08,10,8,2.7,27,1,1,245728.7,0,0.8,0.1,0.0,0.0,0.0,0.0,245728.7,1.0,0.0,0.0160269529837275,0.0,0.0,0.1076923076923077,0.0,-1.069230769230769,0.0,1,1,2024-08,High,2024-09,High,0.3658241758241758,0.1824062049062048,0.3434497354497354,0.6923076923076923,3.769230769230769,0.2307692307692307,0.0,0.0,1.0,0.0,0.019143256716345,0.0,0.7131221719457015,2.842684766214178,0.0,0.14947209653092006,0.0,1.0,0.06414921556809401,0.7055222360722173,0.0,0.05793543934301185,0.0,0.062443438914027295,0.0,-2.7796380090497737,6,1.0,1.0,0.0,0.5,0.5,1.0,High,Medium,False,0.2555317707638546,0.00030858888446701855,0.7441596403516784,Logistic Regression Standard,0.39999999999999997
SUP021,2024-09,11,8,2.8181818181818183,31,0,0,478481.12000000005,0,0.7272727272727273,0.0,0.0,1.0,1.0,0.0909090909090909,478481.12000000005,1.0,0.0,0.0311091910395053,0.0,0.0,-0.0727272727272727,0.0909090909090909,0.1181818181818181,0.0,1,1,2024-09,High,2024-10,Medium,0.1953246753246753,0.1824062049062048,0.3434497354497354,0.8,2.7,0.1,0.0,0.0,1.0,0.0,0.0160269529837275,0.0,0.73986013986014,3.0958041958041957,0.0303030303030303,0.11025641025641024,0.3333333333333333,1.0,0.044857110181538096,0.47862250113214266,0.04285495643554833,0.09448987575737577,0.0,-0.1804195804195804,0.0909090909090909,1.1874125874125872,7,1.0,1.0,0.0,1.0,0.0,1.0,Medium,High,False,0.539317186266376,0.00013968214499076337,0.4605431315886333,Logistic Regression Standard,0.39999999999999997
SUP021,2024-10,22,10,1.4090909090909092,31,2,3,526474.36,0,0.4545454545454545,0.0909090909090909,0.0,0.0,0.0,0.0,526474.36,1.0,0.0,0.0347575709115848,0.0,0.0,-0.2727272727272727,-0.0909090909090909,-1.4090909090909092,0.0,1,0,2024-10,Medium,2024-11,Medium,0.3139285714285714,0.1824062049062048,0.3434497354497354,0.7272727272727273,2.8181818181818183,0.0,0.0909090909090909,1.0,1.0,0.0,0.0311091910395053,0.0,0.6606060606060606,2.309090909090909,0.0303030303030303,0.06363636363636364,0.3333333333333333,1.0,0.14870114116830654,0.6382223935991745,0.04285495643554833,0.045150498259852546,0.0,-0.2,-0.1818181818181818,-1.5272727272727273,0,0.5,0.0,1.0,1.0,-0.5,1.0,Medium,Medium,True,0.23109002409486834,0.05357610643258958,0.7153338694725421,Logistic Regression Standard,0.39999999999999997
SUP021,2024-11,12,9,2.0,24,1,1,220090.21,0,0.75,0.0833333333333333,0.0,0.0,0.0,0.0,220090.21,1.0,0.0,0.0144373607057017,0.0,0.0,0.2954545454545454,0.0,0.5909090909090908,0.0,1,1,2024-11,Medium,2024-12,High,0.3716326530612245,0.1824062049062048,0.3434497354497354,0.4545454545454545,1.4090909090909092,0.0909090909090909,0.0,0.0,1.0,0.0,0.0347575709115848,0.0,0.6439393939393939,2.0757575757575757,0.0303030303030303,0.058080808080808066,0.3333333333333333,1.0,0.13424276626264647,0.5777477565132607,0.04285495643554833,0.041185622298737595,0.0,0.5681818181818181,0.0909090909090909,2.0,1,0.5,0.0,1.0,0.5,0.0,1.0,High,Medium,False,0.15328074867411232,0.0656640456780768,0.7810552056478108,Logistic Regression Standard,0.39999999999999997
SUP021,2024-12,14,12,2.7857142857142856,39,1,8,202957.19,0,0.8571428571428571,0.0714285714285714,0.0,0.0,0.0,0.0,202957.19,1.0,0.0,0.0122646895913136,0.0,0.0,0.1071428571428571,0.0,0.7857142857142856,0.0,1,1,2024-12,High,2025-01,Medium,0.328096903096903,0.1824062049062048,0.3434497354497354,0.75,2.0,0.0833333333333333,0.0,0.0,1.0,0.0,0.0144373607057017,0.0,0.6872294372294373,2.064935064935065,0.0,0.08189033189033186,0.0,1.0,0.1702474176161342,0.5638767018063888,0.0,0.00801807747867713,0.0,-0.18831168831168832,0.0,0.19480519480519476,2,1.0,1.0,0.0,0.5,0.5,1.0,Medium,Medium,True,0.13138119684015426,0.0008482830674194674,0.8677705200924263,Logistic Regression Standard,0.39999999999999997
SUP021,2025-01,22,15,2.5,55,3,37,627863.2300000001,0,0.6818181818181818,0.1363636363636363,0.0,1.0,1.0,0.0454545454545454,627863.2300000001,1.0,0.0,0.0382533745502337,0.0,0.0,-0.1753246753246753,0.0454545454545454,-0.2857142857142856,0.0,1,1,2025-01,Medium,2025-02,Medium,0.3374999999999999,0.1824062049062048,0.3434497354497354,0.8571428571428571,2.7857142857142856,0.0714285714285714,0.0,0.0,1.0,0.0,0.0122646895913136,0.0,0.762987012987013,2.4285714285714284,0.015151515151515133,0.097041847041847,0.3333333333333333,1.0,0.07216269730809377,0.32471861183299605,0.021427478217774156,0.028226266438699205,0.0,-0.2824675324675324,0.0454545454545454,-1.0714285714285712,3,0.5,0.0,1.0,1.0,-0.5,1.0,Medium,Medium,True,0.2120507442142634,0.05105952581906388,0.7368897299666727,Logistic Regression Standard,0.39999999999999997
SUP021,2025-02,12,9,2.9166666666666665,35,2,30,385458.61,0,0.75,0.1666666666666666,0.0,0.0,0.0,0.0,385458.61,1.0,0.0,0.0820716284903046,0.0,0.0,0.0681818181818182,-0.0454545454545454,0.4166666666666665,0.0,1,1,2025-02,Medium,2025-03,Low,0.0,0.1824062049062048,0.3434497354497354,0.6818181818181818,2.5,0.1363636363636363,0.0454545454545454,1.0,1.0,0.0,0.0382533745502337,0.0,0.762987012987013,2.734126984126984,0.015151515151515133,0.12481962481962476,0.3333333333333333,1.0,0.07216269730809377,0.1739707160062136,0.021427478217774156,0.03972842683387071,0.0,0.2435064935064935,-0.0909090909090908,0.7023809523809521,4,0.5,0.0,1.0,0.5,0.0,1.0,Low,Medium,False,0.18436820278107335,0.04693235085326008,0.7686994463656667,Logistic Regression Standard,0.39999999999999997
SUP022,2024-07,19,8,0.7894736842105263,15,1,1,907438.62,0,0.4210526315789473,0.0526315789473684,0.0,0.0,0.0,0.0,907438.62,1.0,0.0,0.0572003971154829,0.0,0.0,0.160183066361556,-0.0434782608695652,0.1807780320366132,0.0,1,1,2024-07,Low,2024-08,Medium,0.2870634920634921,0.1824062049062048,0.3434497354497354,0.2608695652173913,0.6086956521739131,0.0869565217391304,0.0434782608695652,2.0,1.0,0.0,0.0583065426114261,0.0,0.3811535527782668,0.87631285571789,0.0144927536231884,0.0465293668954996,0.6666666666666666,1.0,0.08664469152631844,0.2612784792485609,0.02049584873004485,0.03576112332488484,0.0,0.3608519626826262,-0.0869565217391304,0.802851610631931,2,0.0,0.0,0.0,0.0,0.0,1.0,Medium,Low,False,0.0012504863441516025,0.6141294364774444,0.3846200771784039,Logistic Regression Standard,0.39999999999999997
SUP022,2024-08,18,13,1.3333333333333333,24,1,11,703724.0700000001,0,0.7222222222222222,0.0555555555555555,0.0,0.0,0.0,0.0,703724.0700000001,1.0,0.0,0.0458983935674074,0.0,0.0,0.3011695906432748,0.0,0.5438596491228069,0.0,1,1,2024-08,Medium,2024-09,Low,0.1560150375939849,0.1824062049062048,0.3434497354497354,0.4210526315789473,0.7894736842105263,0.0526315789473684,0.0,0.0,1.0,0.0,0.0572003971154829,0.0,0.4680481396728537,0.9105008899059243,0.0144927536231884,0.0650478854140181,0.6666666666666666,1.0,0.19125550426433496,0.3079617190797726,0.02049584873004485,0.0155376675431207,0.0,0.14098652428171882,0.0434782608695652,0.36308161708619374,3,0.5,0.0,1.0,0.0,0.5,1.0,Low,Low,True,0.011662077943135238,0.5384532256799286,0.4498846963769362,Logistic Regression Standard,0.39999999999999997
SUP022,2024-09,19,7,1.0526315789473684,20,2,5,792971.24,0,0.3684210526315789,0.1052631578947368,0.0,0.0,0.0,0.0,792971.24,1.0,0.0,0.0515562532414934,0.0,0.0,-0.3538011695906433,0.0,-0.2807017543859649,0.0,1,0,2024-09,Low,2024-10,Medium,0.2670676691729323,0.1824062049062048,0.3434497354497354,0.7222222222222222,1.3333333333333333,0.0555555555555555,0.0,0.0,1.0,0.0,0.0458983935674074,0.0,0.5038986354775828,1.0584795321637426,0.0,0.0711500974658869,0.0,1.0,0.15586620795286,0.2220682753923692,0.0,0.024151094918837816,0.0,-0.6549707602339181,0.0,-0.8245614035087718,0,0.0,0.0,0.0,0.5,-0.5,1.0,Medium,Medium,True,0.0037877000361780616,0.4618946928957016,0.5343176070681203,Logistic Regression Standard,0.39999999999999997
SUP022,2024-10,19,12,1.7894736842105263,34,0,0,722387.03,0,0.631578947368421,0.0,0.0,0.0,0.0,0.0,722387.03,1.0,0.0,0.047691626275654,0.0,0.0,0.2631578947368421,0.0,0.736842105263158,0.0,1,1,2024-10,Medium,2024-11,Low,0.1704761904761905,0.1824062049062048,0.3434497354497354,0.3684210526315789,1.0526315789473684,0.1052631578947368,0.0,0.0,1.0,0.0,0.0515562532414934,0.0,0.5740740740740741,1.3918128654970758,0.0,0.0536062378167641,0.0,1.0,0.15005315667095198,0.30364339147946556,0.0,0.042995604288718764,0.0,0.6169590643274854,0.0,1.0175438596491229,1,0.5,0.0,1.0,0.0,0.5,1.0,Low,Medium,False,0.03492527673615265,0.42389521767094485,0.5411795055929026,Logistic Regression Standard,0.39999999999999997
SUP022,2024-11,24,10,0.9583333333333334,23,1,5,1356328.56,0,0.4166666666666667,0.0416666666666666,0.0,0.0,0.0,0.0,1356328.56,1.0,0.0,0.0889717205329805,0.0,0.0,-0.2149122807017543,0.0,-0.831140350877193,0.0,1,0,2024-11,Low,2024-12,Low,0.1676190476190475,0.1824062049062048,0.3434497354497354,0.631578947368421,1.7894736842105263,0.0,0.0,0.0,1.0,0.0,0.047691626275654,0.0,0.4722222222222223,1.2668128654970758,0.0,0.04897660818713447,0.0,1.0,0.11439065872525464,0.3715766303605325,0.0,0.04328324954119132,0.0,-0.4780701754385964,0.0,-1.567982456140351,0,0.0,0.0,0.0,0.5,-0.5,1.0,Low,Medium,False,0.002422996412010395,0.4415288198784928,0.5560481837094967,Logistic Regression Standard,0.39999999999999997
SUP022,2024-12,21,8,1.3333333333333333,28,2,5,1388862.64,0,0.3809523809523809,0.0952380952380952,0.0,0.0,0.0,0.0,1388862.64,1.0,0.0,0.0839288776346006,0.0,0.0,-0.0357142857142857,0.0,0.3749999999999999,0.0,1,1,2024-12,Low,2025-01,Medium,0.2704761904761904,0.1824062049062048,0.3434497354497354,0.4166666666666667,0.9583333333333334,0.0416666666666666,0.0,0.0,1.0,0.0,0.0889717205329805,0.0,0.47639933166248954,1.3603801169590646,0.0,0.045634920634920605,0.0,1.0,0.11069300609945457,0.3398501798267764,0.0,0.038981910127754864,0.0,0.1791979949874686,0.0,1.2061403508771928,1,0.0,0.0,0.0,0.0,0.0,1.0,Medium,Low,False,0.0026693892845686836,0.5355102469425409,0.46182036377289054,Logistic Regression Standard,0.39999999999999997
SUP023,2024-07,7,6,3.2857142857142856,23,1,3,89906.76,0,0.8571428571428571,0.1428571428571428,0.0,0.0,0.0,0.0,89906.76,1.0,0.0,0.0056672729835615,0.0,0.0,0.0238095238095237,0.0,0.4523809523809521,0.0,1,1,2024-07,High,2024-08,Medium,0.3308163265306122,0.1824062049062048,0.3434497354497354,0.8333333333333334,2.833333333333333,0.0833333333333333,0.0,0.0,1.0,0.0,0.0130080760600313,0.0,0.8968253968253969,3.2619047619047614,0.1111111111111111,0.07539682539682539,0.3333333333333333,1.0,0.07360014678964868,0.3406232338710334,0.15713484026367724,0.05859056769933871,0.0,0.1904761904761903,0.3333333333333333,1.2857142857142851,1,1.0,1.0,0.0,1.0,0.0,1.0,Medium,Medium,True,0.34759928674621,9.750180029445377e-05,0.6523032114534956,Logistic Regression Standard,0.39999999999999997
SUP023,2024-08,7,5,3.142857142857143,22,0,0,64327.48,0,0.7142857142857143,0.0,0.0,0.0,0.0,0.0,64327.48,1.0,0.0,0.0041955762494233,0.0,0.0,-0.1428571428571428,0.0,-0.1428571428571428,0.0,1,0,2024-08,Medium,2024-09,Medium,0.2242857142857142,0.1824062049062048,0.3434497354497354,0.8571428571428571,3.2857142857142856,0.1428571428571428,0.0,0.0,1.0,0.0,0.0056672729835615,0.0,0.8015873015873017,3.0873015873015874,0.0,0.07539682539682539,0.0,1.0,0.062492125984220874,0.18881551195826354,0.0,0.05859056769933871,0.0,-0.1666666666666665,0.0,-0.5952380952380949,0,0.5,0.0,1.0,1.0,-0.5,1.0,Medium,High,False,0.6197803333663445,0.0028616666735700133,0.37735799996008557,Logistic Regression Standard,0.39999999999999997
SUP023,2024-09,12,6,1.9166666666666667,23,2,5,134428.96,0,0.5,0.1666666666666666,0.0,0.0,0.0,0.0,134428.96,1.0,0.0,0.0087401070242479,0.0,0.0,-0.2142857142857143,0.0,-1.226190476190476,0.0,1,0,2024-09,Medium,2024-10,High,0.4624999999999999,0.1824062049062048,0.3434497354497354,0.7142857142857143,3.142857142857143,0.0,0.0,0.0,1.0,0.0,0.0041955762494233,0.0,0.6904761904761906,2.7817460317460316,0.0,0.10317460317460314,0.0,1.0,0.1467717619754518,0.6144774320406551,0.0,0.0736001467896483,0.0,-0.07142857142857151,0.0,-1.0833333333333333,0,0.5,0.0,1.0,0.5,0.0,1.0,High,High,True,0.4924268280111908,0.014491763622073479,0.49308140836673564,Logistic Regression Standard,0.39999999999999997
SUP023,2024-10,8,8,4.375,35,1,3,70191.32,0,1.0,0.125,0.0,0.0,0.0,0.0,70191.32,1.0,0.0,0.0046339954376462,0.0,0.0,0.5,0.0,2.458333333333333,0.0,1,1,2024-10,High,2024-11,Medium,0.2614285714285714,0.1824062049062048,0.3434497354497354,0.5,1.9166666666666667,0.1666666666666666,0.0,0.0,1.0,0.0,0.0087401070242479,0.0,0.7380952380952381,3.14484126984127,0.0,0.09722222222222221,0.0,1.0,0.2048172682629197,1.0036113613726394,0.0,0.07081971546656632,0.0,0.7142857142857143,0.0,3.6845238095238093,1,1.0,1.0,0.0,0.5,0.5,1.0,Medium,High,False,0.4731139802591025,4.165731179941531e-05,0.526844362429098,Logistic Regression Standard,0.39999999999999997
SUP023,2024-11,10,6,2.0,20,0,0,150704.32,0,0.6,0.0,0.0,0.0,0.0,0.0,150704.32,1.0,0.0,0.0098858219443177,0.0,0.0,-0.4,0.0,-2.375,0.0,1,0,2024-11,Medium,2024-12,High,0.3798701298701298,0.1824062049062048,0.3434497354497354,1.0,4.375,0.125,0.0,0.0,1.0,0.0,0.0046339954376462,0.0,0.7000000000000001,2.7638888888888893,0.0,0.09722222222222221,0.0,1.0,0.21602468994692867,1.1397354577182586,0.0,0.07081971546656632,0.0,-0.9,0.0,-4.833333333333333,0,0.5,0.0,1.0,1.0,-0.5,1.0,High,Medium,False,0.32925765226665676,0.013066455351861609,0.6576758923814817,Logistic Regression Standard,0.39999999999999997
SUP023,2024-12,11,9,3.636363636363636,40,2,11,149229.0,0,0.8181818181818182,0.1818181818181818,0.0,0.0,0.0,0.0,149229.0,1.0,0.0,0.0090178986170538,0.0,0.0,0.2181818181818182,0.0,1.6363636363636362,0.0,1,1,2024-12,High,2025-01,Medium,0.1862857142857142,0.1824062049062048,0.3434497354497354,0.6,2.0,0.0,0.0,0.0,1.0,0.0,0.0098858219443177,0.0,0.8060606060606061,3.3371212121212124,0.0,0.10227272727272729,0.0,1.0,0.16352409167553994,0.9924097847663079,0.0,0.0759467335445583,0.0,0.6181818181818182,0.0,4.011363636363637,1,1.0,1.0,0.0,0.5,0.5,1.0,Medium,High,False,0.6324711499224523,3.5026606210402785e-05,0.3674938234713372,Logistic Regression Standard,0.39999999999999997
SUP023,2025-01,5,2,1.8,9,0,0,69237.42,0,0.4,0.0,0.0,0.0,0.0,0.0,69237.42,1.0,0.0,0.0042183788341162,0.0,0.0,-0.4181818181818182,0.0,-1.836363636363636,0.0,1,0,2025-01,Medium,2025-02,High,0.3844897959183673,0.1824062049062048,0.3434497354497354,0.8181818181818182,3.636363636363636,0.1818181818181818,0.0,0.0,1.0,0.0,0.0090178986170538,0.0,0.6060606060606061,2.4787878787878785,0.0,0.060606060606060615,0.0,1.0,0.17077579155885292,0.8225919303823813,0.0,0.08570991287109654,0.0,-0.6363636363636365,0.0,-3.472727272727272,0,0.5,0.0,1.0,1.0,-0.5,1.0,High,Medium,False,0.3098471942611012,0.029864972248613054,0.6602878334902856,Logistic Regression Standard,0.39999999999999997
SUP024,2024-07,15,8,1.6666666666666667,25,3,13,349582.8,0,0.5333333333333333,0.2,0.0,0.0,0.0,0.0,349582.8,1.0,0.0,0.02203595322485,0.0,0.0,-0.1589743589743589,0.0,-0.4102564102564103,0.0,1,0,2024-07,Medium,2024-08,Medium,0.2886335403726708,0.1824062049062048,0.3434497354497354,0.6923076923076923,2.076923076923077,0.0769230769230769,0.0,0.0,1.0,0.0,0.0256173262926084,0.0,0.6752136752136751,2.181196581196581,0.016666666666666666,0.12564102564102564,0.3333333333333333,1.0,0.10953517499897969,0.46851953632779475,0.023570226039551608,0.05341709398974265,0.0,-0.05128205128205121,0.05,0.31282051282051243,0,0.5,0.0,1.0,0.5,0.0,1.0,Medium,Medium,True,0.2558786670534748,0.06669134056672651,0.6774299923797987,Logistic Regression Standard,0.39999999999999997
SUP024,2024-08,23,15,2.347826086956522,54,3,43,714396.17,0,0.6521739130434783,0.1304347826086956,0.0,0.0,0.0,0.0,714396.17,1.0,0.0,0.0465944508246087,0.0,0.0,0.1188405797101449,0.0,0.6811594202898552,0.0,1,1,2024-08,Medium,2024-09,High,0.3487074829931972,0.1824062049062048,0.3434497354497354,0.5333333333333333,1.6666666666666667,0.2,0.0,0.0,1.0,0.0,0.02203595322485,0.0,0.6259383128948346,2.030471943515422,0.0,0.1357859531772575,0.0,1.0,0.06750032957547511,0.2800152612609341,0.0,0.050388216336501285,0.0,0.2778149386845038,0.0,1.0914158305462656,1,0.5,0.0,1.0,0.5,0.0,1.0,High,Medium,False,0.1081366868622729,0.11282623905041954,0.7790370740873075,Logistic Regression Standard,0.39999999999999997
SUP024,2024-09,21,16,3.1904761904761907,67,5,26,644127.0,0,0.7619047619047619,0.238095238095238,0.0,0.0,0.0,0.0,644127.0,1.0,0.0,0.0418789144631317,0.0,0.0,0.1097308488612835,0.0,0.8426501035196687,0.0,1,1,2024-09,High,2024-10,High,0.3693645484949832,0.1824062049062048,0.3434497354497354,0.6521739130434783,2.347826086956522,0.1304347826086956,0.0,0.0,1.0,0.0,0.0465944508246087,0.0,0.6491373360938578,2.4016563146997933,0.0,0.18951000690131123,0.0,1.0,0.0933385954093092,0.6232560395628328,0.0,0.04457370963023185,0.0,-0.009109730848861408,0.0,0.16149068322981353,2,1.0,1.0,0.0,0.5,0.5,1.0,High,Medium,False,0.13626798671652754,0.0010176912133553684,0.8627143220701171,Logistic Regression Standard,0.39999999999999997
SUP024,2024-10,23,17,3.347826086956522,77,2,4,440792.76,0,0.7391304347826086,0.0869565217391304,0.0,1.0,1.0,0.0434782608695652,440792.76,1.0,0.0,0.0291009150246427,0.0,0.0,-0.0227743271221532,0.0434782608695652,0.1573498964803312,0.0,1,1,2024-10,High,2024-11,Medium,0.2993788819875776,0.1824062049062048,0.3434497354497354,0.7619047619047619,3.1904761904761907,0.238095238095238,0.0,0.0,1.0,0.0,0.0418789144631317,0.0,0.7177363699102829,2.962042788129745,0.0144927536231884,0.15182884748102132,0.3333333333333333,1.0,0.047282796778359094,0.4390416567029306,0.02049584873004488,0.06352955954652885,0.0,-0.1325051759834367,0.0434782608695652,-0.6853002070393375,3,1.0,1.0,0.0,1.0,0.0,1.0,Medium,Medium,True,0.269327972317719,0.000230138114601109,0.7304418895676799,Logistic Regression Standard,0.39999999999999997
SUP024,2024-11,23,16,2.1739130434782608,50,3,18,745490.68,0,0.6956521739130435,0.1304347826086956,0.0,0.0,0.0,0.0,745490.68,1.0,0.0,0.048902301696649,0.0,0.0,-0.0434782608695651,-0.0434782608695652,-1.1739130434782612,0.0,1,0,2024-11,Medium,2024-12,Medium,0.243051948051948,0.1824062049062048,0.3434497354497354,0.7391304347826086,3.347826086956522,0.0869565217391304,0.0434782608695652,1.0,1.0,0.0,0.0291009150246427,0.0,0.7322291235334712,2.904071773636991,0.0144927536231884,0.15182884748102135,0.3333333333333333,1.0,0.02748420669667331,0.5202810624401973,0.02049584873004488,0.06352955954652885,0.0,-0.020703933747411897,-0.0869565217391304,-1.3312629399585925,0,0.5,0.0,1.0,1.0,-0.5,1.0,Medium,Medium,True,0.2997086742408442,0.01360204494711545,0.6866892808120404,Logistic Regression Standard,0.39999999999999997
SUP024,2024-12,22,13,1.4090909090909092,31,3,8,717549.54,0,0.5909090909090909,0.1363636363636363,0.0,0.0,0.0,0.0,717549.54,1.0,0.0,0.0433614713255041,0.0,0.0,-0.1047430830039525,0.0,-0.7648221343873516,0.0,1,0,2024-12,Medium,2025-01,High,0.3848303870043,0.1824062049062048,0.3434497354497354,0.6956521739130435,2.1739130434782608,0.1304347826086956,0.0,0.0,1.0,0.0,0.048902301696649,0.0,0.6752305665349144,2.310276679841897,0.0144927536231884,0.11791831357048743,0.3333333333333333,1.0,0.06221025226786816,0.7973371530559857,0.02049584873004488,0.022026684449671013,0.0,-0.06126482213438741,0.0434782608695652,0.4090909090909096,0,0.5,0.0,1.0,0.5,0.0,1.0,High,Medium,False,0.1941936749256708,0.06917175179281704,0.7366345732815122,Logistic Regression Standard,0.39999999999999997
SUP024,2025-01,23,20,2.1739130434782608,50,1,8,773291.15,0,0.8695652173913043,0.0434782608695652,0.0,1.0,1.0,0.0434782608695652,773291.15,1.0,0.0,0.0471137575572485,0.0,0.0,0.2786561264822134,0.0434782608695652,0.7648221343873516,0.0,1,1,2025-01,High,2025-02,Medium,0.2185714285714285,0.1824062049062048,0.3434497354497354,0.5909090909090909,1.4090909090909092,0.1363636363636363,0.0,0.0,1.0,0.0,0.0433614713255041,0.0,0.7187088274044796,1.9189723320158103,0.0144927536231884,0.10342555994729903,0.3333333333333333,1.0,0.11492320960591013,0.3605406117512411,0.02049584873004488,0.04245818984011058,0.0,0.3833992094861659,0.0434782608695652,1.5296442687747032,1,1.0,1.0,0.0,0.5,0.5,1.0,Medium,Medium,True,0.06574709384464099,0.0019270876683272814,0.9323258184870318,Logistic Regression Standard,0.39999999999999997
SUP024,2025-02,19,9,2.0526315789473686,39,1,1,575314.37,0,0.4736842105263157,0.0526315789473684,0.0,0.0,0.0,0.0,575314.37,1.0,0.0,0.1224956091648171,0.0,0.0,-0.3958810068649885,-0.0434782608695652,-0.1212814645308921,0.0,1,0,2025-02,Medium,2025-03,High,0.4014285714285714,0.1824062049062048,0.3434497354497354,0.8695652173913043,2.1739130434782608,0.0434782608695652,0.0434782608695652,1.0,1.0,0.0,0.0471137575572485,0.0,0.6447195062755703,1.8785451771721793,0.0144927536231884,0.07749115872685663,0.3333333333333333,1.0,0.16603636850711154,0.3356265591144197,0.02049584873004488,0.04179650922647476,0.0,-0.6745371333472019,-0.0869565217391304,-0.8861035989182436,0,0.5,0.0,1.0,1.0,-0.5,1.0,High,Medium,False,0.03025209215890812,0.3305766668855998,0.6391712409554922,Logistic Regression Standard,0.39999999999999997
SUP025,2024-07,18,10,1.5555555555555556,28,2,6,105779.11,0,0.5555555555555556,0.1111111111111111,0.0,1.0,2.0,0.0555555555555555,105779.11,1.0,0.0,0.0066677866305958,0.0,0.0,-0.1587301587301587,0.0555555555555555,-1.3015873015873016,0.0,1,1,2024-07,Medium,2024-08,High,0.4455102040816326,0.1824062049062048,0.3434497354497354,0.7142857142857143,2.857142857142857,0.1428571428571428,0.0,0.0,1.0,0.0,0.0038689307008415,0.0,0.6375661375661376,2.185185185185185,0.0423280423280423,0.20370370370370364,1.0,1.0,0.06490922828775254,0.5322130671631566,0.03062390715023867,0.10926918745007079,0.0,-0.2301587301587301,0.1269841269841269,-2.015873015873016,3,0.5,0.0,1.0,0.5,0.0,1.0,High,Medium,False,0.20390298759002576,0.06058418143883181,0.7355128309711424,Logistic Regression Standard,0.39999999999999997
SUP025,2024-08,7,7,3.7142857142857135,26,1,1,20322.2,0,1.0,0.1428571428571428,0.0,0.0,0.0,0.0,20322.2,1.0,0.0,0.0013254574818729,0.0,0.0,0.4444444444444444,-0.0555555555555555,2.158730158730159,0.0,1,1,2024-08,High,2024-09,Medium,0.341062271062271,0.1824062049062048,0.3434497354497354,0.5555555555555556,1.5555555555555556,0.1111111111111111,0.0555555555555555,2.0,1.0,0.0,0.0066677866305958,0.0,0.7566137566137566,2.708994708994709,0.0185185185185185,0.13227513227513218,0.6666666666666666,1.0,0.18389573753420904,0.8875020675666346,0.026189140043946176,0.014965222882255368,0.0,0.6031746031746031,-0.111111111111111,3.4603174603174605,4,1.0,1.0,0.0,0.5,0.5,1.0,Medium,Medium,True,0.36115510794036965,0.00014708584927560482,0.6386978062103547,Logistic Regression Standard,0.39999999999999997
SUP025,2024-09,9,6,2.4444444444444446,22,1,10,36768.12,0,0.6666666666666666,0.1111111111111111,0.0,1.0,1.0,0.1111111111111111,36768.12,1.0,0.0,0.0023905362645102,0.0,0.0,-0.3333333333333333,0.1111111111111111,-1.2698412698412698,0.0,1,1,2024-09,Medium,2024-10,Medium,0.2838461538461538,0.1824062049062048,0.3434497354497354,1.0,3.7142857142857135,0.1428571428571428,0.0,0.0,1.0,0.0,0.0013254574818729,0.0,0.7407407407407408,2.571428571428571,0.05555555555555553,0.12169312169312163,1.0,1.0,0.18885257457751045,0.8858602978394218,0.045360921162651446,0.014965222882255458,0.0,-0.7777777777777777,0.1666666666666666,-3.428571428571429,5,0.5,0.0,1.0,1.0,-0.5,1.0,Medium,High,False,0.4474243084029111,0.010600999887320373,0.5419746917097685,Logistic Regression Standard,0.39999999999999997
SUP025,2024-10,13,9,1.6153846153846154,21,1,1,67803.37999999999,0,0.6923076923076923,0.0769230769230769,0.0,0.0,0.0,0.0,67803.37999999999,1.0,0.0,0.0044763448468699,0.0,0.0,0.0256410256410256,-0.1111111111111111,-0.8290598290598292,0.0,1,1,2024-10,Medium,2024-11,Medium,0.3090756302521008,0.1824062049062048,0.3434497354497354,0.6666666666666666,2.4444444444444446,0.1111111111111111,0.1111111111111111,1.0,1.0,0.0,0.0023905362645102,0.0,0.7863247863247863,2.591371591371591,0.037037037037037035,0.11029711029711024,0.3333333333333333,1.0,0.15145337732196015,0.8631481702157408,0.05237828008789241,0.02692362296872841,0.0,0.3589743589743589,-0.2222222222222222,0.44078144078144055,6,0.5,0.0,1.0,0.5,0.0,1.0,Medium,High,False,0.47122452510242696,0.01742981914620561,0.5113456557513675,Logistic Regression Standard,0.39999999999999997
SUP025,2024-11,17,12,2.411764705882353,41,1,8,77614.43,0,0.7058823529411765,0.0588235294117647,0.0,0.0,0.0,0.0,77614.43,1.0,0.0,0.0050913101581275,0.0,0.0,0.0135746606334842,0.0,0.7963800904977374,0.0,1,1,2024-11,Medium,2024-12,High,0.3716326530612245,0.1824062049062048,0.3434497354497354,0.6923076923076923,1.6153846153846154,0.0769230769230769,0.0,0.0,1.0,0.0,0.0044763448468699,0.0,0.6882855706385117,2.1571979219038044,0.037037037037037035,0.08228590581531753,0.3333333333333333,1.0,0.016260393794665984,0.38335208852877767,0.05237828008789241,0.021680525059556456,0.0,-0.012066365007541399,0.1111111111111111,1.6254399195575666,7,0.5,0.0,1.0,0.5,0.0,1.0,High,Medium,False,0.3405092190491675,0.0756879024433287,0.5838028785075039,Logistic Regression Standard,0.39999999999999997
SUP025,2024-12,14,12,2.7857142857142856,39,1,2,68873.17,0,0.8571428571428571,0.0714285714285714,0.0,0.0,0.0,0.0,68873.17,1.0,0.0,0.0041620011157021,0.0,0.0,0.1512605042016805,0.0,0.3739495798319328,0.0,1,1,2024-12,High,2025-01,Medium,0.3016483516483516,0.1824062049062048,0.3434497354497354,0.7058823529411765,2.411764705882353,0.0588235294117647,0.0,0.0,1.0,0.0,0.0050913101581275,0.0,0.7517776341305753,2.270954535660418,0.0,0.06905839258780429,0.0,1.0,0.07471028719058455,0.4880495277748874,0.0,0.007576794213540898,0.0,0.1376858435681963,0.0,-0.4224305106658046,8,1.0,1.0,0.0,0.5,0.5,1.0,Medium,Medium,True,0.27306616767590935,0.0008894546258893523,0.7260443776982012,Logistic Regression Standard,0.39999999999999997
SUP025,2025-01,13,9,2.3076923076923075,30,3,11,92261.88,0,0.6923076923076923,0.2307692307692307,0.0,0.0,0.0,0.0,92261.88,1.0,0.0,0.0056211736628512,0.0,0.0,-0.1648351648351648,0.0,-0.4780219780219781,0.0,1,0,2025-01,Medium,2025-02,High,0.4271428571428571,0.1824062049062048,0.3434497354497354,0.8571428571428571,2.7857142857142856,0.0714285714285714,0.0,0.0,1.0,0.0,0.0041620011157021,0.0,0.7517776341305753,2.5017237664296483,0.0,0.12034044386985555,0.0,1.0,0.07471028719058455,0.205257118916616,0.0,0.07825432683718768,0.0,-0.3160956690368453,0.0,-0.8519715578539109,0,0.5,0.0,1.0,1.0,-0.5,1.0,High,Medium,False,0.38358536888231726,0.01449079057987954,0.6019238405378032,Logistic Regression Standard,0.39999999999999997
SUP026,2024-07,27,18,2.4444444444444446,66,2,8,302981.51,0,0.6666666666666666,0.074074074074074,0.0,1.0,1.0,0.037037037037037,302981.51,1.0,0.0,0.0190984407194931,0.0,0.0,0.0,0.037037037037037,0.2222222222222223,0.0,1,1,2024-07,Medium,2024-08,High,0.3883116883116883,0.1824062049062048,0.3434497354497354,0.6666666666666666,2.2222222222222223,0.2777777777777778,0.0,0.0,1.0,0.0,0.025596199906311,0.0,0.673611111111111,2.138888888888889,0.012345679012345666,0.13811728395061726,0.3333333333333333,1.0,0.009820927516481453,0.2895647365020703,0.017459426695964127,0.0988678577688516,0.0,0.0208333333333333,0.037037037037037,-0.25,3,0.5,0.0,1.0,0.5,0.0,1.0,High,Medium,False,0.21995750737172104,0.08155231317327714,0.6984901794550018,Logistic Regression Standard,0.39999999999999997
SUP026,2024-08,11,10,2.727272727272727,30,2,4,197654.59,0,0.9090909090909092,0.1818181818181818,0.0,0.0,0.0,0.0,197654.59,1.0,0.0,0.0128914563945845,0.0,0.0,0.2424242424242424,-0.037037037037037,0.2828282828282824,0.0,1,1,2024-08,High,2024-09,High,0.3774534161490683,0.1824062049062048,0.3434497354497354,0.6666666666666666,2.4444444444444446,0.074074074074074,0.037037037037037,1.0,1.0,0.0,0.0190984407194931,0.0,0.7474747474747474,2.4646464646464645,0.012345679012345666,0.1778900112233445,0.3333333333333333,1.0,0.11427988382812913,0.20668025930266176,0.017459426695964127,0.08320806298597991,0.0,0.2424242424242424,-0.074074074074074,0.06060606060606008,4,1.0,1.0,0.0,0.5,0.5,1.0,High,Medium,False,0.22114796868782766,0.00036765447722888556,0.7784843768349434,Logistic Regression Standard,0.39999999999999997
SUP026,2024-09,23,19,3.4347826086956523,79,4,19,350548.49,0,0.8260869565217391,0.1739130434782608,0.0,0.0,0.0,0.0,350548.49,1.0,0.0,0.02279145297106,0.0,0.0,-0.0830039525691699,0.0,0.7075098814229253,0.0,1,1,2024-09,High,2024-10,High,0.3544099378881987,0.1824062049062048,0.3434497354497354,0.9090909090909092,2.727272727272727,0.1818181818181818,0.0,0.0,1.0,0.0,0.0128914563945845,0.0,0.800614844093105,2.868833260137608,0.012345679012345666,0.14326843312350554,0.3333333333333333,1.0,0.10059489620063497,0.41651087079999377,0.017459426695964127,0.04903411938803132,0.0,-0.3254281949934123,0.037037037037037,0.4246815985946429,5,1.0,1.0,0.0,1.0,0.0,1.0,High,Medium,False,0.3281076314737443,0.00015880861413102086,0.6717335599121247,Logistic Regression Standard,0.39999999999999997
SUP026,2024-10,23,18,3.130434782608696,72,6,35,264272.27,0,0.782608695652174,0.2608695652173913,0.0,0.0,0.0,0.0,264272.27,1.0,0.0,0.0174471215739556,0.0,0.0,-0.0434782608695651,0.0,-0.3043478260869565,0.0,1,0,2024-10,High,2024-11,Medium,0.319047619047619,0.1824062049062048,0.3434497354497354,0.8260869565217391,3.4347826086956523,0.1739130434782608,0.0,0.0,1.0,0.0,0.02279145297106,0.0,0.839262187088274,3.097496706192358,0.0,0.20553359683794462,0.0,1.0,0.052469849148195205,0.28977720837024173,0.0,0.03926130283465445,0.0,0.0395256916996048,0.0,-1.0118577075098818,0,1.0,1.0,0.0,1.0,0.0,1.0,Medium,Medium,True,0.38719951347129383,8.543843004435147e-05,0.6127150480986617,Logistic Regression Standard,0.39999999999999997
SUP026,2024-11,18,12,3.333333333333333,60,3,7,304568.53,0,0.6666666666666666,0.1666666666666666,0.0,0.0,0.0,0.0,304568.53,1.0,0.0,0.0199789246746383,0.0,0.0,-0.1159420289855073,0.0,0.2028985507246377,0.0,1,1,2024-11,Medium,2024-12,Medium,0.3016964285714285,0.1824062049062048,0.3434497354497354,0.782608695652174,3.130434782608696,0.2608695652173913,0.0,0.0,1.0,0.0,0.0174471215739556,0.0,0.7584541062801932,3.2995169082125604,0.0,0.2004830917874396,0.0,1.0,0.0672868998897786,0.1265294768474253,0.0,0.04280204141707579,0.0,-0.07246376811594221,0.0,0.5072463768115942,1,0.5,0.0,1.0,1.0,-0.5,1.0,Medium,High,False,0.4854688770792724,0.0036647602262508123,0.5108663626944768,Logistic Regression Standard,0.39999999999999997
SUP026,2024-12,16,11,2.375,38,3,4,181419.57,0,0.6875,0.1875,0.0,0.0,0.0,0.0,181419.57,1.0,0.0,0.0109631726367496,0.0,0.0,0.0208333333333333,0.0,-0.9583333333333336,0.0,1,1,2024-12,Medium,2025-01,High,0.3493277310924369,0.1824062049062048,0.3434497354497354,0.6666666666666666,3.333333333333333,0.1666666666666666,0.0,0.0,1.0,0.0,0.0199789246746383,0.0,0.7122584541062801,2.946256038647343,0.0,0.20501207729468596,0.0,1.0,0.05046698134172253,0.41234455797696634,0.0,0.04040256726348652,0.0,0.1367753623188406,0.0,-1.1612318840579712,2,0.5,0.0,1.0,0.5,0.0,1.0,High,Medium,False,0.38180604542391017,0.01142524644745116,0.6067687081286387,Logistic Regression Standard,0.39999999999999997
SUP026,2025-01,17,13,3.176470588235294,54,2,2,301050.05,0,0.7647058823529411,0.1176470588235294,0.0,0.0,0.0,0.0,301050.05,1.0,0.0,0.0183418613652794,0.0,0.0,0.0772058823529411,0.0,0.8014705882352939,0.0,1,1,2025-01,High,2025-02,Medium,0.3181512605042017,0.1824062049062048,0.3434497354497354,0.6875,2.375,0.1875,0.0,0.0,1.0,0.0,0.0109631726367496,0.0,0.7062908496732025,2.9616013071895417,0.0,0.15727124183006533,0.0,1.0,0.04217221815900165,0.4197041024319253,0.0,0.029280981923950084,0.0,0.056372549019607796,0.0,1.7598039215686274,3,1.0,1.0,0.0,0.5,0.5,1.0,Medium,Medium,True,0.3746090322526228,0.00014616351078252307,0.6252448042365946,Logistic Regression Standard,0.39999999999999997
SUP026,2025-02,17,12,2.764705882352941,47,3,9,220247.98,0,0.7058823529411765,0.1764705882352941,0.0,0.0,0.0,0.0,220247.98,1.0,0.0,0.0468950749090805,0.0,0.0,-0.0588235294117646,0.0,-0.4117647058823528,0.0,1,0,2025-02,Medium,2025-03,High,0.3653571428571428,0.1824062049062048,0.3434497354497354,0.7647058823529411,3.176470588235294,0.1176470588235294,0.0,0.0,1.0,0.0,0.0183418613652794,0.0,0.7193627450980392,2.7720588235294117,0.0,0.16053921568627452,0.0,1.0,0.032928992261138344,0.32724030442425117,0.0,0.030661754909796134,0.0,-0.1360294117647057,0.0,-1.2132352941176467,0,0.5,0.0,1.0,1.0,-0.5,1.0,High,Medium,False,0.2701335238548016,0.01895659320311116,0.7109098829420873,Logistic Regression Standard,0.39999999999999997
SUP027,2024-07,37,25,2.27027027027027,84,10,48,1309533.83,0,0.6756756756756757,0.2702702702702703,0.0,0.0,0.0,0.0,1309533.83,1.0,0.0,0.0825464703190165,0.0,0.0,0.009009009009009,-0.037037037037037,-0.0630630630630633,0.0,1,1,2024-07,Medium,2024-08,Medium,0.3203696303696303,0.1824062049062048,0.3434497354497354,0.6666666666666666,2.333333333333333,0.1851851851851851,0.037037037037037,1.0,1.0,0.0,0.0427321226388611,0.0,0.6245307807807807,2.1595345345345343,0.022762345679012336,0.21431848515181842,1.0,1.0,0.06606193360847191,0.20283682027320107,0.016267877038817907,0.03957517138613365,0.0,-0.1264076576576576,-0.042824074074074,-0.5213963963963968,3,0.5,0.0,1.0,0.5,0.0,1.0,Medium,Medium,True,0.06758889132859694,0.08738210842457601,0.8450290002468269,Logistic Regression Standard,0.39999999999999997
SUP027,2024-08,33,24,1.7575757575757576,58,1,6,785037.34,0,0.7272727272727273,0.0303030303030303,0.0,1.0,1.0,0.0303030303030303,785037.34,1.0,0.0,0.0512018194807954,0.0,0.0,0.0515970515970516,0.0303030303030303,-0.5126945126945126,0.0,1,1,2024-08,Medium,2024-09,High,0.3594402472527473,0.1824062049062048,0.3434497354497354,0.6756756756756757,2.27027027027027,0.2702702702702703,0.0,0.0,1.0,0.0,0.0825464703190165,0.0,0.68987168987169,2.1203931203931203,0.022446689113355765,0.16191949525282853,0.6666666666666666,1.0,0.026701045670366654,0.2578391831510948,0.016108529847819665,0.0993379360580007,0.0,0.0425880425880426,0.0673400673400673,-0.4496314496314493,4,0.5,0.0,1.0,0.5,0.0,1.0,High,Medium,False,0.10461383333990683,0.11432386412949458,0.7810623025305986,Logistic Regression Standard,0.39999999999999997
SUP027,2024-09,32,25,2.53125,81,2,10,948631.76,0,0.78125,0.0625,0.0,1.0,1.0,0.03125,948631.76,1.0,0.0,0.0616767630204138,0.0,0.0,0.0539772727272727,0.0009469696969696,0.7736742424242424,0.0,1,1,2024-09,High,2024-10,Medium,0.2697884615384615,0.1824062049062048,0.3434497354497354,0.7272727272727273,1.7575757575757576,0.0303030303030303,0.0303030303030303,1.0,1.0,0.0,0.0512018194807954,0.0,0.7280661343161343,2.1863653426153427,0.020517676767676764,0.12102443352443353,0.6666666666666666,1.0,0.04310418858368529,0.32137515565796054,0.01451333829870285,0.1063481736370074,0.0,0.0023802211302210996,-0.0293560606060607,1.286368755118755,5,1.0,1.0,0.0,0.5,0.5,1.0,Medium,Medium,True,0.141316686908668,0.0019412581070915819,0.8567420549842404,Logistic Regression Standard,0.39999999999999997
SUP027,2024-10,40,23,1.925,77,10,33,979808.38,0,0.575,0.25,0.0,1.0,1.0,0.025,979808.38,1.0,0.0,0.0646864535769891,0.0,0.0,-0.20625,-0.0062499999999999,-0.60625,0.0,1,0,2024-10,Medium,2024-11,Medium,0.3400384615384615,0.1824062049062048,0.3434497354497354,0.78125,2.53125,0.0625,0.03125,1.0,1.0,0.0,0.0616767630204138,0.0,0.6945075757575757,2.0712752525252527,0.0288510101010101,0.11426767676767675,1.0,1.0,0.08733052918026694,0.3323555279853977,0.002750381428130331,0.09687314348139289,0.0,-0.2602272727272727,-0.0071969696969695,-1.3799242424242424,0,0.5,0.0,1.0,1.0,-0.5,1.0,Medium,Medium,True,0.10229241890506863,0.08342026866463405,0.8142873124302974,Logistic Regression Standard,0.39999999999999997
SUP027,2024-11,40,30,2.275,91,13,48,764638.74,0,0.75,0.325,0.0,1.0,1.0,0.025,764638.74,1.0,0.0,0.0501583659669972,0.0,0.0,0.175,0.0,0.3499999999999998,0.0,1,1,2024-11,Medium,2024-12,Medium,0.3047628687102371,0.1824062049062048,0.3434497354497354,0.575,1.925,0.25,0.025,1.0,1.0,0.0,0.0646864535769891,0.0,0.7020833333333334,2.24375,0.02708333333333333,0.2125,1.0,1.0,0.09076258712830007,0.24848499283994593,0.0029462782549439844,0.1103970108290981,0.0,0.38125,0.0062499999999999,0.9562499999999998,1,0.5,0.0,1.0,0.5,0.0,1.0,Medium,Medium,True,0.10719626321357846,0.046092794728490004,0.8467109420579315,Logistic Regression Standard,0.39999999999999997
SUP027,2024-12,38,21,1.921052631578948,73,5,14,812669.6,0,0.5526315789473685,0.131578947368421,0.0,2.0,4.0,0.0526315789473684,812669.6,1.0,0.0,0.0491095702709375,0.0,0.0,-0.1973684210526315,0.0276315789473684,-0.3539473684210525,0.0,1,1,2024-12,Medium,2025-01,High,0.3853056318681318,0.1824062049062048,0.3434497354497354,0.75,2.275,0.325,0.025,1.0,1.0,0.0,0.0501583659669972,0.0,0.6258771929824561,2.040350877192983,0.03421052631578946,0.23552631578947367,2.0,1.0,0.08824186452220516,0.16592981157694892,0.01302565123238376,0.07962429089688042,0.0,-0.37236842105263146,0.0276315789473684,-0.7039473684210523,2,0.5,0.0,1.0,0.5,0.0,1.0,High,Medium,False,0.04079889282759997,0.13042250073079756,0.8287786064416024,Logistic Regression Standard,0.39999999999999997
SUP027,2025-01,32,23,2.3125,74,5,32,836055.33,0,0.71875,0.15625,0.0,3.0,4.0,0.09375,836055.33,1.0,0.0,0.0509377459215269,0.0,0.0,0.1661184210526315,0.0411184210526315,0.3914473684210526,0.0,1,1,2025-01,High,2025-02,Low,0.0854285714285714,0.1824062049062048,0.3434497354497354,0.5526315789473685,1.921052631578948,0.131578947368421,0.0526315789473684,4.0,1.0,0.0,0.0491095702709375,0.0,0.6737938596491229,2.1695175438596492,0.05712719298245613,0.20427631578947367,3.0,1.0,0.0866193370390934,0.17635697127510935,0.02824651641252254,0.08595666022870557,0.0,0.363486842105263,0.0134868421052631,0.7453947368421051,3,1.0,1.0,0.0,0.5,0.5,1.0,Low,Medium,False,0.0465692746310412,0.001308286296605518,0.9521224390723533,Logistic Regression Standard,0.39999999999999997
SUP028,2024-07,16,6,1.25,20,2,7,330273.32,0,0.375,0.125,0.0,0.0,0.0,0.0,330273.32,1.0,0.0,0.0208187800742368,0.0,0.0,0.0220588235294117,0.0,0.0735294117647058,0.0,1,1,2024-07,Low,2024-08,Low,0.0813142857142857,0.1824062049062048,0.3434497354497354,0.3529411764705882,1.1764705882352942,0.0588235294117647,0.0,0.0,1.0,0.0,0.0230606992601721,0.0,0.46059577677224733,1.3857466063348418,0.0,0.08691553544494719,0.0,1.0,0.13694507196507832,0.24580765126050746,0.0,0.027925116954244388,0.0,0.3229638009049773,0.0,0.6278280542986425,1,0.0,0.0,0.0,0.0,0.0,1.0,Low,Medium,False,0.010014623490398354,0.2832719287846089,0.7067134477249928,Logistic Regression Standard,0.39999999999999997
SUP028,2024-08,25,5,0.44,11,2,8,515689.86,0,0.2,0.08,0.0,0.0,0.0,0.0,515689.86,1.0,0.0,0.0336343989953352,0.0,0.0,-0.175,0.0,-0.81,0.0,1,0,2024-08,Low,2024-09,Low,0.1347402597402597,0.1824062049062048,0.3434497354497354,0.375,1.25,0.125,0.0,0.0,1.0,0.0,0.0208187800742368,0.0,0.3093137254901961,0.9554901960784316,0.0,0.08794117647058823,0.0,1.0,0.0778193029150863,0.3657405731647781,0.0,0.027593816066667734,0.0,-0.19705882352941168,0.0,-0.8835294117647059,0,0.0,0.0,0.0,0.0,0.0,1.0,Low,Low,True,0.003333309303141327,0.5522005647657269,0.44446612593113183,Logistic Regression Standard,0.39999999999999997
SUP028,2024-09,22,7,0.9090909090909092,20,1,5,454662.2,0,0.3181818181818182,0.0454545454545454,0.0,0.0,0.0,0.0,454662.2,1.0,0.0,0.0295605670673939,0.0,0.0,0.1181818181818181,0.0,0.469090909090909,0.0,1,1,2024-09,Low,2024-10,Medium,0.1955555555555555,0.1824062049062048,0.3434497354497354,0.2,0.44,0.08,0.0,0.0,1.0,0.0,0.0336343989953352,0.0,0.29772727272727273,0.8663636363636366,0.0,0.08348484848484845,0.0,1.0,0.07289280404499979,0.332058443526671,0.0,0.03256765226859809,0.0,0.2931818181818181,0.0,1.279090909090909,1,0.0,0.0,0.0,0.0,0.0,1.0,Medium,Low,False,0.0026790060077049715,0.5712856043850633,0.42603538960723164,Logistic Regression Standard,0.39999999999999997
SUP028,2024-10,18,8,1.5555555555555556,28,1,1,517401.85,0,0.4444444444444444,0.0555555555555555,0.0,0.0,0.0,0.0,517401.85,1.0,0.0,0.0341586083910338,0.0,0.0,0.1262626262626262,0.0,0.6464646464646465,0.0,1,1,2024-10,Medium,2024-11,Medium,0.2259113300492611,0.1824062049062048,0.3434497354497354,0.3181818181818182,0.9090909090909092,0.0454545454545454,0.0,0.0,1.0,0.0,0.0295605670673939,0.0,0.32087542087542087,0.9682154882154883,0.0,0.0603367003367003,0.0,1.0,0.09981220107963272,0.45733855896568204,0.0,0.014502680591341086,0.0,0.008080808080808091,0.0,0.17737373737373752,2,0.5,0.0,1.0,0.0,0.5,1.0,Medium,Low,False,0.013596427800025046,0.6679095028255226,0.3184940693744524,Logistic Regression Standard,0.39999999999999997
SUP028,2024-11,29,16,1.2758620689655171,37,5,32,516339.03,0,0.5517241379310345,0.1724137931034483,0.0,0.0,0.0,0.0,516339.03,1.0,0.0,0.0338705334623568,0.0,0.0,0.10727969348659,0.0,-0.2796934865900382,0.0,1,1,2024-11,Medium,2024-12,Medium,0.2212987012987013,0.1824062049062048,0.3434497354497354,0.4444444444444444,1.5555555555555556,0.0555555555555555,0.0,0.0,1.0,0.0,0.0341586083910338,0.0,0.43811680018576565,1.2468361778706607,0.0,0.09114129803784972,0.0,1.0,0.09544818171782911,0.2647149555623341,0.0,0.05761609405889965,0.0,-0.018982932776036188,0.0,-0.9261581330546846,3,0.5,0.0,1.0,0.5,0.0,1.0,Medium,Medium,True,0.023589767773310902,0.4447728943793016,0.5316373378473875,Logistic Regression Standard,0.39999999999999997
SUP028,2024-12,22,12,1.181818181818182,26,0,0,485308.25,0,0.5454545454545454,0.0,0.0,0.0,0.0,0.0,485308.25,1.0,0.0,0.029327145504693,0.0,0.0,-0.006269592476489,0.0,-0.0940438871473354,0.0,1,0,2024-12,Medium,2025-01,Low,0.1720408163265305,0.1824062049062048,0.3434497354497354,0.5517241379310345,1.2758620689655171,0.1724137931034483,0.0,0.0,1.0,0.0,0.0338705334623568,0.0,0.5138743759433414,1.3377452687797515,0.0,0.07598978288633458,0.0,1.0,0.049161051578198445,0.15872839264282762,0.0,0.0718553976076681,0.0,-0.113549285963079,0.0,0.18564959944270276,0,0.5,0.0,1.0,0.5,0.0,1.0,Low,Medium,False,0.0610619299687214,0.3003115451407105,0.6386265248905681,Logistic Regression Standard,0.39999999999999997
SUP029,2024-07,17,5,0.7058823529411765,12,3,9,442651.41,0,0.2941176470588235,0.1764705882352941,0.0,1.0,1.0,0.0588235294117647,442651.41,1.0,0.0,0.0279025334360669,0.0,0.0,-0.3212669683257919,0.0588235294117647,-1.678733031674208,0.0,1,1,2024-07,Low,2024-08,Low,0.1541496598639455,0.1824062049062048,0.3434497354497354,0.6153846153846154,2.3846153846153846,0.2307692307692307,0.0,0.0,1.0,0.0,0.0137272349063713,0.0,0.46189757954463834,1.379372261725203,0.019607843137254898,0.1516196222078575,0.3333333333333333,1.0,0.13154550899519615,0.7243761887356794,0.02772967769359011,0.07680787842124445,0.0,-0.4604611075199311,0.0588235294117647,-3.015729368670545,2,0.0,0.0,0.0,0.5,-0.5,1.0,Low,Medium,False,0.0061782381893256775,0.32043109989162843,0.673390661919046,Logistic Regression Standard,0.39999999999999997
SUP029,2024-08,21,8,0.8095238095238095,17,1,6,413080.07,0,0.3809523809523809,0.0476190476190476,0.0,0.0,0.0,0.0,413080.07,1.0,0.0,0.0269419683594341,0.0,0.0,0.0868347338935573,-0.0588235294117647,0.103641456582633,0.0,1,1,2024-08,Low,2024-09,Low,0.0738655462184873,0.1824062049062048,0.3434497354497354,0.2941176470588235,0.7058823529411765,0.1764705882352941,0.0588235294117647,1.0,1.0,0.0,0.0279025334360669,0.0,0.43015154779860665,1.3000071823601236,0.019607843137254898,0.1516196222078575,0.3333333333333333,1.0,0.13569213867694147,0.7681000812308183,0.02772967769359011,0.07680787842124445,0.0,0.40810170221934916,-0.1176470588235294,1.7823744882568409,3,0.0,0.0,0.0,0.0,0.0,1.0,Low,Medium,False,0.010036345855262838,0.34071878408759065,0.6492448700571466,Logistic Regression Standard,0.39999999999999997
SUP029,2024-09,17,3,0.4705882352941176,8,1,4,974940.45,0,0.1764705882352941,0.0588235294117647,0.0,0.0,0.0,0.0,974940.45,1.0,0.0,0.0633872632449767,0.0,0.0,-0.2044817927170868,0.0,-0.3389355742296919,0.0,1,0,2024-09,Low,2024-10,Medium,0.2486466165413534,0.1824062049062048,0.3434497354497354,0.3809523809523809,0.8095238095238095,0.0476190476190476,0.0,0.0,1.0,0.0,0.0269419683594341,0.0,0.28384687208216625,0.6619981325863679,0.019607843137254898,0.09430438842203548,0.3333333333333333,1.0,0.08379465974298653,0.14180667465888136,0.02772967769359011,0.058280061752856126,0.0,-0.2913165266106441,0.0588235294117647,-0.4425770308123249,0,0.0,0.0,0.0,0.0,0.0,1.0,Medium,Low,False,0.0009628408008957577,0.7526903620659869,0.24634679713311727,Logistic Regression Standard,0.39999999999999997
SUP029,2024-10,19,11,1.7894736842105263,34,1,2,461091.03,0,0.5789473684210527,0.0526315789473684,0.0,0.0,0.0,0.0,461091.03,1.0,0.0,0.0304409965414473,0.0,0.0,0.4024767801857585,0.0,1.3188854489164088,0.0,1,1,2024-10,Medium,2024-11,Low,0.1423809523809523,0.1824062049062048,0.3434497354497354,0.1764705882352941,0.4705882352941176,0.0588235294117647,0.0,0.0,1.0,0.0,0.0633872632449767,0.0,0.3787901125362427,1.0231952430094846,0.0,0.05302471865939357,0.0,1.0,0.1643175709831453,0.5592294209932848,0.0,0.004582650047422223,0.0,0.6069585729028453,0.0,1.6578210231461008,1,0.5,0.0,1.0,0.0,0.5,1.0,Low,Low,True,0.015597732455363581,0.606174456434438,0.3782278111101983,Logistic Regression Standard,0.39999999999999997
SUP029,2024-11,12,4,1.0,12,1,4,279463.02,0,0.3333333333333333,0.0833333333333333,0.0,0.0,0.0,0.0,279463.02,1.0,0.0,0.018332066763191,0.0,0.0,-0.2456140350877193,0.0,-0.7894736842105263,0.0,1,0,2024-11,Low,2024-12,Medium,0.2129556650246305,0.1824062049062048,0.3434497354497354,0.5789473684210527,1.7894736842105263,0.0526315789473684,0.0,0.0,1.0,0.0,0.0304409965414473,0.0,0.36291709666322675,1.086687306501548,0.0,0.06492948056415547,0.0,1.0,0.16563672889135686,0.5419106467996542,0.0,0.013256731879830277,0.0,-0.6480908152734778,0.0,-2.1083591331269353,0,0.0,0.0,0.0,0.5,-0.5,1.0,Medium,Medium,True,0.005379831652886388,0.35997179219454434,0.6346483761525692,Logistic Regression Standard,0.39999999999999997
SUP029,2024-12,29,15,1.2413793103448276,36,3,11,460465.96,0,0.5172413793103449,0.1034482758620689,0.0,0.0,0.0,0.0,460465.96,1.0,0.0,0.0278259275602221,0.0,0.0,0.1839080459770115,0.0,0.2413793103448276,0.0,1,1,2024-12,Medium,2025-01,Low,0.1468681318681318,0.1824062049062048,0.3434497354497354,0.3333333333333333,1.0,0.0833333333333333,0.0,0.0,1.0,0.0,0.018332066763191,0.0,0.4765073603549103,1.3436176648517846,0.0,0.07980439604759021,0.0,1.0,0.10432643890920526,0.33030963793028434,0.0,0.020895361847471636,0.0,0.4295220810647308,0.0,1.030852994555354,1,0.5,0.0,1.0,0.0,0.5,1.0,Low,Medium,False,0.041535811197828676,0.387072039044273,0.5713921497578983,Logistic Regression Standard,0.39999999999999997
SUP029,2025-01,26,9,1.0,26,2,5,331297.66000000003,0,0.3461538461538461,0.0769230769230769,0.0,0.0,0.0,0.0,331297.66000000003,1.0,0.0,0.0201847358947839,0.0,0.0,-0.1710875331564987,0.0,-0.2413793103448276,0.0,1,0,2025-01,Low,2025-02,Low,0.0939285714285714,0.1824062049062048,0.3434497354497354,0.5172413793103449,1.2413793103448276,0.1034482758620689,0.0,0.0,1.0,0.0,0.0278259275602221,0.0,0.3989095195991748,1.0804597701149425,0.0,0.08790156203949302,0.0,1.0,0.08383679842119184,0.11378729812197357,0.0,0.011300385828873499,0.0,-0.3549955791335102,0.0,-0.4827586206896552,0,0.0,0.0,0.0,0.5,-0.5,1.0,Low,Medium,False,0.006568188239946687,0.34487184644113433,0.648559965318919,Logistic Regression Standard,0.39999999999999997
SUP030,2024-07,27,8,0.7777777777777778,21,1,1,256062.27,0,0.2962962962962963,0.037037037037037,0.0,0.0,0.0,0.0,256062.27,1.0,0.0,0.0161408862345885,0.0,0.0,-0.1894179894179894,-0.0285714285714285,-1.1365079365079365,0.0,1,0,2024-07,Low,2024-08,Low,0.1698299319727891,0.1824062049062048,0.3434497354497354,0.4857142857142857,1.9142857142857144,0.1142857142857142,0.0285714285714285,2.0,1.0,0.0,0.0178770606945621,0.0,0.3806701940035273,1.2973544973544973,0.022857142857142836,0.09044091710758373,1.0,1.0,0.07869873513975525,0.46905649698996266,0.01682240165014827,0.037834235556773406,0.0,-0.3151322751322751,-0.0171428571428571,-1.8507936507936509,0,0.0,0.0,0.0,0.5,-0.5,1.0,Low,Medium,False,0.008905043252206691,0.20403779970190478,0.7870571570458884,Logistic Regression Standard,0.39999999999999997
SUP030,2024-08,42,17,1.0952380952380951,46,2,7,372903.69,0,0.4047619047619047,0.0476190476190476,0.0,0.0,0.0,0.0,372903.69,1.0,0.0,0.0243215786641467,0.0,0.0,0.1084656084656084,0.0,0.3174603174603175,0.0,1,1,2024-08,Low,2024-09,Medium,0.1830612244897959,0.1824062049062048,0.3434497354497354,0.2962962962962963,0.7777777777777778,0.037037037037037,0.0,0.0,1.0,0.0,0.0161408862345885,0.0,0.39559082892416225,1.2624338624338625,0.0095238095238095,0.06631393298059961,0.6666666666666666,1.0,0.07760101009997503,0.47880294545356755,0.013468700594029447,0.03419516133586498,0.0,0.2978835978835978,0.0285714285714285,1.453968253968254,1,0.0,0.0,0.0,0.0,0.0,1.0,Medium,Medium,True,0.010858756751988344,0.2320564039838172,0.7570848392641946,Logistic Regression Standard,0.39999999999999997
SUP030,2024-09,35,15,1.2857142857142858,45,3,11,346201.25,0,0.4285714285714285,0.0857142857142857,0.0,0.0,0.0,0.0,346201.25,1.0,0.0,0.0225088104298985,0.0,0.0,0.0238095238095237,0.0,0.1904761904761904,0.0,1,1,2024-09,Medium,2024-10,Medium,0.1946428571428571,0.1824062049062048,0.3434497354497354,0.4047619047619047,1.0952380952380951,0.0476190476190476,0.0,0.0,1.0,0.0,0.0243215786641467,0.0,0.3765432098765431,1.0529100529100528,0.0,0.0567901234567901,0.0,1.0,0.0575696604724851,0.2095131203515689,0.0,0.020903749403921083,0.0,-0.0846560846560847,0.0,-0.1269841269841271,2,0.5,0.0,1.0,0.0,0.5,1.0,Medium,Low,False,0.024052967709802173,0.5812476480055792,0.3946993842846187,Logistic Regression Standard,0.39999999999999997
SUP030,2024-10,28,13,1.25,35,3,24,250105.96,0,0.4642857142857143,0.1071428571428571,0.0,0.0,0.0,0.0,250105.96,1.0,0.0,0.0165118689542829,0.0,0.0,0.0357142857142857,0.0,-0.0357142857142858,0.0,1,1,2024-10,Medium,2024-11,Medium,0.2356650246305418,0.1824062049062048,0.3434497354497354,0.4285714285714285,1.2857142857142858,0.0857142857142857,0.0,0.0,1.0,0.0,0.0225088104298985,0.0,0.4325396825396825,1.2103174603174602,0.0,0.08015873015873014,0.0,1.0,0.024461960329242045,0.08266931212698235,0.0,0.024615972094080653,0.0,0.011904761904761998,0.0,-0.22619047619047622,3,0.5,0.0,1.0,0.5,0.0,1.0,Medium,Medium,True,0.03712296092613139,0.4430657102999822,0.5198113287738864,Logistic Regression Standard,0.39999999999999997
SUP030,2024-11,29,16,1.6551724137931034,48,1,1,265793.18,0,0.5517241379310345,0.0344827586206896,0.0,0.0,0.0,0.0,265793.18,1.0,0.0,0.017435359858921,0.0,0.0,0.0874384236453201,0.0,0.4051724137931034,0.0,1,1,2024-11,Medium,2024-12,Low,0.1336679536679536,0.1824062049062048,0.3434497354497354,0.4642857142857143,1.25,0.1071428571428571,0.0,0.0,1.0,0.0,0.0165118689542829,0.0,0.4815270935960591,1.3969622331691296,0.0,0.07577996715927747,0.0,1.0,0.05173391103228941,0.18316340716132773,0.0,0.030483771564304582,0.0,0.051724137931034406,0.0,0.44088669950738923,4,0.5,0.0,1.0,0.5,0.0,1.0,Low,Medium,False,0.06523700099319245,0.32968850412978123,0.6050744948770262,Logistic Regression Standard,0.39999999999999997
SUP030,2024-12,37,12,0.7837837837837838,29,4,18,311229.09,0,0.3243243243243243,0.1081081081081081,0.0,0.0,0.0,0.0,311229.09,1.0,0.0,0.0188075533595878,0.0,0.0,-0.2273998136067101,0.0,-0.8713886300093197,0.0,1,0,2024-12,Low,2025-01,Low,0.1730563186813186,0.1824062049062048,0.3434497354497354,0.5517241379310345,1.6551724137931034,0.0344827586206896,0.0,0.0,1.0,0.0,0.017435359858921,0.0,0.4467780588470243,1.2296520658589623,0.0,0.08324457462388492,0.0,1.0,0.09365738022641015,0.35603376707388834,0.0,0.03448206250891987,0.0,-0.3148382372520302,0.0,-1.276561043802423,0,0.0,0.0,0.0,0.5,-0.5,1.0,Low,Medium,False,0.009623239151272429,0.30045331919828966,0.689923441650438,Logistic Regression Standard,0.39999999999999997
SUP030,2025-01,32,12,0.8125,26,2,6,446507.41,0,0.375,0.0625,0.0,1.0,1.0,0.03125,446507.41,1.0,0.0,0.0272040380421461,0.0,0.0,0.0506756756756756,0.03125,0.0287162162162162,0.0,1,1,2025-01,Low,2025-02,Low,0.0,0.1824062049062048,0.3434497354497354,0.3243243243243243,0.7837837837837838,0.1081081081081081,0.0,0.0,1.0,0.0,0.0188075533595878,0.0,0.4170161540851196,1.0838187325256288,0.010416666666666666,0.06836362224293256,0.3333333333333333,1.0,0.09747371170447286,0.40417811840149953,0.014731391274719743,0.030342045318248727,0.0,0.2780754892823857,0.03125,0.9001048462255359,1,0.0,0.0,0.0,0.0,0.0,1.0,Low,Medium,False,0.004356413905278926,0.4376332355109364,0.5580103505837847,Logistic Regression Standard,0.39999999999999997
SUP031,2024-07,25,13,1.32,33,3,8,335313.3,0,0.52,0.12,0.0,0.0,0.0,0.0,335313.3,1.0,0.0,0.0211364752341079,0.0,0.0,0.0654545454545454,0.0,0.1836363636363636,0.0,1,1,2024-07,Medium,2024-08,Low,0.1784962406015037,0.1824062049062048,0.3434497354497354,0.4545454545454545,1.1363636363636365,0.0454545454545454,0.0,0.0,1.0,0.0,0.0301286522303672,0.0,0.4994516594516594,1.3108513708513712,0.0,0.07102453102453099,0.0,1.0,0.03179154549270811,0.1388844683616532,0.0,0.03464215821250549,0.0,0.1347186147186147,0.0,0.5234632034632034,1,0.5,0.0,1.0,0.5,0.0,1.0,Low,Medium,False,0.048182310169899906,0.3514419478512907,0.6003757419788093,Logistic Regression Standard,0.39999999999999997
SUP031,2024-08,19,8,1.2105263157894737,23,1,2,256318.9,0,0.4210526315789473,0.0526315789473684,0.0,0.0,0.0,0.0,256318.9,1.0,0.0,0.0167176685472261,0.0,0.0,-0.0989473684210526,0.0,-0.1094736842105263,0.0,1,0,2024-08,Low,2024-09,Low,0.1730827067669172,0.1824062049062048,0.3434497354497354,0.52,1.32,0.12,0.0,0.0,1.0,0.0,0.0211364752341079,0.0,0.4651993620414672,1.2222966507177035,0.0,0.07269537480063791,0.0,1.0,0.041091562297411593,0.07542980887614967,0.0,0.03357750364334609,0.0,-0.164401913875598,0.0,-0.2931100478468899,0,0.0,0.0,0.0,0.5,-0.5,1.0,Low,Medium,False,0.011375807119336653,0.24513810726990057,0.7434860856107628,Logistic Regression Standard,0.39999999999999997
SUP031,2024-09,19,8,1.0,19,0,0,240960.39,0,0.4210526315789473,0.0,0.0,0.0,0.0,0.0,240960.39,1.0,0.0,0.0156664129306997,0.0,0.0,0.0,0.0,-0.2105263157894736,0.0,1,0,2024-09,Low,2024-10,Medium,0.201098901098901,0.1824062049062048,0.3434497354497354,0.4210526315789473,1.2105263157894737,0.0526315789473684,0.0,0.0,1.0,0.0,0.0167176685472261,0.0,0.45403508771929824,1.176842105263158,0.0,0.057543859649122786,0.0,1.0,0.046644236794060025,0.13279299562121957,0.0,0.04911278093171291,0.0,0.0989473684210526,0.0,-0.10105263157894728,0,0.0,0.0,0.0,0.0,0.0,1.0,Medium,Medium,True,0.012932712433686603,0.30357201322808436,0.6834952743382291,Logistic Regression Standard,0.39999999999999997
SUP031,2024-10,26,12,1.5384615384615383,40,1,3,624283.74,0,0.4615384615384615,0.0384615384615384,0.0,0.0,0.0,0.0,624283.74,1.0,0.0,0.0412148966988618,0.0,0.0,0.0404858299595142,0.0,0.5384615384615385,0.0,1,1,2024-10,Medium,2024-11,Medium,0.2361142857142857,0.1824062049062048,0.3434497354497354,0.4210526315789473,1.0,0.0,0.0,0.0,1.0,0.0,0.0156664129306997,0.0,0.4345479082321187,1.2496626180836705,0.0,0.03036437246963559,0.0,1.0,0.019085203270891925,0.22156104458822595,0.0,0.022236514241948998,0.0,0.0404858299595142,0.0,0.7489878542510121,1,0.5,0.0,1.0,0.0,0.5,1.0,Medium,Low,False,0.035616364161391995,0.49527810759288476,0.4691055282457231,Logistic Regression Standard,0.39999999999999997
SUP031,2024-11,25,14,1.56,39,3,12,548101.92,0,0.56,0.12,0.0,0.0,0.0,0.0,548101.92,1.0,0.0,0.0359540986513105,0.0,0.0,0.0984615384615384,0.0,0.0215384615384615,0.0,1,1,2024-11,Medium,2024-12,Medium,0.2058503401360543,0.1824062049062048,0.3434497354497354,0.4615384615384615,1.5384615384615383,0.0384615384615384,0.0,0.0,1.0,0.0,0.0412148966988618,0.0,0.48086369770580295,1.3661538461538463,0.0,0.05282051282051279,0.0,1.0,0.0583477583829724,0.25905913819216625,0.0,0.050030891180558146,0.0,0.05797570850202421,0.0,-0.516923076923077,2,0.5,0.0,1.0,0.5,0.0,1.0,Medium,Medium,True,0.03504687320578821,0.3862724533988417,0.5786806733953701,Logistic Regression Standard,0.39999999999999997
SUP031,2024-12,21,10,1.5238095238095235,32,1,1,292833.14,0,0.4761904761904761,0.0476190476190476,0.0,0.0,0.0,0.0,292833.14,1.0,0.0,0.0176958873156929,0.0,0.0,-0.0838095238095238,0.0,-0.0361904761904763,0.0,1,0,2024-12,Medium,2025-01,Medium,0.2277142857142857,0.1824062049062048,0.3434497354497354,0.56,1.56,0.12,0.0,0.0,1.0,0.0,0.0359540986513105,0.0,0.4992429792429793,1.5407570207570205,0.0,0.06869352869352867,0.0,1.0,0.04337612293872069,0.014863592453825908,0.0,0.03647127172569121,0.0,-0.1822710622710622,0.0,-0.0577289377289378,0,0.5,0.0,1.0,0.5,0.0,1.0,Medium,Medium,True,0.10109940196468148,0.23143403866228246,0.6674665593730361,Logistic Regression Standard,0.39999999999999997
SUP031,2025-01,20,10,2.05,41,2,2,493692.48,0,0.5,0.1,0.0,0.0,0.0,0.0,493692.48,1.0,0.0,0.0300788490991481,0.0,0.0,0.0238095238095238,0.0,0.5261904761904761,0.0,1,1,2025-01,Medium,2025-02,Medium,0.2007142857142857,0.1824062049062048,0.3434497354497354,0.4761904761904761,1.5238095238095235,0.0476190476190476,0.0,0.0,1.0,0.0,0.0176958873156929,0.0,0.512063492063492,1.711269841269841,0.0,0.08920634920634919,0.0,1.0,0.03526239688269697,0.2399736485071398,0.0,0.030519149616646684,0.0,0.10761904761904761,0.0,0.5623809523809524,1,0.5,0.0,1.0,0.5,0.0,1.0,Medium,Medium,True,0.0954583072020627,0.22068885179346182,0.6838528410044755,Logistic Regression Standard,0.39999999999999997
SUP032,2024-07,12,2,0.1666666666666666,2,0,0,158290.32,0,0.1666666666666666,0.0,0.0,0.0,0.0,0.0,158290.32,1.0,0.0,0.0099778309672745,0.0,0.0,-0.4583333333333333,0.0,-1.2708333333333333,0.0,1,0,2024-07,Low,2024-08,Medium,0.2901098901098901,0.1824062049062048,0.3434497354497354,0.625,1.4375,0.0,0.0,0.0,1.0,0.0,0.0171016608490686,0.0,0.32271241830065356,0.613153594771242,0.0,0.039215686274509796,0.0,1.0,0.21378706814142612,0.5835738620016029,0.0,0.055459355387180186,0.0,-0.9068627450980391,0.0,-2.473039215686274,0,0.0,0.0,0.0,0.5,-0.5,1.0,Medium,Low,False,0.002579469437797463,0.6179419125816277,0.37947861798057475,Logistic Regression Standard,0.39999999999999997
SUP032,2024-08,10,6,1.5,15,1,3,125151.3,0,0.6,0.1,0.0,1.0,1.0,0.1,125151.3,1.0,0.0,0.0081626362771315,0.0,0.0,0.4333333333333333,0.1,1.3333333333333333,0.0,1,1,2024-08,Medium,2024-09,Medium,0.2232142857142857,0.1824062049062048,0.3434497354497354,0.1666666666666666,0.1666666666666666,0.0,0.0,0.0,1.0,0.0,0.0099778309672745,0.0,0.46388888888888885,1.0347222222222223,0.03333333333333333,0.03333333333333333,0.3333333333333333,1.0,0.21041552071561798,0.6143380709610131,0.047140452079103175,0.047140452079103175,0.0,0.8916666666666666,0.1,2.6041666666666665,1,0.5,0.0,1.0,0.0,0.5,1.0,Medium,Medium,True,0.05831958370077745,0.4703963076267164,0.4712841086725061,Logistic Regression Standard,0.39999999999999997
SUP032,2024-09,8,4,1.875,15,0,0,65452.3,0,0.5,0.0,0.0,0.0,0.0,0.0,65452.3,1.0,0.0,0.0042554826503395,0.0,0.0,-0.0999999999999999,-0.1,0.375,0.0,1,1,2024-09,Medium,2024-10,Low,0.0892063492063491,0.1824062049062048,0.3434497354497354,0.6,1.5,0.1,0.1,1.0,1.0,0.0,0.0081626362771315,0.0,0.4222222222222222,1.1805555555555556,0.03333333333333333,0.03333333333333333,0.3333333333333333,1.0,0.18525924445036732,0.733091290022036,0.047140452079103175,0.047140452079103175,0.0,-0.5333333333333332,-0.2,-0.9583333333333333,2,0.5,0.0,1.0,0.5,0.0,1.0,Low,Medium,False,0.06891230612229772,0.2908314777258271,0.6402562161518751,Logistic Regression Standard,0.39999999999999997
SUP032,2024-10,9,2,0.4444444444444444,4,0,0,163357.49,0,0.2222222222222222,0.0,0.0,0.0,0.0,0.0,163357.49,1.0,0.0,0.0107847788496547,0.0,0.0,-0.2777777777777778,0.0,-1.4305555555555556,0.0,1,0,2024-10,Low,2024-11,Medium,0.1841269841269841,0.1824062049062048,0.3434497354497354,0.5,1.875,0.0,0.0,0.0,1.0,0.0,0.0042554826503395,0.0,0.4407407407407408,1.2731481481481481,0.03333333333333333,0.03333333333333333,0.3333333333333333,1.0,0.1598181408177141,0.6056504059819641,0.047140452079103175,0.047140452079103175,0.0,-0.1777777777777779,0.1,-1.8055555555555556,0,0.0,0.0,0.0,0.5,-0.5,1.0,Medium,Medium,True,0.010222603247157774,0.3159243253750203,0.6738530713778219,Logistic Regression Standard,0.39999999999999997
SUP032,2024-11,9,4,1.1111111111111112,10,1,4,118396.36,0,0.4444444444444444,0.1111111111111111,0.0,0.0,0.0,0.0,118396.36,1.0,0.0,0.0077665015429905,0.0,0.0,0.2222222222222222,0.0,0.6666666666666667,0.0,1,1,2024-11,Medium,2024-12,Medium,0.2840178571428571,0.1824062049062048,0.3434497354497354,0.2222222222222222,0.4444444444444444,0.0,0.0,0.0,1.0,0.0,0.0107847788496547,0.0,0.38888888888888884,1.1435185185185188,0.0,0.037037037037037035,0.0,1.0,0.12001371663718245,0.5844712593012983,0.0,0.052378280087892415,0.0,0.5,0.0,2.0972222222222223,1,0.5,0.0,1.0,0.0,0.5,1.0,Medium,Medium,True,0.049593348818850615,0.45208339743600784,0.4983232537451414,Logistic Regression Standard,0.39999999999999997
SUP032,2024-12,16,11,1.6875,27,2,4,187303.82,0,0.6875,0.125,0.0,0.0,0.0,0.0,187303.82,1.0,0.0,0.011318757475738,0.0,0.0,0.2430555555555555,0.0,0.5763888888888888,0.0,1,1,2024-12,Medium,2025-01,Low,0.1483116883116883,0.1824062049062048,0.3434497354497354,0.4444444444444444,1.1111111111111112,0.1111111111111111,0.0,0.0,1.0,0.0,0.0077665015429905,0.0,0.45138888888888884,1.0810185185185188,0.0,0.0787037037037037,0.0,1.0,0.19001231820584372,0.5079212220059921,0.0,0.055940027655530425,0.0,0.020833333333333287,0.0,-0.0902777777777779,2,0.5,0.0,1.0,0.5,0.0,1.0,Low,Medium,False,0.030118693678406142,0.33376165882013126,0.6361196475014625,Logistic Regression Standard,0.39999999999999997
SUP033,2024-07,16,16,5.4375,87,3,11,348123.6,0,1.0,0.1875,0.0,0.0,0.0,0.0,348123.6,1.0,0.0,0.0219439725468941,0.0,0.0,0.0,0.0,-0.7767857142857144,0.0,1,0,2024-07,High,2024-08,High,0.5107142857142857,0.1824062049062048,0.3434497354497354,1.0,6.214285714285714,0.3571428571428571,0.0,0.0,1.0,0.0,0.020812205891016,0.0,1.0,5.508928571428572,0.0,0.24404761904761904,0.0,1.0,0.0,0.5490889950543493,0.0,0.07997040977704993,0.0,0.0,0.0,-2.116071428571429,0,1.0,1.0,0.0,1.0,0.0,1.0,High,High,True,0.9193744441985748,6.634071641384933e-08,0.08062548946070879,Logistic Regression Standard,0.39999999999999997
SUP033,2024-08,16,16,6.25,100,3,3,914699.4,0,1.0,0.1875,0.0,0.0,0.0,0.0,914699.4,1.0,0.0,0.0596586572022063,0.0,0.0,0.0,0.0,0.8125,0.0,1,1,2024-08,High,2024-09,High,0.529059065934066,0.1824062049062048,0.3434497354497354,1.0,5.4375,0.1875,0.0,0.0,1.0,0.0,0.0219439725468941,0.0,1.0,5.967261904761905,0.0,0.24404761904761907,0.0,1.0,0.0,0.37488187859977157,0.0,0.07997040977704993,0.0,0.0,0.0,1.5892857142857144,1,1.0,1.0,0.0,1.0,0.0,1.0,High,High,True,0.9385254440114461,3.3242975193566124e-08,0.06147452274557872,Logistic Regression Standard,0.39999999999999997
SUP033,2024-09,16,15,6.1875,99,0,0,258530.7,0,0.9375,0.0,0.0,1.0,2.0,0.0625,258530.7,1.0,0.0,0.0168087738464519,0.0,0.0,-0.0625,0.0625,-0.0625,0.0,1,1,2024-09,High,2024-10,High,0.4476984126984127,0.1824062049062048,0.3434497354497354,1.0,6.25,0.1875,0.0,0.0,1.0,0.0,0.0596586572022063,0.0,0.9791666666666666,5.958333333333333,0.020833333333333332,0.12500000000000003,0.6666666666666666,1.0,0.029462782549439535,0.3691676072222774,0.02946278254943948,0.08838834764831834,0.0,-0.0625,0.0625,-0.875,2,1.0,1.0,0.0,1.0,0.0,1.0,High,High,True,0.9564296144965813,2.8496004153181975e-08,0.0435703570074146,Logistic Regression Standard,0.39999999999999997
SUP033,2024-10,18,17,4.555555555555555,82,1,2,428941.06,0,0.9444444444444444,0.0555555555555555,0.0,0.0,0.0,0.0,428941.06,1.0,0.0,0.028318471786243,0.0,0.0,0.0069444444444444,-0.0625,-1.6319444444444446,0.0,1,1,2024-10,High,2024-11,High,0.4000892857142857,0.1824062049062048,0.3434497354497354,0.9375,6.1875,0.0,0.0625,2.0,1.0,0.0,0.0168087738464519,0.0,0.9606481481481483,5.664351851851852,0.020833333333333332,0.08101851851851852,0.6666666666666666,1.0,0.02797001382776508,0.7844524555426279,0.02946278254943948,0.07863559144195835,0.0,0.0694444444444444,-0.125,-1.5694444444444446,3,1.0,1.0,0.0,1.0,0.0,1.0,High,High,True,0.9196729081962496,6.252372223956352e-08,0.08032702928002826,Logistic Regression Standard,0.39999999999999997
SUP033,2024-11,16,13,4.5,72,5,18,353796.2,0,0.8125,0.3125,0.0,0.0,0.0,0.0,353796.2,1.0,0.0,0.02320813522649,0.0,0.0,-0.1319444444444444,0.0,-0.0555555555555553,0.0,1,0,2024-11,High,2024-12,High,0.5235314685314686,0.1824062049062048,0.3434497354497354,0.9444444444444444,4.555555555555555,0.0555555555555555,0.0,0.0,1.0,0.0,0.028318471786243,0.0,0.8981481481481483,5.081018518518518,0.020833333333333332,0.12268518518518519,0.6666666666666666,1.0,0.06062870765605881,0.7827292237567909,0.02946278254943948,0.13612213359249214,0.0,-0.13888888888888878,0.0625,1.5763888888888893,0,1.0,1.0,0.0,1.0,0.0,1.0,High,High,True,0.9273160402111514,1.35829530091678e-07,0.07268382395931852,Logistic Regression Standard,0.39999999999999997
SUP033,2024-12,22,21,5.409090909090909,119,6,20,491246.36,0,0.9545454545454546,0.2727272727272727,0.0,2.0,2.0,0.0909090909090909,491246.36,1.0,0.0,0.0296859850999253,0.0,0.0,0.1420454545454545,0.0909090909090909,0.9090909090909092,0.0,1,1,2024-12,High,2025-01,High,0.5214285714285715,0.1824062049062048,0.3434497354497354,0.8125,4.5,0.3125,0.0,0.0,1.0,0.0,0.02320813522649,0.0,0.9038299663299664,4.821548821548821,0.0303030303030303,0.2135942760942761,0.6666666666666666,1.0,0.06471156343673412,0.4160736180158973,0.042854956435548326,0.11292370684320313,0.0,0.2739898989898989,0.0909090909090909,0.9646464646464645,1,1.0,1.0,0.0,1.0,0.0,1.0,High,High,True,0.804210419684249,8.824170738037397e-07,0.19578869789867714,Logistic Regression Standard,0.39999999999999997
SUP033,2025-01,18,18,6.666666666666667,120,5,15,405053.47,0,1.0,0.2777777777777778,0.0,0.0,0.0,0.0,405053.47,1.0,0.0,0.0246784034490789,0.0,0.0,0.0454545454545454,-0.0909090909090909,1.2575757575757578,0.0,1,1,2025-01,High,2025-02,High,0.485,0.1824062049062048,0.3434497354497354,0.9545454545454546,5.409090909090909,0.2727272727272727,0.0909090909090909,2.0,1.0,0.0,0.0296859850999253,0.0,0.922348484848485,5.525252525252526,0.0303030303030303,0.2876683501683502,0.6666666666666666,1.0,0.07986048728146958,0.8883434965946714,0.042854956435548326,0.017679272710107476,0.0,-0.0965909090909091,-0.1818181818181818,0.3484848484848486,2,1.0,1.0,0.0,1.0,0.0,1.0,High,High,True,0.9223190066611526,7.676479401869926e-08,0.07768091657405335,Logistic Regression Standard,0.39999999999999997
SUP033,2025-02,12,12,5.25,63,3,3,308953.94,0,1.0,0.25,0.0,0.0,0.0,0.0,308953.94,1.0,0.0,0.0657822975709269,0.0,0.0,0.0,0.0,-1.416666666666667,0.0,1,0,2025-02,High,2025-03,High,0.5284873949579832,0.1824062049062048,0.3434497354497354,1.0,6.666666666666667,0.2777777777777778,0.0,0.0,1.0,0.0,0.0246784034490789,0.0,0.984848484848485,5.775252525252526,0.0303030303030303,0.26683501683501687,0.6666666666666666,1.0,0.021427478217774753,0.6336622959556486,0.042854956435548326,0.012081397385864133,0.0,-0.0454545454545454,0.0909090909090909,-2.6742424242424248,0,1.0,1.0,0.0,1.0,0.0,1.0,High,High,True,0.8332310696689287,1.1152573021841842e-07,0.16676881880534122,Logistic Regression Standard,0.39999999999999997
SUP033,2025-03,17,17,6.941176470588236,118,5,11,364607.83,0,1.0,0.2941176470588235,0.0,0.0,0.0,0.0,364607.83,1.0,0.0,0.5916582617622332,0.0,0.0,0.0,0.0,1.6911764705882355,0.0,1,1,2025-03,High,2025-04,High,0.4651428571428571,0.1824062049062048,0.3434497354497354,1.0,5.25,0.25,0.0,0.0,1.0,0.0,0.0657822975709269,0.0,1.0,6.285947712418301,0.0,0.2739651416122005,0.0,1.0,0.0,0.7410486512417374,0.0,0.018211605116884615,0.0,0.0,0.0,3.1078431372549025,1,1.0,1.0,0.0,1.0,0.0,1.0,High,Medium,False,0.002800266420285415,0.00010914957556341924,0.9970905840041511,Logistic Regression Standard,0.39999999999999997
SUP034,2024-07,18,8,1.1111111111111112,20,0,0,283523.51,0,0.4444444444444444,0.0,0.0,1.0,1.0,0.0555555555555555,283523.51,1.0,0.0,0.0178719056100737,0.0,0.0,-0.0793650793650794,-0.0396825396825396,-0.4126984126984125,0.0,1,0,2024-07,Medium,2024-08,Medium,0.1918181818181817,0.1824062049062048,0.3434497354497354,0.5238095238095238,1.5238095238095235,0.238095238095238,0.0952380952380952,4.0,1.0,0.0,0.037680495434971,0.0,0.4796140678493619,1.5057578586990352,0.050264550264550234,0.11858076563958912,1.6666666666666667,1.0,0.0330232564075971,0.3151167900642419,0.03906037846622591,0.09720421615417303,0.0,-0.1325863678804855,-0.1349206349206348,-0.05415499533146573,0,0.5,0.0,1.0,0.5,0.0,1.0,Medium,Medium,True,0.10412152321212434,0.16714585120311012,0.7287326255847656,Logistic Regression Standard,0.39999999999999997
SUP034,2024-08,11,5,1.2727272727272727,14,1,14,273923.7,0,0.4545454545454545,0.0909090909090909,0.0,0.0,0.0,0.0,273923.7,1.0,0.0,0.0178658913713729,0.0,0.0,0.0101010101010101,-0.0555555555555555,0.1616161616161615,0.0,1,1,2024-08,Medium,2024-09,Low,0.1524175824175823,0.1824062049062048,0.3434497354497354,0.4444444444444444,1.1111111111111112,0.0,0.0555555555555555,1.0,1.0,0.0,0.0178719056100737,0.0,0.47426647426647417,1.3025493025493027,0.050264550264550234,0.10966810966810964,1.6666666666666667,1.0,0.035274097387781214,0.16979793885277716,0.039060378466225905,0.09810287521952975,0.0,0.0894660894660895,-0.0158730158730159,0.574314574314574,1,0.5,0.0,1.0,0.5,0.0,1.0,Low,Medium,False,0.11071381880356332,0.12912450270474424,0.7601616784916925,Logistic Regression Standard,0.39999999999999997
SUP034,2024-09,13,5,0.6923076923076923,9,2,10,174561.48,0,0.3846153846153846,0.1538461538461538,0.0,0.0,0.0,0.0,174561.48,1.0,0.0,0.0113493849651973,0.0,0.0,-0.0699300699300699,0.0,-0.5804195804195804,0.0,1,0,2024-09,Low,2024-10,Low,0.138095238095238,0.1824062049062048,0.3434497354497354,0.4545454545454545,1.2727272727272727,0.0909090909090909,0.0,0.0,1.0,0.0,0.0178658913713729,0.0,0.42786842786842777,1.0253820253820256,0.0185185185185185,0.08158508158508156,0.3333333333333333,1.0,0.03086126930045088,0.24458649381976608,0.02618914004394615,0.0631525276650073,0.0,-0.08003108003107999,0.0555555555555555,-0.742035742035742,0,0.0,0.0,0.0,0.5,-0.5,1.0,Low,Medium,False,0.007799708761968393,0.3082532506266616,0.6839470406113699,Logistic Regression Standard,0.39999999999999997
SUP034,2024-10,18,6,0.8333333333333334,15,3,8,396081.22,0,0.3333333333333333,0.1666666666666666,0.0,0.0,0.0,0.0,396081.22,1.0,0.0,0.0261490817727515,0.0,0.0,-0.0512820512820513,0.0,0.141025641025641,0.0,1,1,2024-10,Low,2024-11,Medium,0.2839495798319328,0.1824062049062048,0.3434497354497354,0.3846153846153846,0.6923076923076923,0.1538461538461538,0.0,0.0,1.0,0.0,0.0113493849651973,0.0,0.39083139083139073,0.9327894327894329,0.0,0.1371406371406371,0.0,1.0,0.049679463444120664,0.2471711406062302,0.0,0.03310698101070665,0.0,0.018648018648018592,0.0,0.7214452214452214,1,0.0,0.0,0.0,0.0,0.0,1.0,Medium,Medium,True,0.003814223080274067,0.4881383135054484,0.5080474634142774,Logistic Regression Standard,0.39999999999999997
SUP034,2024-11,17,11,2.235294117647059,38,2,13,215186.5,0,0.6470588235294118,0.1176470588235294,0.0,0.0,0.0,0.0,215186.5,1.0,0.0,0.0141156897414813,0.0,0.0,0.3137254901960785,0.0,1.4019607843137254,0.0,1,1,2024-11,Medium,2024-12,Low,0.1530199430199429,0.1824062049062048,0.3434497354497354,0.3333333333333333,0.8333333333333334,0.1666666666666666,0.0,0.0,1.0,0.0,0.0261490817727515,0.0,0.45500251382604323,1.253645047762695,0.0,0.1460532931121166,0.0,1.0,0.13740859208598988,0.6965142880373675,0.0,0.02075695862578494,0.0,0.3650075414781298,0.0,1.2609351432880844,2,0.5,0.0,1.0,0.0,0.5,1.0,Low,Medium,False,0.04932773125383714,0.40092203704072726,0.5497502317054356,Logistic Regression Standard,0.39999999999999997
SUP034,2024-12,27,8,1.037037037037037,28,1,6,513695.51,0,0.2962962962962963,0.037037037037037,0.0,1.0,1.0,0.037037037037037,513695.51,1.0,0.0,0.0310425857522049,0.0,0.0,-0.3507625272331155,0.037037037037037,-1.198257080610022,0.0,1,1,2024-12,Low,2025-01,Low,0.1568445839874411,0.1824062049062048,0.3434497354497354,0.6470588235294118,2.235294117647059,0.1176470588235294,0.0,0.0,1.0,0.0,0.0141156897414813,0.0,0.42556281771968046,1.3685548293391434,0.012345679012345666,0.10711692084241099,0.3333333333333333,1.0,0.15734949628214925,0.6184936244069329,0.01745942669596407,0.053442324512223985,0.0,-0.6644880174291941,0.037037037037037,-2.6002178649237475,3,0.0,0.0,0.0,0.5,-0.5,1.0,Low,Medium,False,0.005877070542824239,0.35697244264574873,0.637150486811427,Logistic Regression Standard,0.39999999999999997
SUP034,2025-01,14,4,0.9285714285714286,13,0,0,205056.17,0,0.2857142857142857,0.0,0.0,1.0,1.0,0.0714285714285714,205056.17,1.0,0.0,0.0124933108040845,0.0,0.0,-0.0105820105820105,0.0343915343915343,-0.1084656084656083,0.0,1,1,2025-01,Low,2025-02,High,0.3885714285714285,0.1824062049062048,0.3434497354497354,0.2962962962962963,1.037037037037037,0.037037037037037,0.037037037037037,1.0,1.0,0.0,0.0310425857522049,0.0,0.4096898018466646,1.400300861085175,0.036155202821869466,0.05156136528685546,0.6666666666666666,1.0,0.16790083199706082,0.5920875503576698,0.02916725821612207,0.049114999038230696,0.0,0.340180516651105,-0.002645502645502701,1.0897914721444135,4,0.0,0.0,0.0,0.0,0.0,1.0,High,Medium,False,0.01965751145826014,0.3080996612690816,0.6722428272726582,Logistic Regression Standard,0.39999999999999997
SUP035,2024-07,14,8,1.1428571428571428,16,0,0,311869.2,0,0.5714285714285714,0.0,0.0,0.0,0.0,0.0,311869.2,1.0,0.0,0.0196586762949189,0.0,0.0,0.2556390977443609,-0.0526315789473684,0.3533834586466164,0.0,1,1,2024-07,Medium,2024-08,Low,0.1593167701863354,0.1824062049062048,0.3434497354497354,0.3157894736842105,0.7894736842105263,0.0,0.0526315789473684,1.0,1.0,0.0,0.0277088147956577,0.0,0.4024060150375939,0.8707769423558896,0.0175438596491228,0.03999999999999999,0.3333333333333333,1.0,0.1195293563932304,0.19751261312003635,0.02481076425215955,0.056568542494923754,0.0,0.2598496240601503,-0.1052631578947368,0.24390977443609022,2,0.5,0.0,1.0,0.0,0.5,1.0,Low,Low,True,0.02120247370130975,0.5534021620788092,0.42539536421988106,Logistic Regression Standard,0.39999999999999997
SUP035,2024-08,23,9,0.8695652173913043,20,3,12,596164.48,0,0.391304347826087,0.1304347826086956,0.0,0.0,0.0,0.0,596164.48,1.0,0.0,0.0388831263565403,0.0,0.0,-0.1801242236024844,0.0,-0.2732919254658384,0.0,1,0,2024-08,Low,2024-09,Medium,0.1921978021978022,0.1824062049062048,0.3434497354497354,0.5714285714285714,1.1428571428571428,0.0,0.0,0.0,1.0,0.0,0.0196586762949189,0.0,0.4261741309796228,0.933965348152991,0.0175438596491228,0.04347826086956519,0.3333333333333333,1.0,0.1072373175306951,0.15128449985122458,0.02481076425215955,0.0614875461901345,0.0,-0.43576332134684526,0.0526315789473684,-0.6266753841124548,0,0.0,0.0,0.0,0.5,-0.5,1.0,Medium,Medium,True,0.004178692754809026,0.3984235598124029,0.5973977474327881,Logistic Regression Standard,0.39999999999999997
SUP035,2024-09,26,12,1.1923076923076923,31,3,16,586784.43,0,0.4615384615384615,0.1153846153846153,0.0,0.0,0.0,0.0,586784.43,1.0,0.0,0.038150698468264,0.0,0.0,0.0702341137123745,0.0,0.3227424749163879,0.0,1,1,2024-09,Medium,2024-10,Medium,0.2376623376623376,0.1824062049062048,0.3434497354497354,0.391304347826087,0.8695652173913043,0.1304347826086956,0.0,0.0,1.0,0.0,0.0388831263565403,0.0,0.47475712693103994,1.0682433508520466,0.0,0.08193979933110362,0.0,1.0,0.07412707026078119,0.14192977077137756,0.0,0.05826505481667,0.0,0.2503583373148589,0.0,0.5960344003822263,1,0.5,0.0,1.0,0.0,0.5,1.0,Medium,Low,False,0.01950745529999693,0.5963531240170946,0.3841394206829085,Logistic Regression Standard,0.39999999999999997
SUP035,2024-10,22,12,1.818181818181818,40,3,15,390965.3,0,0.5454545454545454,0.1363636363636363,0.0,0.0,0.0,0.0,390965.3,1.0,0.0,0.02581133132242,0.0,0.0,0.0839160839160838,0.0,0.6258741258741258,0.0,1,1,2024-10,Medium,2024-11,Low,0.130064935064935,0.1824062049062048,0.3434497354497354,0.4615384615384615,1.1923076923076923,0.1153846153846153,0.0,0.0,1.0,0.0,0.038150698468264,0.0,0.4660991182730312,1.2933515759602716,0.0,0.12739434478564907,0.0,1.0,0.06301412830792338,0.39380685929487014,0.0,0.008830365297329097,0.0,0.013681970203709301,0.0,0.3031316509577379,2,0.5,0.0,1.0,0.5,0.0,1.0,Low,Medium,False,0.03693387411419221,0.4217597145617306,0.5413064113240772,Logistic Regression Standard,0.39999999999999997
SUP035,2024-11,22,7,0.7272727272727273,16,1,1,475302.26,0,0.3181818181818182,0.0454545454545454,0.0,0.0,0.0,0.0,475302.26,1.0,0.0,0.0311786252185193,0.0,0.0,-0.2272727272727272,0.0,-1.0909090909090908,0.0,1,0,2024-11,Low,2024-12,Low,0.1519548872180451,0.1824062049062048,0.3434497354497354,0.5454545454545454,1.818181818181818,0.1363636363636363,0.0,0.0,1.0,0.0,0.02581133132242,0.0,0.44172494172494164,1.2459207459207458,0.0,0.09906759906759899,0.0,1.0,0.093835511458603,0.4469723561886962,0.0,0.03886557575881833,0.0,-0.31118881118881103,0.0,-1.7167832167832167,0,0.0,0.0,0.0,0.5,-0.5,1.0,Low,Medium,False,0.0067723364090261605,0.32899889684759165,0.6642287667433822,Logistic Regression Standard,0.39999999999999997
SUP035,2024-12,19,7,0.8947368421052632,17,0,0,440841.99,0,0.3684210526315789,0.0,0.0,0.0,0.0,0.0,440841.99,1.0,0.0,0.0266400523488081,0.0,0.0,0.0502392344497607,0.0,0.1674641148325358,0.0,1,1,2024-12,Low,2025-01,Medium,0.1892307692307692,0.1824062049062048,0.3434497354497354,0.3181818181818182,0.7272727272727273,0.0454545454545454,0.0,0.0,1.0,0.0,0.0311786252185193,0.0,0.41068580542264743,1.1467304625199362,0.0,0.06060606060606057,0.0,1.0,0.09747804927901615,0.4796847921321497,0.0,0.056691778587483935,0.0,0.27751196172248793,0.0,1.2583732057416266,1,0.0,0.0,0.0,0.0,0.0,1.0,Medium,Medium,True,0.00688127624113674,0.4092812992440142,0.583837424514849,Logistic Regression Standard,0.39999999999999997
SUP035,2025-01,13,6,1.0769230769230769,14,0,0,236075.28,0,0.4615384615384615,0.0,0.0,0.0,0.0,0.0,236075.28,1.0,0.0,0.0143831899630295,0.0,0.0,0.0931174089068826,0.0,0.1821862348178137,0.0,1,1,2025-01,Medium,2025-02,High,0.4271428571428571,0.1824062049062048,0.3434497354497354,0.3684210526315789,0.8947368421052632,0.0,0.0,0.0,1.0,0.0,0.0266400523488081,0.0,0.38271377745061946,0.8996442154336891,0.0,0.015151515151515133,0.0,1.0,0.059391319711921665,0.14278632868121752,0.0,0.021427478217774104,0.0,0.042878174457121894,0.0,0.01472211998527792,2,0.5,0.0,1.0,0.0,0.5,1.0,High,Low,False,0.02151595223916055,0.6159937832122849,0.3624902645485545,Logistic Regression Standard,0.39999999999999997
SUP036,2024-07,25,11,1.36,34,1,2,584549.24,0,0.44,0.04,0.0,0.0,0.0,0.0,584549.24,1.0,0.0,0.0368470637292842,0.0,0.0,-0.0984615384615384,0.0,0.2061538461538463,0.0,1,1,2024-07,Medium,2024-08,Low,0.179047619047619,0.1824062049062048,0.3434497354497354,0.5384615384615384,1.1538461538461535,0.0384615384615384,0.0,0.0,1.0,0.0,0.0236675281750688,0.0,0.4565886287625418,1.229253065774805,0.0,0.06963210702341133,0.0,1.0,0.06121109181673795,0.0928142971093092,0.0,0.04299857156327659,0.0,-0.2456187290969898,0.0,0.2262207357859535,2,0.5,0.0,1.0,0.5,0.0,1.0,Low,Medium,False,0.032602090936813016,0.4757954258931736,0.4916024831700134,Logistic Regression Standard,0.39999999999999997
SUP036,2024-08,24,10,1.2916666666666667,31,3,16,355919.26,0,0.4166666666666667,0.125,0.0,0.0,0.0,0.0,355919.26,1.0,0.0,0.0232138177022997,0.0,0.0,-0.0233333333333333,0.0,-0.0683333333333333,0.0,1,0,2024-08,Low,2024-09,Medium,0.222517006802721,0.1824062049062048,0.3434497354497354,0.44,1.36,0.04,0.0,0.0,1.0,0.0,0.0368470637292842,0.0,0.4650427350427351,1.2685042735042735,0.0,0.06782051282051278,0.0,1.0,0.05278163590175243,0.08574078925755664,0.0,0.04043688111578498,0.0,0.0751282051282051,0.0,-0.2744871794871796,0,0.0,0.0,0.0,0.5,-0.5,1.0,Medium,Medium,True,0.010412430746212075,0.27838699647435267,0.7112005727794352,Logistic Regression Standard,0.39999999999999997
SUP036,2024-09,21,11,1.5238095238095235,32,1,9,259029.69,0,0.5238095238095238,0.0476190476190476,0.0,0.0,0.0,0.0,259029.69,1.0,0.0,0.0168412164540867,0.0,0.0,0.1071428571428571,0.0,0.2321428571428569,0.0,1,1,2024-09,Medium,2024-10,Low,0.177077922077922,0.1824062049062048,0.3434497354497354,0.4166666666666667,1.2916666666666667,0.125,0.0,0.0,1.0,0.0,0.0232138177022997,0.0,0.46015873015873016,1.391825396825397,0.0,0.07087301587301585,0.0,1.0,0.046004918290642266,0.09740711282356022,0.0,0.03839974201013532,0.0,0.13047619047619038,0.0,0.30047619047619023,1,0.5,0.0,1.0,0.0,0.5,1.0,Low,Medium,False,0.0613744047075408,0.3146735329647158,0.6239520623277435,Logistic Regression Standard,0.39999999999999997
SUP036,2024-10,22,9,1.318181818181818,29,3,34,305271.6,0,0.4090909090909091,0.1363636363636363,0.0,0.0,0.0,0.0,305271.6,1.0,0.0,0.0201538765995991,0.0,0.0,-0.1147186147186147,0.0,-0.2056277056277056,0.0,1,0,2024-10,Low,2024-11,Low,0.1458791208791208,0.1824062049062048,0.3434497354497354,0.5238095238095238,1.5238095238095235,0.0476190476190476,0.0,0.0,1.0,0.0,0.0168412164540867,0.0,0.4498556998556999,1.3778860028860027,0.0,0.10299422799422796,0.0,1.0,0.0523846293216914,0.10374975914512055,0.0,0.0394300309327722,0.0,-0.22186147186147182,0.0,-0.4377705627705625,0,0.0,0.0,0.0,0.5,-0.5,1.0,Low,Medium,False,0.013681405289656275,0.2073588819459281,0.7789597127644156,Logistic Regression Standard,0.39999999999999997
SUP036,2024-11,26,9,0.9615384615384616,25,3,7,298689.05,0,0.3461538461538461,0.1153846153846153,0.0,0.0,0.0,0.0,298689.05,1.0,0.0,0.0195932456681893,0.0,0.0,-0.0629370629370629,0.0,-0.3566433566433565,0.0,1,0,2024-11,Low,2024-12,Medium,0.1894047619047619,0.1824062049062048,0.3434497354497354,0.4090909090909091,1.318181818181818,0.1363636363636363,0.0,0.0,1.0,0.0,0.0201538765995991,0.0,0.4263514263514263,1.2678432678432676,0.0,0.09978909978909972,0.0,1.0,0.07354739534431727,0.23228956656796182,0.0,0.03787097030601866,0.0,0.051781551781551804,0.0,-0.1510156510156509,0,0.0,0.0,0.0,0.0,0.0,1.0,Medium,Medium,True,0.010964060848460577,0.30620320428045017,0.6828327348710893,Logistic Regression Standard,0.39999999999999997
SUP036,2024-12,36,15,1.6944444444444444,61,3,30,698014.03,0,0.4166666666666667,0.0833333333333333,0.0,0.0,0.0,0.0,698014.03,1.0,0.0,0.0421809417460494,0.0,0.0,0.0705128205128205,0.0,0.7329059829059829,0.0,1,1,2024-12,Medium,2025-01,Medium,0.2019999999999999,0.1824062049062048,0.3434497354497354,0.3461538461538461,0.9615384615384616,0.1153846153846153,0.0,0.0,1.0,0.0,0.0195932456681893,0.0,0.39063714063714056,1.3247215747215748,0.0,0.1116938616938616,0.0,1.0,0.03160612431979259,0.29924334719037143,0.0,0.0218062606755613,0.0,0.1334498834498834,0.0,1.0895493395493394,1,0.5,0.0,1.0,0.0,0.5,1.0,Medium,Low,False,0.03381571258861637,0.4949823839411491,0.4712019034702345,Logistic Regression Standard,0.39999999999999997
SUP036,2025-01,20,10,1.05,21,1,2,794238.61,0,0.5,0.05,0.0,0.0,0.0,0.0,794238.61,1.0,0.0,0.0483900084905226,0.0,0.0,0.0833333333333333,0.0,-0.6444444444444444,0.0,1,1,2025-01,Medium,2025-02,High,0.3773809523809524,0.1824062049062048,0.3434497354497354,0.4166666666666667,1.6944444444444444,0.0833333333333333,0.0,0.0,1.0,0.0,0.0421809417460494,0.0,0.42094017094017083,1.2353276353276355,0.0,0.08290598290598285,0.0,1.0,0.06288008106650486,0.32664715342088024,0.0,0.026694867840583583,0.0,0.012820512820512803,0.0,-1.3773504273504273,2,0.5,0.0,1.0,0.5,0.0,1.0,High,Low,False,0.014525930745652291,0.5145211317981366,0.4709529374562111,Logistic Regression Standard,0.39999999999999997
SUP037,2024-07,29,12,0.9310344827586208,27,4,15,653284.97,0,0.4137931034482758,0.1379310344827586,0.0,0.0,0.0,0.0,653284.97,1.0,0.0,0.0411798207503845,0.0,0.0,0.322884012539185,-0.0909090909090909,0.567398119122257,0.0,1,1,2024-07,Low,2024-08,Medium,0.2338392857142857,0.1824062049062048,0.3434497354497354,0.0909090909090909,0.3636363636363636,0.1818181818181818,0.0909090909090909,2.0,1.0,0.0,0.0271169660709113,0.0,0.27934517589690006,0.7772359611440068,0.042648709315375975,0.1312744301250048,1.0,1.0,0.1372335290563423,0.2956434853809013,0.03732500369992346,0.04423747261146538,0.0,0.5653082549634274,-0.1447811447811447,1.2407987925229302,4,0.0,0.0,0.0,0.0,0.0,1.0,Medium,Medium,True,0.002028156370854591,0.46394801857347234,0.5340238250556731,Logistic Regression Standard,0.39999999999999997
SUP037,2024-08,16,9,1.4375,23,2,3,184316.51,0,0.5625,0.125,0.0,0.0,0.0,0.0,184316.51,1.0,0.0,0.0120215182023701,0.0,0.0,0.1487068965517241,0.0,0.5064655172413793,0.0,1,1,2024-08,Medium,2024-09,Medium,0.2365120065120065,0.1824062049062048,0.3434497354497354,0.4137931034482758,0.9310344827586208,0.1379310344827586,0.0,0.0,1.0,0.0,0.0411798207503845,0.0,0.35573406478578895,0.9107236154649946,0.0303030303030303,0.14824973876698014,0.6666666666666666,1.0,0.196854659350677,0.43863817729703497,0.042854956435548354,0.02431643052012223,0.0,-0.17417711598746088,0.0909090909090909,-0.06093260188087768,5,0.5,0.0,1.0,0.0,0.5,1.0,Medium,Low,False,0.017280047403285818,0.5925167683253475,0.3902031842713667,Logistic Regression Standard,0.39999999999999997
SUP037,2024-09,27,14,1.2592592592592593,34,3,14,596021.74,0,0.5185185185185185,0.1111111111111111,0.0,1.0,1.0,0.037037037037037,596021.74,1.0,0.0,0.0387512764837166,0.0,0.0,-0.0439814814814815,0.037037037037037,-0.1782407407407407,0.0,1,1,2024-09,Medium,2024-10,Medium,0.2466813186813187,0.1824062049062048,0.3434497354497354,0.5625,1.4375,0.125,0.0,0.0,1.0,0.0,0.0120215182023701,0.0,0.4982705406555981,1.2092645806726265,0.012345679012345671,0.12468071519795658,0.3333333333333333,1.0,0.06237478510939226,0.2097640435566908,0.017459426695964182,0.010951515252964452,0.0,-0.1926883780332056,0.037037037037037,-0.68470625798212,6,0.5,0.0,1.0,0.5,0.0,1.0,Medium,Low,False,0.021371315629633653,0.5820412546149498,0.3965874297554165,Logistic Regression Standard,0.39999999999999997
SUP037,2024-10,25,13,1.6,40,2,12,354090.4,0,0.52,0.08,0.0,1.0,1.0,0.04,354090.4,1.0,0.0,0.0233768690788881,0.0,0.0,0.0014814814814815,0.0029629629629629,0.3407407407407408,0.0,1,1,2024-10,Medium,2024-11,Low,0.153781512605042,0.1824062049062048,0.3434497354497354,0.5185185185185185,1.2592592592592593,0.1111111111111111,0.037037037037037,1.0,1.0,0.0,0.0387512764837166,0.0,0.5336728395061728,1.4322530864197531,0.025679012345679004,0.10537037037037038,0.6666666666666666,1.0,0.020392851418208034,0.13915629265140692,0.01819805014586502,0.01881430445502032,0.0,0.045462962962963004,-0.034074074074074104,0.5189814814814815,7,0.5,0.0,1.0,0.5,0.0,1.0,Low,Medium,False,0.07324965626153503,0.4046258535945881,0.522124490143877,Logistic Regression Standard,0.39999999999999997
SUP037,2024-11,17,6,1.1764705882352942,20,1,2,388930.85,0,0.3529411764705882,0.0588235294117647,0.0,0.0,0.0,0.0,388930.85,1.0,0.0,0.0255128793371825,0.0,0.0,-0.1670588235294117,-0.04,-0.4235294117647059,0.0,1,0,2024-11,Low,2024-12,Medium,0.2336974789915966,0.1824062049062048,0.3434497354497354,0.52,1.6,0.08,0.04,1.0,1.0,0.0,0.0233768690788881,0.0,0.46381989832970233,1.3452432824981841,0.025679012345679004,0.08331154684095861,0.6666666666666666,1.0,0.07840542888379633,0.18328344141739106,0.01819805014586502,0.02147436544427407,0.0,-0.1685403050108932,-0.0429629629629629,-0.7642701525054467,0,0.0,0.0,0.0,0.5,-0.5,1.0,Medium,Medium,True,0.012681824965188168,0.17862869167947779,0.8086894833553341,Logistic Regression Standard,0.39999999999999997
SUP037,2024-12,17,9,1.8823529411764703,32,0,0,396198.96,0,0.5294117647058824,0.0,0.0,0.0,0.0,0.0,396198.96,1.0,0.0,0.0239422769934944,0.0,0.0,0.1764705882352941,0.0,0.7058823529411764,0.0,1,1,2024-12,Medium,2025-01,Low,0.1720408163265305,0.1824062049062048,0.3434497354497354,0.3529411764705882,1.1764705882352942,0.0588235294117647,0.0,0.0,1.0,0.0,0.0255128793371825,0.0,0.4674509803921569,1.552941176470588,0.013333333333333338,0.04627450980392158,0.3333333333333333,1.0,0.0810617736640265,0.2900900707279517,0.018856180831641332,0.03384384158492766,0.0,0.3435294117647058,0.04,1.1294117647058823,1,0.5,0.0,1.0,0.0,0.5,1.0,Low,Medium,False,0.08477147961968873,0.25932257835109,0.6559059420292213,Logistic Regression Standard,0.39999999999999997
SUP038,2024-07,18,14,2.4444444444444446,44,4,16,508095.9,0,0.7777777777777778,0.2222222222222222,0.0,1.0,1.0,0.0555555555555555,508095.9,1.0,0.0,0.0320278271303338,0.0,0.0,0.2277777777777777,0.0555555555555555,0.2444444444444444,0.0,1,1,2024-07,High,2024-08,High,0.3683516483516483,0.1824062049062048,0.3434497354497354,0.55,2.2,0.2,0.0,0.0,1.0,0.0,0.0341460098146148,0.0,0.6648148148148149,2.31358024691358,0.0185185185185185,0.19012345679012344,0.3333333333333333,1.0,0.09299910762584979,0.10053962010618332,0.026189140043946176,0.031036555777719913,0.0,0.3444444444444442,0.0555555555555555,0.3407407407407405,1,1.0,1.0,0.0,0.5,0.5,1.0,High,Medium,False,0.1015360761764303,0.0008191950680633803,0.8976447287555064,Logistic Regression Standard,0.39999999999999997
SUP038,2024-08,26,22,2.8076923076923075,73,2,4,975031.96,0,0.8461538461538461,0.0769230769230769,0.0,0.0,0.0,0.0,975031.96,1.0,0.0,0.0635936761987986,0.0,0.0,0.0683760683760683,-0.0555555555555555,0.3632478632478628,0.0,1,1,2024-08,High,2024-09,High,0.3606023606023606,0.1824062049062048,0.3434497354497354,0.7777777777777778,2.4444444444444446,0.2222222222222222,0.0555555555555555,1.0,1.0,0.0,0.0320278271303338,0.0,0.7246438746438747,2.484045584045584,0.0185185185185185,0.16638176638176636,0.3333333333333333,1.0,0.12660748765274846,0.2496646723111918,0.026189140043946176,0.06390409287817245,0.0,-0.1594017094017094,-0.111111111111111,0.11880341880341838,2,1.0,1.0,0.0,1.0,0.0,1.0,High,Medium,False,0.08425699680264742,0.00046671976378435286,0.9152762834335683,Logistic Regression Standard,0.39999999999999997
SUP038,2024-09,27,17,2.7777777777777777,75,3,5,821842.96,0,0.6296296296296297,0.1111111111111111,0.0,1.0,5.0,0.037037037037037,821842.96,1.0,0.0,0.0534333928308656,0.0,0.0,-0.2165242165242165,0.037037037037037,-0.0299145299145298,0.0,1,1,2024-09,High,2024-10,Medium,0.2629220779220779,0.1824062049062048,0.3434497354497354,0.8461538461538461,2.8076923076923075,0.0769230769230769,0.0,0.0,1.0,0.0,0.0635936761987986,0.0,0.7511870845204179,2.676638176638176,0.030864197530864168,0.13675213675213674,2.0,1.0,0.09037323649284212,0.1646393365866595,0.023096650535641593,0.062027182498795505,0.0,-0.2849002849002848,0.0925925925925925,-0.3931623931623926,3,1.0,1.0,0.0,1.0,0.0,1.0,Medium,Medium,True,0.052893147849438334,0.0010726884069599493,0.9460341637436017,Logistic Regression Standard,0.39999999999999997
SUP038,2024-10,22,13,2.1818181818181817,48,1,13,571436.49,0,0.5909090909090909,0.0454545454545454,0.0,0.0,0.0,0.0,571436.49,1.0,0.0,0.0377259479885063,0.0,0.0,-0.0387205387205387,-0.037037037037037,-0.595959595959596,0.0,1,0,2024-10,Medium,2024-11,Medium,0.2984897959183673,0.1824062049062048,0.3434497354497354,0.6296296296296297,2.7777777777777777,0.1111111111111111,0.037037037037037,5.0,1.0,0.0,0.0534333928308656,0.0,0.6888975222308557,2.589096089096089,0.012345679012345666,0.07782957782957779,1.6666666666666667,1.0,0.11231498442633443,0.288247798595243,0.017459426695964116,0.026811843917366282,0.0,0.17780367780367778,-0.074074074074074,-0.5660450660450662,0,0.5,0.0,1.0,1.0,-0.5,1.0,Medium,Medium,True,0.15040197063170907,0.0423617518515917,0.8072362775166991,Logistic Regression Standard,0.39999999999999997
SUP038,2024-11,35,25,1.8857142857142857,66,1,3,1197315.25,0,0.7142857142857143,0.0285714285714285,0.0,0.0,0.0,0.0,1197315.25,1.0,0.0,0.0785408498755461,0.0,0.0,0.1233766233766233,0.0,-0.296103896103896,0.0,1,1,2024-11,Medium,2024-12,Medium,0.3121008403361345,0.1824062049062048,0.3434497354497354,0.5909090909090909,2.1818181818181817,0.0454545454545454,0.0,0.0,1.0,0.0,0.0377259479885063,0.0,0.6449414782748116,2.2817700817700817,0.012345679012345666,0.06171236171236167,1.6666666666666667,1.0,0.0515188465881113,0.37097808128973836,0.017459426695964116,0.03560371928645048,0.0,0.16209716209716202,0.037037037037037,0.29985569985570004,1,0.5,0.0,1.0,0.5,0.0,1.0,Medium,Medium,True,0.11508306870881914,0.0307580557437274,0.8541588755474534,Logistic Regression Standard,0.39999999999999997
SUP038,2024-12,34,24,2.5294117647058822,86,5,21,929450.72,0,0.7058823529411765,0.1470588235294117,0.0,0.0,0.0,0.0,929450.72,1.0,0.0,0.0561666456419847,0.0,0.0,-0.0084033613445377,0.0,0.6436974789915966,0.0,1,1,2024-12,Medium,2025-01,Medium,0.3210027472527473,0.1824062049062048,0.3434497354497354,0.7142857142857143,1.8857142857142857,0.0285714285714285,0.0,0.0,1.0,0.0,0.0785408498755461,0.0,0.6703590527119939,2.1989814107461165,0.0,0.07369493251846186,0.0,1.0,0.05628425738063172,0.2630684871986232,0.0,0.052331986949488235,0.0,-0.131779984721161,0.0,0.9398013750954926,2,0.5,0.0,1.0,0.5,0.0,1.0,Medium,Medium,True,0.14035373732431158,0.11746683179843725,0.7421794308772511,Logistic Regression Standard,0.39999999999999997
SUP038,2025-01,32,22,2.3125,74,3,10,1228563.53,0,0.6875,0.09375,0.0,1.0,1.0,0.03125,1228563.53,1.0,0.0,0.074851812666028,0.0,0.0,-0.0183823529411765,0.03125,-0.2169117647058822,0.0,1,1,2025-01,Medium,2025-02,High,0.4568864468864468,0.1824062049062048,0.3434497354497354,0.7058823529411765,2.5294117647058822,0.1470588235294117,0.0,0.0,1.0,0.0,0.0561666456419847,0.0,0.7025560224089636,2.242542016806723,0.010416666666666666,0.08979341736694674,0.3333333333333333,1.0,0.011185317118322479,0.2674038153235502,0.014731391274719733,0.048453115486907436,0.0,-0.009978991596638799,0.03125,-0.8606092436974788,3,0.5,0.0,1.0,0.5,0.0,1.0,High,Medium,False,0.08718887771685531,0.15720112922281118,0.7556099930603334,Logistic Regression Standard,0.39999999999999997
SUP039,2024-07,11,9,2.636363636363636,29,0,0,205887.2,0,0.8181818181818182,0.0,0.0,1.0,1.0,0.0909090909090909,205887.2,1.0,0.0,0.0129781004923449,0.0,0.0,0.1515151515151516,0.0909090909090909,0.4141414141414139,0.0,1,1,2024-07,High,2024-08,High,0.3525,0.1824062049062048,0.3434497354497354,0.6666666666666666,2.2222222222222223,0.1111111111111111,0.0,0.0,1.0,0.0,0.0139532171735027,0.0,0.6893939393939394,2.0917508417508417,0.0303030303030303,0.12037037037037035,0.3333333333333333,1.0,0.09721402300464747,0.5064137046023218,0.04285495643554834,0.10227186127025237,0.0,0.0681818181818184,0.0909090909090909,-0.39141414141414166,2,1.0,1.0,0.0,0.5,0.5,1.0,High,Medium,False,0.23107796403189032,0.0009130635465960767,0.7680089724215137,Logistic Regression Standard,0.39999999999999997
SUP039,2024-08,4,3,3.5,14,0,0,156366.41,0,0.75,0.0,0.0,0.0,0.0,0.0,156366.41,1.0,0.0,0.0101985527181166,0.0,0.0,-0.0681818181818182,-0.0909090909090909,0.8636363636363638,0.0,1,1,2024-08,High,2024-09,High,0.44,0.1824062049062048,0.3434497354497354,0.8181818181818182,2.636363636363636,0.0,0.0909090909090909,1.0,1.0,0.0,0.0129781004923449,0.0,0.7449494949494949,2.786195286195286,0.0303030303030303,0.03703703703703703,0.3333333333333333,1.0,0.06195880882012826,0.5323007638632712,0.04285495643554834,0.052378280087892325,0.0,-0.2196969696969698,-0.1818181818181818,0.44949494949494984,3,1.0,1.0,0.0,1.0,0.0,1.0,High,High,True,0.4693013944620614,0.00012020592016059822,0.530578399617778,Logistic Regression Standard,0.39999999999999997
SUP039,2024-09,10,10,3.5,35,1,1,375914.65,0,1.0,0.1,0.0,0.0,0.0,0.0,375914.65,1.0,0.0,0.0244406731479787,0.0,0.0,0.25,0.0,0.0,0.0,1,1,2024-09,High,2024-10,High,0.3447959183673469,0.1824062049062048,0.3434497354497354,0.75,3.5,0.0,0.0,0.0,1.0,0.0,0.0101985527181166,0.0,0.8560606060606061,3.2121212121212124,0.0303030303030303,0.033333333333333326,0.3333333333333333,1.0,0.105518093008971,0.4071220861377084,0.04285495643554834,0.04714045207910308,0.0,0.31818181818181823,0.0909090909090909,-0.8636363636363638,4,1.0,1.0,0.0,1.0,0.0,1.0,High,Medium,False,0.31703053925542846,6.752103998176651e-05,0.6829019397045898,Logistic Regression Standard,0.39999999999999997
SUP039,2024-10,14,11,2.7142857142857144,38,2,3,569230.64,0,0.7857142857142857,0.1428571428571428,0.0,0.0,0.0,0.0,569230.64,1.0,0.0,0.0375803188874132,0.0,0.0,-0.2142857142857143,0.0,-0.7857142857142856,0.0,1,0,2024-10,High,2024-11,High,0.4253968253968254,0.1824062049062048,0.3434497354497354,1.0,3.5,0.1,0.0,0.0,1.0,0.0,0.0244406731479787,0.0,0.8452380952380952,3.2380952380952386,0.0,0.08095238095238093,0.0,1.0,0.11040022018447303,0.37038926633580943,0.0,0.05985621471417388,0.0,-0.4642857142857143,0.0,-0.7857142857142856,0,1.0,1.0,0.0,1.0,0.0,1.0,High,Medium,False,0.3543953905330056,6.334713944695704e-05,0.6455412623275475,Logistic Regression Standard,0.39999999999999997
SUP039,2024-11,9,8,4.444444444444445,40,1,1,121138.59,0,0.8888888888888888,0.1111111111111111,0.0,0.0,0.0,0.0,121138.59,1.0,0.0,0.0079463848901325,0.0,0.0,0.1031746031746031,0.0,1.7301587301587302,0.0,1,1,2024-11,High,2024-12,Low,0.1646938775510203,0.1824062049062048,0.3434497354497354,0.7857142857142857,2.7142857142857144,0.1428571428571428,0.0,0.0,1.0,0.0,0.0375803188874132,0.0,0.8915343915343915,3.5529100529100526,0.0,0.11798941798941796,0.0,1.0,0.08750177464836681,0.7073244956219764,0.0,0.018159790795481714,0.0,0.3174603174603174,0.0,2.515873015873016,1,1.0,1.0,0.0,1.0,0.0,1.0,Low,High,False,0.6402885653138645,1.9525274399547728e-05,0.35969190941173584,Logistic Regression Standard,0.39999999999999997
SUP039,2024-12,7,3,0.5714285714285714,4,1,3,193417.67,0,0.4285714285714285,0.1428571428571428,0.0,0.0,0.0,0.0,193417.67,1.0,0.0,0.0116882170275669,0.0,0.0,-0.4603174603174603,0.0,-3.8730158730158735,0.0,1,0,2024-12,Low,2025-01,High,0.3455102040816326,0.1824062049062048,0.3434497354497354,0.8888888888888888,4.444444444444445,0.1111111111111111,0.0,0.0,1.0,0.0,0.0079463848901325,0.0,0.7010582010582009,2.5767195767195767,0.0,0.1322751322751322,0.0,1.0,0.1972275007366753,1.5841414751239602,0.0,0.014965222882254589,0.0,-0.5634920634920634,0.0,-5.603174603174604,0,0.0,0.0,0.0,1.0,-1.0,1.0,High,Medium,False,0.03869247614055741,0.02314329619188159,0.938164227667561,Logistic Regression Standard,0.39999999999999997
SUP039,2025-01,7,5,3.7142857142857135,26,1,1,307604.03,0,0.7142857142857143,0.1428571428571428,0.0,0.0,0.0,0.0,307604.03,1.0,0.0,0.018741171023427,0.0,0.0,0.2857142857142857,0.0,3.1428571428571432,0.0,1,1,2025-01,High,2025-02,High,0.4682857142857142,0.1824062049062048,0.3434497354497354,0.4285714285714285,0.5714285714285714,0.1428571428571428,0.0,0.0,1.0,0.0,0.0116882170275669,0.0,0.6772486772486772,2.91005291005291,0.0,0.1322751322751322,0.0,1.0,0.18973990557715473,1.6803086602786894,0.0,0.014965222882254589,0.0,0.746031746031746,0.0,7.015873015873017,1,1.0,1.0,0.0,0.0,1.0,1.0,High,High,True,0.5435669005538133,0.00018587108261314966,0.4562472283635736,Logistic Regression Standard,0.39999999999999997
SUP040,2024-07,33,22,2.1818181818181817,72,5,11,224117.14,0,0.6666666666666666,0.1515151515151515,0.0,0.0,0.0,0.0,224117.14,1.0,0.0,0.0141272248346519,0.0,0.0,-0.074074074074074,0.0,0.2558922558922558,0.0,1,1,2024-07,Medium,2024-08,Medium,0.3275091575091575,0.1824062049062048,0.3434497354497354,0.7407407407407407,1.9259259259259256,0.074074074074074,0.0,0.0,1.0,0.0,0.020150199803379,0.0,0.6736812570145903,2.1116722783389448,0.0,0.15095398428731754,0.0,1.0,0.05212666641994786,0.13264692357702967,0.0,0.06254434702387046,0.0,-0.201178451178451,0.0,0.557239057239057,2,0.5,0.0,1.0,0.5,0.0,1.0,Medium,Medium,True,0.2409736363247118,0.06471375872437439,0.6943126049509138,Logistic Regression Standard,0.39999999999999997
SUP040,2024-08,39,29,2.6153846153846154,102,7,33,429871.23,0,0.7435897435897436,0.1794871794871795,0.0,0.0,0.0,0.0,429871.23,1.0,0.0,0.0280371238372527,0.0,0.0,0.0769230769230769,0.0,0.4335664335664337,0.0,1,1,2024-08,Medium,2024-09,Medium,0.3034562211981566,0.1824062049062048,0.3434497354497354,0.6666666666666666,2.1818181818181817,0.1515151515151515,0.0,0.0,1.0,0.0,0.0141272248346519,0.0,0.7169990503323836,2.241042907709574,0.0,0.13502546835880166,0.0,1.0,0.0356093699131098,0.28456867622796705,0.0,0.04458634272327666,0.0,0.1509971509971509,0.0,0.17767417767417792,3,0.5,0.0,1.0,0.5,0.0,1.0,Medium,Medium,True,0.21758955181089268,0.06125926212435048,0.7211511860647568,Logistic Regression Standard,0.39999999999999997
SUP040,2024-09,31,21,2.5806451612903225,80,2,10,306790.61,0,0.6774193548387096,0.064516129032258,0.0,0.0,0.0,0.0,306790.61,1.0,0.0,0.0199464666351231,0.0,0.0,-0.0661703887510339,0.0,-0.0347394540942929,0.0,1,0,2024-09,Medium,2024-10,Medium,0.2718315018315018,0.1824062049062048,0.3434497354497354,0.7435897435897436,2.6153846153846154,0.1794871794871795,0.0,0.0,1.0,0.0,0.0280371238372527,0.0,0.6958919216983733,2.45928265283104,0.0,0.1318394866781963,0.0,1.0,0.03401192668870641,0.1967089337464987,0.0,0.0489553160256655,0.0,-0.1430934656741108,0.0,-0.4683058876607266,0,0.5,0.0,1.0,0.5,0.0,1.0,Medium,Medium,True,0.3453599429925218,0.02793428368609525,0.6267057733213829,Logistic Regression Standard,0.39999999999999997
SUP040,2024-10,39,25,1.8461538461538465,72,6,19,413187.86,0,0.6410256410256411,0.1538461538461538,0.0,0.0,0.0,0.0,413187.86,1.0,0.0,0.0272784534915546,0.0,0.0,-0.0363937138130685,0.0,-0.7344913151364763,0.0,1,0,2024-10,Medium,2024-11,Medium,0.3019047619047619,0.1824062049062048,0.3434497354497354,0.6774193548387096,2.5806451612903225,0.064516129032258,0.0,0.0,1.0,0.0,0.0199464666351231,0.0,0.6873449131513647,2.3473945409429278,0.0,0.13261648745519708,0.0,1.0,0.0424557519821781,0.3547143291929187,0.0,0.049278864042511604,0.0,0.029776674937965396,0.0,-0.6997518610421833,0,0.5,0.0,1.0,0.5,0.0,1.0,Medium,Medium,True,0.26451270715629044,0.04548445964961125,0.6900028331940984,Logistic Regression Standard,0.39999999999999997
SUP040,2024-11,27,18,2.6666666666666665,72,4,4,204496.88,0,0.6666666666666666,0.1481481481481481,0.0,0.0,0.0,0.0,204496.88,1.0,0.0,0.0134144777259769,0.0,0.0,0.0256410256410255,0.0,0.8205128205128203,0.0,1,1,2024-11,Medium,2024-12,Medium,0.2761813186813187,0.1824062049062048,0.3434497354497354,0.6410256410256411,1.8461538461538465,0.1538461538461538,0.0,0.0,1.0,0.0,0.0272784534915546,0.0,0.6617038875103392,2.364488558036945,0.0,0.12217014367551994,0.0,1.0,0.015266466170285936,0.36819657793449084,0.0,0.04083385744369271,0.0,0.062034739454094004,0.0,1.5550041356492965,1,0.5,0.0,1.0,0.5,0.0,1.0,Medium,Medium,True,0.31217398988881273,0.036101534045081166,0.6517244760661062,Logistic Regression Standard,0.39999999999999997
SUP040,2024-12,36,21,2.0277777777777777,73,8,49,498839.55,0,0.5833333333333334,0.2222222222222222,0.0,1.0,1.0,0.0277777777777777,498839.55,1.0,0.0,0.0301448410702798,0.0,0.0,-0.0833333333333332,0.0277777777777777,-0.6388888888888888,0.0,1,1,2024-12,Medium,2025-01,High,0.372051282051282,0.1824062049062048,0.3434497354497354,0.6666666666666666,2.6666666666666665,0.1481481481481481,0.0,0.0,1.0,0.0,0.0134144777259769,0.0,0.6303418803418804,2.1801994301994303,0.009259259259259233,0.174738841405508,0.3333333333333333,1.0,0.0348493727143166,0.3518850117596995,0.013094570021973048,0.03365630607154674,0.0,-0.1089743589743587,0.0277777777777777,-1.459401709401709,2,0.5,0.0,1.0,0.5,0.0,1.0,High,Medium,False,0.13019886062957817,0.10394300280120183,0.76585813656922,Logistic Regression Standard,0.39999999999999997
SUP040,2025-01,39,31,2.1538461538461537,84,10,21,467180.54,0,0.7948717948717948,0.2564102564102564,0.0,2.0,2.0,0.0512820512820512,467180.54,1.0,0.0,0.028463575067456,0.0,0.0,0.2115384615384614,0.0235042735042735,0.126068376068376,0.0,1,1,2025-01,High,2025-02,High,0.4030952380952381,0.1824062049062048,0.3434497354497354,0.5833333333333334,2.0277777777777777,0.2222222222222222,0.0277777777777777,1.0,1.0,0.0,0.0301448410702798,0.0,0.6816239316239315,2.2827635327635325,0.026353276353276296,0.2089268755935422,1.0,1.0,0.08700544047650546,0.2762963638638952,0.020960027022168277,0.045186618246420965,0.0,0.2948717948717946,-0.004273504273504199,0.7649572649572649,3,1.0,1.0,0.0,0.5,0.5,1.0,High,Medium,False,0.08558653252845809,0.0008138964852706257,0.9135995709862713,Logistic Regression Standard,0.39999999999999997
